#
# There is insufficient memory for the Java Runtime Environment to continue.
# Native memory allocation (mmap) failed to map 12582912 bytes. Error detail: G1 virtual space
# Possible reasons:
#   The system is out of physical RAM or swap space
#   This process is running with CompressedOops enabled, and the Java Heap may be blocking the growth of the native heap
# Possible solutions:
#   Reduce memory load on the system
#   Increase physical memory or swap space
#   Check if swap backing store is full
#   Decrease Java heap size (-Xmx/-Xms)
#   Decrease number of Java threads
#   Decrease Java thread stack sizes (-Xss)
#   Set larger code cache with -XX:ReservedCodeCacheSize=
#   JVM is running with Zero Based Compressed Oops mode in which the Java heap is
#     placed in the first 32GB address space. The Java Heap base address is the
#     maximum limit for the native heap growth. Please use -XX:HeapBaseMinAddress
#     to set the Java Heap base and to place the Java Heap above 32GB virtual address.
# This output file may be truncated or incomplete.
#
#  Out of Memory Error (os_windows.cpp:3732), pid=36184, tid=12988
#
# JRE version: OpenJDK Runtime Environment Temurin-21.0.12.1+1 (21.0.12.1+1) (build 21.0.12.1+1-LTS)
# Java VM: OpenJDK 64-Bit Server VM Temurin-21.0.12.1+1 (21.0.12.1+1-LTS, mixed mode, sharing, tiered, compressed oops, compressed class ptrs, g1 gc, windows-amd64)
# No core dump will be written. Minidumps are not enabled by default on client versions of Windows
#

---------------  S U M M A R Y ------------

Command Line: --add-opens=java.base/java.lang=ALL-UNNAMED --add-opens=java.base/java.lang.invoke=ALL-UNNAMED --add-opens=java.base/java.util=ALL-UNNAMED --add-opens=java.prefs/java.util.prefs=ALL-UNNAMED --add-exports=jdk.compiler/com.sun.tools.javac.api=ALL-UNNAMED --add-exports=jdk.compiler/com.sun.tools.javac.util=ALL-UNNAMED --add-opens=java.base/java.util=ALL-UNNAMED --add-opens=java.prefs/java.util.prefs=ALL-UNNAMED --add-opens=java.base/java.nio.charset=ALL-UNNAMED --add-opens=java.base/java.net=ALL-UNNAMED --add-opens=java.base/java.util.concurrent=ALL-UNNAMED --add-opens=java.base/java.util.concurrent.atomic=ALL-UNNAMED --add-opens=java.xml/javax.xml.namespace=ALL-UNNAMED --add-opens=java.base/java.time=ALL-UNNAMED -XX:MaxMetaspaceSize=4G -XX:ReservedCodeCacheSize=512m -XX:+HeapDumpOnOutOfMemoryError -Xmx8G -Dfile.encoding=UTF-8 -Duser.country=IN -Duser.language=en -Duser.variant -javaagent:C:\Users\AJI\.gradle\wrapper\dists\gradle-9.1.0-all\7wzd0jkjit61aq2p43wpjgij9\gradle-9.1.0\lib\agents\gradle-instrumentation-agent-9.1.0.jar org.gradle.launcher.daemon.bootstrap.GradleDaemon 9.1.0

Host: 12th Gen Intel(R) Core(TM) i7-12700H, 20 cores, 15G,  Windows 11 , 64 bit Build 26100 (10.0.26100.9444)
Time: Thu Sep 17 09:17:46 2026 India Standard Time elapsed time: 446.236740 seconds (0d 0h 7m 26s)

---------------  T H R E A D  ---------------

Current thread (0x000001fcd44fba70):  VMThread "VM Thread"          [id=12988, stack(0x00000038cb000000,0x00000038cb100000) (1024K)]

Stack: [0x00000038cb000000,0x00000038cb100000]
Native frames: (J=compiled Java code, j=interpreted, Vv=VM code, C=native code)
V  [jvm.dll+0x6d83e9]
V  [jvm.dll+0x8b5736]
V  [jvm.dll+0x8b7cee]
V  [jvm.dll+0x8b83d3]
V  [jvm.dll+0x284596]
V  [jvm.dll+0x6d4d05]
V  [jvm.dll+0x6c898a]
V  [jvm.dll+0x35f2f8]
V  [jvm.dll+0x366f36]
V  [jvm.dll+0x3b804e]
V  [jvm.dll+0x3b82f8]
V  [jvm.dll+0x33320c]
V  [jvm.dll+0x335a59]
V  [jvm.dll+0x33fcb6]
V  [jvm.dll+0x3753df]
V  [jvm.dll+0x8be0c0]
V  [jvm.dll+0x8bf434]
V  [jvm.dll+0x8bf960]
V  [jvm.dll+0x8bfc03]
V  [jvm.dll+0x8600cd]
V  [jvm.dll+0x6d6c1d]
C  [ucrtbase.dll+0x2cd30]
C  [KERNEL32.DLL+0x2cd87]
C  [ntdll.dll+0xacaec]

VM_Operation (0x00000038cabffb00): G1PauseRemark, mode: safepoint, requested by thread 0x000001fca33bd8e0


---------------  P R O C E S S  ---------------

Threads class SMR info:
_java_thread_list=0x000001fd1ea8bc80, length=237, elements={
0x000001fca3301530, 0x000001fcd4519b10, 0x000001fcd451a570, 0x000001fcd45202b0,
0x000001fcd4520d10, 0x000001fcd4521770, 0x000001fcd45221d0, 0x000001fcd4522f60,
0x000001fcd45281c0, 0x000001fcd477d980, 0x000001fcd480acc0, 0x000001fd1b713fc0,
0x000001fd1b813d20, 0x000001fd1b935020, 0x000001fd1b88bdd0, 0x000001fd1b94c9e0,
0x000001fd1b94f060, 0x000001fd1b8a1200, 0x000001fd1b8a0b70, 0x000001fd1b8a1890,
0x000001fd1b8a1f20, 0x000001fd1b89fe50, 0x000001fd1b8a04e0, 0x000001fd1b89f7c0,
0x000001fd1cadc130, 0x000001fd1cad8cb0, 0x000001fd1cadc7c0, 0x000001fd1cad99d0,
0x000001fd1cad9340, 0x000001fd1cadce50, 0x000001fd1cada060, 0x000001fd1cade890,
0x000001fd1cadf5b0, 0x000001fd1d2f4c50, 0x000001fd1d2f52e0, 0x000001fd1d2f3f30,
0x000001fd1d2f24f0, 0x000001fd1d2f38a0, 0x000001fd1d2f2b80, 0x000001fd1d2f5970,
0x000001fd1d2f6000, 0x000001fd1d2f45c0, 0x000001fd1d2f3210, 0x000001fd1d2f6690,
0x000001fd1d2f9b10, 0x000001fd1d2f80d0, 0x000001fd1d2f6d20, 0x000001fd1d2f73b0,
0x000001fd1d2f8760, 0x000001fd1d2f7a40, 0x000001fd1d2f8df0, 0x000001fd1d2f9480,
0x000001fd1ac78250, 0x000001fd1ac7b040, 0x000001fd1ac788e0, 0x000001fd1ac7bd60,
0x000001fd1ac7c3f0, 0x000001fd1ac78f70, 0x000001fd1ac7ca80, 0x000001fd1ac79c90,
0x000001fd1ac7a9b0, 0x000001fd1ac7b6d0, 0x000001fd1ac7a320, 0x000001fd1ac79600,
0x000001fd1ac7d110, 0x000001fd1ac7de30, 0x000001fd1ac7eb50, 0x000001fd1ac7e4c0,
0x000001fd1ac7d7a0, 0x000001fd1ac7f1e0, 0x000001fd1ac7f870, 0x000001fd1cb35860,
0x000001fd1cb344b0, 0x000001fd1cb36580, 0x000001fd1cb351d0, 0x000001fd1cb35ef0,
0x000001fd1cb36c10, 0x000001fd1cb34b40, 0x000001fd1cb33790, 0x000001fd1cb33e20,
0x000001fd1cd6e0e0, 0x000001fd1cd6c010, 0x000001fd1cd6c6a0, 0x000001fd1cd6ee00,
0x000001fd1cd6e770, 0x000001fd1cd6d3c0, 0x000001fd1cd6b980, 0x000001fd1cd6cd30,
0x000001fd1cd70ed0, 0x000001fd1cd701b0, 0x000001fd1cd6da50, 0x000001fcd47e5b70,
0x000001fcd47e4130, 0x000001fcd47e8ff0, 0x000001fcd47e9680, 0x000001fcd47e7c40,
0x000001fcd47e82d0, 0x000001fcd47e8960, 0x000001fd1cd6fb20, 0x000001fd1cd70840,
0x000001fd1cd71560, 0x000001fd1cd72280, 0x000001fd1cd71bf0, 0x000001fd1cd72910,
0x000001fd1cd72fa0, 0x000001fd1b89f130, 0x000001fd1c4a4200, 0x000001fd1c4a62d0,
0x000001fd1c4a4890, 0x000001fd1c4a4f20, 0x000001fd1c4a2e50, 0x000001fd1c4a55b0,
0x000001fd1c4a6960, 0x000001fd1c4a6ff0, 0x000001fd1c4a3b70, 0x000001fd1c4a8a30,
0x000001fd1c4a90c0, 0x000001fd1c4a83a0, 0x000001fd1c4a7d10, 0x000001fd1c4a5c40,
0x000001fd1c4a7680, 0x000001fd1c4a9de0, 0x000001fd1c4a9750, 0x000001fd1c4aa470,
0x000001fd1e39ab70, 0x000001fd1e39d960, 0x000001fd1e39c5b0, 0x000001fd1e39b890,
0x000001fd1e39bf20, 0x000001fd1e39b200, 0x000001fd1e39cc40, 0x000001fd1e39a4e0,
0x000001fd1e39e680, 0x000001fd1e39ed10, 0x000001fd1e39d2d0, 0x000001fd1e39dff0,
0x000001fd1e3a1470, 0x000001fd1e39f3a0, 0x000001fd1e3a1b00, 0x000001fd1e3a0de0,
0x000001fd1e39fa30, 0x000001fd1e3a00c0, 0x000001fd1e3a0750, 0x000001fd1e653b40,
0x000001fd1e652e20, 0x000001fd1e652790, 0x000001fd1e6513e0, 0x000001fd1e650d50,
0x000001fd1e6534b0, 0x000001fd1e651a70, 0x000001fd1e652100, 0x000001fd1e6506c0,
0x000001fd1e4cc310, 0x000001fd1e4cd030, 0x000001fd1e4cd6c0, 0x000001fd1e4cea70,
0x000001fd1e4cc9a0, 0x000001fd1e4cdd50, 0x000001fd1e4ce3e0, 0x000001fd1e4cf100,
0x000001fd1e4cbc80, 0x000001fd1e4d0b40, 0x000001fd1e4d1ef0, 0x000001fd1e4d2580,
0x000001fd1e4d1860, 0x000001fd1e4d2c10, 0x000001fd1e4cf790, 0x000001fd1e4cfe20,
0x000001fd1e4d04b0, 0x000001fd1e4d11d0, 0x000001fd1e0c27e0, 0x000001fd1e0c2150,
0x000001fd1e0c4220, 0x000001fd1e0c2e70, 0x000001fd1e0c48b0, 0x000001fd1e0c1430,
0x000001fd1e0c4f40, 0x000001fd1e0c3500, 0x000001fd1e0c3b90, 0x000001fd1e0c1ac0,
0x000001fd1e0c7010, 0x000001fd1e0c76a0, 0x000001fd1e0c7d30, 0x000001fd1e0c55d0,
0x000001fd1e0c90e0, 0x000001fd1e0c83c0, 0x000001fd1e0c6980, 0x000001fd1e0c5c60,
0x000001fd1e0c8a50, 0x000001fd1e0c9770, 0x000001fd1e0c62f0, 0x000001fd1e0ccbf0,
0x000001fd1e0cd280, 0x000001fd1e0c9e00, 0x000001fd1e0cb840, 0x000001fd1e0cab20,
0x000001fd1e0cd910, 0x000001fd1e0ca490, 0x000001fd1e0cdfa0, 0x000001fd1e0ce630,
0x000001fd1e0cecc0, 0x000001fd1e0cb1b0, 0x000001fd1e0cc560, 0x000001fd1e0cbed0,
0x000001fd1e0cf350, 0x000001fd1e0cf9e0, 0x000001fd1e90e300, 0x000001fd1e90dc70,
0x000001fd1e90e990, 0x000001fd1e90bba0, 0x000001fd1e90f020, 0x000001fd1e90f6b0,
0x000001fd1e90c230, 0x000001fd1e90fd40, 0x000001fd1e90c8c0, 0x000001fd1e90cf50,
0x000001fd1e9103d0, 0x000001fd1e910a60, 0x000001fd1e90d5e0, 0x000001fd1e913ee0,
0x000001fd1e9110f0, 0x000001fd1e914c00, 0x000001fd1e914570, 0x000001fd1e911780,
0x000001fd1e913850, 0x000001fd1e9124a0, 0x000001fd1e918710, 0x000001fd1e918da0,
0x000001fd1e919430, 0x000001fd1e915fb0, 0x000001fd1e9179f0, 0x000001fd1e919ac0,
0x000001fd1e918080, 0x000001fd1e916640, 0x000001fd1e91a150, 0x000001fd1ea682b0,
0x000001fd1e91a7e0
}

Java Threads: ( => current thread )
  0x000001fca3301530 JavaThread "main"                              [_thread_blocked, id=36444, stack(0x00000038ca900000,0x00000038caa00000) (1024K)]
  0x000001fcd4519b10 JavaThread "Reference Handler"          daemon [_thread_blocked, id=35360, stack(0x00000038cb100000,0x00000038cb200000) (1024K)]
  0x000001fcd451a570 JavaThread "Finalizer"                  daemon [_thread_blocked, id=35832, stack(0x00000038cb200000,0x00000038cb300000) (1024K)]
  0x000001fcd45202b0 JavaThread "Signal Dispatcher"          daemon [_thread_blocked, id=10624, stack(0x00000038cb300000,0x00000038cb400000) (1024K)]
  0x000001fcd4520d10 JavaThread "Attach Listener"            daemon [_thread_blocked, id=6192, stack(0x00000038cb400000,0x00000038cb500000) (1024K)]
  0x000001fcd4521770 JavaThread "Service Thread"             daemon [_thread_blocked, id=18616, stack(0x00000038cb500000,0x00000038cb600000) (1024K)]
  0x000001fcd45221d0 JavaThread "Monitor Deflation Thread"   daemon [_thread_blocked, id=25988, stack(0x00000038cb600000,0x00000038cb700000) (1024K)]
  0x000001fcd4522f60 JavaThread "C2 CompilerThread0"         daemon [_thread_blocked, id=36488, stack(0x00000038cb700000,0x00000038cb800000) (1024K)]
  0x000001fcd45281c0 JavaThread "C1 CompilerThread0"         daemon [_thread_blocked, id=21168, stack(0x00000038cb800000,0x00000038cb900000) (1024K)]
  0x000001fcd477d980 JavaThread "Common-Cleaner"             daemon [_thread_blocked, id=22340, stack(0x00000038cba00000,0x00000038cbb00000) (1024K)]
  0x000001fcd480acc0 JavaThread "Notification Thread"        daemon [_thread_blocked, id=28688, stack(0x00000038cbb00000,0x00000038cbc00000) (1024K)]
  0x000001fd1b713fc0 JavaThread "Daemon health stats"               [_thread_blocked, id=37264, stack(0x00000038cc100000,0x00000038cc200000) (1024K)]
  0x000001fd1b813d20 JavaThread "Incoming local TCP Connector on port 42927"        [_thread_in_native, id=37564, stack(0x00000038cc200000,0x00000038cc300000) (1024K)]
  0x000001fd1b935020 JavaThread "Daemon periodic checks"            [_thread_blocked, id=35900, stack(0x00000038cc300000,0x00000038cc400000) (1024K)]
  0x000001fd1b88bdd0 JavaThread "Daemon"                            [_thread_blocked, id=37536, stack(0x00000038cc400000,0x00000038cc500000) (1024K)]
  0x000001fd1b94c9e0 JavaThread "Handler for socket connection from /127.0.0.1:42927 to /127.0.0.1:42928"        [_thread_in_native, id=37540, stack(0x00000038cc500000,0x00000038cc600000) (1024K)]
  0x000001fd1b94f060 JavaThread "Cancel handler"                    [_thread_blocked, id=37568, stack(0x00000038cc600000,0x00000038cc700000) (1024K)]
  0x000001fd1b8a1200 JavaThread "Daemon worker"                     [_thread_blocked, id=20752, stack(0x00000038cc700000,0x00000038cc800000) (1024K)]
  0x000001fd1b8a0b70 JavaThread "Asynchronous log dispatcher for DefaultDaemonConnection: socket connection from /127.0.0.1:42927 to /127.0.0.1:42928"        [_thread_blocked, id=27536, stack(0x00000038cc800000,0x00000038cc900000) (1024K)]
  0x000001fd1b8a1890 JavaThread "Stdin handler"                     [_thread_blocked, id=30424, stack(0x00000038cc900000,0x00000038cca00000) (1024K)]
  0x000001fd1b8a1f20 JavaThread "Daemon client event forwarder"        [_thread_blocked, id=34140, stack(0x00000038cca00000,0x00000038ccb00000) (1024K)]
  0x000001fd1b89fe50 JavaThread "Cache worker for journal cache (C:\Users\AJI\.gradle\caches\journal-1)"        [_thread_blocked, id=38056, stack(0x00000038ccb00000,0x00000038ccc00000) (1024K)]
  0x000001fd1b8a04e0 JavaThread "File lock request listener"        [_thread_in_native, id=38072, stack(0x00000038ccc00000,0x00000038ccd00000) (1024K)]
  0x000001fd1b89f7c0 JavaThread "Cache worker for file hash cache (C:\Users\AJI\.gradle\caches\9.1.0\fileHashes)"        [_thread_blocked, id=38188, stack(0x00000038cce00000,0x00000038ccf00000) (1024K)]
  0x000001fd1cadc130 JavaThread "Cache worker for file hash cache (C:\Users\AJI\Documents\Gostriders\gostriders\android\.gradle\9.1.0\fileHashes)"        [_thread_blocked, id=19512, stack(0x00000038cdb00000,0x00000038cdc00000) (1024K)]
  0x000001fd1cad8cb0 JavaThread "Cache worker for Build Output Cleanup Cache (C:\Users\AJI\Documents\Gostriders\gostriders\android\.gradle\buildOutputCleanup)"        [_thread_blocked, id=31532, stack(0x00000038cdc00000,0x00000038cdd00000) (1024K)]
  0x000001fd1cadc7c0 JavaThread "File watcher server"        daemon [_thread_in_native, id=31508, stack(0x00000038cdd00000,0x00000038cde00000) (1024K)]
  0x000001fd1cad99d0 JavaThread "File watcher consumer"      daemon [_thread_blocked, id=31492, stack(0x00000038cde00000,0x00000038cdf00000) (1024K)]
  0x000001fd1cad9340 JavaThread "Cache worker for checksums cache (C:\Users\AJI\Documents\Gostriders\gostriders\android\.gradle\9.1.0\checksums)"        [_thread_blocked, id=12052, stack(0x00000038cdf00000,0x00000038ce000000) (1024K)]
  0x000001fd1cadce50 JavaThread "Cache worker for file content cache (C:\Users\AJI\.gradle\caches\9.1.0\fileContent)"        [_thread_blocked, id=13620, stack(0x00000038ce000000,0x00000038ce100000) (1024K)]
  0x000001fd1cada060 JavaThread "Cache worker for cache directory md-supplier (C:\Users\AJI\.gradle\caches\9.1.0\md-supplier)"        [_thread_blocked, id=8444, stack(0x00000038ce100000,0x00000038ce200000) (1024K)]
  0x000001fd1cade890 JavaThread "Cache worker for cache directory md-rule (C:\Users\AJI\.gradle\caches\9.1.0\md-rule)"        [_thread_blocked, id=37788, stack(0x00000038ce200000,0x00000038ce300000) (1024K)]
  0x000001fd1cadf5b0 JavaThread "Cache worker for Build Output Cleanup Cache (C:\Users\AJI\develop\flutter\packages\flutter_tools\gradle\.gradle\buildOutputCleanup)"        [_thread_blocked, id=14496, stack(0x00000038ce300000,0x00000038ce400000) (1024K)]
  0x000001fd1d2f4c50 JavaThread "Unconstrained build operations"        [_thread_blocked, id=52244, stack(0x00000038ca700000,0x00000038ca800000) (1024K)]
  0x000001fd1d2f52e0 JavaThread "Unconstrained build operations Thread 2"        [_thread_blocked, id=52248, stack(0x00000038ca800000,0x00000038ca900000) (1024K)]
  0x000001fd1d2f3f30 JavaThread "Unconstrained build operations Thread 3"        [_thread_blocked, id=52252, stack(0x00000038cda00000,0x00000038cdb00000) (1024K)]
  0x000001fd1d2f24f0 JavaThread "Unconstrained build operations Thread 4"        [_thread_blocked, id=52256, stack(0x00000038ce400000,0x00000038ce500000) (1024K)]
  0x000001fd1d2f38a0 JavaThread "Unconstrained build operations Thread 5"        [_thread_blocked, id=52260, stack(0x00000038ce500000,0x00000038ce600000) (1024K)]
  0x000001fd1d2f2b80 JavaThread "Unconstrained build operations Thread 6"        [_thread_blocked, id=52264, stack(0x00000038ce600000,0x00000038ce700000) (1024K)]
  0x000001fd1d2f5970 JavaThread "Unconstrained build operations Thread 7"        [_thread_blocked, id=52268, stack(0x00000038ce700000,0x00000038ce800000) (1024K)]
  0x000001fd1d2f6000 JavaThread "Unconstrained build operations Thread 8"        [_thread_blocked, id=52272, stack(0x00000038ce800000,0x00000038ce900000) (1024K)]
  0x000001fd1d2f45c0 JavaThread "Unconstrained build operations Thread 9"        [_thread_blocked, id=52276, stack(0x00000038ce900000,0x00000038cea00000) (1024K)]
  0x000001fd1d2f3210 JavaThread "Unconstrained build operations Thread 10"        [_thread_blocked, id=52280, stack(0x00000038cea00000,0x00000038ceb00000) (1024K)]
  0x000001fd1d2f6690 JavaThread "Unconstrained build operations Thread 11"        [_thread_blocked, id=52284, stack(0x00000038ceb00000,0x00000038cec00000) (1024K)]
  0x000001fd1d2f9b10 JavaThread "Unconstrained build operations Thread 12"        [_thread_blocked, id=52288, stack(0x00000038cec00000,0x00000038ced00000) (1024K)]
  0x000001fd1d2f80d0 JavaThread "Unconstrained build operations Thread 13"        [_thread_blocked, id=52292, stack(0x00000038ced00000,0x00000038cee00000) (1024K)]
  0x000001fd1d2f6d20 JavaThread "Unconstrained build operations Thread 14"        [_thread_blocked, id=52296, stack(0x00000038cee00000,0x00000038cef00000) (1024K)]
  0x000001fd1d2f73b0 JavaThread "Unconstrained build operations Thread 15"        [_thread_blocked, id=52300, stack(0x00000038cef00000,0x00000038cf000000) (1024K)]
  0x000001fd1d2f8760 JavaThread "Unconstrained build operations Thread 16"        [_thread_blocked, id=52304, stack(0x00000038cf000000,0x00000038cf100000) (1024K)]
  0x000001fd1d2f7a40 JavaThread "Unconstrained build operations Thread 17"        [_thread_blocked, id=52308, stack(0x00000038cf100000,0x00000038cf200000) (1024K)]
  0x000001fd1d2f8df0 JavaThread "Unconstrained build operations Thread 18"        [_thread_blocked, id=52312, stack(0x00000038cf200000,0x00000038cf300000) (1024K)]
  0x000001fd1d2f9480 JavaThread "Unconstrained build operations Thread 19"        [_thread_blocked, id=52316, stack(0x00000038cf300000,0x00000038cf400000) (1024K)]
  0x000001fd1ac78250 JavaThread "Unconstrained build operations Thread 20"        [_thread_blocked, id=52552, stack(0x00000038cf400000,0x00000038cf500000) (1024K)]
  0x000001fd1ac7b040 JavaThread "Unconstrained build operations Thread 21"        [_thread_blocked, id=51844, stack(0x00000038cf500000,0x00000038cf600000) (1024K)]
  0x000001fd1ac788e0 JavaThread "Unconstrained build operations Thread 22"        [_thread_blocked, id=27652, stack(0x00000038cf600000,0x00000038cf700000) (1024K)]
  0x000001fd1ac7bd60 JavaThread "Unconstrained build operations Thread 23"        [_thread_blocked, id=51936, stack(0x00000038cf700000,0x00000038cf800000) (1024K)]
  0x000001fd1ac7c3f0 JavaThread "Unconstrained build operations Thread 24"        [_thread_blocked, id=49884, stack(0x00000038cf800000,0x00000038cf900000) (1024K)]
  0x000001fd1ac78f70 JavaThread "Unconstrained build operations Thread 25"        [_thread_blocked, id=52100, stack(0x00000038cf900000,0x00000038cfa00000) (1024K)]
  0x000001fd1ac7ca80 JavaThread "Unconstrained build operations Thread 26"        [_thread_blocked, id=52748, stack(0x00000038cfa00000,0x00000038cfb00000) (1024K)]
  0x000001fd1ac79c90 JavaThread "Unconstrained build operations Thread 27"        [_thread_blocked, id=53232, stack(0x00000038cfb00000,0x00000038cfc00000) (1024K)]
  0x000001fd1ac7a9b0 JavaThread "Unconstrained build operations Thread 28"        [_thread_blocked, id=23908, stack(0x00000038cfc00000,0x00000038cfd00000) (1024K)]
  0x000001fd1ac7b6d0 JavaThread "Unconstrained build operations Thread 29"        [_thread_blocked, id=28628, stack(0x00000038cfd00000,0x00000038cfe00000) (1024K)]
  0x000001fd1ac7a320 JavaThread "Unconstrained build operations Thread 30"        [_thread_blocked, id=52968, stack(0x00000038cfe00000,0x00000038cff00000) (1024K)]
  0x000001fd1ac79600 JavaThread "Unconstrained build operations Thread 31"        [_thread_blocked, id=5552, stack(0x00000038cff00000,0x00000038d0000000) (1024K)]
  0x000001fd1ac7d110 JavaThread "Unconstrained build operations Thread 32"        [_thread_blocked, id=51928, stack(0x00000038d0000000,0x00000038d0100000) (1024K)]
  0x000001fd1ac7de30 JavaThread "Unconstrained build operations Thread 33"        [_thread_blocked, id=52876, stack(0x00000038d0100000,0x00000038d0200000) (1024K)]
  0x000001fd1ac7eb50 JavaThread "Unconstrained build operations Thread 34"        [_thread_blocked, id=40680, stack(0x00000038d0200000,0x00000038d0300000) (1024K)]
  0x000001fd1ac7e4c0 JavaThread "Unconstrained build operations Thread 35"        [_thread_blocked, id=53088, stack(0x00000038d0300000,0x00000038d0400000) (1024K)]
  0x000001fd1ac7d7a0 JavaThread "Unconstrained build operations Thread 36"        [_thread_blocked, id=43216, stack(0x00000038d0400000,0x00000038d0500000) (1024K)]
  0x000001fd1ac7f1e0 JavaThread "Unconstrained build operations Thread 37"        [_thread_blocked, id=44492, stack(0x00000038d0500000,0x00000038d0600000) (1024K)]
  0x000001fd1ac7f870 JavaThread "Unconstrained build operations Thread 38"        [_thread_blocked, id=44036, stack(0x00000038d0600000,0x00000038d0700000) (1024K)]
  0x000001fd1cb35860 JavaThread "Unconstrained build operations Thread 39"        [_thread_blocked, id=24548, stack(0x00000038d0700000,0x00000038d0800000) (1024K)]
  0x000001fd1cb344b0 JavaThread "Unconstrained build operations Thread 40"        [_thread_blocked, id=12796, stack(0x00000038d0800000,0x00000038d0900000) (1024K)]
  0x000001fd1cb36580 JavaThread "Unconstrained build operations Thread 41"        [_thread_blocked, id=28868, stack(0x00000038d0900000,0x00000038d0a00000) (1024K)]
  0x000001fd1cb351d0 JavaThread "Unconstrained build operations Thread 42"        [_thread_blocked, id=12528, stack(0x00000038d0a00000,0x00000038d0b00000) (1024K)]
  0x000001fd1cb35ef0 JavaThread "Unconstrained build operations Thread 43"        [_thread_blocked, id=48324, stack(0x00000038d0b00000,0x00000038d0c00000) (1024K)]
  0x000001fd1cb36c10 JavaThread "Unconstrained build operations Thread 44"        [_thread_blocked, id=6596, stack(0x00000038d0c00000,0x00000038d0d00000) (1024K)]
  0x000001fd1cb34b40 JavaThread "Unconstrained build operations Thread 45"        [_thread_blocked, id=43116, stack(0x00000038d0d00000,0x00000038d0e00000) (1024K)]
  0x000001fd1cb33790 JavaThread "Unconstrained build operations Thread 46"        [_thread_blocked, id=49520, stack(0x00000038d0e00000,0x00000038d0f00000) (1024K)]
  0x000001fd1cb33e20 JavaThread "Unconstrained build operations Thread 47"        [_thread_blocked, id=48320, stack(0x00000038d0f00000,0x00000038d1000000) (1024K)]
  0x000001fd1cd6e0e0 JavaThread "Unconstrained build operations Thread 48"        [_thread_blocked, id=41608, stack(0x00000038d1000000,0x00000038d1100000) (1024K)]
  0x000001fd1cd6c010 JavaThread "Unconstrained build operations Thread 49"        [_thread_blocked, id=29036, stack(0x00000038d1100000,0x00000038d1200000) (1024K)]
  0x000001fd1cd6c6a0 JavaThread "Unconstrained build operations Thread 50"        [_thread_blocked, id=40412, stack(0x00000038d1200000,0x00000038d1300000) (1024K)]
  0x000001fd1cd6ee00 JavaThread "Unconstrained build operations Thread 51"        [_thread_blocked, id=28836, stack(0x00000038d1300000,0x00000038d1400000) (1024K)]
  0x000001fd1cd6e770 JavaThread "Unconstrained build operations Thread 52"        [_thread_blocked, id=49568, stack(0x00000038d1400000,0x00000038d1500000) (1024K)]
  0x000001fd1cd6d3c0 JavaThread "Unconstrained build operations Thread 53"        [_thread_blocked, id=9540, stack(0x00000038d1500000,0x00000038d1600000) (1024K)]
  0x000001fd1cd6b980 JavaThread "Unconstrained build operations Thread 54"        [_thread_blocked, id=32020, stack(0x00000038d1600000,0x00000038d1700000) (1024K)]
  0x000001fd1cd6cd30 JavaThread "Unconstrained build operations Thread 55"        [_thread_blocked, id=44500, stack(0x00000038d1700000,0x00000038d1800000) (1024K)]
  0x000001fd1cd70ed0 JavaThread "Unconstrained build operations Thread 56"        [_thread_blocked, id=42304, stack(0x00000038d1800000,0x00000038d1900000) (1024K)]
  0x000001fd1cd701b0 JavaThread "Unconstrained build operations Thread 57"        [_thread_blocked, id=35696, stack(0x00000038d1900000,0x00000038d1a00000) (1024K)]
  0x000001fd1cd6da50 JavaThread "Memory manager"                    [_thread_blocked, id=53080, stack(0x00000038d1a00000,0x00000038d1b00000) (1024K)]
  0x000001fcd47e5b70 JavaThread "build event listener"              [_thread_blocked, id=56088, stack(0x00000038d2700000,0x00000038d2800000) (1024K)]
  0x000001fcd47e4130 JavaThread "included builds"                   [_thread_blocked, id=3372, stack(0x00000038ccd00000,0x00000038cce00000) (1024K)]
  0x000001fcd47e8ff0 JavaThread "Execution worker"                  [_thread_blocked, id=54588, stack(0x00000038d1b00000,0x00000038d1c00000) (1024K)]
  0x000001fcd47e9680 JavaThread "Execution worker Thread 2"         [_thread_blocked, id=50776, stack(0x00000038d1c00000,0x00000038d1d00000) (1024K)]
  0x000001fcd47e7c40 JavaThread "Execution worker Thread 3"         [_thread_blocked, id=76920, stack(0x00000038d1d00000,0x00000038d1e00000) (1024K)]
  0x000001fcd47e82d0 JavaThread "Execution worker Thread 4"         [_thread_blocked, id=78288, stack(0x00000038d1e00000,0x00000038d1f00000) (1024K)]
  0x000001fcd47e8960 JavaThread "Execution worker Thread 5"         [_thread_blocked, id=34936, stack(0x00000038d1f00000,0x00000038d2000000) (1024K)]
  0x000001fd1cd6fb20 JavaThread "Execution worker Thread 6"         [_thread_blocked, id=66168, stack(0x00000038d2000000,0x00000038d2100000) (1024K)]
  0x000001fd1cd70840 JavaThread "Execution worker Thread 7"         [_thread_blocked, id=55396, stack(0x00000038d2100000,0x00000038d2200000) (1024K)]
  0x000001fd1cd71560 JavaThread "Execution worker Thread 8"         [_thread_blocked, id=78384, stack(0x00000038d2200000,0x00000038d2300000) (1024K)]
  0x000001fd1cd72280 JavaThread "Execution worker Thread 9"         [_thread_blocked, id=53428, stack(0x00000038d2300000,0x00000038d2400000) (1024K)]
  0x000001fd1cd71bf0 JavaThread "Execution worker Thread 10"        [_thread_blocked, id=49944, stack(0x00000038d2400000,0x00000038d2500000) (1024K)]
  0x000001fd1cd72910 JavaThread "Execution worker Thread 11"        [_thread_blocked, id=53040, stack(0x00000038d2500000,0x00000038d2600000) (1024K)]
  0x000001fd1cd72fa0 JavaThread "Execution worker Thread 12"        [_thread_blocked, id=51084, stack(0x00000038d2600000,0x00000038d2700000) (1024K)]
  0x000001fd1b89f130 JavaThread "Execution worker Thread 13"        [_thread_blocked, id=60420, stack(0x00000038d2800000,0x00000038d2900000) (1024K)]
  0x000001fd1c4a4200 JavaThread "Execution worker Thread 14"        [_thread_blocked, id=76444, stack(0x00000038d2900000,0x00000038d2a00000) (1024K)]
  0x000001fd1c4a62d0 JavaThread "Execution worker Thread 15"        [_thread_blocked, id=77276, stack(0x00000038d2a00000,0x00000038d2b00000) (1024K)]
  0x000001fd1c4a4890 JavaThread "Execution worker Thread 16"        [_thread_blocked, id=39984, stack(0x00000038d2b00000,0x00000038d2c00000) (1024K)]
  0x000001fd1c4a4f20 JavaThread "Execution worker Thread 17"        [_thread_blocked, id=59336, stack(0x00000038d2c00000,0x00000038d2d00000) (1024K)]
  0x000001fd1c4a2e50 JavaThread "Execution worker Thread 18"        [_thread_blocked, id=75220, stack(0x00000038d2d00000,0x00000038d2e00000) (1024K)]
  0x000001fd1c4a55b0 JavaThread "Execution worker Thread 19"        [_thread_blocked, id=6364, stack(0x00000038d2e00000,0x00000038d2f00000) (1024K)]
  0x000001fd1c4a6960 JavaThread "Cache worker for execution history cache (C:\Users\AJI\develop\flutter\packages\flutter_tools\gradle\.gradle\9.1.0\executionHistory)"        [_thread_blocked, id=47328, stack(0x00000038d2f00000,0x00000038d3000000) (1024K)]
  0x000001fd1c4a6ff0 JavaThread "File lock release action executor Thread 11"        [_thread_blocked, id=69852, stack(0x00000038d3000000,0x00000038d3100000) (1024K)]
  0x000001fd1c4a3b70 JavaThread "Unconstrained build operations Thread 58"        [_thread_blocked, id=74552, stack(0x00000038d3200000,0x00000038d3300000) (1024K)]
  0x000001fd1c4a8a30 JavaThread "Unconstrained build operations Thread 59"        [_thread_blocked, id=51632, stack(0x00000038d3300000,0x00000038d3400000) (1024K)]
  0x000001fd1c4a90c0 JavaThread "Unconstrained build operations Thread 60"        [_thread_blocked, id=51636, stack(0x00000038d3400000,0x00000038d3500000) (1024K)]
  0x000001fd1c4a83a0 JavaThread "Unconstrained build operations Thread 61"        [_thread_blocked, id=78224, stack(0x00000038d3500000,0x00000038d3600000) (1024K)]
  0x000001fd1c4a7d10 JavaThread "Unconstrained build operations Thread 62"        [_thread_blocked, id=72476, stack(0x00000038d3600000,0x00000038d3700000) (1024K)]
  0x000001fd1c4a5c40 JavaThread "Unconstrained build operations Thread 63"        [_thread_blocked, id=56284, stack(0x00000038d3700000,0x00000038d3800000) (1024K)]
  0x000001fd1c4a7680 JavaThread "Unconstrained build operations Thread 64"        [_thread_blocked, id=78820, stack(0x00000038d3800000,0x00000038d3900000) (1024K)]
  0x000001fd1c4a9de0 JavaThread "Unconstrained build operations Thread 65"        [_thread_blocked, id=5396, stack(0x00000038d3900000,0x00000038d3a00000) (1024K)]
  0x000001fd1c4a9750 JavaThread "Unconstrained build operations Thread 66"        [_thread_blocked, id=41184, stack(0x00000038d3a00000,0x00000038d3b00000) (1024K)]
  0x000001fd1c4aa470 JavaThread "Unconstrained build operations Thread 67"        [_thread_blocked, id=64948, stack(0x00000038d3b00000,0x00000038d3c00000) (1024K)]
  0x000001fd1e39ab70 JavaThread "Unconstrained build operations Thread 68"        [_thread_blocked, id=60084, stack(0x00000038d3c00000,0x00000038d3d00000) (1024K)]
  0x000001fd1e39d960 JavaThread "Unconstrained build operations Thread 69"        [_thread_blocked, id=50212, stack(0x00000038d3d00000,0x00000038d3e00000) (1024K)]
  0x000001fd1e39c5b0 JavaThread "Unconstrained build operations Thread 70"        [_thread_blocked, id=16676, stack(0x00000038d3e00000,0x00000038d3f00000) (1024K)]
  0x000001fd1e39b890 JavaThread "Unconstrained build operations Thread 71"        [_thread_blocked, id=44208, stack(0x00000038d3f00000,0x00000038d4000000) (1024K)]
  0x000001fd1e39bf20 JavaThread "Unconstrained build operations Thread 72"        [_thread_blocked, id=57760, stack(0x00000038d4000000,0x00000038d4100000) (1024K)]
  0x000001fd1e39b200 JavaThread "Unconstrained build operations Thread 73"        [_thread_blocked, id=77248, stack(0x00000038d4100000,0x00000038d4200000) (1024K)]
  0x000001fd1e39cc40 JavaThread "Unconstrained build operations Thread 74"        [_thread_blocked, id=76464, stack(0x00000038d4200000,0x00000038d4300000) (1024K)]
  0x000001fd1e39a4e0 JavaThread "Unconstrained build operations Thread 75"        [_thread_blocked, id=30788, stack(0x00000038d4300000,0x00000038d4400000) (1024K)]
  0x000001fd1e39e680 JavaThread "Unconstrained build operations Thread 76"        [_thread_blocked, id=62656, stack(0x00000038d4400000,0x00000038d4500000) (1024K)]
  0x000001fd1e39ed10 JavaThread "Unconstrained build operations Thread 77"        [_thread_blocked, id=21052, stack(0x00000038d4500000,0x00000038d4600000) (1024K)]
  0x000001fd1e39d2d0 JavaThread "Unconstrained build operations Thread 78"        [_thread_blocked, id=53004, stack(0x00000038d4600000,0x00000038d4700000) (1024K)]
  0x000001fd1e39dff0 JavaThread "Unconstrained build operations Thread 79"        [_thread_blocked, id=24968, stack(0x00000038d4700000,0x00000038d4800000) (1024K)]
  0x000001fd1e3a1470 JavaThread "Unconstrained build operations Thread 80"        [_thread_blocked, id=78536, stack(0x00000038d4800000,0x00000038d4900000) (1024K)]
  0x000001fd1e39f3a0 JavaThread "Unconstrained build operations Thread 81"        [_thread_blocked, id=4204, stack(0x00000038d4900000,0x00000038d4a00000) (1024K)]
  0x000001fd1e3a1b00 JavaThread "Unconstrained build operations Thread 82"        [_thread_blocked, id=44892, stack(0x00000038d4a00000,0x00000038d4b00000) (1024K)]
  0x000001fd1e3a0de0 JavaThread "Unconstrained build operations Thread 83"        [_thread_blocked, id=79184, stack(0x00000038d4b00000,0x00000038d4c00000) (1024K)]
  0x000001fd1e39fa30 JavaThread "Unconstrained build operations Thread 84"        [_thread_blocked, id=73316, stack(0x00000038d4c00000,0x00000038d4d00000) (1024K)]
  0x000001fd1e3a00c0 JavaThread "Unconstrained build operations Thread 85"        [_thread_blocked, id=35160, stack(0x00000038d4d00000,0x00000038d4e00000) (1024K)]
  0x000001fd1e3a0750 JavaThread "Unconstrained build operations Thread 86"        [_thread_blocked, id=56520, stack(0x00000038d4e00000,0x00000038d4f00000) (1024K)]
  0x000001fd1e653b40 JavaThread "Unconstrained build operations Thread 87"        [_thread_blocked, id=23860, stack(0x00000038d4f00000,0x00000038d5000000) (1024K)]
  0x000001fd1e652e20 JavaThread "Unconstrained build operations Thread 88"        [_thread_blocked, id=79376, stack(0x00000038d5000000,0x00000038d5100000) (1024K)]
  0x000001fd1e652790 JavaThread "Unconstrained build operations Thread 89"        [_thread_blocked, id=78464, stack(0x00000038d5100000,0x00000038d5200000) (1024K)]
  0x000001fd1e6513e0 JavaThread "Unconstrained build operations Thread 90"        [_thread_blocked, id=40576, stack(0x00000038d5200000,0x00000038d5300000) (1024K)]
  0x000001fd1e650d50 JavaThread "Unconstrained build operations Thread 91"        [_thread_blocked, id=78532, stack(0x00000038d3100000,0x00000038d3200000) (1024K)]
  0x000001fd1e6534b0 JavaThread "Unconstrained build operations Thread 92"        [_thread_blocked, id=50468, stack(0x00000038d5300000,0x00000038d5400000) (1024K)]
  0x000001fd1e651a70 JavaThread "Unconstrained build operations Thread 93"        [_thread_blocked, id=28468, stack(0x00000038d5400000,0x00000038d5500000) (1024K)]
  0x000001fd1e652100 JavaThread "Unconstrained build operations Thread 94"        [_thread_blocked, id=52508, stack(0x00000038d5500000,0x00000038d5600000) (1024K)]
  0x000001fd1e6506c0 JavaThread "Unconstrained build operations Thread 95"        [_thread_blocked, id=62124, stack(0x00000038d5600000,0x00000038d5700000) (1024K)]
  0x000001fd1e4cc310 JavaThread "Unconstrained build operations Thread 96"        [_thread_blocked, id=67760, stack(0x00000038d5700000,0x00000038d5800000) (1024K)]
  0x000001fd1e4cd030 JavaThread "Unconstrained build operations Thread 97"        [_thread_blocked, id=59348, stack(0x00000038d5900000,0x00000038d5a00000) (1024K)]
  0x000001fd1e4cd6c0 JavaThread "Unconstrained build operations Thread 98"        [_thread_blocked, id=65920, stack(0x00000038d5a00000,0x00000038d5b00000) (1024K)]
  0x000001fd1e4cea70 JavaThread "Unconstrained build operations Thread 99"        [_thread_blocked, id=58796, stack(0x00000038d5b00000,0x00000038d5c00000) (1024K)]
  0x000001fd1e4cc9a0 JavaThread "Unconstrained build operations Thread 100"        [_thread_blocked, id=63072, stack(0x00000038d5c00000,0x00000038d5d00000) (1024K)]
  0x000001fd1e4cdd50 JavaThread "Unconstrained build operations Thread 101"        [_thread_blocked, id=54308, stack(0x00000038d5d00000,0x00000038d5e00000) (1024K)]
  0x000001fd1e4ce3e0 JavaThread "Unconstrained build operations Thread 102"        [_thread_blocked, id=75820, stack(0x00000038d5e00000,0x00000038d5f00000) (1024K)]
  0x000001fd1e4cf100 JavaThread "Unconstrained build operations Thread 103"        [_thread_blocked, id=45032, stack(0x00000038d5f00000,0x00000038d6000000) (1024K)]
  0x000001fd1e4cbc80 JavaThread "Unconstrained build operations Thread 104"        [_thread_blocked, id=40724, stack(0x00000038d6000000,0x00000038d6100000) (1024K)]
  0x000001fd1e4d0b40 JavaThread "Unconstrained build operations Thread 105"        [_thread_blocked, id=59772, stack(0x00000038d6100000,0x00000038d6200000) (1024K)]
  0x000001fd1e4d1ef0 JavaThread "Unconstrained build operations Thread 106"        [_thread_blocked, id=35464, stack(0x00000038d6200000,0x00000038d6300000) (1024K)]
  0x000001fd1e4d2580 JavaThread "Unconstrained build operations Thread 107"        [_thread_blocked, id=50376, stack(0x00000038d6300000,0x00000038d6400000) (1024K)]
  0x000001fd1e4d1860 JavaThread "Unconstrained build operations Thread 108"        [_thread_blocked, id=9044, stack(0x00000038d6400000,0x00000038d6500000) (1024K)]
  0x000001fd1e4d2c10 JavaThread "Unconstrained build operations Thread 109"        [_thread_blocked, id=80020, stack(0x00000038d6500000,0x00000038d6600000) (1024K)]
  0x000001fd1e4cf790 JavaThread "Unconstrained build operations Thread 110"        [_thread_blocked, id=73784, stack(0x00000038d6600000,0x00000038d6700000) (1024K)]
  0x000001fd1e4cfe20 JavaThread "Unconstrained build operations Thread 111"        [_thread_blocked, id=60824, stack(0x00000038d6700000,0x00000038d6800000) (1024K)]
  0x000001fd1e4d04b0 JavaThread "Unconstrained build operations Thread 112"        [_thread_blocked, id=74504, stack(0x00000038d6800000,0x00000038d6900000) (1024K)]
  0x000001fd1e4d11d0 JavaThread "Unconstrained build operations Thread 113"        [_thread_blocked, id=41964, stack(0x00000038d6900000,0x00000038d6a00000) (1024K)]
  0x000001fd1e0c27e0 JavaThread "Unconstrained build operations Thread 114"        [_thread_blocked, id=79432, stack(0x00000038d6a00000,0x00000038d6b00000) (1024K)]
  0x000001fd1e0c2150 JavaThread "Unconstrained build operations Thread 115"        [_thread_blocked, id=46604, stack(0x00000038d6b00000,0x00000038d6c00000) (1024K)]
  0x000001fd1e0c4220 JavaThread "Unconstrained build operations Thread 116"        [_thread_blocked, id=79808, stack(0x00000038d6c00000,0x00000038d6d00000) (1024K)]
  0x000001fd1e0c2e70 JavaThread "Unconstrained build operations Thread 117"        [_thread_blocked, id=51504, stack(0x00000038d6d00000,0x00000038d6e00000) (1024K)]
  0x000001fd1e0c48b0 JavaThread "Unconstrained build operations Thread 118"        [_thread_blocked, id=72904, stack(0x00000038d6e00000,0x00000038d6f00000) (1024K)]
  0x000001fd1e0c1430 JavaThread "Unconstrained build operations Thread 119"        [_thread_blocked, id=79168, stack(0x00000038d6f00000,0x00000038d7000000) (1024K)]
  0x000001fd1e0c4f40 JavaThread "Unconstrained build operations Thread 120"        [_thread_blocked, id=43804, stack(0x00000038d7000000,0x00000038d7100000) (1024K)]
  0x000001fd1e0c3500 JavaThread "Unconstrained build operations Thread 121"        [_thread_blocked, id=53420, stack(0x00000038d7100000,0x00000038d7200000) (1024K)]
  0x000001fd1e0c3b90 JavaThread "Unconstrained build operations Thread 122"        [_thread_blocked, id=63068, stack(0x00000038d7200000,0x00000038d7300000) (1024K)]
  0x000001fd1e0c1ac0 JavaThread "Unconstrained build operations Thread 123"        [_thread_blocked, id=62100, stack(0x00000038d7300000,0x00000038d7400000) (1024K)]
  0x000001fd1e0c7010 JavaThread "Unconstrained build operations Thread 124"        [_thread_blocked, id=63320, stack(0x00000038d7400000,0x00000038d7500000) (1024K)]
  0x000001fd1e0c76a0 JavaThread "Unconstrained build operations Thread 125"        [_thread_blocked, id=56832, stack(0x00000038d7500000,0x00000038d7600000) (1024K)]
  0x000001fd1e0c7d30 JavaThread "Unconstrained build operations Thread 126"        [_thread_blocked, id=33224, stack(0x00000038d7600000,0x00000038d7700000) (1024K)]
  0x000001fd1e0c55d0 JavaThread "Unconstrained build operations Thread 127"        [_thread_blocked, id=42136, stack(0x00000038d7700000,0x00000038d7800000) (1024K)]
  0x000001fd1e0c90e0 JavaThread "Unconstrained build operations Thread 128"        [_thread_blocked, id=62060, stack(0x00000038d7800000,0x00000038d7900000) (1024K)]
  0x000001fd1e0c83c0 JavaThread "Unconstrained build operations Thread 129"        [_thread_blocked, id=80400, stack(0x00000038d7900000,0x00000038d7a00000) (1024K)]
  0x000001fd1e0c6980 JavaThread "Unconstrained build operations Thread 130"        [_thread_blocked, id=80432, stack(0x00000038d7a00000,0x00000038d7b00000) (1024K)]
  0x000001fd1e0c5c60 JavaThread "Unconstrained build operations Thread 131"        [_thread_blocked, id=80820, stack(0x00000038d7b00000,0x00000038d7c00000) (1024K)]
  0x000001fd1e0c8a50 JavaThread "Unconstrained build operations Thread 132"        [_thread_blocked, id=80800, stack(0x00000038d7c00000,0x00000038d7d00000) (1024K)]
  0x000001fd1e0c9770 JavaThread "Unconstrained build operations Thread 133"        [_thread_blocked, id=80796, stack(0x00000038d7d00000,0x00000038d7e00000) (1024K)]
  0x000001fd1e0c62f0 JavaThread "Unconstrained build operations Thread 134"        [_thread_blocked, id=80824, stack(0x00000038d7e00000,0x00000038d7f00000) (1024K)]
  0x000001fd1e0ccbf0 JavaThread "Unconstrained build operations Thread 135"        [_thread_blocked, id=80804, stack(0x00000038d7f00000,0x00000038d8000000) (1024K)]
  0x000001fd1e0cd280 JavaThread "Unconstrained build operations Thread 136"        [_thread_blocked, id=80792, stack(0x00000038d8000000,0x00000038d8100000) (1024K)]
  0x000001fd1e0c9e00 JavaThread "Unconstrained build operations Thread 137"        [_thread_blocked, id=80784, stack(0x00000038d8100000,0x00000038d8200000) (1024K)]
  0x000001fd1e0cb840 JavaThread "Unconstrained build operations Thread 138"        [_thread_blocked, id=80816, stack(0x00000038d8200000,0x00000038d8300000) (1024K)]
  0x000001fd1e0cab20 JavaThread "Unconstrained build operations Thread 139"        [_thread_blocked, id=77496, stack(0x00000038d8300000,0x00000038d8400000) (1024K)]
  0x000001fd1e0cd910 JavaThread "Unconstrained build operations Thread 140"        [_thread_blocked, id=51784, stack(0x00000038d8400000,0x00000038d8500000) (1024K)]
  0x000001fd1e0ca490 JavaThread "Unconstrained build operations Thread 141"        [_thread_blocked, id=52028, stack(0x00000038d8500000,0x00000038d8600000) (1024K)]
  0x000001fd1e0cdfa0 JavaThread "Unconstrained build operations Thread 142"        [_thread_blocked, id=80788, stack(0x00000038d8600000,0x00000038d8700000) (1024K)]
  0x000001fd1e0ce630 JavaThread "Unconstrained build operations Thread 143"        [_thread_blocked, id=80780, stack(0x00000038d8700000,0x00000038d8800000) (1024K)]
  0x000001fd1e0cecc0 JavaThread "Unconstrained build operations Thread 144"        [_thread_blocked, id=80760, stack(0x00000038d8800000,0x00000038d8900000) (1024K)]
  0x000001fd1e0cb1b0 JavaThread "Unconstrained build operations Thread 145"        [_thread_blocked, id=80840, stack(0x00000038d8900000,0x00000038d8a00000) (1024K)]
  0x000001fd1e0cc560 JavaThread "Unconstrained build operations Thread 146"        [_thread_blocked, id=49380, stack(0x00000038d8a00000,0x00000038d8b00000) (1024K)]
  0x000001fd1e0cbed0 JavaThread "Unconstrained build operations Thread 147"        [_thread_blocked, id=80416, stack(0x00000038d8b00000,0x00000038d8c00000) (1024K)]
  0x000001fd1e0cf350 JavaThread "Unconstrained build operations Thread 148"        [_thread_blocked, id=30676, stack(0x00000038d8c00000,0x00000038d8d00000) (1024K)]
  0x000001fd1e0cf9e0 JavaThread "Unconstrained build operations Thread 149"        [_thread_blocked, id=15868, stack(0x00000038d8d00000,0x00000038d8e00000) (1024K)]
  0x000001fd1e90e300 JavaThread "Unconstrained build operations Thread 150"        [_thread_blocked, id=17624, stack(0x00000038d8e00000,0x00000038d8f00000) (1024K)]
  0x000001fd1e90dc70 JavaThread "Unconstrained build operations Thread 151"        [_thread_blocked, id=16056, stack(0x00000038d8f00000,0x00000038d9000000) (1024K)]
  0x000001fd1e90e990 JavaThread "Unconstrained build operations Thread 152"        [_thread_blocked, id=62480, stack(0x00000038d9000000,0x00000038d9100000) (1024K)]
  0x000001fd1e90bba0 JavaThread "Unconstrained build operations Thread 153"        [_thread_blocked, id=76220, stack(0x00000038d9100000,0x00000038d9200000) (1024K)]
  0x000001fd1e90f020 JavaThread "Unconstrained build operations Thread 154"        [_thread_blocked, id=36476, stack(0x00000038d9200000,0x00000038d9300000) (1024K)]
  0x000001fd1e90f6b0 JavaThread "Unconstrained build operations Thread 155"        [_thread_blocked, id=2776, stack(0x00000038d9300000,0x00000038d9400000) (1024K)]
  0x000001fd1e90c230 JavaThread "Unconstrained build operations Thread 156"        [_thread_blocked, id=42516, stack(0x00000038d9400000,0x00000038d9500000) (1024K)]
  0x000001fd1e90fd40 JavaThread "Unconstrained build operations Thread 157"        [_thread_blocked, id=48700, stack(0x00000038d9500000,0x00000038d9600000) (1024K)]
  0x000001fd1e90c8c0 JavaThread "Unconstrained build operations Thread 158"        [_thread_blocked, id=38796, stack(0x00000038d9600000,0x00000038d9700000) (1024K)]
  0x000001fd1e90cf50 JavaThread "Unconstrained build operations Thread 159"        [_thread_blocked, id=60572, stack(0x00000038d9700000,0x00000038d9800000) (1024K)]
  0x000001fd1e9103d0 JavaThread "Unconstrained build operations Thread 160"        [_thread_blocked, id=78012, stack(0x00000038d9800000,0x00000038d9900000) (1024K)]
  0x000001fd1e910a60 JavaThread "Unconstrained build operations Thread 161"        [_thread_blocked, id=62040, stack(0x00000038d9900000,0x00000038d9a00000) (1024K)]
  0x000001fd1e90d5e0 JavaThread "Unconstrained build operations Thread 162"        [_thread_blocked, id=68480, stack(0x00000038d9a00000,0x00000038d9b00000) (1024K)]
  0x000001fd1e913ee0 JavaThread "Unconstrained build operations Thread 163"        [_thread_blocked, id=75688, stack(0x00000038d9b00000,0x00000038d9c00000) (1024K)]
  0x000001fd1e9110f0 JavaThread "Unconstrained build operations Thread 164"        [_thread_blocked, id=76500, stack(0x00000038d9c00000,0x00000038d9d00000) (1024K)]
  0x000001fd1e914c00 JavaThread "Unconstrained build operations Thread 165"        [_thread_blocked, id=56828, stack(0x00000038d9d00000,0x00000038d9e00000) (1024K)]
  0x000001fd1e914570 JavaThread "Unconstrained build operations Thread 166"        [_thread_blocked, id=29000, stack(0x00000038d9e00000,0x00000038d9f00000) (1024K)]
  0x000001fd1e911780 JavaThread "Unconstrained build operations Thread 167"        [_thread_blocked, id=52844, stack(0x00000038d9f00000,0x00000038da000000) (1024K)]
  0x000001fd1e913850 JavaThread "Unconstrained build operations Thread 168"        [_thread_blocked, id=30940, stack(0x00000038da000000,0x00000038da100000) (1024K)]
  0x000001fd1e9124a0 JavaThread "File lock release action executor Thread 12"        [_thread_blocked, id=16012, stack(0x00000038da400000,0x00000038da500000) (1024K)]
  0x000001fd1e918710 JavaThread "File lock release action executor Thread 13"        [_thread_blocked, id=81072, stack(0x00000038da500000,0x00000038da600000) (1024K)]
  0x000001fd1e918da0 JavaThread "File lock release action executor Thread 14"        [_thread_blocked, id=84808, stack(0x00000038da800000,0x00000038da900000) (1024K)]
  0x000001fd1e919430 JavaThread "File lock release action executor Thread 15"        [_thread_blocked, id=49288, stack(0x00000038da900000,0x00000038daa00000) (1024K)]
  0x000001fd1e915fb0 JavaThread "File lock release action executor Thread 16"        [_thread_blocked, id=1576, stack(0x00000038daa00000,0x00000038dab00000) (1024K)]
  0x000001fd1e9179f0 JavaThread "File lock release action executor Thread 17"        [_thread_blocked, id=81080, stack(0x00000038dab00000,0x00000038dac00000) (1024K)]
  0x000001fd1e919ac0 JavaThread "File lock release action executor Thread 18"        [_thread_blocked, id=67788, stack(0x00000038dac00000,0x00000038dad00000) (1024K)]
  0x000001fd1e918080 JavaThread "File lock release action executor Thread 19"        [_thread_blocked, id=29336, stack(0x00000038dad00000,0x00000038dae00000) (1024K)]
  0x000001fd1e916640 JavaThread "File lock release action executor Thread 20"        [_thread_blocked, id=69232, stack(0x00000038dae00000,0x00000038daf00000) (1024K)]
  0x000001fd1e91a150 JavaThread "File lock release action executor Thread 21"        [_thread_blocked, id=6424, stack(0x00000038daf00000,0x00000038db000000) (1024K)]
  0x000001fd1ea682b0 JavaThread "C1 CompilerThread1"         daemon [_thread_blocked, id=85204, stack(0x00000038db000000,0x00000038db100000) (1024K)]
  0x000001fd1e91a7e0 JavaThread "build event listener"              [_thread_blocked, id=85760, stack(0x00000038db100000,0x00000038db200000) (1024K)]
Total: 237

Other Threads:
=>0x000001fcd44fba70 VMThread "VM Thread"                           [id=12988, stack(0x00000038cb000000,0x00000038cb100000) (1024K)]
  0x000001fcd34d4070 WatcherThread "VM Periodic Task Thread"        [id=18296, stack(0x00000038caf00000,0x00000038cb000000) (1024K)]
  0x000001fca33ac1d0 WorkerThread "GC Thread#0"                     [id=35244, stack(0x00000038caa00000,0x00000038cab00000) (1024K)]
  0x000001fd1a01a6b0 WorkerThread "GC Thread#1"                     [id=34168, stack(0x00000038cbc00000,0x00000038cbd00000) (1024K)]
  0x000001fd1a01aa60 WorkerThread "GC Thread#2"                     [id=27060, stack(0x00000038cbd00000,0x00000038cbe00000) (1024K)]
  0x000001fd1a02b4a0 WorkerThread "GC Thread#3"                     [id=34988, stack(0x00000038cbe00000,0x00000038cbf00000) (1024K)]
  0x000001fd1a02b850 WorkerThread "GC Thread#4"                     [id=4844, stack(0x00000038cbf00000,0x00000038cc000000) (1024K)]
  0x000001fd1a02bc00 WorkerThread "GC Thread#5"                     [id=35884, stack(0x00000038cc000000,0x00000038cc100000) (1024K)]
  0x000001fd1a1a5250 WorkerThread "GC Thread#6"                     [id=31476, stack(0x00000038cb900000,0x00000038cba00000) (1024K)]
  0x000001fd1acfb8a0 WorkerThread "GC Thread#7"                     [id=31152, stack(0x00000038ccf00000,0x00000038cd000000) (1024K)]
  0x000001fd1acfbc50 WorkerThread "GC Thread#8"                     [id=31180, stack(0x00000038cd000000,0x00000038cd100000) (1024K)]
  0x000001fd1a962270 WorkerThread "GC Thread#9"                     [id=31316, stack(0x00000038cd100000,0x00000038cd200000) (1024K)]
  0x000001fd1a962620 WorkerThread "GC Thread#10"                    [id=31324, stack(0x00000038cd200000,0x00000038cd300000) (1024K)]
  0x000001fd1a961ec0 WorkerThread "GC Thread#11"                    [id=7716, stack(0x00000038cd300000,0x00000038cd400000) (1024K)]
  0x000001fd1a962d80 WorkerThread "GC Thread#12"                    [id=31464, stack(0x00000038cd400000,0x00000038cd500000) (1024K)]
  0x000001fd1a961b10 WorkerThread "GC Thread#13"                    [id=31364, stack(0x00000038cd500000,0x00000038cd600000) (1024K)]
  0x000001fd1a963130 WorkerThread "GC Thread#14"                    [id=8868, stack(0x00000038cd600000,0x00000038cd700000) (1024K)]
  0x000001fca33bd8e0 ConcurrentGCThread "G1 Main Marker"            [id=26888, stack(0x00000038cab00000,0x00000038cac00000) (1024K)]
  0x000001fca33be300 WorkerThread "G1 Conc#0"                       [id=9300, stack(0x00000038cac00000,0x00000038cad00000) (1024K)]
  0x000001fd1bf00be0 WorkerThread "G1 Conc#1"                       [id=9752, stack(0x00000038cd700000,0x00000038cd800000) (1024K)]
  0x000001fd1bf00f90 WorkerThread "G1 Conc#2"                       [id=10832, stack(0x00000038cd800000,0x00000038cd900000) (1024K)]
  0x000001fd1befe350 WorkerThread "G1 Conc#3"                       [id=19744, stack(0x00000038cd900000,0x00000038cda00000) (1024K)]
  0x000001fcd33a3ca0 ConcurrentGCThread "G1 Refine#0"               [id=30452, stack(0x00000038cad00000,0x00000038cae00000) (1024K)]
  0x000001fcd33a55e0 ConcurrentGCThread "G1 Service"                [id=28804, stack(0x00000038cae00000,0x00000038caf00000) (1024K)]
Total: 24

Threads with active compile tasks:
Total: 0

VM state: at safepoint (normal execution)

VM Mutex/Monitor currently owned by a thread:  ([mutex/lock_event])
[0x00007ffcefdaf5b0] Threads_lock - owner thread: 0x000001fcd44fba70
[0x00007ffcefdaf6b0] Heap_lock - owner thread: 0x000001fca33bd8e0

Heap address: 0x0000000600000000, size: 8192 MB, Compressed Oops mode: Zero based, Oop shift amount: 3

CDS archive(s) mapped at: [0x000001fcd5000000-0x000001fcd5ba0000-0x000001fcd5ba0000), size 12189696, SharedBaseAddress: 0x000001fcd5000000, ArchiveRelocationMode: 1.
Compressed class space mapped at: 0x000001fcd6000000-0x000001fd16000000, reserved size: 1073741824
Narrow klass base: 0x000001fcd5000000, Narrow klass shift: 0, Narrow klass range: 0x100000000

GC Precious Log:
 CardTable entry size: 512
 Card Set container configuration: InlinePtr #cards 4 size 8 Array Of Cards #cards 32 size 80 Howl #buckets 8 coarsen threshold 7372 Howl Bitmap #cards 1024 size 144 coarsen threshold 921 Card regions per heap region 1 cards per card region 8192
 CPUs: 20 total, 20 available
 Memory: 16068M
 Large Page Support: Disabled
 NUMA Support: Disabled
 Compressed Oops: Enabled (Zero based)
 Heap Region Size: 4M
 Heap Min Capacity: 8M
 Heap Initial Capacity: 252M
 Heap Max Capacity: 8G
 Pre-touch: Disabled
 Parallel Workers: 15
 Concurrent Workers: 4
 Concurrent Refinement Workers: 15
 Periodic GC: Disabled

Heap:
 garbage-first heap   total 151552K, used 95465K [0x0000000600000000, 0x0000000800000000)
  region size 4096K, 3 young (12288K), 2 survivors (8192K)
 Metaspace       used 85611K, committed 87808K, reserved 1179648K
  class space    used 12206K, committed 13312K, reserved 1048576K

Heap Regions: E=young(eden), S=young(survivor), O=old, HS=humongous(starts), HC=humongous(continues), CS=collection set, F=free, TAMS=top-at-mark-start, PB=parsable bottom
|   0|0x0000000600000000, 0x0000000600400000, 0x0000000600400000|100%|HS|  |TAMS 0x0000000600400000| PB 0x0000000600000000| Complete 
|   1|0x0000000600400000, 0x0000000600800000, 0x0000000600800000|100%| O|  |TAMS 0x0000000600800000| PB 0x0000000600800000| Untracked 
|   2|0x0000000600800000, 0x0000000600b671a8, 0x0000000600c00000| 85%| O|  |TAMS 0x0000000600b671a8| PB 0x0000000600b671a8| Updating 
|   3|0x0000000600c00000, 0x0000000601000000, 0x0000000601000000|100%| O|  |TAMS 0x0000000601000000| PB 0x0000000601000000| Untracked 
|   4|0x0000000601000000, 0x0000000601400000, 0x0000000601400000|100%| O|  |TAMS 0x0000000601400000| PB 0x0000000601400000| Untracked 
|   5|0x0000000601400000, 0x0000000601800000, 0x0000000601800000|100%| O|  |TAMS 0x0000000601800000| PB 0x0000000601800000| Updating 
|   6|0x0000000601800000, 0x0000000601c00000, 0x0000000601c00000|100%| O|  |TAMS 0x0000000601c00000| PB 0x0000000601c00000| Untracked 
|   7|0x0000000601c00000, 0x0000000602000000, 0x0000000602000000|100%| O|  |TAMS 0x0000000602000000| PB 0x0000000602000000| Updating 
|   8|0x0000000602000000, 0x0000000602400000, 0x0000000602400000|100%| O|  |TAMS 0x0000000602400000| PB 0x0000000602400000| Untracked 
|   9|0x0000000602400000, 0x0000000602800000, 0x0000000602800000|100%| O|  |TAMS 0x0000000602800000| PB 0x0000000602800000| Untracked 
|  10|0x0000000602800000, 0x0000000602c00000, 0x0000000602c00000|100%| O|  |TAMS 0x0000000602c00000| PB 0x0000000602c00000| Updating 
|  11|0x0000000602c00000, 0x0000000603000000, 0x0000000603000000|100%| O|  |TAMS 0x0000000603000000| PB 0x0000000603000000| Untracked 
|  12|0x0000000603000000, 0x0000000603400000, 0x0000000603400000|100%| O|  |TAMS 0x0000000603400000| PB 0x0000000603400000| Updating 
|  13|0x0000000603400000, 0x0000000603800000, 0x0000000603800000|100%| O|  |TAMS 0x0000000603800000| PB 0x0000000603800000| Untracked 
|  14|0x0000000603800000, 0x0000000603c00000, 0x0000000603c00000|100%| O|  |TAMS 0x0000000603c00000| PB 0x0000000603c00000| Updating 
|  15|0x0000000603c00000, 0x0000000603c00000, 0x0000000604000000|  0%| F|  |TAMS 0x0000000603c00000| PB 0x0000000603c00000| Untracked 
|  16|0x0000000604000000, 0x0000000604400000, 0x0000000604400000|100%| O|  |TAMS 0x0000000604400000| PB 0x0000000604400000| Untracked 
|  17|0x0000000604400000, 0x000000060467ed18, 0x0000000604800000| 62%| O|  |TAMS 0x000000060467ed18| PB 0x000000060467ed18| Updating 
|  18|0x0000000604800000, 0x0000000604c00000, 0x0000000604c00000|100%| O|  |TAMS 0x0000000604c00000| PB 0x0000000604c00000| Updating 
|  19|0x0000000604c00000, 0x0000000604c00000, 0x0000000605000000|  0%| F|  |TAMS 0x0000000604c00000| PB 0x0000000604c00000| Untracked 
|  20|0x0000000605000000, 0x0000000605000000, 0x0000000605400000|  0%| F|  |TAMS 0x0000000605000000| PB 0x0000000605000000| Untracked 
|  21|0x0000000605400000, 0x00000006057545a8, 0x0000000605800000| 83%| S|CS|TAMS 0x0000000605400000| PB 0x0000000605400000| Complete 
|  22|0x0000000605800000, 0x0000000605c00000, 0x0000000605c00000|100%| S|CS|TAMS 0x0000000605800000| PB 0x0000000605800000| Complete 
|  23|0x0000000605c00000, 0x0000000605c00000, 0x0000000606000000|  0%| F|  |TAMS 0x0000000605c00000| PB 0x0000000605c00000| Untracked 
|  24|0x0000000606000000, 0x0000000606000000, 0x0000000606400000|  0%| F|  |TAMS 0x0000000606000000| PB 0x0000000606000000| Untracked 
|  25|0x0000000606400000, 0x0000000606400000, 0x0000000606800000|  0%| F|  |TAMS 0x0000000606400000| PB 0x0000000606400000| Untracked 
|  26|0x0000000606800000, 0x0000000606800000, 0x0000000606c00000|  0%| F|  |TAMS 0x0000000606800000| PB 0x0000000606800000| Untracked 
|  27|0x0000000606c00000, 0x0000000606c00000, 0x0000000607000000|  0%| F|  |TAMS 0x0000000606c00000| PB 0x0000000606c00000| Untracked 
|  52|0x000000060d000000, 0x000000060d000000, 0x000000060d400000|  0%| F|  |TAMS 0x000000060d000000| PB 0x000000060d000000| Untracked 
|  53|0x000000060d400000, 0x000000060d400000, 0x000000060d800000|  0%| F|  |TAMS 0x000000060d400000| PB 0x000000060d400000| Untracked 
|  54|0x000000060d800000, 0x000000060d800000, 0x000000060dc00000|  0%| F|  |TAMS 0x000000060d800000| PB 0x000000060d800000| Untracked 
|  62|0x000000060f800000, 0x000000060f800000, 0x000000060fc00000|  0%| F|  |TAMS 0x000000060f800000| PB 0x000000060f800000| Untracked 
|2043|0x00000007fec00000, 0x00000007ff000000, 0x00000007ff000000|100%| O|  |TAMS 0x00000007ff000000| PB 0x00000007ff000000| Untracked 
|2044|0x00000007ff000000, 0x00000007ff400000, 0x00000007ff400000|100%| O|  |TAMS 0x00000007ff400000| PB 0x00000007ff400000| Untracked 
|2045|0x00000007ff400000, 0x00000007ff694c70, 0x00000007ff800000| 64%| E|  |TAMS 0x00000007ff400000| PB 0x00000007ff400000| Complete 
|2046|0x00000007ff800000, 0x00000007ffc00000, 0x00000007ffc00000|100%| O|  |TAMS 0x00000007ffc00000| PB 0x00000007ffc00000| Untracked 
|2047|0x00000007ffc00000, 0x0000000800000000, 0x0000000800000000|100%| O|  |TAMS 0x0000000800000000| PB 0x0000000800000000| Untracked 

Card table byte_map: [0x000001fcc81d0000,0x000001fcc91d0000] _byte_map_base: 0x000001fcc51d0000

Marking Bits: (CMBitMap*) 0x000001fca33ad000
 Bits: [0x000001fcc91d0000, 0x000001fcd11d0000)

Polling page: 0x000001fca14f0000

Metaspace:

Usage:
  Non-class:     71.68 MB used.
      Class:     11.92 MB used.
       Both:     83.60 MB used.

Virtual space:
  Non-class space:      128.00 MB reserved,      72.75 MB ( 57%) committed,  2 nodes.
      Class space:        1.00 GB reserved,      13.00 MB (  1%) committed,  1 nodes.
             Both:        1.12 GB reserved,      85.75 MB (  7%) committed. 

Chunk freelists:
   Non-Class:  6.50 MB
       Class:  2.94 MB
        Both:  9.45 MB

MaxMetaspaceSize: 4.00 GB
CompressedClassSpaceSize: 1.00 GB
Initial GC threshold: 21.00 MB
Current GC threshold: 131.25 MB
CDS: on
 - commit_granule_bytes: 65536.
 - commit_granule_words: 8192.
 - virtual_space_node_default_size: 8388608.
 - enlarge_chunks_in_place: 1.
 - use_allocation_guard: 0.


Internal statistics:

num_allocs_failed_limit: 9.
num_arena_births: 4026.
num_arena_deaths: 2.
num_vsnodes_births: 3.
num_vsnodes_deaths: 0.
num_space_committed: 1372.
num_space_uncommitted: 0.
num_chunks_returned_to_freelist: 12.
num_chunks_taken_from_freelist: 8145.
num_chunk_merges: 6.
num_chunk_splits: 5306.
num_chunks_enlarged: 3277.
num_inconsistent_stats: 0.

CodeHeap 'non-profiled nmethods': size=258432Kb used=5508Kb max_used=5768Kb free=252923Kb
 bounds [0x000001fcb68a0000, 0x000001fcb6e50000, 0x000001fcc6500000]
CodeHeap 'profiled nmethods': size=258368Kb used=17776Kb max_used=18532Kb free=240591Kb
 bounds [0x000001fca6500000, 0x000001fca7720000, 0x000001fcb6150000]
CodeHeap 'non-nmethods': size=7488Kb used=2536Kb max_used=3103Kb free=4952Kb
 bounds [0x000001fcb6150000, 0x000001fcb64e0000, 0x000001fcb68a0000]
CodeCache: size=524288Kb, used=25820Kb, max_used=27403Kb, free=498466Kb
 total_blobs=9843, nmethods=9010, adapters=735, full_count=0
Compilation: enabled, stopped_count=0, restarted_count=0

Compilation events (20 events):
Event: 446.200 Thread 0x000001fd1ea682b0 12537       3       java.lang.ReflectiveOperationException::<init> (6 bytes)
Event: 446.201 Thread 0x000001fd1ea682b0 nmethod 12537 0x000001fca66df410 code [0x000001fca66df5c0, 0x000001fca66df758]
Event: 446.202 Thread 0x000001fcd4522f60 12538       4       java.nio.ByteBuffer::allocate (20 bytes)
Event: 446.202 Thread 0x000001fcd45281c0 12539       3       jdk.internal.reflect.ClassFileAssembler::opc_invokespecial (26 bytes)
Event: 446.202 Thread 0x000001fd1ea682b0 12540       3       jdk.internal.reflect.ClassFileAssembler::emitInt (46 bytes)
Event: 446.203 Thread 0x000001fd1ea682b0 nmethod 12540 0x000001fca6520510 code [0x000001fca6520720, 0x000001fca6520c50]
Event: 446.203 Thread 0x000001fcd45281c0 nmethod 12539 0x000001fca651fb10 code [0x000001fca651fd20, 0x000001fca6520280]
Event: 446.205 Thread 0x000001fcd4522f60 nmethod 12538 0x000001fcb6e41010 code [0x000001fcb6e411a0, 0x000001fcb6e41478]
Event: 446.206 Thread 0x000001fcd4522f60 12541       4       jdk.internal.reflect.ClassFileAssembler::emitShort (24 bytes)
Event: 446.209 Thread 0x000001fd1ea682b0 12542       3       java.lang.Class::methodToString (78 bytes)
Event: 446.210 Thread 0x000001fcd4522f60 nmethod 12541 0x000001fcb6e41610 code [0x000001fcb6e417e0, 0x000001fcb6e41aa0]
Event: 446.210 Thread 0x000001fcd45281c0 12543   !   3       java.util.WeakHashMap::expungeStaleEntries (139 bytes)
Event: 446.210 Thread 0x000001fd1ea682b0 nmethod 12542 0x000001fca651e510 code [0x000001fca651e820, 0x000001fca651f620]
Event: 446.210 Thread 0x000001fcd45281c0 nmethod 12543 0x000001fca651d690 code [0x000001fca651d8a0, 0x000001fca651e128]
Event: 446.211 Thread 0x000001fcd45281c0 12544       3       java.lang.NoSuchMethodException::<init> (6 bytes)
Event: 446.212 Thread 0x000001fcd45281c0 nmethod 12544 0x000001fca651d210 code [0x000001fca651d3c0, 0x000001fca651d5b0]
Event: 446.215 Thread 0x000001fcd45281c0 12545       1       java.io.ClassCache$CacheRef::getStrong (5 bytes)
Event: 446.215 Thread 0x000001fd1ea682b0 12546       3       java.io.ObjectInputStream$PeekInputStream::read (115 bytes)
Event: 446.215 Thread 0x000001fcd45281c0 nmethod 12545 0x000001fcb6e41d10 code [0x000001fcb6e41ea0, 0x000001fcb6e41f70]
Event: 446.216 Thread 0x000001fd1ea682b0 nmethod 12546 0x000001fca651ca10 code [0x000001fca651cc00, 0x000001fca651d0d0]

GC Heap History (20 events):
Event: 428.664 GC heap before
{Heap before GC invocations=24 (full 0):
 garbage-first heap   total 114688K, used 94050K [0x0000000600000000, 0x0000000800000000)
  region size 4096K, 12 young (49152K), 2 survivors (8192K)
 Metaspace       used 70683K, committed 72768K, reserved 1114112K
  class space    used 10437K, committed 11456K, reserved 1048576K
}
Event: 428.676 GC heap after
{Heap after GC invocations=25 (full 0):
 garbage-first heap   total 114688K, used 61860K [0x0000000600000000, 0x0000000800000000)
  region size 4096K, 2 young (8192K), 2 survivors (8192K)
 Metaspace       used 70683K, committed 72768K, reserved 1114112K
  class space    used 10437K, committed 11456K, reserved 1048576K
}
Event: 429.144 GC heap before
{Heap before GC invocations=26 (full 0):
 garbage-first heap   total 114688K, used 94628K [0x0000000600000000, 0x0000000800000000)
  region size 4096K, 11 young (45056K), 2 survivors (8192K)
 Metaspace       used 70831K, committed 72896K, reserved 1114112K
  class space    used 10439K, committed 11456K, reserved 1048576K
}
Event: 429.185 GC heap after
{Heap after GC invocations=27 (full 0):
 garbage-first heap   total 139264K, used 65339K [0x0000000600000000, 0x0000000800000000)
  region size 4096K, 2 young (8192K), 2 survivors (8192K)
 Metaspace       used 70831K, committed 72896K, reserved 1114112K
  class space    used 10439K, committed 11456K, reserved 1048576K
}
Event: 430.022 GC heap before
{Heap before GC invocations=27 (full 0):
 garbage-first heap   total 139264K, used 114491K [0x0000000600000000, 0x0000000800000000)
  region size 4096K, 15 young (61440K), 2 survivors (8192K)
 Metaspace       used 70863K, committed 72896K, reserved 1114112K
  class space    used 10440K, committed 11456K, reserved 1048576K
}
Event: 430.042 GC heap after
{Heap after GC invocations=28 (full 0):
 garbage-first heap   total 139264K, used 67038K [0x0000000600000000, 0x0000000800000000)
  region size 4096K, 2 young (8192K), 2 survivors (8192K)
 Metaspace       used 70863K, committed 72896K, reserved 1114112K
  class space    used 10440K, committed 11456K, reserved 1048576K
}
Event: 431.794 GC heap before
{Heap before GC invocations=28 (full 0):
 garbage-first heap   total 139264K, used 116190K [0x0000000600000000, 0x0000000800000000)
  region size 4096K, 15 young (61440K), 2 survivors (8192K)
 Metaspace       used 70884K, committed 72960K, reserved 1114112K
  class space    used 10442K, committed 11456K, reserved 1048576K
}
Event: 431.801 GC heap after
{Heap after GC invocations=29 (full 0):
 garbage-first heap   total 139264K, used 69538K [0x0000000600000000, 0x0000000800000000)
  region size 4096K, 2 young (8192K), 2 survivors (8192K)
 Metaspace       used 70884K, committed 72960K, reserved 1114112K
  class space    used 10442K, committed 11456K, reserved 1048576K
}
Event: 440.769 GC heap before
{Heap before GC invocations=30 (full 0):
 garbage-first heap   total 139264K, used 114594K [0x0000000600000000, 0x0000000800000000)
  region size 4096K, 14 young (57344K), 2 survivors (8192K)
 Metaspace       used 72463K, committed 74624K, reserved 1114112K
  class space    used 10663K, committed 11712K, reserved 1048576K
}
Event: 440.775 GC heap after
{Heap after GC invocations=31 (full 0):
 garbage-first heap   total 139264K, used 80457K [0x0000000600000000, 0x0000000800000000)
  region size 4096K, 2 young (8192K), 2 survivors (8192K)
 Metaspace       used 72463K, committed 74624K, reserved 1114112K
  class space    used 10663K, committed 11712K, reserved 1048576K
}
Event: 441.517 GC heap before
{Heap before GC invocations=31 (full 0):
 garbage-first heap   total 139264K, used 109129K [0x0000000600000000, 0x0000000800000000)
  region size 4096K, 10 young (40960K), 2 survivors (8192K)
 Metaspace       used 74768K, committed 76864K, reserved 1179648K
  class space    used 10936K, committed 11968K, reserved 1048576K
}
Event: 441.522 GC heap after
{Heap after GC invocations=32 (full 0):
 garbage-first heap   total 139264K, used 84516K [0x0000000600000000, 0x0000000800000000)
  region size 4096K, 1 young (4096K), 1 survivors (4096K)
 Metaspace       used 74768K, committed 76864K, reserved 1179648K
  class space    used 10936K, committed 11968K, reserved 1048576K
}
Event: 442.001 GC heap before
{Heap before GC invocations=32 (full 0):
 garbage-first heap   total 139264K, used 117284K [0x0000000600000000, 0x0000000800000000)
  region size 4096K, 9 young (36864K), 1 survivors (4096K)
 Metaspace       used 78357K, committed 80512K, reserved 1179648K
  class space    used 11267K, committed 12352K, reserved 1048576K
}
Event: 442.004 GC heap after
{Heap after GC invocations=33 (full 0):
 garbage-first heap   total 139264K, used 85360K [0x0000000600000000, 0x0000000800000000)
  region size 4096K, 2 young (8192K), 2 survivors (8192K)
 Metaspace       used 78357K, committed 80512K, reserved 1179648K
  class space    used 11267K, committed 12352K, reserved 1048576K
}
Event: 442.554 GC heap before
{Heap before GC invocations=34 (full 0):
 garbage-first heap   total 151552K, used 114032K [0x0000000600000000, 0x0000000800000000)
  region size 4096K, 10 young (40960K), 2 survivors (8192K)
 Metaspace       used 80403K, committed 82496K, reserved 1179648K
  class space    used 11520K, committed 12544K, reserved 1048576K
}
Event: 442.556 GC heap after
{Heap after GC invocations=35 (full 0):
 garbage-first heap   total 151552K, used 90432K [0x0000000600000000, 0x0000000800000000)
  region size 4096K, 2 young (8192K), 2 survivors (8192K)
 Metaspace       used 80403K, committed 82496K, reserved 1179648K
  class space    used 11520K, committed 12544K, reserved 1048576K
}
Event: 443.164 GC heap before
{Heap before GC invocations=35 (full 0):
 garbage-first heap   total 151552K, used 131392K [0x0000000600000000, 0x0000000800000000)
  region size 4096K, 12 young (49152K), 2 survivors (8192K)
 Metaspace       used 83418K, committed 85568K, reserved 1179648K
  class space    used 11922K, committed 12992K, reserved 1048576K
}
Event: 443.171 GC heap after
{Heap after GC invocations=36 (full 0):
 garbage-first heap   total 151552K, used 90415K [0x0000000600000000, 0x0000000800000000)
  region size 4096K, 1 young (4096K), 1 survivors (4096K)
 Metaspace       used 83418K, committed 85568K, reserved 1179648K
  class space    used 11922K, committed 12992K, reserved 1048576K
}
Event: 446.176 GC heap before
{Heap before GC invocations=36 (full 0):
 garbage-first heap   total 151552K, used 127279K [0x0000000600000000, 0x0000000800000000)
  region size 4096K, 11 young (45056K), 1 survivors (4096K)
 Metaspace       used 85508K, committed 87744K, reserved 1179648K
  class space    used 12188K, committed 13312K, reserved 1048576K
}
Event: 446.179 GC heap after
{Heap after GC invocations=37 (full 0):
 garbage-first heap   total 151552K, used 95465K [0x0000000600000000, 0x0000000800000000)
  region size 4096K, 2 young (8192K), 2 survivors (8192K)
 Metaspace       used 85508K, committed 87744K, reserved 1179648K
  class space    used 12188K, committed 13312K, reserved 1048576K
}

Dll operation events (20 events):
Event: 0.277 Attempting to load shared library C:\Users\AJI\.vscode\extensions\redhat.java-1.56.0-win32-x64\jre\21.0.12.1-win32-x86_64\bin\nio.dll
Event: 0.277 Loaded shared library C:\Users\AJI\.vscode\extensions\redhat.java-1.56.0-win32-x64\jre\21.0.12.1-win32-x86_64\bin\nio.dll
Event: 0.285 Attempting to load shared library C:\Users\AJI\.vscode\extensions\redhat.java-1.56.0-win32-x64\jre\21.0.12.1-win32-x86_64\bin\zip.dll
Event: 0.285 Loaded shared library C:\Users\AJI\.vscode\extensions\redhat.java-1.56.0-win32-x64\jre\21.0.12.1-win32-x86_64\bin\zip.dll
Event: 1.162 Attempting to load shared library C:\Users\AJI\.vscode\extensions\redhat.java-1.56.0-win32-x64\jre\21.0.12.1-win32-x86_64\bin\jimage.dll
Event: 1.162 Loaded shared library C:\Users\AJI\.vscode\extensions\redhat.java-1.56.0-win32-x64\jre\21.0.12.1-win32-x86_64\bin\jimage.dll
Event: 1.688 Attempting to load shared library C:\Users\AJI\.vscode\extensions\redhat.java-1.56.0-win32-x64\jre\21.0.12.1-win32-x86_64\bin\verify.dll
Event: 1.688 Loaded shared library C:\Users\AJI\.vscode\extensions\redhat.java-1.56.0-win32-x64\jre\21.0.12.1-win32-x86_64\bin\verify.dll
Event: 1.752 Attempting to load shared library C:\Users\AJI\.gradle\native\1def1411415f61bf3af743bc5b6707747c0891f09f0c88961ee8f79bc544acac\windows-amd64\native-platform.dll
Event: 1.753 Loaded shared library C:\Users\AJI\.gradle\native\1def1411415f61bf3af743bc5b6707747c0891f09f0c88961ee8f79bc544acac\windows-amd64\native-platform.dll
Event: 1.770 Attempting to load shared library C:\Users\AJI\.gradle\native\0.2.8\x86_64-windows-gnu\gradle-fileevents.dll
Event: 1.771 Loaded shared library C:\Users\AJI\.gradle\native\0.2.8\x86_64-windows-gnu\gradle-fileevents.dll
Event: 3.437 Attempting to load shared library C:\Users\AJI\.vscode\extensions\redhat.java-1.56.0-win32-x64\jre\21.0.12.1-win32-x86_64\bin\management.dll
Event: 3.437 Loaded shared library C:\Users\AJI\.vscode\extensions\redhat.java-1.56.0-win32-x64\jre\21.0.12.1-win32-x86_64\bin\management.dll
Event: 3.441 Attempting to load shared library C:\Users\AJI\.vscode\extensions\redhat.java-1.56.0-win32-x64\jre\21.0.12.1-win32-x86_64\bin\management_ext.dll
Event: 3.442 Loaded shared library C:\Users\AJI\.vscode\extensions\redhat.java-1.56.0-win32-x64\jre\21.0.12.1-win32-x86_64\bin\management_ext.dll
Event: 3.682 Attempting to load shared library C:\Users\AJI\.vscode\extensions\redhat.java-1.56.0-win32-x64\jre\21.0.12.1-win32-x86_64\bin\extnet.dll
Event: 3.683 Loaded shared library C:\Users\AJI\.vscode\extensions\redhat.java-1.56.0-win32-x64\jre\21.0.12.1-win32-x86_64\bin\extnet.dll
Event: 4.025 Attempting to load shared library C:\Users\AJI\.vscode\extensions\redhat.java-1.56.0-win32-x64\jre\21.0.12.1-win32-x86_64\bin\sunmscapi.dll
Event: 4.031 Loaded shared library C:\Users\AJI\.vscode\extensions\redhat.java-1.56.0-win32-x64\jre\21.0.12.1-win32-x86_64\bin\sunmscapi.dll

Deoptimization events (20 events):
Event: 443.337 Thread 0x000001fd1b8a1200 DEOPT PACKING pc=0x000001fcb695c148 sp=0x00000038cc7f2900
Event: 443.337 Thread 0x000001fd1b8a1200 DEOPT UNPACKING pc=0x000001fcb61a4422 sp=0x00000038cc7f2900 mode 2
Event: 443.337 Thread 0x000001fd1b8a1200 Uncommon trap: trap_request=0xffffff45 fr.pc=0x000001fcb6bbfff8 relative=0x0000000000000a78
Event: 443.337 Thread 0x000001fd1b8a1200 Uncommon trap: reason=unstable_if action=reinterpret pc=0x000001fcb6bbfff8 method=org.objectweb.asm.Label.resolve([BLorg/objectweb/asm/ByteVector;I)Z @ 81 c2
Event: 443.337 Thread 0x000001fd1b8a1200 DEOPT PACKING pc=0x000001fcb6bbfff8 sp=0x00000038cc7f2950
Event: 443.337 Thread 0x000001fd1b8a1200 DEOPT UNPACKING pc=0x000001fcb61a4422 sp=0x00000038cc7f2878 mode 2
Event: 443.337 Thread 0x000001fd1b8a1200 Uncommon trap: trap_request=0xffffff45 fr.pc=0x000001fcb69753f4 relative=0x0000000000000254
Event: 443.337 Thread 0x000001fd1b8a1200 Uncommon trap: reason=unstable_if action=reinterpret pc=0x000001fcb69753f4 method=org.objectweb.asm.Label.resolve([BLorg/objectweb/asm/ByteVector;I)Z @ 81 c2
Event: 443.337 Thread 0x000001fd1b8a1200 DEOPT PACKING pc=0x000001fcb69753f4 sp=0x00000038cc7f28e0
Event: 443.337 Thread 0x000001fd1b8a1200 DEOPT UNPACKING pc=0x000001fcb61a4422 sp=0x00000038cc7f2870 mode 2
Event: 443.494 Thread 0x000001fd1b8a1200 Uncommon trap: trap_request=0xffffff45 fr.pc=0x000001fcb69662c4 relative=0x00000000000000a4
Event: 443.494 Thread 0x000001fd1b8a1200 Uncommon trap: reason=unstable_if action=reinterpret pc=0x000001fcb69662c4 method=java.lang.ref.ReferenceQueue.poll()Ljava/lang/ref/Reference; @ 4 c2
Event: 443.494 Thread 0x000001fd1b8a1200 DEOPT PACKING pc=0x000001fcb69662c4 sp=0x00000038cc7f4730
Event: 443.494 Thread 0x000001fd1b8a1200 DEOPT UNPACKING pc=0x000001fcb61a4422 sp=0x00000038cc7f4618 mode 2
Event: 445.798 Thread 0x000001fd1b8a1200 DEOPT PACKING pc=0x000001fca7157fdb sp=0x00000038cc7f3620
Event: 445.798 Thread 0x000001fd1b8a1200 DEOPT UNPACKING pc=0x000001fcb61a4bc2 sp=0x00000038cc7f2c20 mode 0
Event: 445.957 Thread 0x000001fd1b8a1200 Uncommon trap: trap_request=0xffffff45 fr.pc=0x000001fcb6c155bc relative=0x000000000000075c
Event: 445.957 Thread 0x000001fd1b8a1200 Uncommon trap: reason=unstable_if action=reinterpret pc=0x000001fcb6c155bc method=org.apache.commons.io.FilenameUtils.doNormalize(Ljava/lang/String;CZ)Ljava/lang/String; @ 215 c2
Event: 445.957 Thread 0x000001fd1b8a1200 DEOPT PACKING pc=0x000001fcb6c155bc sp=0x00000038cc7f54f0
Event: 445.957 Thread 0x000001fd1b8a1200 DEOPT UNPACKING pc=0x000001fcb61a4422 sp=0x00000038cc7f5488 mode 2

Classes loaded (20 events):
Event: 442.758 Loading class java/lang/foreign/ValueLayout
Event: 442.759 Loading class java/lang/foreign/MemoryLayout
Event: 442.759 Loading class java/lang/foreign/MemoryLayout done
Event: 442.759 Loading class java/lang/foreign/ValueLayout done
Event: 443.021 Loading class java/security/KeyStore
Event: 443.021 Loading class java/security/KeyStore done
Event: 443.280 Loading class javax/xml/stream/XMLStreamException
Event: 443.280 Loading class javax/xml/stream/XMLStreamException done
Event: 443.469 Loading class java/util/regex/Pattern$Caret
Event: 443.469 Loading class java/util/regex/Pattern$Caret done
Event: 443.470 Loading class java/util/regex/Pattern$Behind
Event: 443.470 Loading class java/util/regex/Pattern$Behind done
Event: 443.470 Loading class java/util/regex/Pattern$Pos
Event: 443.470 Loading class java/util/regex/Pattern$Pos done
Event: 443.508 Loading class org/xml/sax/Locator
Event: 443.508 Loading class org/xml/sax/Locator done
Event: 443.508 Loading class org/xml/sax/SAXParseException
Event: 443.508 Loading class org/xml/sax/SAXParseException done
Event: 443.510 Loading class org/xml/sax/Attributes
Event: 443.511 Loading class org/xml/sax/Attributes done

Classes unloaded (1 events):
Event: 95.049 Thread 0x000001fcd44fba70 Unloading class 0x000001fcd6798000 'java/lang/invoke/LambdaForm$DMH+0x000001fcd6798000'

Classes redefined (0 events):
No events

Internal exceptions (20 events):
Event: 443.491 Thread 0x000001fd1b8a1200 Exception <a 'java/lang/ClassNotFoundException'{0x000000060d142190}: org/gradle/api/internal/project/AbstractPluginAwareBeanInfo> (0x000000060d142190) 
thrown [s\src\hotspot\share\classfile\systemDictionary.cpp, line 313]
Event: 443.491 Thread 0x000001fd1b8a1200 Exception <a 'java/lang/ClassNotFoundException'{0x000000060d15c160}: org/gradle/api/internal/project/AbstractPluginAwareCustomizer> (0x000000060d15c160) 
thrown [s\src\hotspot\share\classfile\systemDictionary.cpp, line 313]
Event: 443.493 Thread 0x000001fd1b8a1200 Exception <a 'java/lang/ClassNotFoundException'{0x000000060d17b510}: org/gradle/api/internal/project/DefaultProjectCustomizer> (0x000000060d17b510) 
thrown [s\src\hotspot\share\classfile\systemDictionary.cpp, line 313]
Event: 443.501 Thread 0x000001fd1b8a1200 Exception <a 'java/lang/ClassNotFoundException'{0x000000060d23e080}: org/gradle/api/internal/project/DefaultProject_DecoratedCustomizer> (0x000000060d23e080) 
thrown [s\src\hotspot\share\classfile\systemDictionary.cpp, line 313]
Event: 443.520 Thread 0x000001fd1b8a1200 Exception <a 'java/lang/ClassNotFoundException'{0x000000060d3059c0}: org/gradle/plugin/software/internal/SoftwareFeaturesDynamicObject_DecoratedBeanInfo> (0x000000060d3059c0) 
thrown [s\src\hotspot\share\classfile\systemDictionary.cpp, line 313]
Event: 443.521 Thread 0x000001fd1b8a1200 Exception <a 'java/lang/ClassNotFoundException'{0x000000060d31fe10}: org/gradle/plugin/software/internal/SoftwareFeaturesDynamicObjectBeanInfo> (0x000000060d31fe10) 
thrown [s\src\hotspot\share\classfile\systemDictionary.cpp, line 313]
Event: 443.523 Thread 0x000001fd1b8a1200 Exception <a 'java/lang/ClassNotFoundException'{0x000000060d34a800}: org/gradle/internal/metaobject/AbstractDynamicObjectBeanInfo> (0x000000060d34a800) 
thrown [s\src\hotspot\share\classfile\systemDictionary.cpp, line 313]
Event: 443.524 Thread 0x000001fd1b8a1200 Exception <a 'java/lang/ClassNotFoundException'{0x000000060d364858}: org/gradle/internal/metaobject/AbstractDynamicObjectCustomizer> (0x000000060d364858) 
thrown [s\src\hotspot\share\classfile\systemDictionary.cpp, line 313]
Event: 443.526 Thread 0x000001fd1b8a1200 Exception <a 'java/lang/ClassNotFoundException'{0x000000060d38b1e0}: org/gradle/plugin/software/internal/SoftwareFeaturesDynamicObjectCustomizer> (0x000000060d38b1e0) 
thrown [s\src\hotspot\share\classfile\systemDictionary.cpp, line 313]
Event: 443.527 Thread 0x000001fd1b8a1200 Exception <a 'java/lang/ClassNotFoundException'{0x000000060d3ac2c0}: org/gradle/plugin/software/internal/SoftwareFeaturesDynamicObject_DecoratedCustomizer> (0x000000060d3ac2c0) 
thrown [s\src\hotspot\share\classfile\systemDictionary.cpp, line 313]
Event: 443.531 Thread 0x000001fd1b8a1200 Exception <a 'java/lang/NoSuchMethodError'{0x000000060d3d3ce0}: 'java.lang.Object java.lang.invoke.Invokers$Holder.invokeExact_MT(java.lang.Object, java.lang.Object, java.lang.Object, int, java.lang.Object, java.lang.Object)'> (0x000000060d3d3ce0) 
thrown [s\src\hotspot\share\interpreter\linkResolver.cpp, line 773]
Event: 446.199 Thread 0x000001fd1b8a1200 Exception <a 'java/lang/NoSuchMethodError'{0x00000007ff4cae40}: static Lorg/jetbrains/kotlin/gradle/plugin/internal/DefaultProjectIsolationStartParameterAccessor$Factory;.<clinit>()V> (0x00000007ff4cae40) 
thrown [s\src\hotspot\share\prims\jni.cpp, line 1111]
Event: 446.201 Thread 0x000001fd1b8a1200 Exception <a 'java/lang/NoSuchMethodError'{0x00000007ff4eadd0}: static Lorg/jetbrains/kotlin/gradle/plugin/internal/DefaultJavaExecTaskParametersCompatibility$Factory;.<clinit>()V> (0x00000007ff4eadd0) 
thrown [s\src\hotspot\share\prims\jni.cpp, line 1111]
Event: 446.202 Thread 0x000001fd1b8a1200 Exception <a 'java/lang/NoSuchMethodError'{0x00000007ff510fe0}: static Lorg/jetbrains/kotlin/gradle/plugin/internal/DefaultCopySpecAccessor$Factory;.<clinit>()V> (0x00000007ff510fe0) 
thrown [s\src\hotspot\share\prims\jni.cpp, line 1111]
Event: 446.204 Thread 0x000001fd1b8a1200 Exception <a 'java/lang/NoSuchMethodError'{0x00000007ff534fe0}: static Lorg/jetbrains/kotlin/gradle/plugin/internal/DefaultProjectDependencyAccessor$Factory;.<clinit>()V> (0x00000007ff534fe0) 
thrown [s\src\hotspot\share\prims\jni.cpp, line 1111]
Event: 446.206 Thread 0x000001fd1b8a1200 Exception <a 'java/lang/NoSuchMethodError'{0x00000007ff55fcd8}: static Lorg/jetbrains/kotlin/gradle/plugin/internal/DefaultMavenPublicationComponentAccessorFactory;.<clinit>()V> (0x00000007ff55fcd8) 
thrown [s\src\hotspot\share\prims\jni.cpp, line 1111]
Event: 446.208 Thread 0x000001fd1b8a1200 Exception <a 'java/lang/NoSuchMethodError'{0x00000007ff580610}: static Lorg/jetbrains/kotlin/gradle/plugin/diagnostics/DefaultProblemsReporter$Factory;.<clinit>()V> (0x00000007ff580610) 
thrown [s\src\hotspot\share\prims\jni.cpp, line 1111]
Event: 446.209 Thread 0x000001fd1b8a1200 Exception <a 'java/lang/NoSuchMethodError'{0x00000007ff5a6aa0}: static Lorg/jetbrains/kotlin/gradle/plugin/internal/DefaultCompatibilityConventionRegistrar$Factory;.<clinit>()V> (0x00000007ff5a6aa0) 
thrown [s\src\hotspot\share\prims\jni.cpp, line 1111]
Event: 446.212 Thread 0x000001fd1b8a1200 Exception <a 'java/lang/NoSuchMethodError'{0x00000007ff5c6c20}: static Lorg/jetbrains/kotlin/gradle/plugin/internal/DefaultConfigurationCacheStartParameterAccessorVariantFactory;.<clinit>()V> (0x00000007ff5c6c20) 
thrown [s\src\hotspot\share\prims\jni.cpp, line 1111]
Event: 446.214 Thread 0x000001fd1b8a1200 Exception <a 'java/lang/NoSuchMethodError'{0x00000007ff5ed198}: static Lorg/jetbrains/kotlin/gradle/plugin/internal/DefaultBuildIdentifierAccessor$Factory;.<clinit>()V> (0x00000007ff5ed198) 
thrown [s\src\hotspot\share\prims\jni.cpp, line 1111]

ZGC Phase Switch (0 events):
No events

VM Operations (20 events):
Event: 442.042 Executing safepoint VM operation: G1PauseRemark done
Event: 442.054 Executing safepoint VM operation: G1PauseCleanup
Event: 442.054 Executing safepoint VM operation: G1PauseCleanup done
Event: 442.348 Executing non-safepoint VM operation: HandshakeAllThreads (Deoptimize)
Event: 442.349 Executing non-safepoint VM operation: HandshakeAllThreads (Deoptimize) done
Event: 442.411 Executing non-safepoint VM operation: HandshakeAllThreads (Deoptimize)
Event: 442.412 Executing non-safepoint VM operation: HandshakeAllThreads (Deoptimize) done
Event: 442.413 Executing non-safepoint VM operation: HandshakeAllThreads (Deoptimize)
Event: 442.413 Executing non-safepoint VM operation: HandshakeAllThreads (Deoptimize) done
Event: 442.553 Executing safepoint VM operation: G1CollectForAllocation (G1 Evacuation Pause)
Event: 442.556 Executing safepoint VM operation: G1CollectForAllocation (G1 Evacuation Pause) done
Event: 443.164 Executing safepoint VM operation: G1CollectForAllocation (G1 Evacuation Pause)
Event: 443.171 Executing safepoint VM operation: G1CollectForAllocation (G1 Evacuation Pause) done
Event: 444.174 Executing safepoint VM operation: Cleanup
Event: 444.174 Executing safepoint VM operation: Cleanup done
Event: 445.185 Executing safepoint VM operation: Cleanup
Event: 445.185 Executing safepoint VM operation: Cleanup done
Event: 446.176 Executing safepoint VM operation: G1CollectForAllocation (G1 Evacuation Pause)
Event: 446.179 Executing safepoint VM operation: G1CollectForAllocation (G1 Evacuation Pause) done
Event: 446.216 Executing safepoint VM operation: G1PauseRemark

Memory protections (0 events):
No events

Nmethod flushes (20 events):
Event: 446.222 Thread 0x000001fcd44fba70 flushing  nmethod 0x000001fca68c0810
Event: 446.222 Thread 0x000001fcd44fba70 flushing  nmethod 0x000001fca68c0d10
Event: 446.222 Thread 0x000001fcd44fba70 flushing  nmethod 0x000001fca6d8d810
Event: 446.222 Thread 0x000001fcd44fba70 flushing  nmethod 0x000001fca6fa5490
Event: 446.222 Thread 0x000001fcd44fba70 flushing  nmethod 0x000001fca7005690
Event: 446.222 Thread 0x000001fcd44fba70 flushing  nmethod 0x000001fca7006110
Event: 446.222 Thread 0x000001fcd44fba70 flushing  nmethod 0x000001fca7006b10
Event: 446.222 Thread 0x000001fcd44fba70 flushing  nmethod 0x000001fca7088e90
Event: 446.222 Thread 0x000001fcd44fba70 flushing  nmethod 0x000001fca7089c10
Event: 446.222 Thread 0x000001fcd44fba70 flushing  nmethod 0x000001fca735cc90
Event: 446.222 Thread 0x000001fcd44fba70 flushing  nmethod 0x000001fca6e41810
Event: 446.222 Thread 0x000001fcd44fba70 flushing  nmethod 0x000001fca6e51790
Event: 446.222 Thread 0x000001fcd44fba70 flushing  nmethod 0x000001fca6fbbe90
Event: 446.222 Thread 0x000001fcd44fba70 flushing  nmethod 0x000001fca65b4d10
Event: 446.222 Thread 0x000001fcd44fba70 flushing  nmethod 0x000001fca6699b10
Event: 446.222 Thread 0x000001fcd44fba70 flushing  nmethod 0x000001fca66d9d10
Event: 446.222 Thread 0x000001fcd44fba70 flushing  nmethod 0x000001fca7052c90
Event: 446.222 Thread 0x000001fcd44fba70 flushing  nmethod 0x000001fca7056790
Event: 446.222 Thread 0x000001fcd44fba70 flushing  nmethod 0x000001fca72b0190
Event: 446.222 Thread 0x000001fcd44fba70 flushing  nmethod 0x000001fca72d5590

Events (20 events):
Event: 428.990 Thread 0x000001fd1b8a1200 Thread added: 0x000001fd1e913850
Event: 430.262 Thread 0x000001fd1c3d28f0 Thread exited: 0x000001fd1c3d28f0
Event: 436.706 Thread 0x000001fcd45281c0 Thread added: 0x000001fd1c3a4830
Event: 437.075 Thread 0x000001fcd4522f60 Thread added: 0x000001fd1b645ac0
Event: 438.352 Thread 0x000001fd1b645ac0 Thread exited: 0x000001fd1b645ac0
Event: 438.947 Thread 0x000001fd1c3a4830 Thread exited: 0x000001fd1c3a4830
Event: 442.252 Thread 0x000001fd1b8a04e0 Thread added: 0x000001fd1e9124a0
Event: 442.252 Thread 0x000001fd1b8a04e0 Thread added: 0x000001fd1e918710
Event: 442.253 Thread 0x000001fd1b8a04e0 Thread added: 0x000001fd1e918da0
Event: 442.253 Thread 0x000001fd1b8a04e0 Thread added: 0x000001fd1e919430
Event: 442.253 Thread 0x000001fd1b8a04e0 Thread added: 0x000001fd1e915fb0
Event: 442.284 Thread 0x000001fd1b8a04e0 Thread added: 0x000001fd1e9179f0
Event: 442.284 Thread 0x000001fd1b8a04e0 Thread added: 0x000001fd1e919ac0
Event: 442.285 Thread 0x000001fd1b8a04e0 Thread added: 0x000001fd1e918080
Event: 442.285 Thread 0x000001fd1b8a04e0 Thread added: 0x000001fd1e916640
Event: 442.285 Thread 0x000001fd1b8a04e0 Thread added: 0x000001fd1e91a150
Event: 442.468 Thread 0x000001fcd45281c0 Thread added: 0x000001fd1ea69720
Event: 445.799 Thread 0x000001fd1ea69720 Thread exited: 0x000001fd1ea69720
Event: 445.962 Thread 0x000001fcd45281c0 Thread added: 0x000001fd1ea682b0
Event: 446.175 Thread 0x000001fd1b8a1200 Thread added: 0x000001fd1e91a7e0


Dynamic libraries:
0x00007ff79bf90000 - 0x00007ff79bf9e000 	C:\Users\AJI\.vscode\extensions\redhat.java-1.56.0-win32-x64\jre\21.0.12.1-win32-x86_64\bin\java.exe
0x00007ffe02160000 - 0x00007ffe023c7000 	C:\WINDOWS\SYSTEM32\ntdll.dll
0x00007ffe003b0000 - 0x00007ffe0047b000 	C:\WINDOWS\System32\KERNEL32.DLL
0x00007ffdff6f0000 - 0x00007ffdffaf2000 	C:\WINDOWS\System32\KERNELBASE.dll
0x00007ffdff410000 - 0x00007ffdff55c000 	C:\WINDOWS\System32\ucrtbase.dll
0x00007ffd821c0000 - 0x00007ffd821d8000 	C:\Users\AJI\.vscode\extensions\redhat.java-1.56.0-win32-x64\jre\21.0.12.1-win32-x86_64\bin\jli.dll
0x00007ffe019a0000 - 0x00007ffe01b6f000 	C:\WINDOWS\System32\USER32.dll
0x00007ffdff570000 - 0x00007ffdff597000 	C:\WINDOWS\System32\win32u.dll
0x00007ffe01970000 - 0x00007ffe0199b000 	C:\WINDOWS\System32\GDI32.dll
0x00007ffdffc90000 - 0x00007ffdffdb9000 	C:\WINDOWS\System32\gdi32full.dll
0x00007ffdff360000 - 0x00007ffdff403000 	C:\WINDOWS\System32\msvcp_win.dll
0x00007ffdc0f00000 - 0x00007ffdc0f1e000 	C:\Users\AJI\.vscode\extensions\redhat.java-1.56.0-win32-x64\jre\21.0.12.1-win32-x86_64\bin\VCRUNTIME140.dll
0x00007ffddfe30000 - 0x00007ffde00c0000 	C:\WINDOWS\WinSxS\amd64_microsoft.windows.common-controls_6595b64144ccf1df_6.0.26100.9278_none_3e0d1ba8e3303201\COMCTL32.dll
0x00007ffe018c0000 - 0x00007ffe01969000 	C:\WINDOWS\System32\msvcrt.dll
0x00007ffe01b90000 - 0x00007ffe01bc1000 	C:\WINDOWS\System32\IMM32.DLL
0x00007ffdd7ca0000 - 0x00007ffdd7cac000 	C:\Users\AJI\.vscode\extensions\redhat.java-1.56.0-win32-x64\jre\21.0.12.1-win32-x86_64\bin\vcruntime140_1.dll
0x00007ffd7e7f0000 - 0x00007ffd7e87d000 	C:\Users\AJI\.vscode\extensions\redhat.java-1.56.0-win32-x64\jre\21.0.12.1-win32-x86_64\bin\msvcp140.dll
0x00007ffcef0f0000 - 0x00007ffcefe92000 	C:\Users\AJI\.vscode\extensions\redhat.java-1.56.0-win32-x64\jre\21.0.12.1-win32-x86_64\bin\server\jvm.dll
0x00007ffe002e0000 - 0x00007ffe0039c000 	C:\WINDOWS\System32\ADVAPI32.dll
0x00007ffe00230000 - 0x00007ffe002d9000 	C:\WINDOWS\System32\sechost.dll
0x00007ffdfff30000 - 0x00007ffe00048000 	C:\WINDOWS\System32\RPCRT4.dll
0x00007ffe01720000 - 0x00007ffe017a0000 	C:\WINDOWS\System32\WS2_32.dll
0x00007ffdff1c0000 - 0x00007ffdff21e000 	C:\WINDOWS\SYSTEM32\POWRPROF.dll
0x00007ffdf5020000 - 0x00007ffdf502b000 	C:\WINDOWS\SYSTEM32\VERSION.dll
0x00007ffdfb560000 - 0x00007ffdfb596000 	C:\WINDOWS\SYSTEM32\WINMM.dll
0x00007ffdff1a0000 - 0x00007ffdff1b5000 	C:\WINDOWS\SYSTEM32\UMPDC.dll
0x00007ffdfdf70000 - 0x00007ffdfdf8b000 	C:\WINDOWS\SYSTEM32\kernel.appcore.dll
0x00007ffdd7be0000 - 0x00007ffdd7bea000 	C:\Users\AJI\.vscode\extensions\redhat.java-1.56.0-win32-x64\jre\21.0.12.1-win32-x86_64\bin\jimage.dll
0x00007ffdfc940000 - 0x00007ffdfcb8c000 	C:\WINDOWS\SYSTEM32\DBGHELP.DLL
0x00007ffe00d20000 - 0x00007ffe010a5000 	C:\WINDOWS\System32\combase.dll
0x00007ffe011b0000 - 0x00007ffe01289000 	C:\WINDOWS\System32\OLEAUT32.dll
0x00007ffdde450000 - 0x00007ffdde48b000 	C:\WINDOWS\SYSTEM32\dbgcore.DLL
0x00007ffdffdc0000 - 0x00007ffdffe6c000 	C:\WINDOWS\System32\bcryptPrimitives.dll
0x00007ffdd70d0000 - 0x00007ffdd70df000 	C:\Users\AJI\.vscode\extensions\redhat.java-1.56.0-win32-x64\jre\21.0.12.1-win32-x86_64\bin\instrument.dll
0x00007ffd7fbb0000 - 0x00007ffd7fbd0000 	C:\Users\AJI\.vscode\extensions\redhat.java-1.56.0-win32-x64\jre\21.0.12.1-win32-x86_64\bin\java.dll
0x00007ffe00580000 - 0x00007ffe00d18000 	C:\WINDOWS\System32\SHELL32.dll
0x00007ffdfcd80000 - 0x00007ffdfd62e000 	C:\WINDOWS\SYSTEM32\windows.storage.dll
0x00007ffe01320000 - 0x00007ffe0141b000 	C:\WINDOWS\System32\SHCORE.dll
0x00007ffe010b0000 - 0x00007ffe01116000 	C:\WINDOWS\System32\shlwapi.dll
0x00007ffdff280000 - 0x00007ffdff2a9000 	C:\WINDOWS\SYSTEM32\profapi.dll
0x00007ffd7fb90000 - 0x00007ffd7fba8000 	C:\Users\AJI\.vscode\extensions\redhat.java-1.56.0-win32-x64\jre\21.0.12.1-win32-x86_64\bin\zip.dll
0x00007ffdd7b20000 - 0x00007ffdd7b30000 	C:\Users\AJI\.vscode\extensions\redhat.java-1.56.0-win32-x64\jre\21.0.12.1-win32-x86_64\bin\net.dll
0x00007ffdf8730000 - 0x00007ffdf885a000 	C:\WINDOWS\SYSTEM32\WINHTTP.dll
0x00007ffdfe5f0000 - 0x00007ffdfe65c000 	C:\WINDOWS\system32\mswsock.dll
0x00007ffd7e7d0000 - 0x00007ffd7e7e6000 	C:\Users\AJI\.vscode\extensions\redhat.java-1.56.0-win32-x64\jre\21.0.12.1-win32-x86_64\bin\nio.dll
0x00007ffdd1b60000 - 0x00007ffdd1b70000 	C:\Users\AJI\.vscode\extensions\redhat.java-1.56.0-win32-x64\jre\21.0.12.1-win32-x86_64\bin\verify.dll
0x00007ffd7fce0000 - 0x00007ffd7fd07000 	C:\Users\AJI\.gradle\native\1def1411415f61bf3af743bc5b6707747c0891f09f0c88961ee8f79bc544acac\windows-amd64\native-platform.dll
0x00007ffcf9e70000 - 0x00007ffcf9ee7000 	C:\Users\AJI\.gradle\native\0.2.8\x86_64-windows-gnu\gradle-fileevents.dll
0x00007ffdd17c0000 - 0x00007ffdd17ca000 	C:\Users\AJI\.vscode\extensions\redhat.java-1.56.0-win32-x64\jre\21.0.12.1-win32-x86_64\bin\management.dll
0x00007ffdd0ce0000 - 0x00007ffdd0cec000 	C:\Users\AJI\.vscode\extensions\redhat.java-1.56.0-win32-x64\jre\21.0.12.1-win32-x86_64\bin\management_ext.dll
0x00007ffe01b80000 - 0x00007ffe01b88000 	C:\WINDOWS\System32\PSAPI.DLL
0x00007ffdfd9b0000 - 0x00007ffdfd9e3000 	C:\WINDOWS\SYSTEM32\IPHLPAPI.DLL
0x00007ffdfff00000 - 0x00007ffdfff0a000 	C:\WINDOWS\System32\NSI.dll
0x00007ffdd0ba0000 - 0x00007ffdd0ba9000 	C:\Users\AJI\.vscode\extensions\redhat.java-1.56.0-win32-x64\jre\21.0.12.1-win32-x86_64\bin\extnet.dll
0x00007ffdfe8e0000 - 0x00007ffdfe8fb000 	C:\WINDOWS\SYSTEM32\CRYPTSP.dll
0x00007ffdfdf90000 - 0x00007ffdfdfc9000 	C:\WINDOWS\system32\rsaenh.dll
0x00007ffdfe6a0000 - 0x00007ffdfe6d4000 	C:\WINDOWS\SYSTEM32\USERENV.dll
0x00007ffdff250000 - 0x00007ffdff27a000 	C:\WINDOWS\SYSTEM32\bcrypt.dll
0x00007ffdfe900000 - 0x00007ffdfe90c000 	C:\WINDOWS\SYSTEM32\CRYPTBASE.dll
0x00007ffdd0640000 - 0x00007ffdd064e000 	C:\Users\AJI\.vscode\extensions\redhat.java-1.56.0-win32-x64\jre\21.0.12.1-win32-x86_64\bin\sunmscapi.dll
0x00007ffdffb00000 - 0x00007ffdffc7e000 	C:\WINDOWS\System32\CRYPT32.dll
0x00007ffdfeb20000 - 0x00007ffdfeb50000 	C:\WINDOWS\SYSTEM32\ncrypt.dll
0x00007ffdfead0000 - 0x00007ffdfeb0f000 	C:\WINDOWS\SYSTEM32\NTASN1.dll
0x00007ffdd4f00000 - 0x00007ffdd4f08000 	C:\WINDOWS\system32\wshunix.dll

JVMTI agents:
C:\Users\AJI\.gradle\wrapper\dists\gradle-9.1.0-all\7wzd0jkjit61aq2p43wpjgij9\gradle-9.1.0\lib\agents\gradle-instrumentation-agent-9.1.0.jar path:C:\Users\AJI\.vscode\extensions\redhat.java-1.56.0-win32-x64\jre\21.0.12.1-win32-x86_64\bin\instrument.dll, loaded, initialized, instrumentlib options:none

dbghelp: loaded successfully - version: 4.0.5 - missing functions: none
symbol engine: initialized successfully - sym options: 0x614 - pdb path: .;C:\Users\AJI\.vscode\extensions\redhat.java-1.56.0-win32-x64\jre\21.0.12.1-win32-x86_64\bin;C:\WINDOWS\SYSTEM32;C:\WINDOWS\WinSxS\amd64_microsoft.windows.common-controls_6595b64144ccf1df_6.0.26100.9278_none_3e0d1ba8e3303201;C:\Users\AJI\.vscode\extensions\redhat.java-1.56.0-win32-x64\jre\21.0.12.1-win32-x86_64\bin\server;C:\Users\AJI\.gradle\native\1def1411415f61bf3af743bc5b6707747c0891f09f0c88961ee8f79bc544acac\windows-amd64;C:\Users\AJI\.gradle\native\0.2.8\x86_64-windows-gnu

VM Arguments:
jvm_args: --add-opens=java.base/java.lang=ALL-UNNAMED --add-opens=java.base/java.lang.invoke=ALL-UNNAMED --add-opens=java.base/java.util=ALL-UNNAMED --add-opens=java.prefs/java.util.prefs=ALL-UNNAMED --add-exports=jdk.compiler/com.sun.tools.javac.api=ALL-UNNAMED --add-exports=jdk.compiler/com.sun.tools.javac.util=ALL-UNNAMED --add-opens=java.base/java.util=ALL-UNNAMED --add-opens=java.prefs/java.util.prefs=ALL-UNNAMED --add-opens=java.base/java.nio.charset=ALL-UNNAMED --add-opens=java.base/java.net=ALL-UNNAMED --add-opens=java.base/java.util.concurrent=ALL-UNNAMED --add-opens=java.base/java.util.concurrent.atomic=ALL-UNNAMED --add-opens=java.xml/javax.xml.namespace=ALL-UNNAMED --add-opens=java.base/java.time=ALL-UNNAMED -XX:MaxMetaspaceSize=4G -XX:ReservedCodeCacheSize=512m -XX:+HeapDumpOnOutOfMemoryError -Xmx8G -Dfile.encoding=UTF-8 -Duser.country=IN -Duser.language=en -Duser.variant -javaagent:C:\Users\AJI\.gradle\wrapper\dists\gradle-9.1.0-all\7wzd0jkjit61aq2p43wpjgij9\gradle-9.1.0\lib\agents\gradle-instrumentation-agent-9.1.0.jar 
java_command: org.gradle.launcher.daemon.bootstrap.GradleDaemon 9.1.0
java_class_path (initial): C:\Users\AJI\.gradle\wrapper\dists\gradle-9.1.0-all\7wzd0jkjit61aq2p43wpjgij9\gradle-9.1.0\lib\gradle-daemon-main-9.1.0.jar
Launcher Type: SUN_STANDARD

[Global flags]
     intx CICompilerCount                          = 12                                        {product} {ergonomic}
     uint ConcGCThreads                            = 4                                         {product} {ergonomic}
     uint G1ConcRefinementThreads                  = 15                                        {product} {ergonomic}
   size_t G1HeapRegionSize                         = 4194304                                   {product} {ergonomic}
    uintx GCDrainStackTargetSize                   = 64                                        {product} {ergonomic}
     bool HeapDumpOnOutOfMemoryError               = true                                   {manageable} {command line}
   size_t InitialHeapSize                          = 264241152                                 {product} {ergonomic}
   size_t MarkStackSize                            = 4194304                                   {product} {ergonomic}
   size_t MaxHeapSize                              = 8589934592                                {product} {command line}
   size_t MaxMetaspaceSize                         = 4294967296                                {product} {command line}
   size_t MaxNewSize                               = 5150605312                                {product} {ergonomic}
   size_t MinHeapDeltaBytes                        = 4194304                                   {product} {ergonomic}
   size_t MinHeapSize                              = 8388608                                   {product} {ergonomic}
    uintx NonNMethodCodeHeapSize                   = 7602480                                {pd product} {ergonomic}
    uintx NonProfiledCodeHeapSize                  = 264634216                              {pd product} {ergonomic}
    uintx ProfiledCodeHeapSize                     = 264634216                              {pd product} {ergonomic}
    uintx ReservedCodeCacheSize                    = 536870912                              {pd product} {command line}
     bool SegmentedCodeCache                       = true                                      {product} {ergonomic}
   size_t SoftMaxHeapSize                          = 8589934592                             {manageable} {ergonomic}
     bool UseCompressedOops                        = true                           {product lp64_product} {ergonomic}
     bool UseG1GC                                  = true                                      {product} {ergonomic}
     bool UseLargePagesIndividualAllocation        = false                                  {pd product} {ergonomic}

Logging:
Log output configuration:
 #0: stdout all=warning uptime,level,tags foldmultilines=false
 #1: stderr all=off uptime,level,tags foldmultilines=false

Release file:
JAVA_VERSION="21.0.12.1" 
MODULES="java.base java.compiler java.datatransfer java.xml java.prefs java.desktop java.instrument java.logging java.management java.security.sasl java.naming java.rmi java.management.rmi java.net.http java.scripting java.security.jgss java.transaction.xa java.sql java.sql.rowset java.xml.crypto java.se java.smartcardio jdk.accessibility jdk.internal.jvmstat jdk.attach jdk.charsets jdk.internal.opt jdk.zipfs jdk.compiler jdk.crypto.ec jdk.crypto.cryptoki jdk.crypto.mscapi jdk.dynalink jdk.internal.ed jdk.editpad jdk.hotspot.agent jdk.httpserver jdk.internal.le jdk.internal.vm.ci jdk.internal.vm.compiler jdk.internal.vm.compiler.management jdk.jartool jdk.javadoc jdk.jcmd jdk.management jdk.management.agent jdk.jconsole jdk.jdeps jdk.jdwp.agent jdk.jdi jdk.jfr jdk.jshell jdk.jsobject jdk.jstatd jdk.localedata jdk.management.jfr jdk.naming.dns jdk.naming.rmi jdk.net jdk.nio.mapmode jdk.random jdk.sctp jdk.security.auth jdk.security.jgss jdk.unsupported jdk.unsupported.desktop jdk.xml.dom" 

Environment Variables:
JAVA_HOME=C:\Program Files\Java\jdk-17
PATH=C:\Python314\Scripts\;C:\Python314\;C:\Program Files\Eclipse Adoptium\jdk-25.0.3.9-hotspot\bin;C:\Program Files\Microsoft\jdk-11.0.16.101-hotspot\bin;C:\WINDOWS\system32;C:\WINDOWS;C:\WINDOWS\System32\Wbem;C:\WINDOWS\System32\WindowsPowerShell\v1.0\;C:\WINDOWS\System32\OpenSSH\;C:\Program Files\dotnet\;C:\MinGW\bin;C:\ProgramData\chocolatey\bin;C:\Users\AJI\AppData\Local\Pub\Cache\bin;C:\Program Files\Java\jdk-17\bin;d:\cursor\resources\app\bin;C:\Users\AJI\develop\flutter\bin;C:\Users\AJI\.local\bin;D:\node\node_modules\npm\bin;D:\node\;C:\Program Files\nodejs\;C:\Program Files\nodejs\node_modules\npm\bin;C:\Users\AJI\Documents\MONGO\mongosh-2.9.2-win32-x64\bin;C:\xampp\php;C:\Program Files\Git\cmd;C:\Users\AJI\AppData\Local\Programs\Python\Python312\Scripts\;C:\Users\AJI\AppData\Local\Programs\Python\Python312\;C:\Users\AJI\.local\bin;C:\Users\AJI\AppData\Local\Microsoft\WindowsApps;D:\IntelliJ IDEA Community Edition 2023.1.5\bin;;C:\mingw64\bin;C:\Users\AJI\.dotnet\tools;C:\Users\AJI\Documents\flutter_windows_3.13.4-stable\flutter\bin;C:\Users\AJI\AppData\Local\Pub\Cache\bin;D:\flutter_pub_cache;C:\Users\AJI\AppData\Local\Android\Sdk;C:\Program Files\Java\jdk-17\bin;D:\rider\JetBrains Rider 2024.3.7\bin;;D:\Program Files\Microsoft VS Code\bin;D:\freelanceing\cursor\resources\app\bin;C:\Users\AJI\AppData\Local\Programs\Microsoft VS Code\bin;C:\Users\AJI\AppData\Local\Programs\cursor\resources\app\bin;C:\Users\AJI\AppData\Roaming\npm
USERNAME=AJI
OS=Windows_NT
PROCESSOR_IDENTIFIER=Intel64 Family 6 Model 154 Stepping 3, GenuineIntel
TMP=C:\Users\AJI\AppData\Local\Temp
TEMP=C:\Users\AJI\AppData\Local\Temp




Periodic native trim disabled

---------------  S Y S T E M  ---------------

OS:
 Windows 11 , 64 bit Build 26100 (10.0.26100.9444)
OS uptime: 0 days 0:16 hours
Hyper-V role detected

CPU: total 20 (initial active 20) (10 cores per cpu, 2 threads per core) family 6 model 154 stepping 3 microcode 0x43b, cx8, cmov, fxsr, ht, mmx, 3dnowpref, sse, sse2, sse3, ssse3, sse4.1, sse4.2, popcnt, lzcnt, tsc, tscinvbit, avx, avx2, aes, erms, clmul, bmi1, bmi2, adx, sha, fma, vzeroupper, clflush, clflushopt, clwb, hv, serialize, rdtscp, rdpid, fsrm, f16c, cet_ibt, cet_ss
Processor Information for processor 0
  Max Mhz: 2300, Current Mhz: 2300, Mhz Limit: 2300
Processor Information for processor 1
  Max Mhz: 2300, Current Mhz: 2300, Mhz Limit: 2300
Processor Information for processor 2
  Max Mhz: 2300, Current Mhz: 2300, Mhz Limit: 2300
Processor Information for processor 3
  Max Mhz: 2300, Current Mhz: 2300, Mhz Limit: 2300
Processor Information for processor 4
  Max Mhz: 2300, Current Mhz: 2300, Mhz Limit: 2300
Processor Information for processor 5
  Max Mhz: 2300, Current Mhz: 2300, Mhz Limit: 2300
Processor Information for processor 6
  Max Mhz: 2300, Current Mhz: 2300, Mhz Limit: 2300
Processor Information for processor 7
  Max Mhz: 2300, Current Mhz: 2300, Mhz Limit: 2300
Processor Information for processor 8
  Max Mhz: 2300, Current Mhz: 2300, Mhz Limit: 2300
Processor Information for processor 9
  Max Mhz: 2300, Current Mhz: 2300, Mhz Limit: 2300
Processor Information for processor 10
  Max Mhz: 2300, Current Mhz: 2300, Mhz Limit: 2300
Processor Information for processor 11
  Max Mhz: 2300, Current Mhz: 2300, Mhz Limit: 2300
Processor Information for processor 12
  Max Mhz: 2300, Current Mhz: 2300, Mhz Limit: 2300
Processor Information for processor 13
  Max Mhz: 2300, Current Mhz: 2300, Mhz Limit: 2300
Processor Information for processor 14
  Max Mhz: 2300, Current Mhz: 1488, Mhz Limit: 2300
Processor Information for processor 15
  Max Mhz: 2300, Current Mhz: 2300, Mhz Limit: 2300
Processor Information for processor 16
  Max Mhz: 2300, Current Mhz: 2300, Mhz Limit: 2300
Processor Information for processor 17
  Max Mhz: 2300, Current Mhz: 1488, Mhz Limit: 2300
Processor Information for processor 18
  Max Mhz: 2300, Current Mhz: 1488, Mhz Limit: 2300
Processor Information for processor 19
  Max Mhz: 2300, Current Mhz: 2300, Mhz Limit: 2300

Memory: 4k page, system-wide physical 16068M (296M free)
TotalPageFile size 65220M (AvailPageFile size 78M)
current process WorkingSet (physical memory assigned to process): 315M, peak: 316M
current process commit charge ("private bytes"): 463M, peak: 475M

vm_info: OpenJDK 64-Bit Server VM (21.0.12.1+1-LTS) for windows-amd64 JRE (21.0.12.1+1-LTS), built on 2026-08-18T00:00:00Z by "admin" with MS VC++ 17.12 (VS2022)

END.
