#
# There is insufficient memory for the Java Runtime Environment to continue.
# Native memory allocation (mmap) failed to map 4194304 bytes. Error detail: G1 virtual space
# Possible reasons:
#   The system is out of physical RAM or swap space
#   This process is running with CompressedOops enabled, and the Java Heap may be blocking the growth of the native heap
# Possible solutions:
#   Reduce memory load on the system
#   Increase physical memory or swap space
#   Check if swap backing store is full
#   Decrease Java heap size (-Xmx/-Xms)
#   Decrease number of Java threads
#   Decrease Java thread stack sizes (-Xss)
#   Set larger code cache with -XX:ReservedCodeCacheSize=
#   JVM is running with Zero Based Compressed Oops mode in which the Java heap is
#     placed in the first 32GB address space. The Java Heap base address is the
#     maximum limit for the native heap growth. Please use -XX:HeapBaseMinAddress
#     to set the Java Heap base and to place the Java Heap above 32GB virtual address.
# This output file may be truncated or incomplete.
#
#  Out of Memory Error (os_windows.cpp:3732), pid=72852, tid=73416
#
# JRE version: OpenJDK Runtime Environment Temurin-21.0.12.1+1 (21.0.12.1+1) (build 21.0.12.1+1-LTS)
# Java VM: OpenJDK 64-Bit Server VM Temurin-21.0.12.1+1 (21.0.12.1+1-LTS, mixed mode, sharing, tiered, compressed oops, compressed class ptrs, g1 gc, windows-amd64)
# No core dump will be written. Minidumps are not enabled by default on client versions of Windows
#

---------------  S U M M A R Y ------------

Command Line: --add-opens=java.base/java.lang=ALL-UNNAMED --add-opens=java.base/java.lang.invoke=ALL-UNNAMED --add-opens=java.base/java.util=ALL-UNNAMED --add-opens=java.prefs/java.util.prefs=ALL-UNNAMED --add-exports=jdk.compiler/com.sun.tools.javac.api=ALL-UNNAMED --add-exports=jdk.compiler/com.sun.tools.javac.util=ALL-UNNAMED --add-opens=java.base/java.util=ALL-UNNAMED --add-opens=java.prefs/java.util.prefs=ALL-UNNAMED --add-opens=java.base/java.nio.charset=ALL-UNNAMED --add-opens=java.base/java.net=ALL-UNNAMED --add-opens=java.base/java.util.concurrent=ALL-UNNAMED --add-opens=java.base/java.util.concurrent.atomic=ALL-UNNAMED --add-opens=java.xml/javax.xml.namespace=ALL-UNNAMED --add-opens=java.base/java.time=ALL-UNNAMED -XX:MaxMetaspaceSize=4G -XX:ReservedCodeCacheSize=512m -XX:+HeapDumpOnOutOfMemoryError -Xmx8G -Dfile.encoding=UTF-8 -Duser.country=IN -Duser.language=en -Duser.variant -javaagent:C:\Users\AJI\.gradle\wrapper\dists\gradle-9.1.0-all\7wzd0jkjit61aq2p43wpjgij9\gradle-9.1.0\lib\agents\gradle-instrumentation-agent-9.1.0.jar org.gradle.launcher.daemon.bootstrap.GradleDaemon 9.1.0

Host: 12th Gen Intel(R) Core(TM) i7-12700H, 20 cores, 15G,  Windows 11 , 64 bit Build 26100 (10.0.26100.9444)
Time: Thu Sep 17 09:18:15 2026 India Standard Time elapsed time: 239.407373 seconds (0d 0h 3m 59s)

---------------  T H R E A D  ---------------

Current thread (0x0000021a36426860):  WorkerThread "GC Thread#3"    [id=73416, stack(0x000000c716600000,0x000000c716700000) (1024K)]

Stack: [0x000000c716600000,0x000000c716700000]
Native frames: (J=compiled Java code, j=interpreted, Vv=VM code, C=native code)
V  [jvm.dll+0x6d83e9]
V  [jvm.dll+0x8b5736]
V  [jvm.dll+0x8b7cee]
V  [jvm.dll+0x8b83d3]
V  [jvm.dll+0x284596]
V  [jvm.dll+0x6d4d05]
V  [jvm.dll+0x6c898a]
V  [jvm.dll+0x35f2f8]
V  [jvm.dll+0x366f36]
V  [jvm.dll+0x3b7d4f]
V  [jvm.dll+0x3b83e4]
V  [jvm.dll+0x3b84af]
V  [jvm.dll+0x3347ac]
V  [jvm.dll+0x334505]
V  [jvm.dll+0x3231c6]
V  [jvm.dll+0x323fda]
V  [jvm.dll+0x324445]
V  [jvm.dll+0x323e3d]
V  [jvm.dll+0x361136]
V  [jvm.dll+0x3614aa]
V  [jvm.dll+0x362593]
V  [jvm.dll+0x35ed0e]
V  [jvm.dll+0x36b96b]
V  [jvm.dll+0x36d679]
V  [jvm.dll+0x36bcda]
V  [jvm.dll+0x36d2cb]
V  [jvm.dll+0x377873]
V  [jvm.dll+0x3779bb]
V  [jvm.dll+0x8e3751]
V  [jvm.dll+0x8600cd]
V  [jvm.dll+0x6d6c1d]
C  [ucrtbase.dll+0x2cd30]
C  [KERNEL32.DLL+0x2cd87]
C  [ntdll.dll+0xacaec]


---------------  P R O C E S S  ---------------

Threads class SMR info:
_java_thread_list=0x0000021a8422cff0, length=246, elements={
0x0000021a04e91d90, 0x0000021a33060830, 0x0000021a330610a0, 0x0000021a33064f00,
0x0000021a33065570, 0x0000021a33069bf0, 0x0000021a3306a260, 0x0000021a3306cc10,
0x0000021a360720e0, 0x0000021a36367d90, 0x0000021a362ea830, 0x0000021a7d04bde0,
0x0000021a7c0e6160, 0x0000021a3610f770, 0x0000021a7c4c4830, 0x0000021a3629e8f0,
0x0000021a36300400, 0x0000021a7c660e60, 0x0000021a7c6628a0, 0x0000021a7c662210,
0x0000021a7c662f30, 0x0000021a7c65fab0, 0x0000021a7c661b80, 0x0000021a7c660140,
0x0000021a7e92bf50, 0x0000021a7e92e020, 0x0000021a7e92b230, 0x0000021a7e92ed40,
0x0000021a7e92f3d0, 0x0000021a7e92fa60, 0x0000021a7e92d300, 0x0000021a7e92d990,
0x0000021a7e92cc70, 0x0000021a7e931b30, 0x0000021a7e930e10, 0x0000021a7e9314a0,
0x0000021a7e932850, 0x0000021a7c6614f0, 0x0000021a0041dab0, 0x0000021a0041c070,
0x0000021a0041cd90, 0x0000021a0041e140, 0x0000021a0041b9e0, 0x0000021a0041acc0,
0x0000021a0041c700, 0x0000021a0041b350, 0x0000021a0041e7d0, 0x0000021a004208a0,
0x0000021a00420210, 0x0000021a0041d420, 0x0000021a0041fb80, 0x0000021a0041f4f0,
0x0000021a004222e0, 0x0000021a00420f30, 0x0000021a004215c0, 0x0000021a00421c50,
0x0000021a0041ee60, 0x0000021a7f533be0, 0x0000021a7f533550, 0x0000021a7f534f90,
0x0000021a7f534900, 0x0000021a7f534270, 0x0000021a7f535620, 0x0000021a7f5369d0,
0x0000021a7f535cb0, 0x0000021a7f536340, 0x0000021a7eea4600, 0x0000021a7eea59b0,
0x0000021a7eea3f70, 0x0000021a7eea6040, 0x0000021a7eea5320, 0x0000021a7eea4c90,
0x0000021a7eea66d0, 0x0000021a7eea3250, 0x0000021a7eea6d60, 0x0000021a7eea38e0,
0x0000021a7eea7a80, 0x0000021a7eea8110, 0x0000021a7eeaa1e0, 0x0000021a7eeaa870,
0x0000021a7eea73f0, 0x0000021a7eea9b50, 0x0000021a7eea87a0, 0x0000021a7eea8e30,
0x0000021a7eea94c0, 0x0000021a7d706580, 0x0000021a7d705860, 0x0000021a7d706c10,
0x0000021a7d7072a0, 0x0000021a7d707930, 0x0000021a7d7051d0, 0x0000021a7d705ef0,
0x0000021a7dec9f70, 0x0000021a7decac90, 0x0000021a7dec7ea0, 0x0000021a7decb320,
0x0000021a7dec8530, 0x0000021a7decda80, 0x0000021a7decc040, 0x0000021a7dece110,
0x0000021a7deccd60, 0x0000021a7decd3f0, 0x0000021a7dece7a0, 0x0000021a7decee30,
0x0000021a7decf4c0, 0x0000021a7decc6d0, 0x0000021a7d707fc0, 0x0000021a7d704b40,
0x0000021a7e9300f0, 0x0000021a7f331030, 0x0000021a7f333790, 0x0000021a7f3316c0,
0x0000021a7f331d50, 0x0000021a7f3323e0, 0x0000021a7f332a70, 0x0000021a7f333100,
0x0000021a7f3309a0, 0x0000021a7f336580, 0x0000021a7f3344b0, 0x0000021a7f334b40,
0x0000021a7f336c10, 0x0000021a7f333e20, 0x0000021a7f3351d0, 0x0000021a7f335ef0,
0x0000021a7f3372a0, 0x0000021a7f337fc0, 0x0000021a7f335860, 0x0000021a7f337930,
0x0000021a7e8ea360, 0x0000021a7e8e8fb0, 0x0000021a7e8e9640, 0x0000021a7e8e9cd0,
0x0000021a7e8ea9f0, 0x0000021a7e8eb080, 0x0000021a7e8e8920, 0x0000021a7e8e7c00,
0x0000021a7e8eb710, 0x0000021a7e8e8290, 0x0000021a7e8ecac0, 0x0000021a7e8ebda0,
0x0000021a7e8ed150, 0x0000021a7e8ed7e0, 0x0000021a7e8ede70, 0x0000021a7e8ec430,
0x0000021a7e8ee500, 0x0000021a7e8eeb90, 0x0000021a7e8ef220, 0x0000021a7f56ce30,
0x0000021a7f56db50, 0x0000021a7f56e1e0, 0x0000021a7f56e870, 0x0000021a7f56d4c0,
0x0000021a7f56c7a0, 0x0000021a7f56b3f0, 0x0000021a7f56ba80, 0x0000021a7f56f590,
0x0000021a7f56c110, 0x0000021a7f570940, 0x0000021a7f56ef00, 0x0000021a7f571cf0,
0x0000021a7f571660, 0x0000021a7f572a10, 0x0000021a7f572380, 0x0000021a7f56fc20,
0x0000021a7f5702b0, 0x0000021a7f570fd0, 0x0000021a00149a30, 0x0000021a00148680,
0x0000021a0014ade0, 0x0000021a0014bb00, 0x0000021a0014c190, 0x0000021a0014b470,
0x0000021a0014a750, 0x0000021a0014c820, 0x0000021a001493a0, 0x0000021a0014ef80,
0x0000021a0014dbd0, 0x0000021a0014e260, 0x0000021a0014d540, 0x0000021a0014f610,
0x0000021a0014e8f0, 0x0000021a0014fca0, 0x0000021a00150330, 0x0000021a0014ceb0,
0x0000021a00152400, 0x0000021a00153e40, 0x0000021a00151d70, 0x0000021a001537b0,
0x0000021a001509c0, 0x0000021a001544d0, 0x0000021a00153120, 0x0000021a001516e0,
0x0000021a00152a90, 0x0000021a00151050, 0x0000021a00154b60, 0x0000021a001551f0,
0x0000021a00155880, 0x0000021a00155f10, 0x0000021a001565a0, 0x0000021a001572c0,
0x0000021a00156c30, 0x0000021a00157950, 0x0000021a00ae9920, 0x0000021a00ae9fb0,
0x0000021a00aec710, 0x0000021a00aea640, 0x0000021a00ae9290, 0x0000021a00aecda0,
0x0000021a00aed430, 0x0000021a00aeacd0, 0x0000021a00aeb360, 0x0000021a00aedac0,
0x0000021a00aeee70, 0x0000021a00aef500, 0x0000021a00aec080, 0x0000021a00aefb90,
0x0000021a00af0220, 0x0000021a00af08b0, 0x0000021a00aee150, 0x0000021a00aee7e0,
0x0000021a016caee0, 0x0000021a016cc290, 0x0000021a016ce360, 0x0000021a016cc920,
0x0000021a016ccfb0, 0x0000021a016cdcd0, 0x0000021a016cb570, 0x0000021a016cbc00,
0x0000021a016d0430, 0x0000021a016d0ac0, 0x0000021a016d1150, 0x0000021a016d17e0,
0x0000021a016d1e70, 0x0000021a016ce9f0, 0x0000021a016d2500, 0x0000021a016cf080,
0x0000021a016cfda0, 0x0000021a016d2b90, 0x0000021a016cf710, 0x0000021a016d52f0,
0x0000021a016d38b0, 0x0000021a016d5980, 0x0000021a018a2520, 0x0000021a018a10b0,
0x0000021a7e64f9e0, 0x0000021a7e64f350
}

Java Threads: ( => current thread )
  0x0000021a04e91d90 JavaThread "main"                              [_thread_blocked, id=72936, stack(0x000000c715200000,0x000000c715300000) (1024K)]
  0x0000021a33060830 JavaThread "Reference Handler"          daemon [_thread_blocked, id=72988, stack(0x000000c715a00000,0x000000c715b00000) (1024K)]
  0x0000021a330610a0 JavaThread "Finalizer"                  daemon [_thread_blocked, id=72992, stack(0x000000c715b00000,0x000000c715c00000) (1024K)]
  0x0000021a33064f00 JavaThread "Signal Dispatcher"          daemon [_thread_blocked, id=72996, stack(0x000000c715c00000,0x000000c715d00000) (1024K)]
  0x0000021a33065570 JavaThread "Attach Listener"            daemon [_thread_blocked, id=73000, stack(0x000000c715d00000,0x000000c715e00000) (1024K)]
  0x0000021a33069bf0 JavaThread "Service Thread"             daemon [_thread_blocked, id=73004, stack(0x000000c715e00000,0x000000c715f00000) (1024K)]
  0x0000021a3306a260 JavaThread "Monitor Deflation Thread"   daemon [_thread_blocked, id=73008, stack(0x000000c715f00000,0x000000c716000000) (1024K)]
  0x0000021a3306cc10 JavaThread "C2 CompilerThread0"         daemon [_thread_blocked, id=73012, stack(0x000000c716000000,0x000000c716100000) (1024K)]
  0x0000021a360720e0 JavaThread "C1 CompilerThread0"         daemon [_thread_blocked, id=73016, stack(0x000000c716100000,0x000000c716200000) (1024K)]
  0x0000021a36367d90 JavaThread "Common-Cleaner"             daemon [_thread_blocked, id=73108, stack(0x000000c716200000,0x000000c716300000) (1024K)]
  0x0000021a362ea830 JavaThread "Notification Thread"        daemon [_thread_blocked, id=73216, stack(0x000000c716300000,0x000000c716400000) (1024K)]
  0x0000021a7d04bde0 JavaThread "Daemon health stats"               [_thread_blocked, id=74108, stack(0x000000c716b00000,0x000000c716c00000) (1024K)]
  0x0000021a7c0e6160 JavaThread "Incoming local TCP Connector on port 25173"        [_thread_in_native, id=74528, stack(0x000000c716c00000,0x000000c716d00000) (1024K)]
  0x0000021a3610f770 JavaThread "Daemon periodic checks"            [_thread_blocked, id=74592, stack(0x000000c716d00000,0x000000c716e00000) (1024K)]
  0x0000021a7c4c4830 JavaThread "Daemon"                            [_thread_blocked, id=74676, stack(0x000000c716e00000,0x000000c716f00000) (1024K)]
  0x0000021a3629e8f0 JavaThread "Handler for socket connection from /127.0.0.1:25173 to /127.0.0.1:25174"        [_thread_in_native, id=74680, stack(0x000000c716f00000,0x000000c717000000) (1024K)]
  0x0000021a36300400 JavaThread "Cancel handler"                    [_thread_blocked, id=74736, stack(0x000000c717800000,0x000000c717900000) (1024K)]
  0x0000021a7c660e60 JavaThread "Daemon worker"                     [_thread_blocked, id=72812, stack(0x000000c717900000,0x000000c717a00000) (1024K)]
  0x0000021a7c6628a0 JavaThread "Asynchronous log dispatcher for DefaultDaemonConnection: socket connection from /127.0.0.1:25173 to /127.0.0.1:25174"        [_thread_blocked, id=73872, stack(0x000000c717a00000,0x000000c717b00000) (1024K)]
  0x0000021a7c662210 JavaThread "Stdin handler"                     [_thread_blocked, id=72912, stack(0x000000c717b00000,0x000000c717c00000) (1024K)]
  0x0000021a7c662f30 JavaThread "Daemon client event forwarder"        [_thread_blocked, id=73900, stack(0x000000c717c00000,0x000000c717d00000) (1024K)]
  0x0000021a7c65fab0 JavaThread "Cache worker for journal cache (C:\Users\AJI\.gradle\caches\journal-1)"        [_thread_blocked, id=71084, stack(0x000000c717d00000,0x000000c717e00000) (1024K)]
  0x0000021a7c661b80 JavaThread "File lock request listener"        [_thread_in_native, id=54068, stack(0x000000c717e00000,0x000000c717f00000) (1024K)]
  0x0000021a7c660140 JavaThread "Cache worker for file hash cache (C:\Users\AJI\.gradle\caches\9.1.0\fileHashes)"        [_thread_blocked, id=43592, stack(0x000000c717f00000,0x000000c718000000) (1024K)]
  0x0000021a7e92bf50 JavaThread "Cache worker for file hash cache (C:\Users\AJI\Documents\Gostriders\gostriders\android\.gradle\9.1.0\fileHashes)"        [_thread_blocked, id=72532, stack(0x000000c718400000,0x000000c718500000) (1024K)]
  0x0000021a7e92e020 JavaThread "Cache worker for Build Output Cleanup Cache (C:\Users\AJI\Documents\Gostriders\gostriders\android\.gradle\buildOutputCleanup)"        [_thread_blocked, id=52432, stack(0x000000c718500000,0x000000c718600000) (1024K)]
  0x0000021a7e92b230 JavaThread "File watcher server"        daemon [_thread_in_native, id=36292, stack(0x000000c718600000,0x000000c718700000) (1024K)]
  0x0000021a7e92ed40 JavaThread "File watcher consumer"      daemon [_thread_blocked, id=48296, stack(0x000000c718700000,0x000000c718800000) (1024K)]
  0x0000021a7e92f3d0 JavaThread "Cache worker for checksums cache (C:\Users\AJI\Documents\Gostriders\gostriders\android\.gradle\9.1.0\checksums)"        [_thread_blocked, id=54496, stack(0x000000c718800000,0x000000c718900000) (1024K)]
  0x0000021a7e92fa60 JavaThread "Cache worker for file content cache (C:\Users\AJI\.gradle\caches\9.1.0\fileContent)"        [_thread_blocked, id=37332, stack(0x000000c718900000,0x000000c718a00000) (1024K)]
  0x0000021a7e92d300 JavaThread "Cache worker for cache directory md-supplier (C:\Users\AJI\.gradle\caches\9.1.0\md-supplier)"        [_thread_blocked, id=75552, stack(0x000000c718a00000,0x000000c718b00000) (1024K)]
  0x0000021a7e92d990 JavaThread "Cache worker for cache directory md-rule (C:\Users\AJI\.gradle\caches\9.1.0\md-rule)"        [_thread_blocked, id=2444, stack(0x000000c718b00000,0x000000c718c00000) (1024K)]
  0x0000021a7e92cc70 JavaThread "Cache worker for Build Output Cleanup Cache (C:\Users\AJI\develop\flutter\packages\flutter_tools\gradle\.gradle\buildOutputCleanup)"        [_thread_blocked, id=34604, stack(0x000000c715000000,0x000000c715100000) (1024K)]
  0x0000021a7e931b30 JavaThread "Unconstrained build operations"        [_thread_blocked, id=60008, stack(0x000000c718c00000,0x000000c718d00000) (1024K)]
  0x0000021a7e930e10 JavaThread "Unconstrained build operations Thread 2"        [_thread_blocked, id=59916, stack(0x000000c718d00000,0x000000c718e00000) (1024K)]
  0x0000021a7e9314a0 JavaThread "Unconstrained build operations Thread 3"        [_thread_blocked, id=59848, stack(0x000000c718e00000,0x000000c718f00000) (1024K)]
  0x0000021a7e932850 JavaThread "Unconstrained build operations Thread 4"        [_thread_blocked, id=59768, stack(0x000000c718f00000,0x000000c719000000) (1024K)]
  0x0000021a7c6614f0 JavaThread "Unconstrained build operations Thread 5"        [_thread_blocked, id=59760, stack(0x000000c719000000,0x000000c719100000) (1024K)]
  0x0000021a0041dab0 JavaThread "Unconstrained build operations Thread 6"        [_thread_blocked, id=56596, stack(0x000000c719100000,0x000000c719200000) (1024K)]
  0x0000021a0041c070 JavaThread "Unconstrained build operations Thread 7"        [_thread_blocked, id=45484, stack(0x000000c719200000,0x000000c719300000) (1024K)]
  0x0000021a0041cd90 JavaThread "Unconstrained build operations Thread 8"        [_thread_blocked, id=40136, stack(0x000000c719300000,0x000000c719400000) (1024K)]
  0x0000021a0041e140 JavaThread "Unconstrained build operations Thread 9"        [_thread_blocked, id=41004, stack(0x000000c719400000,0x000000c719500000) (1024K)]
  0x0000021a0041b9e0 JavaThread "Unconstrained build operations Thread 10"        [_thread_blocked, id=40116, stack(0x000000c719500000,0x000000c719600000) (1024K)]
  0x0000021a0041acc0 JavaThread "Unconstrained build operations Thread 11"        [_thread_blocked, id=47880, stack(0x000000c719600000,0x000000c719700000) (1024K)]
  0x0000021a0041c700 JavaThread "Unconstrained build operations Thread 12"        [_thread_blocked, id=54944, stack(0x000000c719700000,0x000000c719800000) (1024K)]
  0x0000021a0041b350 JavaThread "Unconstrained build operations Thread 13"        [_thread_blocked, id=53052, stack(0x000000c719800000,0x000000c719900000) (1024K)]
  0x0000021a0041e7d0 JavaThread "Unconstrained build operations Thread 14"        [_thread_blocked, id=78836, stack(0x000000c719900000,0x000000c719a00000) (1024K)]
  0x0000021a004208a0 JavaThread "Unconstrained build operations Thread 15"        [_thread_blocked, id=57112, stack(0x000000c719a00000,0x000000c719b00000) (1024K)]
  0x0000021a00420210 JavaThread "Unconstrained build operations Thread 16"        [_thread_blocked, id=50408, stack(0x000000c719b00000,0x000000c719c00000) (1024K)]
  0x0000021a0041d420 JavaThread "Unconstrained build operations Thread 17"        [_thread_blocked, id=60064, stack(0x000000c719c00000,0x000000c719d00000) (1024K)]
  0x0000021a0041fb80 JavaThread "Unconstrained build operations Thread 18"        [_thread_blocked, id=77804, stack(0x000000c719d00000,0x000000c719e00000) (1024K)]
  0x0000021a0041f4f0 JavaThread "Unconstrained build operations Thread 19"        [_thread_blocked, id=50400, stack(0x000000c719e00000,0x000000c719f00000) (1024K)]
  0x0000021a004222e0 JavaThread "Unconstrained build operations Thread 20"        [_thread_blocked, id=51276, stack(0x000000c715100000,0x000000c715200000) (1024K)]
  0x0000021a00420f30 JavaThread "Unconstrained build operations Thread 21"        [_thread_blocked, id=71548, stack(0x000000c718000000,0x000000c718100000) (1024K)]
  0x0000021a004215c0 JavaThread "Unconstrained build operations Thread 22"        [_thread_blocked, id=61684, stack(0x000000c718300000,0x000000c718400000) (1024K)]
  0x0000021a00421c50 JavaThread "Unconstrained build operations Thread 23"        [_thread_blocked, id=75392, stack(0x000000c719f00000,0x000000c71a000000) (1024K)]
  0x0000021a0041ee60 JavaThread "Unconstrained build operations Thread 24"        [_thread_blocked, id=51248, stack(0x000000c71a000000,0x000000c71a100000) (1024K)]
  0x0000021a7f533be0 JavaThread "Unconstrained build operations Thread 25"        [_thread_blocked, id=54988, stack(0x000000c71a100000,0x000000c71a200000) (1024K)]
  0x0000021a7f533550 JavaThread "Unconstrained build operations Thread 26"        [_thread_blocked, id=43864, stack(0x000000c71a200000,0x000000c71a300000) (1024K)]
  0x0000021a7f534f90 JavaThread "Unconstrained build operations Thread 27"        [_thread_blocked, id=35656, stack(0x000000c71a300000,0x000000c71a400000) (1024K)]
  0x0000021a7f534900 JavaThread "Unconstrained build operations Thread 28"        [_thread_blocked, id=60828, stack(0x000000c71a400000,0x000000c71a500000) (1024K)]
  0x0000021a7f534270 JavaThread "Unconstrained build operations Thread 29"        [_thread_blocked, id=47352, stack(0x000000c71a500000,0x000000c71a600000) (1024K)]
  0x0000021a7f535620 JavaThread "Unconstrained build operations Thread 30"        [_thread_blocked, id=44616, stack(0x000000c71a600000,0x000000c71a700000) (1024K)]
  0x0000021a7f5369d0 JavaThread "Unconstrained build operations Thread 31"        [_thread_blocked, id=73964, stack(0x000000c71a700000,0x000000c71a800000) (1024K)]
  0x0000021a7f535cb0 JavaThread "Unconstrained build operations Thread 32"        [_thread_blocked, id=49948, stack(0x000000c71a800000,0x000000c71a900000) (1024K)]
  0x0000021a7f536340 JavaThread "Unconstrained build operations Thread 33"        [_thread_blocked, id=77976, stack(0x000000c71a900000,0x000000c71aa00000) (1024K)]
  0x0000021a7eea4600 JavaThread "Unconstrained build operations Thread 34"        [_thread_blocked, id=42372, stack(0x000000c71aa00000,0x000000c71ab00000) (1024K)]
  0x0000021a7eea59b0 JavaThread "Unconstrained build operations Thread 35"        [_thread_blocked, id=47408, stack(0x000000c71ab00000,0x000000c71ac00000) (1024K)]
  0x0000021a7eea3f70 JavaThread "Unconstrained build operations Thread 36"        [_thread_blocked, id=78292, stack(0x000000c71ac00000,0x000000c71ad00000) (1024K)]
  0x0000021a7eea6040 JavaThread "Unconstrained build operations Thread 37"        [_thread_blocked, id=31360, stack(0x000000c71ad00000,0x000000c71ae00000) (1024K)]
  0x0000021a7eea5320 JavaThread "Unconstrained build operations Thread 38"        [_thread_blocked, id=40060, stack(0x000000c71ae00000,0x000000c71af00000) (1024K)]
  0x0000021a7eea4c90 JavaThread "Unconstrained build operations Thread 39"        [_thread_blocked, id=35384, stack(0x000000c71b100000,0x000000c71b200000) (1024K)]
  0x0000021a7eea66d0 JavaThread "Unconstrained build operations Thread 40"        [_thread_blocked, id=50628, stack(0x000000c71b200000,0x000000c71b300000) (1024K)]
  0x0000021a7eea3250 JavaThread "Unconstrained build operations Thread 41"        [_thread_blocked, id=28808, stack(0x000000c71b300000,0x000000c71b400000) (1024K)]
  0x0000021a7eea6d60 JavaThread "Unconstrained build operations Thread 42"        [_thread_blocked, id=52332, stack(0x000000c71b400000,0x000000c71b500000) (1024K)]
  0x0000021a7eea38e0 JavaThread "Unconstrained build operations Thread 43"        [_thread_blocked, id=73396, stack(0x000000c71b500000,0x000000c71b600000) (1024K)]
  0x0000021a7eea7a80 JavaThread "Unconstrained build operations Thread 44"        [_thread_blocked, id=57220, stack(0x000000c71b600000,0x000000c71b700000) (1024K)]
  0x0000021a7eea8110 JavaThread "Unconstrained build operations Thread 45"        [_thread_blocked, id=8960, stack(0x000000c71b700000,0x000000c71b800000) (1024K)]
  0x0000021a7eeaa1e0 JavaThread "Unconstrained build operations Thread 46"        [_thread_blocked, id=47044, stack(0x000000c71b800000,0x000000c71b900000) (1024K)]
  0x0000021a7eeaa870 JavaThread "Unconstrained build operations Thread 47"        [_thread_blocked, id=52908, stack(0x000000c71b900000,0x000000c71ba00000) (1024K)]
  0x0000021a7eea73f0 JavaThread "Unconstrained build operations Thread 48"        [_thread_blocked, id=63760, stack(0x000000c71ba00000,0x000000c71bb00000) (1024K)]
  0x0000021a7eea9b50 JavaThread "Unconstrained build operations Thread 49"        [_thread_blocked, id=75980, stack(0x000000c71bb00000,0x000000c71bc00000) (1024K)]
  0x0000021a7eea87a0 JavaThread "Unconstrained build operations Thread 50"        [_thread_blocked, id=72384, stack(0x000000c71bc00000,0x000000c71bd00000) (1024K)]
  0x0000021a7eea8e30 JavaThread "Unconstrained build operations Thread 51"        [_thread_blocked, id=64656, stack(0x000000c71bd00000,0x000000c71be00000) (1024K)]
  0x0000021a7eea94c0 JavaThread "Unconstrained build operations Thread 52"        [_thread_blocked, id=38848, stack(0x000000c71be00000,0x000000c71bf00000) (1024K)]
  0x0000021a7d706580 JavaThread "Unconstrained build operations Thread 53"        [_thread_blocked, id=76328, stack(0x000000c71bf00000,0x000000c71c000000) (1024K)]
  0x0000021a7d705860 JavaThread "Unconstrained build operations Thread 54"        [_thread_blocked, id=50888, stack(0x000000c71c000000,0x000000c71c100000) (1024K)]
  0x0000021a7d706c10 JavaThread "Unconstrained build operations Thread 55"        [_thread_blocked, id=72888, stack(0x000000c71c100000,0x000000c71c200000) (1024K)]
  0x0000021a7d7072a0 JavaThread "Unconstrained build operations Thread 56"        [_thread_blocked, id=51172, stack(0x000000c71c200000,0x000000c71c300000) (1024K)]
  0x0000021a7d707930 JavaThread "Unconstrained build operations Thread 57"        [_thread_blocked, id=40756, stack(0x000000c71c300000,0x000000c71c400000) (1024K)]
  0x0000021a7d7051d0 JavaThread "Memory manager"                    [_thread_blocked, id=74352, stack(0x000000c71c600000,0x000000c71c700000) (1024K)]
  0x0000021a7d705ef0 JavaThread "File lock release action executor Thread 5"        [_thread_blocked, id=23820, stack(0x000000c71c800000,0x000000c71c900000) (1024K)]
  0x0000021a7dec9f70 JavaThread "build event listener"              [_thread_blocked, id=76048, stack(0x000000c71c500000,0x000000c71c600000) (1024K)]
  0x0000021a7decac90 JavaThread "included builds"                   [_thread_blocked, id=5340, stack(0x000000c71c400000,0x000000c71c500000) (1024K)]
  0x0000021a7dec7ea0 JavaThread "Execution worker"                  [_thread_blocked, id=85304, stack(0x000000c71c700000,0x000000c71c800000) (1024K)]
  0x0000021a7decb320 JavaThread "Execution worker Thread 2"         [_thread_blocked, id=43268, stack(0x000000c71c900000,0x000000c71ca00000) (1024K)]
  0x0000021a7dec8530 JavaThread "Execution worker Thread 3"         [_thread_blocked, id=5732, stack(0x000000c71ca00000,0x000000c71cb00000) (1024K)]
  0x0000021a7decda80 JavaThread "Execution worker Thread 4"         [_thread_blocked, id=25012, stack(0x000000c71cb00000,0x000000c71cc00000) (1024K)]
  0x0000021a7decc040 JavaThread "Execution worker Thread 5"         [_thread_blocked, id=54024, stack(0x000000c71cc00000,0x000000c71cd00000) (1024K)]
  0x0000021a7dece110 JavaThread "Execution worker Thread 6"         [_thread_blocked, id=56992, stack(0x000000c71cd00000,0x000000c71ce00000) (1024K)]
  0x0000021a7deccd60 JavaThread "Execution worker Thread 7"         [_thread_blocked, id=84812, stack(0x000000c71ce00000,0x000000c71cf00000) (1024K)]
  0x0000021a7decd3f0 JavaThread "Execution worker Thread 8"         [_thread_blocked, id=72908, stack(0x000000c71cf00000,0x000000c71d000000) (1024K)]
  0x0000021a7dece7a0 JavaThread "Execution worker Thread 9"         [_thread_blocked, id=83428, stack(0x000000c71d000000,0x000000c71d100000) (1024K)]
  0x0000021a7decee30 JavaThread "Execution worker Thread 10"        [_thread_blocked, id=84996, stack(0x000000c71d100000,0x000000c71d200000) (1024K)]
  0x0000021a7decf4c0 JavaThread "Execution worker Thread 11"        [_thread_blocked, id=81436, stack(0x000000c71d200000,0x000000c71d300000) (1024K)]
  0x0000021a7decc6d0 JavaThread "Execution worker Thread 12"        [_thread_blocked, id=85028, stack(0x000000c71d300000,0x000000c71d400000) (1024K)]
  0x0000021a7d707fc0 JavaThread "Execution worker Thread 13"        [_thread_blocked, id=85024, stack(0x000000c71d400000,0x000000c71d500000) (1024K)]
  0x0000021a7d704b40 JavaThread "Execution worker Thread 14"        [_thread_blocked, id=16480, stack(0x000000c71d500000,0x000000c71d600000) (1024K)]
  0x0000021a7e9300f0 JavaThread "Execution worker Thread 15"        [_thread_blocked, id=79500, stack(0x000000c71d600000,0x000000c71d700000) (1024K)]
  0x0000021a7f331030 JavaThread "Execution worker Thread 16"        [_thread_blocked, id=2084, stack(0x000000c71d700000,0x000000c71d800000) (1024K)]
  0x0000021a7f333790 JavaThread "Execution worker Thread 17"        [_thread_blocked, id=25284, stack(0x000000c71d800000,0x000000c71d900000) (1024K)]
  0x0000021a7f3316c0 JavaThread "Execution worker Thread 18"        [_thread_blocked, id=57548, stack(0x000000c71d900000,0x000000c71da00000) (1024K)]
  0x0000021a7f331d50 JavaThread "Execution worker Thread 19"        [_thread_blocked, id=78964, stack(0x000000c71da00000,0x000000c71db00000) (1024K)]
  0x0000021a7f3323e0 JavaThread "Cache worker for execution history cache (C:\Users\AJI\develop\flutter\packages\flutter_tools\gradle\.gradle\9.1.0\executionHistory)"        [_thread_blocked, id=85688, stack(0x000000c71db00000,0x000000c71dc00000) (1024K)]
  0x0000021a7f332a70 JavaThread "Unconstrained build operations Thread 58"        [_thread_blocked, id=85324, stack(0x000000c71dd00000,0x000000c71de00000) (1024K)]
  0x0000021a7f333100 JavaThread "Unconstrained build operations Thread 59"        [_thread_blocked, id=85316, stack(0x000000c71de00000,0x000000c71df00000) (1024K)]
  0x0000021a7f3309a0 JavaThread "Unconstrained build operations Thread 60"        [_thread_blocked, id=85292, stack(0x000000c71df00000,0x000000c71e000000) (1024K)]
  0x0000021a7f336580 JavaThread "Unconstrained build operations Thread 61"        [_thread_blocked, id=85308, stack(0x000000c71e000000,0x000000c71e100000) (1024K)]
  0x0000021a7f3344b0 JavaThread "Unconstrained build operations Thread 62"        [_thread_blocked, id=79396, stack(0x000000c71e100000,0x000000c71e200000) (1024K)]
  0x0000021a7f334b40 JavaThread "Unconstrained build operations Thread 63"        [_thread_blocked, id=85932, stack(0x000000c71e200000,0x000000c71e300000) (1024K)]
  0x0000021a7f336c10 JavaThread "Unconstrained build operations Thread 64"        [_thread_blocked, id=85928, stack(0x000000c71e300000,0x000000c71e400000) (1024K)]
  0x0000021a7f333e20 JavaThread "Unconstrained build operations Thread 65"        [_thread_blocked, id=66468, stack(0x000000c71e400000,0x000000c71e500000) (1024K)]
  0x0000021a7f3351d0 JavaThread "Unconstrained build operations Thread 66"        [_thread_blocked, id=49996, stack(0x000000c71e500000,0x000000c71e600000) (1024K)]
  0x0000021a7f335ef0 JavaThread "Unconstrained build operations Thread 67"        [_thread_blocked, id=72164, stack(0x000000c71e600000,0x000000c71e700000) (1024K)]
  0x0000021a7f3372a0 JavaThread "Unconstrained build operations Thread 68"        [_thread_blocked, id=68344, stack(0x000000c71e700000,0x000000c71e800000) (1024K)]
  0x0000021a7f337fc0 JavaThread "Unconstrained build operations Thread 69"        [_thread_blocked, id=78408, stack(0x000000c71e800000,0x000000c71e900000) (1024K)]
  0x0000021a7f335860 JavaThread "Unconstrained build operations Thread 70"        [_thread_blocked, id=79272, stack(0x000000c71e900000,0x000000c71ea00000) (1024K)]
  0x0000021a7f337930 JavaThread "Unconstrained build operations Thread 71"        [_thread_blocked, id=84108, stack(0x000000c71ea00000,0x000000c71eb00000) (1024K)]
  0x0000021a7e8ea360 JavaThread "Unconstrained build operations Thread 72"        [_thread_blocked, id=80332, stack(0x000000c71eb00000,0x000000c71ec00000) (1024K)]
  0x0000021a7e8e8fb0 JavaThread "Unconstrained build operations Thread 73"        [_thread_blocked, id=51004, stack(0x000000c71ec00000,0x000000c71ed00000) (1024K)]
  0x0000021a7e8e9640 JavaThread "Unconstrained build operations Thread 74"        [_thread_blocked, id=22076, stack(0x000000c71ed00000,0x000000c71ee00000) (1024K)]
  0x0000021a7e8e9cd0 JavaThread "Unconstrained build operations Thread 75"        [_thread_blocked, id=44016, stack(0x000000c71ee00000,0x000000c71ef00000) (1024K)]
  0x0000021a7e8ea9f0 JavaThread "Unconstrained build operations Thread 76"        [_thread_blocked, id=68756, stack(0x000000c71ef00000,0x000000c71f000000) (1024K)]
  0x0000021a7e8eb080 JavaThread "Unconstrained build operations Thread 77"        [_thread_blocked, id=74764, stack(0x000000c71f000000,0x000000c71f100000) (1024K)]
  0x0000021a7e8e8920 JavaThread "Unconstrained build operations Thread 78"        [_thread_blocked, id=23740, stack(0x000000c71f100000,0x000000c71f200000) (1024K)]
  0x0000021a7e8e7c00 JavaThread "Unconstrained build operations Thread 79"        [_thread_blocked, id=74484, stack(0x000000c71f200000,0x000000c71f300000) (1024K)]
  0x0000021a7e8eb710 JavaThread "Unconstrained build operations Thread 80"        [_thread_blocked, id=58712, stack(0x000000c71f300000,0x000000c71f400000) (1024K)]
  0x0000021a7e8e8290 JavaThread "Unconstrained build operations Thread 81"        [_thread_blocked, id=36880, stack(0x000000c71f400000,0x000000c71f500000) (1024K)]
  0x0000021a7e8ecac0 JavaThread "Unconstrained build operations Thread 82"        [_thread_blocked, id=74320, stack(0x000000c71f500000,0x000000c71f600000) (1024K)]
  0x0000021a7e8ebda0 JavaThread "Unconstrained build operations Thread 83"        [_thread_blocked, id=77900, stack(0x000000c71f600000,0x000000c71f700000) (1024K)]
  0x0000021a7e8ed150 JavaThread "Unconstrained build operations Thread 84"        [_thread_blocked, id=85072, stack(0x000000c71f700000,0x000000c71f800000) (1024K)]
  0x0000021a7e8ed7e0 JavaThread "Unconstrained build operations Thread 85"        [_thread_blocked, id=84888, stack(0x000000c71f800000,0x000000c71f900000) (1024K)]
  0x0000021a7e8ede70 JavaThread "Unconstrained build operations Thread 86"        [_thread_blocked, id=75640, stack(0x000000c71f900000,0x000000c71fa00000) (1024K)]
  0x0000021a7e8ec430 JavaThread "Unconstrained build operations Thread 87"        [_thread_blocked, id=52444, stack(0x000000c71fa00000,0x000000c71fb00000) (1024K)]
  0x0000021a7e8ee500 JavaThread "Unconstrained build operations Thread 88"        [_thread_blocked, id=83724, stack(0x000000c71fb00000,0x000000c71fc00000) (1024K)]
  0x0000021a7e8eeb90 JavaThread "Unconstrained build operations Thread 89"        [_thread_blocked, id=40936, stack(0x000000c71fc00000,0x000000c71fd00000) (1024K)]
  0x0000021a7e8ef220 JavaThread "Unconstrained build operations Thread 90"        [_thread_blocked, id=13572, stack(0x000000c71fd00000,0x000000c71fe00000) (1024K)]
  0x0000021a7f56ce30 JavaThread "Unconstrained build operations Thread 91"        [_thread_blocked, id=52284, stack(0x000000c71dc00000,0x000000c71dd00000) (1024K)]
  0x0000021a7f56db50 JavaThread "Unconstrained build operations Thread 92"        [_thread_blocked, id=52288, stack(0x000000c71fe00000,0x000000c71ff00000) (1024K)]
  0x0000021a7f56e1e0 JavaThread "Unconstrained build operations Thread 93"        [_thread_blocked, id=52292, stack(0x000000c71ff00000,0x000000c720000000) (1024K)]
  0x0000021a7f56e870 JavaThread "Unconstrained build operations Thread 94"        [_thread_blocked, id=52296, stack(0x000000c720000000,0x000000c720100000) (1024K)]
  0x0000021a7f56d4c0 JavaThread "Unconstrained build operations Thread 95"        [_thread_blocked, id=52304, stack(0x000000c720200000,0x000000c720300000) (1024K)]
  0x0000021a7f56c7a0 JavaThread "Unconstrained build operations Thread 96"        [_thread_blocked, id=52308, stack(0x000000c720300000,0x000000c720400000) (1024K)]
  0x0000021a7f56b3f0 JavaThread "Unconstrained build operations Thread 97"        [_thread_blocked, id=52312, stack(0x000000c720400000,0x000000c720500000) (1024K)]
  0x0000021a7f56ba80 JavaThread "Unconstrained build operations Thread 98"        [_thread_blocked, id=52316, stack(0x000000c720500000,0x000000c720600000) (1024K)]
  0x0000021a7f56f590 JavaThread "Unconstrained build operations Thread 99"        [_thread_blocked, id=28628, stack(0x000000c720600000,0x000000c720700000) (1024K)]
  0x0000021a7f56c110 JavaThread "Unconstrained build operations Thread 100"        [_thread_blocked, id=52968, stack(0x000000c720700000,0x000000c720800000) (1024K)]
  0x0000021a7f570940 JavaThread "Unconstrained build operations Thread 101"        [_thread_blocked, id=27652, stack(0x000000c720800000,0x000000c720900000) (1024K)]
  0x0000021a7f56ef00 JavaThread "Unconstrained build operations Thread 102"        [_thread_blocked, id=51936, stack(0x000000c720900000,0x000000c720a00000) (1024K)]
  0x0000021a7f571cf0 JavaThread "Unconstrained build operations Thread 103"        [_thread_blocked, id=53428, stack(0x000000c720a00000,0x000000c720b00000) (1024K)]
  0x0000021a7f571660 JavaThread "Unconstrained build operations Thread 104"        [_thread_blocked, id=52100, stack(0x000000c720b00000,0x000000c720c00000) (1024K)]
  0x0000021a7f572a10 JavaThread "Unconstrained build operations Thread 105"        [_thread_blocked, id=23908, stack(0x000000c720c00000,0x000000c720d00000) (1024K)]
  0x0000021a7f572380 JavaThread "Unconstrained build operations Thread 106"        [_thread_blocked, id=49884, stack(0x000000c720d00000,0x000000c720e00000) (1024K)]
  0x0000021a7f56fc20 JavaThread "Unconstrained build operations Thread 107"        [_thread_blocked, id=5552, stack(0x000000c720e00000,0x000000c720f00000) (1024K)]
  0x0000021a7f5702b0 JavaThread "Unconstrained build operations Thread 108"        [_thread_blocked, id=52748, stack(0x000000c720f00000,0x000000c721000000) (1024K)]
  0x0000021a7f570fd0 JavaThread "Unconstrained build operations Thread 109"        [_thread_blocked, id=55396, stack(0x000000c721000000,0x000000c721100000) (1024K)]
  0x0000021a00149a30 JavaThread "Unconstrained build operations Thread 110"        [_thread_blocked, id=53080, stack(0x000000c721100000,0x000000c721200000) (1024K)]
  0x0000021a00148680 JavaThread "Unconstrained build operations Thread 111"        [_thread_blocked, id=69852, stack(0x000000c721200000,0x000000c721300000) (1024K)]
  0x0000021a0014ade0 JavaThread "Unconstrained build operations Thread 112"        [_thread_blocked, id=85320, stack(0x000000c721500000,0x000000c721600000) (1024K)]
  0x0000021a0014bb00 JavaThread "Unconstrained build operations Thread 113"        [_thread_blocked, id=67040, stack(0x000000c721600000,0x000000c721700000) (1024K)]
  0x0000021a0014c190 JavaThread "Unconstrained build operations Thread 114"        [_thread_blocked, id=85644, stack(0x000000c721700000,0x000000c721800000) (1024K)]
  0x0000021a0014b470 JavaThread "Unconstrained build operations Thread 115"        [_thread_blocked, id=85476, stack(0x000000c721800000,0x000000c721900000) (1024K)]
  0x0000021a0014a750 JavaThread "Unconstrained build operations Thread 116"        [_thread_blocked, id=85668, stack(0x000000c721900000,0x000000c721a00000) (1024K)]
  0x0000021a0014c820 JavaThread "Unconstrained build operations Thread 117"        [_thread_blocked, id=85664, stack(0x000000c721a00000,0x000000c721b00000) (1024K)]
  0x0000021a001493a0 JavaThread "Unconstrained build operations Thread 118"        [_thread_blocked, id=85472, stack(0x000000c721b00000,0x000000c721c00000) (1024K)]
  0x0000021a0014ef80 JavaThread "Unconstrained build operations Thread 119"        [_thread_blocked, id=85444, stack(0x000000c721c00000,0x000000c721d00000) (1024K)]
  0x0000021a0014dbd0 JavaThread "Unconstrained build operations Thread 120"        [_thread_blocked, id=67028, stack(0x000000c721d00000,0x000000c721e00000) (1024K)]
  0x0000021a0014e260 JavaThread "Unconstrained build operations Thread 121"        [_thread_blocked, id=85868, stack(0x000000c721e00000,0x000000c721f00000) (1024K)]
  0x0000021a0014d540 JavaThread "Unconstrained build operations Thread 122"        [_thread_blocked, id=85432, stack(0x000000c721f00000,0x000000c722000000) (1024K)]
  0x0000021a0014f610 JavaThread "Unconstrained build operations Thread 123"        [_thread_blocked, id=85604, stack(0x000000c722000000,0x000000c722100000) (1024K)]
  0x0000021a0014e8f0 JavaThread "Unconstrained build operations Thread 124"        [_thread_blocked, id=85744, stack(0x000000c722100000,0x000000c722200000) (1024K)]
  0x0000021a0014fca0 JavaThread "Unconstrained build operations Thread 125"        [_thread_blocked, id=85752, stack(0x000000c722200000,0x000000c722300000) (1024K)]
  0x0000021a00150330 JavaThread "Unconstrained build operations Thread 126"        [_thread_blocked, id=80320, stack(0x000000c722300000,0x000000c722400000) (1024K)]
  0x0000021a0014ceb0 JavaThread "Unconstrained build operations Thread 127"        [_thread_blocked, id=38224, stack(0x000000c722400000,0x000000c722500000) (1024K)]
  0x0000021a00152400 JavaThread "Unconstrained build operations Thread 128"        [_thread_blocked, id=52448, stack(0x000000c722500000,0x000000c722600000) (1024K)]
  0x0000021a00153e40 JavaThread "Unconstrained build operations Thread 129"        [_thread_blocked, id=85888, stack(0x000000c722600000,0x000000c722700000) (1024K)]
  0x0000021a00151d70 JavaThread "Unconstrained build operations Thread 130"        [_thread_blocked, id=70236, stack(0x000000c722700000,0x000000c722800000) (1024K)]
  0x0000021a001537b0 JavaThread "Unconstrained build operations Thread 131"        [_thread_blocked, id=71664, stack(0x000000c720100000,0x000000c720200000) (1024K)]
  0x0000021a001509c0 JavaThread "Unconstrained build operations Thread 132"        [_thread_blocked, id=85680, stack(0x000000c721300000,0x000000c721400000) (1024K)]
  0x0000021a001544d0 JavaThread "Unconstrained build operations Thread 133"        [_thread_blocked, id=85420, stack(0x000000c721400000,0x000000c721500000) (1024K)]
  0x0000021a00153120 JavaThread "Unconstrained build operations Thread 134"        [_thread_blocked, id=36184, stack(0x000000c722800000,0x000000c722900000) (1024K)]
  0x0000021a001516e0 JavaThread "Unconstrained build operations Thread 135"        [_thread_blocked, id=85300, stack(0x000000c722900000,0x000000c722a00000) (1024K)]
  0x0000021a00152a90 JavaThread "Unconstrained build operations Thread 136"        [_thread_blocked, id=85128, stack(0x000000c722a00000,0x000000c722b00000) (1024K)]
  0x0000021a00151050 JavaThread "Unconstrained build operations Thread 137"        [_thread_blocked, id=61112, stack(0x000000c722b00000,0x000000c722c00000) (1024K)]
  0x0000021a00154b60 JavaThread "Unconstrained build operations Thread 138"        [_thread_blocked, id=83800, stack(0x000000c722c00000,0x000000c722d00000) (1024K)]
  0x0000021a001551f0 JavaThread "Unconstrained build operations Thread 139"        [_thread_blocked, id=85736, stack(0x000000c722d00000,0x000000c722e00000) (1024K)]
  0x0000021a00155880 JavaThread "Unconstrained build operations Thread 140"        [_thread_blocked, id=74384, stack(0x000000c722e00000,0x000000c722f00000) (1024K)]
  0x0000021a00155f10 JavaThread "Unconstrained build operations Thread 141"        [_thread_blocked, id=85532, stack(0x000000c722f00000,0x000000c723000000) (1024K)]
  0x0000021a001565a0 JavaThread "Unconstrained build operations Thread 142"        [_thread_blocked, id=85804, stack(0x000000c723000000,0x000000c723100000) (1024K)]
  0x0000021a001572c0 JavaThread "Unconstrained build operations Thread 143"        [_thread_blocked, id=82868, stack(0x000000c723100000,0x000000c723200000) (1024K)]
  0x0000021a00156c30 JavaThread "Unconstrained build operations Thread 144"        [_thread_blocked, id=21104, stack(0x000000c723200000,0x000000c723300000) (1024K)]
  0x0000021a00157950 JavaThread "Unconstrained build operations Thread 145"        [_thread_blocked, id=79628, stack(0x000000c723300000,0x000000c723400000) (1024K)]
  0x0000021a00ae9920 JavaThread "Unconstrained build operations Thread 146"        [_thread_blocked, id=73676, stack(0x000000c723400000,0x000000c723500000) (1024K)]
  0x0000021a00ae9fb0 JavaThread "Unconstrained build operations Thread 147"        [_thread_blocked, id=80356, stack(0x000000c723500000,0x000000c723600000) (1024K)]
  0x0000021a00aec710 JavaThread "Unconstrained build operations Thread 148"        [_thread_blocked, id=28828, stack(0x000000c723600000,0x000000c723700000) (1024K)]
  0x0000021a00aea640 JavaThread "Unconstrained build operations Thread 149"        [_thread_blocked, id=61812, stack(0x000000c723700000,0x000000c723800000) (1024K)]
  0x0000021a00ae9290 JavaThread "Unconstrained build operations Thread 150"        [_thread_blocked, id=84048, stack(0x000000c723c00000,0x000000c723d00000) (1024K)]
  0x0000021a00aecda0 JavaThread "Unconstrained build operations Thread 151"        [_thread_blocked, id=80316, stack(0x000000c723d00000,0x000000c723e00000) (1024K)]
  0x0000021a00aed430 JavaThread "Unconstrained build operations Thread 152"        [_thread_blocked, id=84868, stack(0x000000c723e00000,0x000000c723f00000) (1024K)]
  0x0000021a00aeacd0 JavaThread "Unconstrained build operations Thread 153"        [_thread_blocked, id=28256, stack(0x000000c723f00000,0x000000c724000000) (1024K)]
  0x0000021a00aeb360 JavaThread "Unconstrained build operations Thread 154"        [_thread_blocked, id=25584, stack(0x000000c724000000,0x000000c724100000) (1024K)]
  0x0000021a00aedac0 JavaThread "Unconstrained build operations Thread 155"        [_thread_blocked, id=47444, stack(0x000000c724100000,0x000000c724200000) (1024K)]
  0x0000021a00aeee70 JavaThread "Unconstrained build operations Thread 156"        [_thread_blocked, id=83784, stack(0x000000c724200000,0x000000c724300000) (1024K)]
  0x0000021a00aef500 JavaThread "Unconstrained build operations Thread 157"        [_thread_blocked, id=83796, stack(0x000000c724300000,0x000000c724400000) (1024K)]
  0x0000021a00aec080 JavaThread "Unconstrained build operations Thread 158"        [_thread_blocked, id=84028, stack(0x000000c724400000,0x000000c724500000) (1024K)]
  0x0000021a00aefb90 JavaThread "Unconstrained build operations Thread 159"        [_thread_blocked, id=83588, stack(0x000000c724500000,0x000000c724600000) (1024K)]
  0x0000021a00af0220 JavaThread "Unconstrained build operations Thread 160"        [_thread_blocked, id=82952, stack(0x000000c724600000,0x000000c724700000) (1024K)]
  0x0000021a00af08b0 JavaThread "Unconstrained build operations Thread 161"        [_thread_blocked, id=61292, stack(0x000000c724700000,0x000000c724800000) (1024K)]
  0x0000021a00aee150 JavaThread "Unconstrained build operations Thread 162"        [_thread_blocked, id=24448, stack(0x000000c724800000,0x000000c724900000) (1024K)]
  0x0000021a00aee7e0 JavaThread "Unconstrained build operations Thread 163"        [_thread_blocked, id=52712, stack(0x000000c724900000,0x000000c724a00000) (1024K)]
  0x0000021a016caee0 JavaThread "Unconstrained build operations Thread 164"        [_thread_blocked, id=60044, stack(0x000000c724a00000,0x000000c724b00000) (1024K)]
  0x0000021a016cc290 JavaThread "Unconstrained build operations Thread 165"        [_thread_blocked, id=44892, stack(0x000000c724b00000,0x000000c724c00000) (1024K)]
  0x0000021a016ce360 JavaThread "Unconstrained build operations Thread 166"        [_thread_blocked, id=77248, stack(0x000000c724c00000,0x000000c724d00000) (1024K)]
  0x0000021a016cc920 JavaThread "Unconstrained build operations Thread 167"        [_thread_blocked, id=76464, stack(0x000000c724d00000,0x000000c724e00000) (1024K)]
  0x0000021a016ccfb0 JavaThread "Unconstrained build operations Thread 168"        [_thread_blocked, id=30788, stack(0x000000c725000000,0x000000c725100000) (1024K)]
  0x0000021a016cdcd0 JavaThread "build event listener"              [_thread_blocked, id=31488, stack(0x000000c723800000,0x000000c723900000) (1024K)]
  0x0000021a016cb570 JavaThread "File lock release action executor Thread 7"        [_thread_blocked, id=43216, stack(0x000000c723900000,0x000000c723a00000) (1024K)]
  0x0000021a016cbc00 JavaThread "File lock release action executor Thread 8"        [_thread_blocked, id=84312, stack(0x000000c723a00000,0x000000c723b00000) (1024K)]
  0x0000021a016d0430 JavaThread "File lock release action executor Thread 9"        [_thread_blocked, id=85456, stack(0x000000c723b00000,0x000000c723c00000) (1024K)]
  0x0000021a016d0ac0 JavaThread "File lock release action executor Thread 10"        [_thread_blocked, id=53220, stack(0x000000c725100000,0x000000c725200000) (1024K)]
  0x0000021a016d1150 JavaThread "File lock release action executor Thread 11"        [_thread_blocked, id=84800, stack(0x000000c725200000,0x000000c725300000) (1024K)]
  0x0000021a016d17e0 JavaThread "File lock release action executor Thread 12"        [_thread_blocked, id=30540, stack(0x000000c725300000,0x000000c725400000) (1024K)]
  0x0000021a016d1e70 JavaThread "File lock release action executor Thread 13"        [_thread_blocked, id=52676, stack(0x000000c725400000,0x000000c725500000) (1024K)]
  0x0000021a016ce9f0 JavaThread "File lock release action executor Thread 14"        [_thread_blocked, id=85640, stack(0x000000c725500000,0x000000c725600000) (1024K)]
  0x0000021a016d2500 JavaThread "File lock release action executor Thread 15"        [_thread_blocked, id=31532, stack(0x000000c725600000,0x000000c725700000) (1024K)]
  0x0000021a016cf080 JavaThread "File lock release action executor Thread 16"        [_thread_blocked, id=85228, stack(0x000000c725700000,0x000000c725800000) (1024K)]
  0x0000021a016cfda0 JavaThread "File lock release action executor Thread 17"        [_thread_blocked, id=85624, stack(0x000000c725800000,0x000000c725900000) (1024K)]
  0x0000021a016d2b90 JavaThread "File lock release action executor Thread 18"        [_thread_blocked, id=82176, stack(0x000000c725900000,0x000000c725a00000) (1024K)]
  0x0000021a016cf710 JavaThread "File lock release action executor Thread 19"        [_thread_blocked, id=43644, stack(0x000000c725a00000,0x000000c725b00000) (1024K)]
  0x0000021a016d52f0 JavaThread "build event listener"              [_thread_blocked, id=83440, stack(0x000000c725b00000,0x000000c725c00000) (1024K)]
  0x0000021a016d38b0 JavaThread "File lock release action executor Thread 20"        [_thread_blocked, id=56884, stack(0x000000c725c00000,0x000000c725d00000) (1024K)]
  0x0000021a016d5980 JavaThread "File lock release action executor Thread 21"        [_thread_blocked, id=18656, stack(0x000000c725d00000,0x000000c725e00000) (1024K)]
  0x0000021a018a2520 JavaThread "C1 CompilerThread1"         daemon [_thread_blocked, id=83696, stack(0x000000c725e00000,0x000000c725f00000) (1024K)]
  0x0000021a018a10b0 JavaThread "C1 CompilerThread2"         daemon [_thread_blocked, id=5724, stack(0x000000c725f00000,0x000000c726000000) (1024K)]
  0x0000021a7e64f9e0 JavaThread "Problems report writer"            [_thread_blocked, id=41704, stack(0x000000c726000000,0x000000c726100000) (1024K)]
  0x0000021a7e64f350 JavaThread "pool-3-thread-1"                   [_thread_blocked, id=62108, stack(0x000000c726100000,0x000000c726200000) (1024K)]
Total: 246

Other Threads:
  0x0000021a33043a10 VMThread "VM Thread"                           [id=72976, stack(0x000000c715900000,0x000000c715a00000) (1024K)]
  0x0000021a33035220 WatcherThread "VM Periodic Task Thread"        [id=72972, stack(0x000000c715800000,0x000000c715900000) (1024K)]
  0x0000021a04f3c6d0 WorkerThread "GC Thread#0"                     [id=72952, stack(0x000000c715300000,0x000000c715400000) (1024K)]
  0x0000021a36462090 WorkerThread "GC Thread#1"                     [id=73404, stack(0x000000c716400000,0x000000c716500000) (1024K)]
  0x0000021a36472da0 WorkerThread "GC Thread#2"                     [id=73408, stack(0x000000c716500000,0x000000c716600000) (1024K)]
=>0x0000021a36426860 WorkerThread "GC Thread#3"                     [id=73416, stack(0x000000c716600000,0x000000c716700000) (1024K)]
  0x0000021a36426c10 WorkerThread "GC Thread#4"                     [id=73420, stack(0x000000c716700000,0x000000c716800000) (1024K)]
  0x0000021a36426fc0 WorkerThread "GC Thread#5"                     [id=73424, stack(0x000000c716800000,0x000000c716900000) (1024K)]
  0x0000021a3629d0d0 WorkerThread "GC Thread#6"                     [id=74684, stack(0x000000c717000000,0x000000c717100000) (1024K)]
  0x0000021a3629d480 WorkerThread "GC Thread#7"                     [id=74688, stack(0x000000c717100000,0x000000c717200000) (1024K)]
  0x0000021a3660df10 WorkerThread "GC Thread#8"                     [id=74692, stack(0x000000c717200000,0x000000c717300000) (1024K)]
  0x0000021a362eecd0 WorkerThread "GC Thread#9"                     [id=74696, stack(0x000000c717300000,0x000000c717400000) (1024K)]
  0x0000021a362ee920 WorkerThread "GC Thread#10"                    [id=74700, stack(0x000000c717400000,0x000000c717500000) (1024K)]
  0x0000021a362eda60 WorkerThread "GC Thread#11"                    [id=74704, stack(0x000000c717500000,0x000000c717600000) (1024K)]
  0x0000021a362ed6b0 WorkerThread "GC Thread#12"                    [id=74708, stack(0x000000c717600000,0x000000c717700000) (1024K)]
  0x0000021a362ee1c0 WorkerThread "GC Thread#13"                    [id=74712, stack(0x000000c717700000,0x000000c717800000) (1024K)]
  0x0000021a7c1ed6d0 WorkerThread "GC Thread#14"                    [id=39076, stack(0x000000c716900000,0x000000c716a00000) (1024K)]
  0x0000021a04f4e0f0 ConcurrentGCThread "G1 Main Marker"            [id=72956, stack(0x000000c715400000,0x000000c715500000) (1024K)]
  0x0000021a32e71c00 WorkerThread "G1 Conc#0"                       [id=72960, stack(0x000000c715500000,0x000000c715600000) (1024K)]
  0x0000021a7c1ecf70 WorkerThread "G1 Conc#1"                       [id=71740, stack(0x000000c716a00000,0x000000c716b00000) (1024K)]
  0x0000021a7c1ede30 WorkerThread "G1 Conc#2"                       [id=40792, stack(0x000000c718100000,0x000000c718200000) (1024K)]
  0x0000021a7c1ee1e0 WorkerThread "G1 Conc#3"                       [id=51740, stack(0x000000c718200000,0x000000c718300000) (1024K)]
  0x0000021a32effa30 ConcurrentGCThread "G1 Refine#0"               [id=72964, stack(0x000000c715600000,0x000000c715700000) (1024K)]
  0x0000021a32efff70 ConcurrentGCThread "G1 Service"                [id=72968, stack(0x000000c715700000,0x000000c715800000) (1024K)]
Total: 24

Threads with active compile tasks:
Total: 0

VM state: at safepoint (normal execution)

VM Mutex/Monitor currently owned by a thread:  ([mutex/lock_event])
[0x00007ffcefdad030] FreeList_lock - owner thread: 0x0000021a36426860
[0x00007ffcefdaf5b0] Threads_lock - owner thread: 0x0000021a33043a10
[0x00007ffcefdaf6b0] Heap_lock - owner thread: 0x0000021a7c660e60

Heap address: 0x0000000600000000, size: 8192 MB, Compressed Oops mode: Zero based, Oop shift amount: 3

CDS archive(s) mapped at: [0x0000021a37000000-0x0000021a37ba0000-0x0000021a37ba0000), size 12189696, SharedBaseAddress: 0x0000021a37000000, ArchiveRelocationMode: 1.
Compressed class space mapped at: 0x0000021a38000000-0x0000021a78000000, reserved size: 1073741824
Narrow klass base: 0x0000021a37000000, Narrow klass shift: 0, Narrow klass range: 0x100000000

GC Precious Log:
 CardTable entry size: 512
 Card Set container configuration: InlinePtr #cards 4 size 8 Array Of Cards #cards 32 size 80 Howl #buckets 8 coarsen threshold 7372 Howl Bitmap #cards 1024 size 144 coarsen threshold 921 Card regions per heap region 1 cards per card region 8192
 CPUs: 20 total, 20 available
 Memory: 16068M
 Large Page Support: Disabled
 NUMA Support: Disabled
 Compressed Oops: Enabled (Zero based)
 Heap Region Size: 4M
 Heap Min Capacity: 8M
 Heap Initial Capacity: 252M
 Heap Max Capacity: 8G
 Pre-touch: Disabled
 Parallel Workers: 15
 Concurrent Workers: 4
 Concurrent Refinement Workers: 15
 Periodic GC: Disabled

Heap:
 garbage-first heap   total 180224K, used 166036K [0x0000000600000000, 0x0000000800000000)
  region size 4096K, 17 young (69632K), 2 survivors (8192K)
 Metaspace       used 106464K, committed 108800K, reserved 1179648K
  class space    used 15063K, committed 16192K, reserved 1048576K

Heap Regions: E=young(eden), S=young(survivor), O=old, HS=humongous(starts), HC=humongous(continues), CS=collection set, F=free, TAMS=top-at-mark-start, PB=parsable bottom
|   0|0x0000000600000000, 0x0000000600400000, 0x0000000600400000|100%|HS|  |TAMS 0x0000000600000000| PB 0x0000000600000000| Complete 
|   1|0x0000000600400000, 0x0000000600800000, 0x0000000600800000|100%| O|  |TAMS 0x0000000600400000| PB 0x0000000600400000| Untracked 
|   2|0x0000000600800000, 0x0000000600c00000, 0x0000000600c00000|100%| O|  |TAMS 0x0000000600800000| PB 0x0000000600800000| Untracked 
|   3|0x0000000600c00000, 0x0000000601000000, 0x0000000601000000|100%| O|  |TAMS 0x0000000600c00000| PB 0x0000000600c00000| Untracked 
|   4|0x0000000601000000, 0x0000000601400000, 0x0000000601400000|100%| O|  |TAMS 0x0000000601000000| PB 0x0000000601000000| Untracked 
|   5|0x0000000601400000, 0x0000000601800000, 0x0000000601800000|100%| O|  |TAMS 0x0000000601400000| PB 0x0000000601400000| Untracked 
|   6|0x0000000601800000, 0x0000000601c00000, 0x0000000601c00000|100%| O|  |TAMS 0x0000000601800000| PB 0x0000000601800000| Untracked 
|   7|0x0000000601c00000, 0x0000000602000000, 0x0000000602000000|100%| O|  |TAMS 0x0000000601c00000| PB 0x0000000601c00000| Untracked 
|   8|0x0000000602000000, 0x0000000602400000, 0x0000000602400000|100%| O|  |TAMS 0x0000000602000000| PB 0x0000000602000000| Untracked 
|   9|0x0000000602400000, 0x0000000602800000, 0x0000000602800000|100%| O|  |TAMS 0x0000000602400000| PB 0x0000000602400000| Untracked 
|  10|0x0000000602800000, 0x0000000602c00000, 0x0000000602c00000|100%| O|  |TAMS 0x0000000602800000| PB 0x0000000602800000| Untracked 
|  11|0x0000000602c00000, 0x0000000603000000, 0x0000000603000000|100%| O|  |TAMS 0x0000000602c00000| PB 0x0000000602c00000| Untracked 
|  12|0x0000000603000000, 0x0000000603400000, 0x0000000603400000|100%| O|  |TAMS 0x0000000603000000| PB 0x0000000603000000| Untracked 
|  13|0x0000000603400000, 0x0000000603800000, 0x0000000603800000|100%| O|CS|TAMS 0x0000000603400000| PB 0x0000000603400000| Complete 
|  14|0x0000000603800000, 0x0000000603acba90, 0x0000000603c00000| 69%| O|  |TAMS 0x0000000603800000| PB 0x0000000603800000| Untracked 
|  15|0x0000000603c00000, 0x0000000604000000, 0x0000000604000000|100%| O|  |TAMS 0x0000000603c00000| PB 0x0000000603c00000| Untracked 
|  16|0x0000000604000000, 0x0000000604400000, 0x0000000604400000|100%| O|  |TAMS 0x0000000604000000| PB 0x0000000604000000| Untracked 
|  17|0x0000000604400000, 0x0000000604800000, 0x0000000604800000|100%| O|  |TAMS 0x0000000604400000| PB 0x0000000604400000| Untracked 
|  18|0x0000000604800000, 0x0000000604c00000, 0x0000000604c00000|100%| O|  |TAMS 0x0000000604800000| PB 0x0000000604800000| Untracked 
|  19|0x0000000604c00000, 0x0000000605000000, 0x0000000605000000|100%| O|  |TAMS 0x0000000604c00000| PB 0x0000000604c00000| Untracked 
|  20|0x0000000605000000, 0x0000000605400000, 0x0000000605400000|100%| O|  |TAMS 0x0000000605000000| PB 0x0000000605000000| Untracked 
|  21|0x0000000605400000, 0x0000000605800000, 0x0000000605800000|100%| O|  |TAMS 0x0000000605400000| PB 0x0000000605400000| Untracked 
|  22|0x0000000605800000, 0x0000000605c00000, 0x0000000605c00000|100%| S|  |TAMS 0x0000000605800000| PB 0x0000000605800000| Complete 
|  23|0x0000000605c00000, 0x0000000606000000, 0x0000000606000000|100%| S|  |TAMS 0x0000000605c00000| PB 0x0000000605c00000| Complete 
|  24|0x0000000606000000, 0x0000000606241aa0, 0x0000000606400000| 56%| E|CS|TAMS 0x0000000606000000| PB 0x0000000606000000| Complete 
|  25|0x0000000606400000, 0x0000000606800000, 0x0000000606800000|100%| E|CS|TAMS 0x0000000606400000| PB 0x0000000606400000| Complete 
|  26|0x0000000606800000, 0x0000000606c00000, 0x0000000606c00000|100%| E|CS|TAMS 0x0000000606800000| PB 0x0000000606800000| Complete 
|  27|0x0000000606c00000, 0x0000000607000000, 0x0000000607000000|100%| E|CS|TAMS 0x0000000606c00000| PB 0x0000000606c00000| Complete 
|  28|0x0000000607000000, 0x0000000607400000, 0x0000000607400000|100%| E|CS|TAMS 0x0000000607000000| PB 0x0000000607000000| Complete 
|  29|0x0000000607400000, 0x0000000607800000, 0x0000000607800000|100%| E|CS|TAMS 0x0000000607400000| PB 0x0000000607400000| Complete 
|  30|0x0000000607800000, 0x0000000607c00000, 0x0000000607c00000|100%| E|CS|TAMS 0x0000000607800000| PB 0x0000000607800000| Complete 
|  31|0x0000000607c00000, 0x0000000608000000, 0x0000000608000000|100%| E|CS|TAMS 0x0000000607c00000| PB 0x0000000607c00000| Complete 
|  32|0x0000000608000000, 0x0000000608400000, 0x0000000608400000|100%| E|CS|TAMS 0x0000000608000000| PB 0x0000000608000000| Complete 
|  33|0x0000000608400000, 0x0000000608800000, 0x0000000608800000|100%| E|CS|TAMS 0x0000000608400000| PB 0x0000000608400000| Complete 
|  34|0x0000000608800000, 0x0000000608c00000, 0x0000000608c00000|100%| E|CS|TAMS 0x0000000608800000| PB 0x0000000608800000| Complete 
|  35|0x0000000608c00000, 0x0000000609000000, 0x0000000609000000|100%| E|CS|TAMS 0x0000000608c00000| PB 0x0000000608c00000| Complete 
|  36|0x0000000609000000, 0x0000000609400000, 0x0000000609400000|100%| E|CS|TAMS 0x0000000609000000| PB 0x0000000609000000| Complete 
|  37|0x0000000609400000, 0x0000000609800000, 0x0000000609800000|100%| E|CS|TAMS 0x0000000609400000| PB 0x0000000609400000| Complete 
|  40|0x000000060a000000, 0x000000060a400000, 0x000000060a400000|100%| E|CS|TAMS 0x000000060a000000| PB 0x000000060a000000| Complete 
|  44|0x000000060b000000, 0x000000060b400000, 0x000000060b400000|100%| E|CS|TAMS 0x000000060b000000| PB 0x000000060b000000| Complete 
|  62|0x000000060f800000, 0x000000060fc00000, 0x000000060fc00000|100%| E|CS|TAMS 0x000000060f800000| PB 0x000000060f800000| Complete 
|2045|0x00000007ff400000, 0x00000007ff800000, 0x00000007ff800000|100%| O|  |TAMS 0x00000007ff400000| PB 0x00000007ff400000| Untracked 
|2046|0x00000007ff800000, 0x00000007ffc00000, 0x00000007ffc00000|100%| O|  |TAMS 0x00000007ff800000| PB 0x00000007ff800000| Untracked 
|2047|0x00000007ffc00000, 0x0000000800000000, 0x0000000800000000|100%| O|  |TAMS 0x00000007ffc00000| PB 0x00000007ffc00000| Untracked 

Card table byte_map: [0x0000021a29d60000,0x0000021a2ad60000] _byte_map_base: 0x0000021a26d60000

Marking Bits: (CMBitMap*) 0x0000021a04f3ccf0
 Bits: [0x0000021a2ad60000, 0x0000021a32d60000)

Polling page: 0x0000021a03060000

Metaspace:

Usage:
  Non-class:     89.26 MB used.
      Class:     14.71 MB used.
       Both:    103.97 MB used.

Virtual space:
  Non-class space:      128.00 MB reserved,      90.44 MB ( 71%) committed,  2 nodes.
      Class space:        1.00 GB reserved,      15.81 MB (  2%) committed,  1 nodes.
             Both:        1.12 GB reserved,     106.25 MB (  9%) committed. 

Chunk freelists:
   Non-Class:  5.16 MB
       Class:  129.00 KB
        Both:  5.28 MB

MaxMetaspaceSize: 4.00 GB
CompressedClassSpaceSize: 1.00 GB
Initial GC threshold: 21.00 MB
Current GC threshold: 163.06 MB
CDS: on
 - commit_granule_bytes: 65536.
 - commit_granule_words: 8192.
 - virtual_space_node_default_size: 8388608.
 - enlarge_chunks_in_place: 1.
 - use_allocation_guard: 0.


Internal statistics:

num_allocs_failed_limit: 12.
num_arena_births: 4324.
num_arena_deaths: 0.
num_vsnodes_births: 3.
num_vsnodes_deaths: 0.
num_space_committed: 1699.
num_space_uncommitted: 0.
num_chunks_returned_to_freelist: 12.
num_chunks_taken_from_freelist: 9332.
num_chunk_merges: 12.
num_chunk_splits: 6165.
num_chunks_enlarged: 3942.
num_inconsistent_stats: 0.

CodeHeap 'non-profiled nmethods': size=258432Kb used=7045Kb max_used=7045Kb free=251386Kb
 bounds [0x0000021a18430000, 0x0000021a18b20000, 0x0000021a28090000]
CodeHeap 'profiled nmethods': size=258368Kb used=23774Kb max_used=23774Kb free=234593Kb
 bounds [0x0000021a08090000, 0x0000021a097d0000, 0x0000021a17ce0000]
CodeHeap 'non-nmethods': size=7488Kb used=3154Kb max_used=3704Kb free=4333Kb
 bounds [0x0000021a17ce0000, 0x0000021a18090000, 0x0000021a18430000]
CodeCache: size=524288Kb, used=33973Kb, max_used=34523Kb, free=490312Kb
 total_blobs=13134, nmethods=12249, adapters=787, full_count=0
Compilation: enabled, stopped_count=0, restarted_count=0

Compilation events (20 events):
Event: 239.298 Thread 0x0000021a018a10b0 14258       3       org.gradle.internal.instantiation.generator.AsmBackedClassGenerator$$Lambda/0x0000021a387a4230::isSatisfiedBy (8 bytes)
Event: 239.298 Thread 0x0000021a018a2520 14259       3       org.gradle.internal.instantiation.generator.AsmBackedClassGenerator::lambda$createForSerialization$0 (11 bytes)
Event: 239.299 Thread 0x0000021a018a2520 nmethod 14259 0x0000021a097c5310 code [0x0000021a097c54c0, 0x0000021a097c5618]
Event: 239.299 Thread 0x0000021a018a10b0 nmethod 14258 0x0000021a097c5710 code [0x0000021a097c58e0, 0x0000021a097c5ba0]
Event: 239.364 Thread 0x0000021a018a10b0 14260       1       com.google.common.cache.LocalCache$2::offer (2 bytes)
Event: 239.364 Thread 0x0000021a018a10b0 nmethod 14260 0x0000021a18b10a90 code [0x0000021a18b10c20, 0x0000021a18b10ce8]
Event: 239.366 Thread 0x0000021a018a2520 14261       3       java.security.SecureClassLoader$1::apply (9 bytes)
Event: 239.366 Thread 0x0000021a018a10b0 14262       3       java.security.SecureClassLoader$1::apply (71 bytes)
Event: 239.366 Thread 0x0000021a360720e0 14263       3       java.security.SecureClassLoader::getPermissions (8 bytes)
Event: 239.367 Thread 0x0000021a018a2520 nmethod 14261 0x0000021a097c5d10 code [0x0000021a097c5ec0, 0x0000021a097c6108]
Event: 239.367 Thread 0x0000021a018a2520 14264       3       java.security.Permissions::<init> (28 bytes)
Event: 239.367 Thread 0x0000021a018a10b0 nmethod 14262 0x0000021a097c6210 code [0x0000021a097c63e0, 0x0000021a097c66b8]
Event: 239.367 Thread 0x0000021a360720e0 nmethod 14263 0x0000021a097c6810 code [0x0000021a097c6a00, 0x0000021a097c6e48]
Event: 239.367 Thread 0x0000021a018a2520 nmethod 14264 0x0000021a097c7010 code [0x0000021a097c7200, 0x0000021a097c7588]
Event: 239.369 Thread 0x0000021a018a10b0 14265       3       java.util.logging.LogManager::getProperty (9 bytes)
Event: 239.369 Thread 0x0000021a018a10b0 nmethod 14265 0x0000021a097c7710 code [0x0000021a097c78c0, 0x0000021a097c7aa0]
Event: 239.383 Thread 0x0000021a3306cc10 14266       4       java.util.concurrent.ConcurrentLinkedQueue$Node::<init> (13 bytes)
Event: 239.385 Thread 0x0000021a3306cc10 nmethod 14266 0x0000021a18b10d90 code [0x0000021a18b10f20, 0x0000021a18b11080]
Event: 239.385 Thread 0x0000021a3306cc10 14267       4       java.util.HashMap::clear (50 bytes)
Event: 239.389 Thread 0x0000021a3306cc10 nmethod 14267 0x0000021a18b11110 code [0x0000021a18b112a0, 0x0000021a18b11548]

GC Heap History (20 events):
Event: 216.841 GC heap after
{Heap after GC invocations=22 (full 0):
 garbage-first heap   total 143360K, used 67260K [0x0000000600000000, 0x0000000800000000)
  region size 4096K, 3 young (12288K), 3 survivors (12288K)
 Metaspace       used 71069K, committed 73216K, reserved 1114112K
  class space    used 10487K, committed 11520K, reserved 1048576K
}
Event: 217.375 GC heap before
{Heap before GC invocations=22 (full 0):
 garbage-first heap   total 143360K, used 116412K [0x0000000600000000, 0x0000000800000000)
  region size 4096K, 16 young (65536K), 3 survivors (12288K)
 Metaspace       used 71432K, committed 73600K, reserved 1114112K
  class space    used 10531K, committed 11584K, reserved 1048576K
}
Event: 217.389 GC heap after
{Heap after GC invocations=23 (full 0):
 garbage-first heap   total 143360K, used 69348K [0x0000000600000000, 0x0000000800000000)
  region size 4096K, 2 young (8192K), 2 survivors (8192K)
 Metaspace       used 71432K, committed 73600K, reserved 1114112K
  class space    used 10531K, committed 11584K, reserved 1048576K
}
Event: 219.931 GC heap before
{Heap before GC invocations=23 (full 0):
 garbage-first heap   total 143360K, used 118500K [0x0000000600000000, 0x0000000800000000)
  region size 4096K, 15 young (61440K), 2 survivors (8192K)
 Metaspace       used 73543K, committed 75776K, reserved 1114112K
  class space    used 10802K, committed 11904K, reserved 1048576K
}
Event: 219.936 GC heap after
{Heap after GC invocations=24 (full 0):
 garbage-first heap   total 143360K, used 80878K [0x0000000600000000, 0x0000000800000000)
  region size 4096K, 2 young (8192K), 2 survivors (8192K)
 Metaspace       used 73543K, committed 75776K, reserved 1114112K
  class space    used 10802K, committed 11904K, reserved 1048576K
}
Event: 220.721 GC heap before
{Heap before GC invocations=25 (full 0):
 garbage-first heap   total 143360K, used 117742K [0x0000000600000000, 0x0000000800000000)
  region size 4096K, 11 young (45056K), 2 survivors (8192K)
 Metaspace       used 77040K, committed 79168K, reserved 1179648K
  class space    used 11187K, committed 12224K, reserved 1048576K
}
Event: 220.725 GC heap after
{Heap after GC invocations=26 (full 0):
 garbage-first heap   total 180224K, used 82404K [0x0000000600000000, 0x0000000800000000)
  region size 4096K, 1 young (4096K), 1 survivors (4096K)
 Metaspace       used 77040K, committed 79168K, reserved 1179648K
  class space    used 11187K, committed 12224K, reserved 1048576K
}
Event: 222.820 GC heap before
{Heap before GC invocations=26 (full 0):
 garbage-first heap   total 180224K, used 147940K [0x0000000600000000, 0x0000000800000000)
  region size 4096K, 18 young (73728K), 1 survivors (4096K)
 Metaspace       used 82498K, committed 84736K, reserved 1179648K
  class space    used 11821K, committed 12928K, reserved 1048576K
}
Event: 222.825 GC heap after
{Heap after GC invocations=27 (full 0):
 garbage-first heap   total 180224K, used 88148K [0x0000000600000000, 0x0000000800000000)
  region size 4096K, 2 young (8192K), 2 survivors (8192K)
 Metaspace       used 82498K, committed 84736K, reserved 1179648K
  class space    used 11821K, committed 12928K, reserved 1048576K
}
Event: 227.258 GC heap before
{Heap before GC invocations=27 (full 0):
 garbage-first heap   total 180224K, used 153684K [0x0000000600000000, 0x0000000800000000)
  region size 4096K, 18 young (73728K), 2 survivors (8192K)
 Metaspace       used 86574K, committed 88832K, reserved 1179648K
  class space    used 12366K, committed 13504K, reserved 1048576K
}
Event: 227.262 GC heap after
{Heap after GC invocations=28 (full 0):
 garbage-first heap   total 180224K, used 95706K [0x0000000600000000, 0x0000000800000000)
  region size 4096K, 2 young (8192K), 2 survivors (8192K)
 Metaspace       used 86574K, committed 88832K, reserved 1179648K
  class space    used 12366K, committed 13504K, reserved 1048576K
}
Event: 230.514 GC heap before
{Heap before GC invocations=29 (full 0):
 garbage-first heap   total 180224K, used 157146K [0x0000000600000000, 0x0000000800000000)
  region size 4096K, 17 young (69632K), 2 survivors (8192K)
 Metaspace       used 90670K, committed 92928K, reserved 1179648K
  class space    used 12964K, committed 14080K, reserved 1048576K
}
Event: 230.524 GC heap after
{Heap after GC invocations=30 (full 0):
 garbage-first heap   total 180224K, used 99534K [0x0000000600000000, 0x0000000800000000)
  region size 4096K, 1 young (4096K), 1 survivors (4096K)
 Metaspace       used 90670K, committed 92928K, reserved 1179648K
  class space    used 12964K, committed 14080K, reserved 1048576K
}
Event: 233.859 GC heap before
{Heap before GC invocations=30 (full 0):
 garbage-first heap   total 180224K, used 156878K [0x0000000600000000, 0x0000000800000000)
  region size 4096K, 15 young (61440K), 1 survivors (4096K)
 Metaspace       used 93252K, committed 95616K, reserved 1179648K
  class space    used 13303K, committed 14464K, reserved 1048576K
}
Event: 233.864 GC heap after
{Heap after GC invocations=31 (full 0):
 garbage-first heap   total 180224K, used 100456K [0x0000000600000000, 0x0000000800000000)
  region size 4096K, 2 young (8192K), 2 survivors (8192K)
 Metaspace       used 93252K, committed 95616K, reserved 1179648K
  class space    used 13303K, committed 14464K, reserved 1048576K
}
Event: 235.210 GC heap before
{Heap before GC invocations=31 (full 0):
 garbage-first heap   total 180224K, used 157800K [0x0000000600000000, 0x0000000800000000)
  region size 4096K, 16 young (65536K), 2 survivors (8192K)
 Metaspace       used 97820K, committed 100096K, reserved 1179648K
  class space    used 14096K, committed 15232K, reserved 1048576K
}
Event: 235.216 GC heap after
{Heap after GC invocations=32 (full 0):
 garbage-first heap   total 180224K, used 102776K [0x0000000600000000, 0x0000000800000000)
  region size 4096K, 2 young (8192K), 2 survivors (8192K)
 Metaspace       used 97820K, committed 100096K, reserved 1179648K
  class space    used 14096K, committed 15232K, reserved 1048576K
}
Event: 237.328 GC heap before
{Heap before GC invocations=33 (full 0):
 garbage-first heap   total 180224K, used 160120K [0x0000000600000000, 0x0000000800000000)
  region size 4096K, 16 young (65536K), 2 survivors (8192K)
 Metaspace       used 101412K, committed 103744K, reserved 1179648K
  class space    used 14597K, committed 15744K, reserved 1048576K
}
Event: 237.332 GC heap after
{Heap after GC invocations=34 (full 0):
 garbage-first heap   total 180224K, used 104596K [0x0000000600000000, 0x0000000800000000)
  region size 4096K, 2 young (8192K), 2 survivors (8192K)
 Metaspace       used 101412K, committed 103744K, reserved 1179648K
  class space    used 14597K, committed 15744K, reserved 1048576K
}
Event: 239.397 GC heap before
{Heap before GC invocations=34 (full 0):
 garbage-first heap   total 180224K, used 161940K [0x0000000600000000, 0x0000000800000000)
  region size 4096K, 17 young (69632K), 2 survivors (8192K)
 Metaspace       used 106464K, committed 108800K, reserved 1179648K
  class space    used 15063K, committed 16192K, reserved 1048576K
}

Dll operation events (20 events):
Event: 0.292 Attempting to load shared library C:\Users\AJI\.vscode\extensions\redhat.java-1.56.0-win32-x64\jre\21.0.12.1-win32-x86_64\bin\nio.dll
Event: 0.295 Loaded shared library C:\Users\AJI\.vscode\extensions\redhat.java-1.56.0-win32-x64\jre\21.0.12.1-win32-x86_64\bin\nio.dll
Event: 0.300 Attempting to load shared library C:\Users\AJI\.vscode\extensions\redhat.java-1.56.0-win32-x64\jre\21.0.12.1-win32-x86_64\bin\zip.dll
Event: 0.300 Loaded shared library C:\Users\AJI\.vscode\extensions\redhat.java-1.56.0-win32-x64\jre\21.0.12.1-win32-x86_64\bin\zip.dll
Event: 1.050 Attempting to load shared library C:\Users\AJI\.vscode\extensions\redhat.java-1.56.0-win32-x64\jre\21.0.12.1-win32-x86_64\bin\jimage.dll
Event: 1.050 Loaded shared library C:\Users\AJI\.vscode\extensions\redhat.java-1.56.0-win32-x64\jre\21.0.12.1-win32-x86_64\bin\jimage.dll
Event: 1.700 Attempting to load shared library C:\Users\AJI\.vscode\extensions\redhat.java-1.56.0-win32-x64\jre\21.0.12.1-win32-x86_64\bin\verify.dll
Event: 1.701 Loaded shared library C:\Users\AJI\.vscode\extensions\redhat.java-1.56.0-win32-x64\jre\21.0.12.1-win32-x86_64\bin\verify.dll
Event: 1.771 Attempting to load shared library C:\Users\AJI\.gradle\native\1def1411415f61bf3af743bc5b6707747c0891f09f0c88961ee8f79bc544acac\windows-amd64\native-platform.dll
Event: 1.776 Loaded shared library C:\Users\AJI\.gradle\native\1def1411415f61bf3af743bc5b6707747c0891f09f0c88961ee8f79bc544acac\windows-amd64\native-platform.dll
Event: 1.790 Attempting to load shared library C:\Users\AJI\.gradle\native\0.2.8\x86_64-windows-gnu\gradle-fileevents.dll
Event: 1.797 Loaded shared library C:\Users\AJI\.gradle\native\0.2.8\x86_64-windows-gnu\gradle-fileevents.dll
Event: 4.675 Attempting to load shared library C:\Users\AJI\.vscode\extensions\redhat.java-1.56.0-win32-x64\jre\21.0.12.1-win32-x86_64\bin\management.dll
Event: 4.676 Loaded shared library C:\Users\AJI\.vscode\extensions\redhat.java-1.56.0-win32-x64\jre\21.0.12.1-win32-x86_64\bin\management.dll
Event: 4.679 Attempting to load shared library C:\Users\AJI\.vscode\extensions\redhat.java-1.56.0-win32-x64\jre\21.0.12.1-win32-x86_64\bin\management_ext.dll
Event: 4.684 Loaded shared library C:\Users\AJI\.vscode\extensions\redhat.java-1.56.0-win32-x64\jre\21.0.12.1-win32-x86_64\bin\management_ext.dll
Event: 5.397 Attempting to load shared library C:\Users\AJI\.vscode\extensions\redhat.java-1.56.0-win32-x64\jre\21.0.12.1-win32-x86_64\bin\extnet.dll
Event: 5.399 Loaded shared library C:\Users\AJI\.vscode\extensions\redhat.java-1.56.0-win32-x64\jre\21.0.12.1-win32-x86_64\bin\extnet.dll
Event: 6.195 Attempting to load shared library C:\Users\AJI\.vscode\extensions\redhat.java-1.56.0-win32-x64\jre\21.0.12.1-win32-x86_64\bin\sunmscapi.dll
Event: 6.200 Loaded shared library C:\Users\AJI\.vscode\extensions\redhat.java-1.56.0-win32-x64\jre\21.0.12.1-win32-x86_64\bin\sunmscapi.dll

Deoptimization events (20 events):
Event: 239.090 Thread 0x0000021a7c660e60 Uncommon trap: trap_request=0xffffffc6 fr.pc=0x0000021a1887e128 relative=0x00000000000002a8
Event: 239.090 Thread 0x0000021a7c660e60 Uncommon trap: reason=bimorphic_or_optimized_type_check action=maybe_recompile pc=0x0000021a1887e128 method=com.google.protobuf.Descriptors$DescriptorPool.validateSymbolName(Lcom/google/protobuf/Descriptors$GenericDescriptor;)V @ 1 c2
Event: 239.090 Thread 0x0000021a7c660e60 DEOPT PACKING pc=0x0000021a1887e128 sp=0x000000c7179f7fb0
Event: 239.090 Thread 0x0000021a7c660e60 DEOPT UNPACKING pc=0x0000021a17d34422 sp=0x000000c7179f7f40 mode 2
Event: 239.090 Thread 0x0000021a7c660e60 Uncommon trap: trap_request=0xffffffc6 fr.pc=0x0000021a1887e128 relative=0x00000000000002a8
Event: 239.090 Thread 0x0000021a7c660e60 Uncommon trap: reason=bimorphic_or_optimized_type_check action=maybe_recompile pc=0x0000021a1887e128 method=com.google.protobuf.Descriptors$DescriptorPool.validateSymbolName(Lcom/google/protobuf/Descriptors$GenericDescriptor;)V @ 1 c2
Event: 239.090 Thread 0x0000021a7c660e60 DEOPT PACKING pc=0x0000021a1887e128 sp=0x000000c7179f7fb0
Event: 239.090 Thread 0x0000021a7c660e60 DEOPT UNPACKING pc=0x0000021a17d34422 sp=0x000000c7179f7f40 mode 2
Event: 239.090 Thread 0x0000021a7c660e60 Uncommon trap: trap_request=0xffffffc6 fr.pc=0x0000021a1887e128 relative=0x00000000000002a8
Event: 239.090 Thread 0x0000021a7c660e60 Uncommon trap: reason=bimorphic_or_optimized_type_check action=maybe_recompile pc=0x0000021a1887e128 method=com.google.protobuf.Descriptors$DescriptorPool.validateSymbolName(Lcom/google/protobuf/Descriptors$GenericDescriptor;)V @ 1 c2
Event: 239.090 Thread 0x0000021a7c660e60 DEOPT PACKING pc=0x0000021a1887e128 sp=0x000000c7179f80e0
Event: 239.090 Thread 0x0000021a7c660e60 DEOPT UNPACKING pc=0x0000021a17d34422 sp=0x000000c7179f8070 mode 2
Event: 239.090 Thread 0x0000021a7c660e60 Uncommon trap: trap_request=0xffffffc6 fr.pc=0x0000021a1887e128 relative=0x00000000000002a8
Event: 239.090 Thread 0x0000021a7c660e60 Uncommon trap: reason=bimorphic_or_optimized_type_check action=maybe_recompile pc=0x0000021a1887e128 method=com.google.protobuf.Descriptors$DescriptorPool.validateSymbolName(Lcom/google/protobuf/Descriptors$GenericDescriptor;)V @ 1 c2
Event: 239.090 Thread 0x0000021a7c660e60 DEOPT PACKING pc=0x0000021a1887e128 sp=0x000000c7179f7fb0
Event: 239.090 Thread 0x0000021a7c660e60 DEOPT UNPACKING pc=0x0000021a17d34422 sp=0x000000c7179f7f40 mode 2
Event: 239.395 Thread 0x0000021a7c660e60 Uncommon trap: trap_request=0xffffffde fr.pc=0x0000021a188a06c0 relative=0x0000000000000280
Event: 239.395 Thread 0x0000021a7c660e60 Uncommon trap: reason=class_check action=maybe_recompile pc=0x0000021a188a06c0 method=java.util.Comparator.lambda$comparing$77a9974f$1(Ljava/util/function/Function;Ljava/lang/Object;Ljava/lang/Object;)I @ 7 c2
Event: 239.395 Thread 0x0000021a7c660e60 DEOPT PACKING pc=0x0000021a188a06c0 sp=0x000000c7179fb950
Event: 239.395 Thread 0x0000021a7c660e60 DEOPT UNPACKING pc=0x0000021a17d34422 sp=0x000000c7179fb868 mode 2

Classes loaded (20 events):
Event: 235.538 Loading class java/net/Proxy
Event: 235.539 Loading class java/net/Proxy done
Event: 235.539 Loading class java/net/Proxy$Type
Event: 235.539 Loading class java/net/Proxy$Type done
Event: 235.651 Loading class java/io/FileReader
Event: 235.651 Loading class java/io/FileReader done
Event: 235.755 Loading class java/util/Currency
Event: 235.763 Loading class java/util/Currency done
Event: 235.859 Loading class jdk/internal/vm/annotation/ForceInline
Event: 235.859 Loading class jdk/internal/vm/annotation/ForceInline done
Event: 235.932 Loading class sun/reflect/generics/repository/FieldRepository
Event: 235.932 Loading class sun/reflect/generics/repository/FieldRepository done
Event: 238.658 Loading class java/lang/StackTraceElement$HashedModules
Event: 238.659 Loading class java/lang/StackTraceElement$HashedModules done
Event: 238.790 Loading class java/io/CharArrayReader
Event: 238.790 Loading class java/io/CharArrayReader done
Event: 239.380 Loading class sun/nio/ch/ChannelOutputStream
Event: 239.381 Loading class sun/nio/ch/ChannelOutputStream done
Event: 239.395 Loading class java/util/TreeMap$ValueSpliterator
Event: 239.395 Loading class java/util/TreeMap$ValueSpliterator done

Classes unloaded (0 events):
No events

Classes redefined (0 events):
No events

Internal exceptions (20 events):
Event: 229.649 Thread 0x0000021a7c660e60 Exception <a 'java/lang/ClassNotFoundException'{0x000000060703fea0}: org/jetbrains/kotlin/gradle/targets/js/npm/DefaultPeerNpmDependencyExtension$delegate$1BeanInfo> (0x000000060703fea0) 
thrown [s\src\hotspot\share\classfile\systemDictionary.cpp, line 313]
Event: 229.649 Thread 0x0000021a7c660e60 Exception <a 'java/lang/ClassNotFoundException'{0x000000060704c248}: org/jetbrains/kotlin/gradle/targets/js/npm/DefaultPeerNpmDependencyExtension$delegate$1Customizer> (0x000000060704c248) 
thrown [s\src\hotspot\share\classfile\systemDictionary.cpp, line 313]
Event: 233.732 Thread 0x0000021a7c660e60 Exception <a 'java/lang/NoSuchMethodError'{0x00000006070d9db8}: 'java.lang.Object java.lang.invoke.DirectMethodHandle$Holder.newInvokeSpecial(java.lang.Object, java.lang.Object, java.lang.Object, java.lang.Object, java.lang.Object, java.lang.Object, java.lang.Object, java.lang.Object, java.lang.Object, java.lang.Object, java.lang.Object, java.lang.Object, java.lang.Object, java.lang.Object)'> (0x00000006070d9db8) 
thrown [s\src\hotspot\share\interpreter\linkResolver.cpp, line 773]
Event: 234.826 Thread 0x0000021a7c660e60 Implicit null exception at 0x0000021a184f902a to 0x0000021a184face4
Event: 235.862 Thread 0x0000021a7c660e60 Exception <a 'java/lang/NoSuchMethodError'{0x00000006092d42f8}: 'void java.lang.invoke.Invokers$Holder.invokeExact_MT(java.lang.Object, java.lang.Object, java.lang.Object, java.lang.Object)'> (0x00000006092d42f8) 
thrown [s\src\hotspot\share\interpreter\linkResolver.cpp, line 773]
Event: 235.904 Thread 0x0000021a7c660e60 Implicit null exception at 0x0000021a184dcbde to 0x0000021a184dcc61
Event: 235.933 Thread 0x0000021a7c660e60 Exception <a 'java/lang/NoSuchMethodError'{0x0000000608d3b460}: 'void java.lang.invoke.DelegatingMethodHandle$Holder.reinvoke_L(java.lang.Object, java.lang.Object, int)'> (0x0000000608d3b460) 
thrown [s\src\hotspot\share\interpreter\linkResolver.cpp, line 773]
Event: 235.934 Thread 0x0000021a7c660e60 Exception <a 'java/lang/NoSuchMethodError'{0x0000000608d43048}: 'void java.lang.invoke.Invokers$Holder.invokeExact_MT(java.lang.Object, java.lang.Object, int, java.lang.Object)'> (0x0000000608d43048) 
thrown [s\src\hotspot\share\interpreter\linkResolver.cpp, line 773]
Event: 237.265 Thread 0x0000021a7c660e60 Exception <a 'java/lang/ClassNotFoundException'{0x0000000606eb1958}: com/android/build/gradle/internal/api/ApkVariantOutputImpl_DecoratedBeanInfo> (0x0000000606eb1958) 
thrown [s\src\hotspot\share\classfile\systemDictionary.cpp, line 313]
Event: 237.266 Thread 0x0000021a7c660e60 Exception <a 'java/lang/ClassNotFoundException'{0x0000000606ec2a80}: com/android/build/gradle/internal/api/ApkVariantOutputImplBeanInfo> (0x0000000606ec2a80) 
thrown [s\src\hotspot\share\classfile\systemDictionary.cpp, line 313]
Event: 237.266 Thread 0x0000021a7c660e60 Exception <a 'java/lang/ClassNotFoundException'{0x0000000606ed3bc8}: com/android/build/gradle/internal/api/BaseVariantOutputImplBeanInfo> (0x0000000606ed3bc8) 
thrown [s\src\hotspot\share\classfile\systemDictionary.cpp, line 313]
Event: 237.267 Thread 0x0000021a7c660e60 Exception <a 'java/lang/ClassNotFoundException'{0x0000000606ee4fa0}: com/android/build/gradle/internal/api/BaseVariantOutputImplCustomizer> (0x0000000606ee4fa0) 
thrown [s\src\hotspot\share\classfile\systemDictionary.cpp, line 313]
Event: 237.273 Thread 0x0000021a7c660e60 Exception <a 'java/lang/ClassNotFoundException'{0x0000000606f08e98}: com/android/build/gradle/internal/api/ApkVariantOutputImplCustomizer> (0x0000000606f08e98) 
thrown [s\src\hotspot\share\classfile\systemDictionary.cpp, line 313]
Event: 237.282 Thread 0x0000021a7c660e60 Exception <a 'java/lang/ClassNotFoundException'{0x0000000606f28028}: com/android/build/gradle/internal/api/ApkVariantOutputImpl_DecoratedCustomizer> (0x0000000606f28028) 
thrown [s\src\hotspot\share\classfile\systemDictionary.cpp, line 313]
Event: 237.581 Thread 0x0000021a7c660e60 Exception <a 'java/lang/ClassNotFoundException'{0x000000060b1a6078}: com/android/build/gradle/internal/api/ReadOnlyBuildTypeBeanInfo> (0x000000060b1a6078) 
thrown [s\src\hotspot\share\classfile\systemDictionary.cpp, line 313]
Event: 237.582 Thread 0x0000021a7c660e60 Exception <a 'java/lang/ClassNotFoundException'{0x000000060b1b73f0}: com/android/build/gradle/internal/api/ReadOnlyBaseConfigBeanInfo> (0x000000060b1b73f0) 
thrown [s\src\hotspot\share\classfile\systemDictionary.cpp, line 313]
Event: 237.583 Thread 0x0000021a7c660e60 Exception <a 'java/lang/ClassNotFoundException'{0x000000060b1c8790}: com/android/build/gradle/internal/api/ReadOnlyBaseConfigCustomizer> (0x000000060b1c8790) 
thrown [s\src\hotspot\share\classfile\systemDictionary.cpp, line 313]
Event: 237.584 Thread 0x0000021a7c660e60 Exception <a 'java/lang/ClassNotFoundException'{0x000000060b1eabf0}: com/android/build/gradle/internal/api/ReadOnlyBuildTypeCustomizer> (0x000000060b1eabf0) 
thrown [s\src\hotspot\share\classfile\systemDictionary.cpp, line 313]
Event: 239.287 Thread 0x0000021a7c660e60 Exception <a 'java/lang/NoSuchMethodError'{0x0000000606d23728}: static Lcom/android/build/gradle/internal/profile/ProjectData;.<clinit>()V> (0x0000000606d23728) 
thrown [s\src\hotspot\share\prims\jni.cpp, line 1111]
Event: 239.379 Thread 0x0000021a7c660e60 Exception <a 'sun/nio/fs/WindowsException'{0x0000000606792518}> (0x0000000606792518) 
thrown [s\src\hotspot\share\prims\jni.cpp, line 520]

ZGC Phase Switch (0 events):
No events

VM Operations (20 events):
Event: 234.023 Executing non-safepoint VM operation: HandshakeAllThreads (Deoptimize) done
Event: 235.030 Executing safepoint VM operation: Cleanup
Event: 235.030 Executing safepoint VM operation: Cleanup done
Event: 235.210 Executing safepoint VM operation: G1CollectForAllocation (G1 Evacuation Pause)
Event: 235.216 Executing safepoint VM operation: G1CollectForAllocation (G1 Evacuation Pause) done
Event: 235.266 Executing safepoint VM operation: G1PauseRemark
Event: 235.277 Executing safepoint VM operation: G1PauseRemark done
Event: 235.297 Executing safepoint VM operation: G1PauseCleanup
Event: 235.306 Executing safepoint VM operation: G1PauseCleanup done
Event: 235.654 Executing non-safepoint VM operation: HandshakeAllThreads (Deoptimize)
Event: 235.655 Executing non-safepoint VM operation: HandshakeAllThreads (Deoptimize) done
Event: 236.656 Executing safepoint VM operation: Cleanup
Event: 236.656 Executing safepoint VM operation: Cleanup done
Event: 237.328 Executing safepoint VM operation: G1CollectForAllocation (G1 Evacuation Pause)
Event: 237.332 Executing safepoint VM operation: G1CollectForAllocation (G1 Evacuation Pause) done
Event: 238.336 Executing safepoint VM operation: Cleanup
Event: 238.336 Executing safepoint VM operation: Cleanup done
Event: 239.337 Executing safepoint VM operation: Cleanup
Event: 239.352 Executing safepoint VM operation: Cleanup done
Event: 239.397 Executing safepoint VM operation: G1CollectForAllocation (G1 Evacuation Pause)

Memory protections (0 events):
No events

Nmethod flushes (20 events):
Event: 235.274 Thread 0x0000021a33043a10 flushing  nmethod 0x0000021a18686510
Event: 235.274 Thread 0x0000021a33043a10 flushing  nmethod 0x0000021a186b4b10
Event: 235.274 Thread 0x0000021a33043a10 flushing  nmethod 0x0000021a186fbb90
Event: 235.274 Thread 0x0000021a33043a10 flushing  nmethod 0x0000021a186fcb10
Event: 235.274 Thread 0x0000021a33043a10 flushing  nmethod 0x0000021a187cc710
Event: 235.274 Thread 0x0000021a33043a10 flushing  nmethod 0x0000021a1880da90
Event: 235.275 Thread 0x0000021a33043a10 flushing  nmethod 0x0000021a0817c810
Event: 235.275 Thread 0x0000021a33043a10 flushing  nmethod 0x0000021a08285e10
Event: 235.275 Thread 0x0000021a33043a10 flushing  nmethod 0x0000021a08418590
Event: 235.275 Thread 0x0000021a33043a10 flushing  nmethod 0x0000021a0847f410
Event: 235.275 Thread 0x0000021a33043a10 flushing  nmethod 0x0000021a0869de10
Event: 235.275 Thread 0x0000021a33043a10 flushing  nmethod 0x0000021a08731990
Event: 235.275 Thread 0x0000021a33043a10 flushing  nmethod 0x0000021a08736b10
Event: 235.275 Thread 0x0000021a33043a10 flushing  nmethod 0x0000021a087d7090
Event: 235.275 Thread 0x0000021a33043a10 flushing  nmethod 0x0000021a088ada90
Event: 235.275 Thread 0x0000021a33043a10 flushing  nmethod 0x0000021a0892f810
Event: 235.275 Thread 0x0000021a33043a10 flushing  nmethod 0x0000021a0892fd10
Event: 235.275 Thread 0x0000021a33043a10 flushing  nmethod 0x0000021a08bcf690
Event: 235.275 Thread 0x0000021a33043a10 flushing osr nmethod 0x0000021a08c15e10
Event: 235.275 Thread 0x0000021a33043a10 flushing  nmethod 0x0000021a08fc2110

Events (20 events):
Event: 227.258 Thread 0x0000021a7c661b80 Thread added: 0x0000021a016d0430
Event: 227.336 Thread 0x0000021a7c661b80 Thread added: 0x0000021a016d0ac0
Event: 227.339 Thread 0x0000021a7c661b80 Thread added: 0x0000021a016d1150
Event: 227.340 Thread 0x0000021a7c661b80 Thread added: 0x0000021a016d17e0
Event: 227.341 Thread 0x0000021a7c661b80 Thread added: 0x0000021a016d1e70
Event: 227.341 Thread 0x0000021a7c661b80 Thread added: 0x0000021a016ce9f0
Event: 227.341 Thread 0x0000021a7c661b80 Thread added: 0x0000021a016d2500
Event: 227.342 Thread 0x0000021a7c661b80 Thread added: 0x0000021a016cf080
Event: 227.356 Thread 0x0000021a7c661b80 Thread added: 0x0000021a016cfda0
Event: 227.361 Thread 0x0000021a7c661b80 Thread added: 0x0000021a016d2b90
Event: 227.445 Thread 0x0000021a7c661b80 Thread added: 0x0000021a016cf710
Event: 227.873 Thread 0x0000021a7c660e60 Thread added: 0x0000021a016d52f0
Event: 230.056 Thread 0x0000021a7c661b80 Thread added: 0x0000021a016d38b0
Event: 230.057 Thread 0x0000021a7c661b80 Thread added: 0x0000021a016d5980
Event: 234.806 Thread 0x0000021a360720e0 Thread added: 0x0000021a018a2520
Event: 235.004 Thread 0x0000021a360720e0 Thread added: 0x0000021a018a10b0
Event: 236.585 Thread 0x0000021a018a10b0 Thread added: 0x0000021a018a0310
Event: 237.403 Thread 0x0000021a018a0310 Thread exited: 0x0000021a018a0310
Event: 238.849 Thread 0x0000021a7c660e60 Thread added: 0x0000021a7e64f9e0
Event: 239.382 Thread 0x0000021a7c660e60 Thread added: 0x0000021a7e64f350


Dynamic libraries:
0x00007ff79bf90000 - 0x00007ff79bf9e000 	C:\Users\AJI\.vscode\extensions\redhat.java-1.56.0-win32-x64\jre\21.0.12.1-win32-x86_64\bin\java.exe
0x00007ffe02160000 - 0x00007ffe023c7000 	C:\WINDOWS\SYSTEM32\ntdll.dll
0x00007ffe003b0000 - 0x00007ffe0047b000 	C:\WINDOWS\System32\KERNEL32.DLL
0x00007ffdff6f0000 - 0x00007ffdffaf2000 	C:\WINDOWS\System32\KERNELBASE.dll
0x00007ffdff410000 - 0x00007ffdff55c000 	C:\WINDOWS\System32\ucrtbase.dll
0x00007ffd821c0000 - 0x00007ffd821d8000 	C:\Users\AJI\.vscode\extensions\redhat.java-1.56.0-win32-x64\jre\21.0.12.1-win32-x86_64\bin\jli.dll
0x00007ffdc0f00000 - 0x00007ffdc0f1e000 	C:\Users\AJI\.vscode\extensions\redhat.java-1.56.0-win32-x64\jre\21.0.12.1-win32-x86_64\bin\VCRUNTIME140.dll
0x00007ffe019a0000 - 0x00007ffe01b6f000 	C:\WINDOWS\System32\USER32.dll
0x00007ffddfe30000 - 0x00007ffde00c0000 	C:\WINDOWS\WinSxS\amd64_microsoft.windows.common-controls_6595b64144ccf1df_6.0.26100.9278_none_3e0d1ba8e3303201\COMCTL32.dll
0x00007ffdff570000 - 0x00007ffdff597000 	C:\WINDOWS\System32\win32u.dll
0x00007ffe018c0000 - 0x00007ffe01969000 	C:\WINDOWS\System32\msvcrt.dll
0x00007ffe01970000 - 0x00007ffe0199b000 	C:\WINDOWS\System32\GDI32.dll
0x00007ffdffc90000 - 0x00007ffdffdb9000 	C:\WINDOWS\System32\gdi32full.dll
0x00007ffdff360000 - 0x00007ffdff403000 	C:\WINDOWS\System32\msvcp_win.dll
0x00007ffe01b90000 - 0x00007ffe01bc1000 	C:\WINDOWS\System32\IMM32.DLL
0x00007ffdd7ca0000 - 0x00007ffdd7cac000 	C:\Users\AJI\.vscode\extensions\redhat.java-1.56.0-win32-x64\jre\21.0.12.1-win32-x86_64\bin\vcruntime140_1.dll
0x00007ffd7e7f0000 - 0x00007ffd7e87d000 	C:\Users\AJI\.vscode\extensions\redhat.java-1.56.0-win32-x64\jre\21.0.12.1-win32-x86_64\bin\msvcp140.dll
0x00007ffcef0f0000 - 0x00007ffcefe92000 	C:\Users\AJI\.vscode\extensions\redhat.java-1.56.0-win32-x64\jre\21.0.12.1-win32-x86_64\bin\server\jvm.dll
0x00007ffe002e0000 - 0x00007ffe0039c000 	C:\WINDOWS\System32\ADVAPI32.dll
0x00007ffe00230000 - 0x00007ffe002d9000 	C:\WINDOWS\System32\sechost.dll
0x00007ffdfff30000 - 0x00007ffe00048000 	C:\WINDOWS\System32\RPCRT4.dll
0x00007ffe01720000 - 0x00007ffe017a0000 	C:\WINDOWS\System32\WS2_32.dll
0x00007ffdff1c0000 - 0x00007ffdff21e000 	C:\WINDOWS\SYSTEM32\POWRPROF.dll
0x00007ffdfb560000 - 0x00007ffdfb596000 	C:\WINDOWS\SYSTEM32\WINMM.dll
0x00007ffdf5020000 - 0x00007ffdf502b000 	C:\WINDOWS\SYSTEM32\VERSION.dll
0x00007ffdff1a0000 - 0x00007ffdff1b5000 	C:\WINDOWS\SYSTEM32\UMPDC.dll
0x00007ffdfdf70000 - 0x00007ffdfdf8b000 	C:\WINDOWS\SYSTEM32\kernel.appcore.dll
0x00007ffdd7be0000 - 0x00007ffdd7bea000 	C:\Users\AJI\.vscode\extensions\redhat.java-1.56.0-win32-x64\jre\21.0.12.1-win32-x86_64\bin\jimage.dll
0x00007ffdfc940000 - 0x00007ffdfcb8c000 	C:\WINDOWS\SYSTEM32\DBGHELP.DLL
0x00007ffe00d20000 - 0x00007ffe010a5000 	C:\WINDOWS\System32\combase.dll
0x00007ffe011b0000 - 0x00007ffe01289000 	C:\WINDOWS\System32\OLEAUT32.dll
0x00007ffdde450000 - 0x00007ffdde48b000 	C:\WINDOWS\SYSTEM32\dbgcore.DLL
0x00007ffdffdc0000 - 0x00007ffdffe6c000 	C:\WINDOWS\System32\bcryptPrimitives.dll
0x00007ffdd70d0000 - 0x00007ffdd70df000 	C:\Users\AJI\.vscode\extensions\redhat.java-1.56.0-win32-x64\jre\21.0.12.1-win32-x86_64\bin\instrument.dll
0x00007ffd7fbb0000 - 0x00007ffd7fbd0000 	C:\Users\AJI\.vscode\extensions\redhat.java-1.56.0-win32-x64\jre\21.0.12.1-win32-x86_64\bin\java.dll
0x00007ffe00580000 - 0x00007ffe00d18000 	C:\WINDOWS\System32\SHELL32.dll
0x00007ffdfcd80000 - 0x00007ffdfd62e000 	C:\WINDOWS\SYSTEM32\windows.storage.dll
0x00007ffe01320000 - 0x00007ffe0141b000 	C:\WINDOWS\System32\SHCORE.dll
0x00007ffe010b0000 - 0x00007ffe01116000 	C:\WINDOWS\System32\shlwapi.dll
0x00007ffdff280000 - 0x00007ffdff2a9000 	C:\WINDOWS\SYSTEM32\profapi.dll
0x00007ffd7fb90000 - 0x00007ffd7fba8000 	C:\Users\AJI\.vscode\extensions\redhat.java-1.56.0-win32-x64\jre\21.0.12.1-win32-x86_64\bin\zip.dll
0x00007ffdd7b20000 - 0x00007ffdd7b30000 	C:\Users\AJI\.vscode\extensions\redhat.java-1.56.0-win32-x64\jre\21.0.12.1-win32-x86_64\bin\net.dll
0x00007ffdf8730000 - 0x00007ffdf885a000 	C:\WINDOWS\SYSTEM32\WINHTTP.dll
0x00007ffdfe5f0000 - 0x00007ffdfe65c000 	C:\WINDOWS\system32\mswsock.dll
0x00007ffd7e7d0000 - 0x00007ffd7e7e6000 	C:\Users\AJI\.vscode\extensions\redhat.java-1.56.0-win32-x64\jre\21.0.12.1-win32-x86_64\bin\nio.dll
0x00007ffdd1b60000 - 0x00007ffdd1b70000 	C:\Users\AJI\.vscode\extensions\redhat.java-1.56.0-win32-x64\jre\21.0.12.1-win32-x86_64\bin\verify.dll
0x00007ffd7fce0000 - 0x00007ffd7fd07000 	C:\Users\AJI\.gradle\native\1def1411415f61bf3af743bc5b6707747c0891f09f0c88961ee8f79bc544acac\windows-amd64\native-platform.dll
0x00007ffcf9e70000 - 0x00007ffcf9ee7000 	C:\Users\AJI\.gradle\native\0.2.8\x86_64-windows-gnu\gradle-fileevents.dll
0x00007ffdd17c0000 - 0x00007ffdd17ca000 	C:\Users\AJI\.vscode\extensions\redhat.java-1.56.0-win32-x64\jre\21.0.12.1-win32-x86_64\bin\management.dll
0x00007ffdd0ce0000 - 0x00007ffdd0cec000 	C:\Users\AJI\.vscode\extensions\redhat.java-1.56.0-win32-x64\jre\21.0.12.1-win32-x86_64\bin\management_ext.dll
0x00007ffe01b80000 - 0x00007ffe01b88000 	C:\WINDOWS\System32\PSAPI.DLL
0x00007ffdfd9b0000 - 0x00007ffdfd9e3000 	C:\WINDOWS\SYSTEM32\IPHLPAPI.DLL
0x00007ffdfff00000 - 0x00007ffdfff0a000 	C:\WINDOWS\System32\NSI.dll
0x00007ffdd0ba0000 - 0x00007ffdd0ba9000 	C:\Users\AJI\.vscode\extensions\redhat.java-1.56.0-win32-x64\jre\21.0.12.1-win32-x86_64\bin\extnet.dll
0x00007ffdfe8e0000 - 0x00007ffdfe8fb000 	C:\WINDOWS\SYSTEM32\CRYPTSP.dll
0x00007ffdfdf90000 - 0x00007ffdfdfc9000 	C:\WINDOWS\system32\rsaenh.dll
0x00007ffdfe6a0000 - 0x00007ffdfe6d4000 	C:\WINDOWS\SYSTEM32\USERENV.dll
0x00007ffdff250000 - 0x00007ffdff27a000 	C:\WINDOWS\SYSTEM32\bcrypt.dll
0x00007ffdfe900000 - 0x00007ffdfe90c000 	C:\WINDOWS\SYSTEM32\CRYPTBASE.dll
0x00007ffdd0640000 - 0x00007ffdd064e000 	C:\Users\AJI\.vscode\extensions\redhat.java-1.56.0-win32-x64\jre\21.0.12.1-win32-x86_64\bin\sunmscapi.dll
0x00007ffdffb00000 - 0x00007ffdffc7e000 	C:\WINDOWS\System32\CRYPT32.dll
0x00007ffdfeb20000 - 0x00007ffdfeb50000 	C:\WINDOWS\SYSTEM32\ncrypt.dll
0x00007ffdfead0000 - 0x00007ffdfeb0f000 	C:\WINDOWS\SYSTEM32\NTASN1.dll
0x00007ffdd4f00000 - 0x00007ffdd4f08000 	C:\WINDOWS\system32\wshunix.dll

JVMTI agents:
C:\Users\AJI\.gradle\wrapper\dists\gradle-9.1.0-all\7wzd0jkjit61aq2p43wpjgij9\gradle-9.1.0\lib\agents\gradle-instrumentation-agent-9.1.0.jar path:C:\Users\AJI\.vscode\extensions\redhat.java-1.56.0-win32-x64\jre\21.0.12.1-win32-x86_64\bin\instrument.dll, loaded, initialized, instrumentlib options:none

dbghelp: loaded successfully - version: 4.0.5 - missing functions: none
symbol engine: initialized successfully - sym options: 0x614 - pdb path: .;C:\Users\AJI\.vscode\extensions\redhat.java-1.56.0-win32-x64\jre\21.0.12.1-win32-x86_64\bin;C:\WINDOWS\SYSTEM32;C:\WINDOWS\WinSxS\amd64_microsoft.windows.common-controls_6595b64144ccf1df_6.0.26100.9278_none_3e0d1ba8e3303201;C:\Users\AJI\.vscode\extensions\redhat.java-1.56.0-win32-x64\jre\21.0.12.1-win32-x86_64\bin\server;C:\Users\AJI\.gradle\native\1def1411415f61bf3af743bc5b6707747c0891f09f0c88961ee8f79bc544acac\windows-amd64;C:\Users\AJI\.gradle\native\0.2.8\x86_64-windows-gnu

VM Arguments:
jvm_args: --add-opens=java.base/java.lang=ALL-UNNAMED --add-opens=java.base/java.lang.invoke=ALL-UNNAMED --add-opens=java.base/java.util=ALL-UNNAMED --add-opens=java.prefs/java.util.prefs=ALL-UNNAMED --add-exports=jdk.compiler/com.sun.tools.javac.api=ALL-UNNAMED --add-exports=jdk.compiler/com.sun.tools.javac.util=ALL-UNNAMED --add-opens=java.base/java.util=ALL-UNNAMED --add-opens=java.prefs/java.util.prefs=ALL-UNNAMED --add-opens=java.base/java.nio.charset=ALL-UNNAMED --add-opens=java.base/java.net=ALL-UNNAMED --add-opens=java.base/java.util.concurrent=ALL-UNNAMED --add-opens=java.base/java.util.concurrent.atomic=ALL-UNNAMED --add-opens=java.xml/javax.xml.namespace=ALL-UNNAMED --add-opens=java.base/java.time=ALL-UNNAMED -XX:MaxMetaspaceSize=4G -XX:ReservedCodeCacheSize=512m -XX:+HeapDumpOnOutOfMemoryError -Xmx8G -Dfile.encoding=UTF-8 -Duser.country=IN -Duser.language=en -Duser.variant -javaagent:C:\Users\AJI\.gradle\wrapper\dists\gradle-9.1.0-all\7wzd0jkjit61aq2p43wpjgij9\gradle-9.1.0\lib\agents\gradle-instrumentation-agent-9.1.0.jar 
java_command: org.gradle.launcher.daemon.bootstrap.GradleDaemon 9.1.0
java_class_path (initial): C:\Users\AJI\.gradle\wrapper\dists\gradle-9.1.0-all\7wzd0jkjit61aq2p43wpjgij9\gradle-9.1.0\lib\gradle-daemon-main-9.1.0.jar
Launcher Type: SUN_STANDARD

[Global flags]
     intx CICompilerCount                          = 12                                        {product} {ergonomic}
     uint ConcGCThreads                            = 4                                         {product} {ergonomic}
     uint G1ConcRefinementThreads                  = 15                                        {product} {ergonomic}
   size_t G1HeapRegionSize                         = 4194304                                   {product} {ergonomic}
    uintx GCDrainStackTargetSize                   = 64                                        {product} {ergonomic}
     bool HeapDumpOnOutOfMemoryError               = true                                   {manageable} {command line}
   size_t InitialHeapSize                          = 264241152                                 {product} {ergonomic}
   size_t MarkStackSize                            = 4194304                                   {product} {ergonomic}
   size_t MaxHeapSize                              = 8589934592                                {product} {command line}
   size_t MaxMetaspaceSize                         = 4294967296                                {product} {command line}
   size_t MaxNewSize                               = 5150605312                                {product} {ergonomic}
   size_t MinHeapDeltaBytes                        = 4194304                                   {product} {ergonomic}
   size_t MinHeapSize                              = 8388608                                   {product} {ergonomic}
    uintx NonNMethodCodeHeapSize                   = 7602480                                {pd product} {ergonomic}
    uintx NonProfiledCodeHeapSize                  = 264634216                              {pd product} {ergonomic}
    uintx ProfiledCodeHeapSize                     = 264634216                              {pd product} {ergonomic}
    uintx ReservedCodeCacheSize                    = 536870912                              {pd product} {command line}
     bool SegmentedCodeCache                       = true                                      {product} {ergonomic}
   size_t SoftMaxHeapSize                          = 8589934592                             {manageable} {ergonomic}
     bool UseCompressedOops                        = true                           {product lp64_product} {ergonomic}
     bool UseG1GC                                  = true                                      {product} {ergonomic}
     bool UseLargePagesIndividualAllocation        = false                                  {pd product} {ergonomic}

Logging:
Log output configuration:
 #0: stdout all=warning uptime,level,tags foldmultilines=false
 #1: stderr all=off uptime,level,tags foldmultilines=false

Release file:
JAVA_VERSION="21.0.12.1" 
MODULES="java.base java.compiler java.datatransfer java.xml java.prefs java.desktop java.instrument java.logging java.management java.security.sasl java.naming java.rmi java.management.rmi java.net.http java.scripting java.security.jgss java.transaction.xa java.sql java.sql.rowset java.xml.crypto java.se java.smartcardio jdk.accessibility jdk.internal.jvmstat jdk.attach jdk.charsets jdk.internal.opt jdk.zipfs jdk.compiler jdk.crypto.ec jdk.crypto.cryptoki jdk.crypto.mscapi jdk.dynalink jdk.internal.ed jdk.editpad jdk.hotspot.agent jdk.httpserver jdk.internal.le jdk.internal.vm.ci jdk.internal.vm.compiler jdk.internal.vm.compiler.management jdk.jartool jdk.javadoc jdk.jcmd jdk.management jdk.management.agent jdk.jconsole jdk.jdeps jdk.jdwp.agent jdk.jdi jdk.jfr jdk.jshell jdk.jsobject jdk.jstatd jdk.localedata jdk.management.jfr jdk.naming.dns jdk.naming.rmi jdk.net jdk.nio.mapmode jdk.random jdk.sctp jdk.security.auth jdk.security.jgss jdk.unsupported jdk.unsupported.desktop jdk.xml.dom" 

Environment Variables:
JAVA_HOME=C:\Program Files\Java\jdk-17
PATH=C:\Python314\Scripts\;C:\Python314\;C:\Program Files\Eclipse Adoptium\jdk-25.0.3.9-hotspot\bin;C:\Program Files\Microsoft\jdk-11.0.16.101-hotspot\bin;C:\WINDOWS\system32;C:\WINDOWS;C:\WINDOWS\System32\Wbem;C:\WINDOWS\System32\WindowsPowerShell\v1.0\;C:\WINDOWS\System32\OpenSSH\;C:\Program Files\dotnet\;C:\MinGW\bin;C:\ProgramData\chocolatey\bin;C:\Users\AJI\AppData\Local\Pub\Cache\bin;C:\Program Files\Java\jdk-17\bin;d:\cursor\resources\app\bin;C:\Users\AJI\develop\flutter\bin;C:\Users\AJI\.local\bin;D:\node\node_modules\npm\bin;D:\node\;C:\Program Files\nodejs\;C:\Program Files\nodejs\node_modules\npm\bin;C:\Users\AJI\Documents\MONGO\mongosh-2.9.2-win32-x64\bin;C:\xampp\php;C:\Program Files\Git\cmd;C:\Users\AJI\AppData\Local\Programs\Python\Python312\Scripts\;C:\Users\AJI\AppData\Local\Programs\Python\Python312\;C:\Users\AJI\.local\bin;C:\Users\AJI\AppData\Local\Microsoft\WindowsApps;D:\IntelliJ IDEA Community Edition 2023.1.5\bin;;C:\mingw64\bin;C:\Users\AJI\.dotnet\tools;C:\Users\AJI\Documents\flutter_windows_3.13.4-stable\flutter\bin;C:\Users\AJI\AppData\Local\Pub\Cache\bin;D:\flutter_pub_cache;C:\Users\AJI\AppData\Local\Android\Sdk;C:\Program Files\Java\jdk-17\bin;D:\rider\JetBrains Rider 2024.3.7\bin;;D:\Program Files\Microsoft VS Code\bin;D:\freelanceing\cursor\resources\app\bin;C:\Users\AJI\AppData\Local\Programs\Microsoft VS Code\bin;C:\Users\AJI\AppData\Local\Programs\cursor\resources\app\bin;C:\Users\AJI\AppData\Roaming\npm
USERNAME=AJI
OS=Windows_NT
PROCESSOR_IDENTIFIER=Intel64 Family 6 Model 154 Stepping 3, GenuineIntel
TMP=C:\Users\AJI\AppData\Local\Temp
TEMP=C:\Users\AJI\AppData\Local\Temp




Periodic native trim disabled

---------------  S Y S T E M  ---------------

OS:
 Windows 11 , 64 bit Build 26100 (10.0.26100.9444)
OS uptime: 0 days 0:16 hours
Hyper-V role detected

CPU: total 20 (initial active 20) (10 cores per cpu, 2 threads per core) family 6 model 154 stepping 3 microcode 0x43b, cx8, cmov, fxsr, ht, mmx, 3dnowpref, sse, sse2, sse3, ssse3, sse4.1, sse4.2, popcnt, lzcnt, tsc, tscinvbit, avx, avx2, aes, erms, clmul, bmi1, bmi2, adx, sha, fma, vzeroupper, clflush, clflushopt, clwb, hv, serialize, rdtscp, rdpid, fsrm, f16c, cet_ibt, cet_ss
Processor Information for processor 0
  Max Mhz: 2300, Current Mhz: 2300, Mhz Limit: 2300
Processor Information for processor 1
  Max Mhz: 2300, Current Mhz: 2300, Mhz Limit: 2300
Processor Information for processor 2
  Max Mhz: 2300, Current Mhz: 2300, Mhz Limit: 2300
Processor Information for processor 3
  Max Mhz: 2300, Current Mhz: 2300, Mhz Limit: 2300
Processor Information for processor 4
  Max Mhz: 2300, Current Mhz: 2300, Mhz Limit: 2300
Processor Information for processor 5
  Max Mhz: 2300, Current Mhz: 2300, Mhz Limit: 2300
Processor Information for processor 6
  Max Mhz: 2300, Current Mhz: 2300, Mhz Limit: 2300
Processor Information for processor 7
  Max Mhz: 2300, Current Mhz: 2300, Mhz Limit: 2300
Processor Information for processor 8
  Max Mhz: 2300, Current Mhz: 2300, Mhz Limit: 2300
Processor Information for processor 9
  Max Mhz: 2300, Current Mhz: 2300, Mhz Limit: 2300
Processor Information for processor 10
  Max Mhz: 2300, Current Mhz: 2300, Mhz Limit: 2300
Processor Information for processor 11
  Max Mhz: 2300, Current Mhz: 2300, Mhz Limit: 2300
Processor Information for processor 12
  Max Mhz: 2300, Current Mhz: 2300, Mhz Limit: 2300
Processor Information for processor 13
  Max Mhz: 2300, Current Mhz: 1488, Mhz Limit: 2300
Processor Information for processor 14
  Max Mhz: 2300, Current Mhz: 2300, Mhz Limit: 2300
Processor Information for processor 15
  Max Mhz: 2300, Current Mhz: 2300, Mhz Limit: 2300
Processor Information for processor 16
  Max Mhz: 2300, Current Mhz: 1488, Mhz Limit: 2300
Processor Information for processor 17
  Max Mhz: 2300, Current Mhz: 2300, Mhz Limit: 2300
Processor Information for processor 18
  Max Mhz: 2300, Current Mhz: 2300, Mhz Limit: 2300
Processor Information for processor 19
  Max Mhz: 2300, Current Mhz: 1488, Mhz Limit: 2300

Memory: 4k page, system-wide physical 16068M (125M free)
TotalPageFile size 65220M (AvailPageFile size 0M)
current process WorkingSet (physical memory assigned to process): 363M, peak: 374M
current process commit charge ("private bytes"): 527M, peak: 531M

vm_info: OpenJDK 64-Bit Server VM (21.0.12.1+1-LTS) for windows-amd64 JRE (21.0.12.1+1-LTS), built on 2026-08-18T00:00:00Z by "admin" with MS VC++ 17.12 (VS2022)

END.
