#
# There is insufficient memory for the Java Runtime Environment to continue.
# Native memory allocation (malloc) failed to allocate 110608 bytes. Error detail: Chunk::new
# Possible reasons:
#   The system is out of physical RAM or swap space
#   This process is running with CompressedOops enabled, and the Java Heap may be blocking the growth of the native heap
# Possible solutions:
#   Reduce memory load on the system
#   Increase physical memory or swap space
#   Check if swap backing store is full
#   Decrease Java heap size (-Xmx/-Xms)
#   Decrease number of Java threads
#   Decrease Java thread stack sizes (-Xss)
#   Set larger code cache with -XX:ReservedCodeCacheSize=
#   JVM is running with Zero Based Compressed Oops mode in which the Java heap is
#     placed in the first 32GB address space. The Java Heap base address is the
#     maximum limit for the native heap growth. Please use -XX:HeapBaseMinAddress
#     to set the Java Heap base and to place the Java Heap above 32GB virtual address.
# This output file may be truncated or incomplete.
#
#  Out of Memory Error (arena.cpp:168), pid=59160, tid=53464
#
# JRE version: OpenJDK Runtime Environment Temurin-21.0.12.1+1 (21.0.12.1+1) (build 21.0.12.1+1-LTS)
# Java VM: OpenJDK 64-Bit Server VM Temurin-21.0.12.1+1 (21.0.12.1+1-LTS, mixed mode, sharing, tiered, compressed oops, compressed class ptrs, g1 gc, windows-amd64)
# No core dump will be written. Minidumps are not enabled by default on client versions of Windows
#

---------------  S U M M A R Y ------------

Command Line: --add-opens=java.base/java.lang=ALL-UNNAMED --add-opens=java.base/java.lang.invoke=ALL-UNNAMED --add-opens=java.base/java.util=ALL-UNNAMED --add-opens=java.prefs/java.util.prefs=ALL-UNNAMED --add-exports=jdk.compiler/com.sun.tools.javac.api=ALL-UNNAMED --add-exports=jdk.compiler/com.sun.tools.javac.util=ALL-UNNAMED --add-opens=java.base/java.util=ALL-UNNAMED --add-opens=java.prefs/java.util.prefs=ALL-UNNAMED --add-opens=java.base/java.nio.charset=ALL-UNNAMED --add-opens=java.base/java.net=ALL-UNNAMED --add-opens=java.base/java.util.concurrent=ALL-UNNAMED --add-opens=java.base/java.util.concurrent.atomic=ALL-UNNAMED --add-opens=java.xml/javax.xml.namespace=ALL-UNNAMED --add-opens=java.base/java.time=ALL-UNNAMED -XX:MaxMetaspaceSize=4G -XX:ReservedCodeCacheSize=512m -XX:+HeapDumpOnOutOfMemoryError -Xmx8G -Dfile.encoding=UTF-8 -Duser.country=IN -Duser.language=en -Duser.variant -javaagent:C:\Users\AJI\.gradle\wrapper\dists\gradle-9.1.0-all\7wzd0jkjit61aq2p43wpjgij9\gradle-9.1.0\lib\agents\gradle-instrumentation-agent-9.1.0.jar org.gradle.launcher.daemon.bootstrap.GradleDaemon 9.1.0

Host: 12th Gen Intel(R) Core(TM) i7-12700H, 20 cores, 15G,  Windows 11 , 64 bit Build 26100 (10.0.26100.9444)
Time: Thu Sep 17 09:16:58 2026 India Standard Time elapsed time: 289.787531 seconds (0d 0h 4m 49s)

---------------  T H R E A D  ---------------

Current thread (0x00000287ea879c80):  JavaThread "C2 CompilerThread0" daemon [_thread_in_native, id=53464, stack(0x000000fb48200000,0x000000fb48300000) (1024K)]


Current CompileTask:
C2:289787 14335       4       org.gradle.internal.instantiation.generator.AbstractClassGenerator$ClassMetadata::resolveTypeVariables (19 bytes)

Stack: [0x000000fb48200000,0x000000fb48300000]
Native frames: (J=compiled Java code, j=interpreted, Vv=VM code, C=native code)
V  [jvm.dll+0x6d83e9]
V  [jvm.dll+0x8b5736]
V  [jvm.dll+0x8b7cee]
V  [jvm.dll+0x8b83d3]
V  [jvm.dll+0x284596]
V  [jvm.dll+0xc685d]
V  [jvm.dll+0xc6da1]
V  [jvm.dll+0x1422bf]
V  [jvm.dll+0x660ae2]
V  [jvm.dll+0x664fd6]
V  [jvm.dll+0x24c57b]
V  [jvm.dll+0x24bce0]
V  [jvm.dll+0x1cb4ae]
V  [jvm.dll+0x25baad]
V  [jvm.dll+0x25a03a]
V  [jvm.dll+0x3f8aae]
V  [jvm.dll+0x8600cd]
V  [jvm.dll+0x6d6c1d]
C  [ucrtbase.dll+0x2cd30]
C  [KERNEL32.DLL+0x2cd87]
C  [ntdll.dll+0xacaec]


---------------  P R O C E S S  ---------------

Threads class SMR info:
_java_thread_list=0x0000028836263f00, length=239, elements={
0x00000287ba591530, 0x00000287ea870210, 0x00000287ea8738f0, 0x00000287ea876fd0,
0x00000287ea877a30, 0x00000287ea878490, 0x00000287ea878ef0, 0x00000287ea879c80,
0x00000287eb774c10, 0x00000287eb9dc680, 0x00000287eba621d0, 0x00000288326433e0,
0x00000288326d5db0, 0x00000288326f3d50, 0x00000288327b18f0, 0x00000287eb8d58d0,
0x0000028831bdd080, 0x00000287ebb46030, 0x00000287ebb47a70, 0x00000287ebb473e0,
0x00000287ebb46d50, 0x00000287ebb45310, 0x00000287ebb459a0, 0x00000287ebb466c0,
0x0000028832814820, 0x0000028832814eb0, 0x0000028832815540, 0x0000028832813b00,
0x0000028832812de0, 0x0000028832815bd0, 0x0000028832812750, 0x0000028832814190,
0x0000028832816260, 0x0000028832819050, 0x00000288328168f0, 0x0000028832817ca0,
0x0000028832818330, 0x00000287ebb44c80, 0x000002883306f6e0, 0x000002883306f050,
0x000002883306e330, 0x000002883306e9c0, 0x000002883306dca0, 0x000002883306fd70,
0x000002883306d610, 0x0000028833070400, 0x000002883306cf80, 0x0000028833071120,
0x0000028833072b60, 0x00000288330724d0, 0x00000288330731f0, 0x0000028833073880,
0x0000028833073f10, 0x0000028833071e40, 0x0000028833070a90, 0x00000288330745a0,
0x00000288330717b0, 0x0000028832f4b2f0, 0x0000028832f4c010, 0x0000028832f4b980,
0x0000028832f4c6a0, 0x0000028832f49220, 0x0000028832f498b0, 0x0000028832f49f40,
0x0000028832f4a5d0, 0x0000028832f4ac60, 0x0000028833ea80b0, 0x0000028833eabbc0,
0x0000028833eab530, 0x0000028833ea9460, 0x0000028833eaa810, 0x0000028833ea8740,
0x0000028833eac250, 0x0000028833ea8dd0, 0x0000028833eac8e0, 0x0000028833eaa180,
0x0000028833ea9af0, 0x0000028833eaaea0, 0x0000028833eadc90, 0x0000028833eaf6d0,
0x0000028833eacf70, 0x0000028833eae320, 0x0000028833eae9b0, 0x0000028833ead600,
0x0000028833eaf040, 0x00000288352c4610, 0x00000288352c1190, 0x00000288352c1eb0,
0x00000288352c4ca0, 0x00000288352c1820, 0x00000288352c5330, 0x00000288352c3f80,
0x00000288352c2540, 0x00000288352c6050, 0x00000288352c2bd0, 0x00000288352c66e0,
0x00000288352c3260, 0x00000288352c7a90, 0x00000288352c8120, 0x00000288352c87b0,
0x00000288328189c0, 0x0000028834a52e90, 0x0000028834a53520, 0x0000028834a53bb0,
0x0000028834a50730, 0x0000028834a50dc0, 0x0000028834a51450, 0x0000028834a52800,
0x0000028834a51ae0, 0x0000028834a52170, 0x000002883341bbf0, 0x000002883341c280,
0x000002883341a840, 0x000002883341aed0, 0x000002883341c910, 0x000002883341b560,
0x000002883341dcc0, 0x000002883341e350, 0x000002883341e9e0, 0x000002883341cfa0,
0x000002883341f070, 0x000002883341d630, 0x000002883341f700, 0x0000028833421140,
0x00000288334217d0, 0x0000028833420ab0, 0x0000028833421e60, 0x000002883341fd90,
0x0000028833420420, 0x0000028832cd84c0, 0x0000028832cd8b50, 0x0000028832cd9f00,
0x0000028832cd91e0, 0x0000028832cd9870, 0x0000028832cd7e30, 0x0000028832cda590,
0x0000028832cdac20, 0x0000028832cd77a0, 0x0000028832cde0a0, 0x0000028832cde730,
0x0000028832cdb2b0, 0x0000028832cdbfd0, 0x0000028832cdedc0, 0x0000028832cdccf0,
0x0000028832cdb940, 0x0000028832cdd380, 0x0000028832cdc660, 0x0000028832cdda10,
0x0000028834e031a0, 0x0000028834dffd20, 0x0000028834e003b0, 0x0000028834e02b10,
0x0000028834e02480, 0x0000028834e03830, 0x0000028834e03ec0, 0x0000028834e00a40,
0x0000028834e04550, 0x0000028834e01df0, 0x0000028834e010d0, 0x0000028834e04be0,
0x0000028834e01760, 0x0000028834e05270, 0x0000028834e05f90, 0x0000028834e06cb0,
0x0000028834e07340, 0x0000028834e06620, 0x0000028834e05900, 0x000002883562eb60,
0x000002883562bd70, 0x000002883562c400, 0x000002883562f880, 0x000002883562ff10,
0x000002883562d120, 0x000002883562f1f0, 0x000002883562ca90, 0x0000028835630c30,
0x00000288356305a0, 0x000002883562d7b0, 0x00000288356312c0, 0x000002883562de40,
0x0000028835631950, 0x000002883562e4d0, 0x0000028835634740, 0x0000028835632670,
0x0000028835634dd0, 0x0000028835633a20, 0x00000288356340b0, 0x0000028835631fe0,
0x0000028835635460, 0x0000028835635af0, 0x0000028835636180, 0x0000028835633390,
0x0000028835632d00, 0x0000028835639c90, 0x00000288356388e0, 0x0000028835638250,
0x0000028835638f70, 0x0000028835639600, 0x0000028835637530, 0x0000028835636810,
0x0000028835636ea0, 0x000002883563a9b0, 0x000002883563b040, 0x000002883504b400,
0x000002883504a6e0, 0x000002883504ba90, 0x000002883504a050, 0x000002883504ad70,
0x000002883504ef10, 0x000002883504f5a0, 0x000002883504e880, 0x000002883504c120,
0x000002883504fc30, 0x000002883504c7b0, 0x000002883504db60, 0x00000288350502c0,
0x000002883504ce40, 0x0000028835050950, 0x000002883504d4d0, 0x0000028835050fe0,
0x0000028835051670, 0x000002883504e1f0, 0x0000028835637bc0, 0x0000028835ce20c0,
0x0000028835ce13a0, 0x0000028835ce2750, 0x0000028835cdf2d0, 0x0000028835ce3470,
0x0000028835ce0680, 0x0000028835ce0d10, 0x0000028835ce1a30, 0x0000028835ce2de0,
0x0000028835cdfff0, 0x0000028835ce3b00, 0x0000028835ce68f0, 0x0000028835ce4190,
0x0000028835ce7610, 0x0000028835ceb7b0, 0x0000028835cecb60
}

Java Threads: ( => current thread )
  0x00000287ba591530 JavaThread "main"                              [_thread_blocked, id=59264, stack(0x000000fb47400000,0x000000fb47500000) (1024K)]
  0x00000287ea870210 JavaThread "Reference Handler"          daemon [_thread_blocked, id=59384, stack(0x000000fb47c00000,0x000000fb47d00000) (1024K)]
  0x00000287ea8738f0 JavaThread "Finalizer"                  daemon [_thread_blocked, id=59388, stack(0x000000fb47d00000,0x000000fb47e00000) (1024K)]
  0x00000287ea876fd0 JavaThread "Signal Dispatcher"          daemon [_thread_blocked, id=56520, stack(0x000000fb47e00000,0x000000fb47f00000) (1024K)]
  0x00000287ea877a30 JavaThread "Attach Listener"            daemon [_thread_blocked, id=57084, stack(0x000000fb47f00000,0x000000fb48000000) (1024K)]
  0x00000287ea878490 JavaThread "Service Thread"             daemon [_thread_blocked, id=57060, stack(0x000000fb48000000,0x000000fb48100000) (1024K)]
  0x00000287ea878ef0 JavaThread "Monitor Deflation Thread"   daemon [_thread_blocked, id=56924, stack(0x000000fb48100000,0x000000fb48200000) (1024K)]
=>0x00000287ea879c80 JavaThread "C2 CompilerThread0"         daemon [_thread_in_native, id=53464, stack(0x000000fb48200000,0x000000fb48300000) (1024K)]
  0x00000287eb774c10 JavaThread "C1 CompilerThread0"         daemon [_thread_blocked, id=56488, stack(0x000000fb48300000,0x000000fb48400000) (1024K)]
  0x00000287eb9dc680 JavaThread "Common-Cleaner"             daemon [_thread_blocked, id=56672, stack(0x000000fb48500000,0x000000fb48600000) (1024K)]
  0x00000287eba621d0 JavaThread "Notification Thread"        daemon [_thread_blocked, id=58300, stack(0x000000fb48600000,0x000000fb48700000) (1024K)]
  0x00000288326433e0 JavaThread "Daemon health stats"               [_thread_blocked, id=60404, stack(0x000000fb48c00000,0x000000fb48d00000) (1024K)]
  0x00000288326d5db0 JavaThread "Incoming local TCP Connector on port 40370"        [_thread_in_native, id=57552, stack(0x000000fb48d00000,0x000000fb48e00000) (1024K)]
  0x00000288326f3d50 JavaThread "Daemon periodic checks"            [_thread_blocked, id=59608, stack(0x000000fb48e00000,0x000000fb48f00000) (1024K)]
  0x00000288327b18f0 JavaThread "Daemon"                            [_thread_blocked, id=59308, stack(0x000000fb48f00000,0x000000fb49000000) (1024K)]
  0x00000287eb8d58d0 JavaThread "Handler for socket connection from /127.0.0.1:40370 to /127.0.0.1:40371"        [_thread_in_native, id=59624, stack(0x000000fb49000000,0x000000fb49100000) (1024K)]
  0x0000028831bdd080 JavaThread "Cancel handler"                    [_thread_blocked, id=59896, stack(0x000000fb49900000,0x000000fb49a00000) (1024K)]
  0x00000287ebb46030 JavaThread "Daemon worker"                     [_thread_in_native, id=47760, stack(0x000000fb49a00000,0x000000fb49b00000) (1024K)]
  0x00000287ebb47a70 JavaThread "Asynchronous log dispatcher for DefaultDaemonConnection: socket connection from /127.0.0.1:40370 to /127.0.0.1:40371"        [_thread_blocked, id=59940, stack(0x000000fb49b00000,0x000000fb49c00000) (1024K)]
  0x00000287ebb473e0 JavaThread "Stdin handler"                     [_thread_blocked, id=59928, stack(0x000000fb49c00000,0x000000fb49d00000) (1024K)]
  0x00000287ebb46d50 JavaThread "Daemon client event forwarder"        [_thread_blocked, id=59904, stack(0x000000fb49d00000,0x000000fb49e00000) (1024K)]
  0x00000287ebb45310 JavaThread "Cache worker for journal cache (C:\Users\AJI\.gradle\caches\journal-1)"        [_thread_blocked, id=59652, stack(0x000000fb49e00000,0x000000fb49f00000) (1024K)]
  0x00000287ebb459a0 JavaThread "File lock request listener"        [_thread_in_native, id=35504, stack(0x000000fb49f00000,0x000000fb4a000000) (1024K)]
  0x00000287ebb466c0 JavaThread "Cache worker for file hash cache (C:\Users\AJI\.gradle\caches\9.1.0\fileHashes)"        [_thread_blocked, id=59688, stack(0x000000fb4a000000,0x000000fb4a100000) (1024K)]
  0x0000028832814820 JavaThread "Cache worker for file hash cache (C:\Users\AJI\Documents\Gostriders\gostriders\android\.gradle\9.1.0\fileHashes)"        [_thread_blocked, id=63044, stack(0x000000fb4a500000,0x000000fb4a600000) (1024K)]
  0x0000028832814eb0 JavaThread "Cache worker for Build Output Cleanup Cache (C:\Users\AJI\Documents\Gostriders\gostriders\android\.gradle\buildOutputCleanup)"        [_thread_blocked, id=63072, stack(0x000000fb4a600000,0x000000fb4a700000) (1024K)]
  0x0000028832815540 JavaThread "File watcher server"        daemon [_thread_in_native, id=63240, stack(0x000000fb4a700000,0x000000fb4a800000) (1024K)]
  0x0000028832813b00 JavaThread "File watcher consumer"      daemon [_thread_blocked, id=63248, stack(0x000000fb4a800000,0x000000fb4a900000) (1024K)]
  0x0000028832812de0 JavaThread "Cache worker for checksums cache (C:\Users\AJI\Documents\Gostriders\gostriders\android\.gradle\9.1.0\checksums)"        [_thread_blocked, id=62512, stack(0x000000fb4aa00000,0x000000fb4ab00000) (1024K)]
  0x0000028832815bd0 JavaThread "Cache worker for file content cache (C:\Users\AJI\.gradle\caches\9.1.0\fileContent)"        [_thread_blocked, id=29256, stack(0x000000fb4ac00000,0x000000fb4ad00000) (1024K)]
  0x0000028832812750 JavaThread "Cache worker for cache directory md-supplier (C:\Users\AJI\.gradle\caches\9.1.0\md-supplier)"        [_thread_blocked, id=63352, stack(0x000000fb4ae00000,0x000000fb4af00000) (1024K)]
  0x0000028832814190 JavaThread "Cache worker for cache directory md-rule (C:\Users\AJI\.gradle\caches\9.1.0\md-rule)"        [_thread_blocked, id=62452, stack(0x000000fb4af00000,0x000000fb4b000000) (1024K)]
  0x0000028832816260 JavaThread "Cache worker for Build Output Cleanup Cache (C:\Users\AJI\develop\flutter\packages\flutter_tools\gradle\.gradle\buildOutputCleanup)"        [_thread_blocked, id=29284, stack(0x000000fb48400000,0x000000fb48500000) (1024K)]
  0x0000028832819050 JavaThread "Unconstrained build operations"        [_thread_blocked, id=40956, stack(0x000000fb4a900000,0x000000fb4aa00000) (1024K)]
  0x00000288328168f0 JavaThread "Unconstrained build operations Thread 2"        [_thread_blocked, id=74868, stack(0x000000fb4ab00000,0x000000fb4ac00000) (1024K)]
  0x0000028832817ca0 JavaThread "Unconstrained build operations Thread 3"        [_thread_blocked, id=54684, stack(0x000000fb4ad00000,0x000000fb4ae00000) (1024K)]
  0x0000028832818330 JavaThread "Unconstrained build operations Thread 4"        [_thread_blocked, id=59572, stack(0x000000fb4b000000,0x000000fb4b100000) (1024K)]
  0x00000287ebb44c80 JavaThread "Unconstrained build operations Thread 5"        [_thread_blocked, id=74784, stack(0x000000fb4b100000,0x000000fb4b200000) (1024K)]
  0x000002883306f6e0 JavaThread "Unconstrained build operations Thread 6"        [_thread_blocked, id=75732, stack(0x000000fb4b200000,0x000000fb4b300000) (1024K)]
  0x000002883306f050 JavaThread "Unconstrained build operations Thread 7"        [_thread_blocked, id=75772, stack(0x000000fb4b300000,0x000000fb4b400000) (1024K)]
  0x000002883306e330 JavaThread "Unconstrained build operations Thread 8"        [_thread_blocked, id=75760, stack(0x000000fb4b400000,0x000000fb4b500000) (1024K)]
  0x000002883306e9c0 JavaThread "Unconstrained build operations Thread 9"        [_thread_blocked, id=75048, stack(0x000000fb4b500000,0x000000fb4b600000) (1024K)]
  0x000002883306dca0 JavaThread "Unconstrained build operations Thread 10"        [_thread_blocked, id=75060, stack(0x000000fb4b600000,0x000000fb4b700000) (1024K)]
  0x000002883306fd70 JavaThread "Unconstrained build operations Thread 11"        [_thread_blocked, id=75316, stack(0x000000fb4b700000,0x000000fb4b800000) (1024K)]
  0x000002883306d610 JavaThread "Unconstrained build operations Thread 12"        [_thread_blocked, id=75044, stack(0x000000fb4b800000,0x000000fb4b900000) (1024K)]
  0x0000028833070400 JavaThread "Unconstrained build operations Thread 13"        [_thread_blocked, id=75420, stack(0x000000fb4b900000,0x000000fb4ba00000) (1024K)]
  0x000002883306cf80 JavaThread "Unconstrained build operations Thread 14"        [_thread_blocked, id=73940, stack(0x000000fb4ba00000,0x000000fb4bb00000) (1024K)]
  0x0000028833071120 JavaThread "Unconstrained build operations Thread 15"        [_thread_blocked, id=74932, stack(0x000000fb4bb00000,0x000000fb4bc00000) (1024K)]
  0x0000028833072b60 JavaThread "Unconstrained build operations Thread 16"        [_thread_blocked, id=75408, stack(0x000000fb4bc00000,0x000000fb4bd00000) (1024K)]
  0x00000288330724d0 JavaThread "Unconstrained build operations Thread 17"        [_thread_blocked, id=75428, stack(0x000000fb4bd00000,0x000000fb4be00000) (1024K)]
  0x00000288330731f0 JavaThread "Unconstrained build operations Thread 18"        [_thread_blocked, id=75436, stack(0x000000fb4be00000,0x000000fb4bf00000) (1024K)]
  0x0000028833073880 JavaThread "Unconstrained build operations Thread 19"        [_thread_blocked, id=75564, stack(0x000000fb4bf00000,0x000000fb4c000000) (1024K)]
  0x0000028833073f10 JavaThread "Unconstrained build operations Thread 20"        [_thread_blocked, id=44248, stack(0x000000fb47300000,0x000000fb47400000) (1024K)]
  0x0000028833071e40 JavaThread "Unconstrained build operations Thread 21"        [_thread_blocked, id=22256, stack(0x000000fb4c000000,0x000000fb4c100000) (1024K)]
  0x0000028833070a90 JavaThread "Unconstrained build operations Thread 22"        [_thread_blocked, id=71748, stack(0x000000fb4c100000,0x000000fb4c200000) (1024K)]
  0x00000288330745a0 JavaThread "Unconstrained build operations Thread 23"        [_thread_blocked, id=71756, stack(0x000000fb4c200000,0x000000fb4c300000) (1024K)]
  0x00000288330717b0 JavaThread "Unconstrained build operations Thread 24"        [_thread_blocked, id=61008, stack(0x000000fb4c300000,0x000000fb4c400000) (1024K)]
  0x0000028832f4b2f0 JavaThread "Unconstrained build operations Thread 25"        [_thread_blocked, id=36684, stack(0x000000fb4c400000,0x000000fb4c500000) (1024K)]
  0x0000028832f4c010 JavaThread "Unconstrained build operations Thread 26"        [_thread_blocked, id=36632, stack(0x000000fb4c500000,0x000000fb4c600000) (1024K)]
  0x0000028832f4b980 JavaThread "Unconstrained build operations Thread 27"        [_thread_blocked, id=60344, stack(0x000000fb4c600000,0x000000fb4c700000) (1024K)]
  0x0000028832f4c6a0 JavaThread "Unconstrained build operations Thread 28"        [_thread_blocked, id=71936, stack(0x000000fb4c700000,0x000000fb4c800000) (1024K)]
  0x0000028832f49220 JavaThread "Unconstrained build operations Thread 29"        [_thread_blocked, id=71940, stack(0x000000fb4c800000,0x000000fb4c900000) (1024K)]
  0x0000028832f498b0 JavaThread "Unconstrained build operations Thread 30"        [_thread_blocked, id=72052, stack(0x000000fb4c900000,0x000000fb4ca00000) (1024K)]
  0x0000028832f49f40 JavaThread "Unconstrained build operations Thread 31"        [_thread_blocked, id=71904, stack(0x000000fb4ca00000,0x000000fb4cb00000) (1024K)]
  0x0000028832f4a5d0 JavaThread "Unconstrained build operations Thread 32"        [_thread_blocked, id=5764, stack(0x000000fb4cb00000,0x000000fb4cc00000) (1024K)]
  0x0000028832f4ac60 JavaThread "Unconstrained build operations Thread 33"        [_thread_blocked, id=71752, stack(0x000000fb4cc00000,0x000000fb4cd00000) (1024K)]
  0x0000028833ea80b0 JavaThread "Unconstrained build operations Thread 34"        [_thread_blocked, id=61012, stack(0x000000fb4cd00000,0x000000fb4ce00000) (1024K)]
  0x0000028833eabbc0 JavaThread "Unconstrained build operations Thread 35"        [_thread_blocked, id=71960, stack(0x000000fb4ce00000,0x000000fb4cf00000) (1024K)]
  0x0000028833eab530 JavaThread "Unconstrained build operations Thread 36"        [_thread_blocked, id=54416, stack(0x000000fb4cf00000,0x000000fb4d000000) (1024K)]
  0x0000028833ea9460 JavaThread "Unconstrained build operations Thread 37"        [_thread_blocked, id=75112, stack(0x000000fb4d000000,0x000000fb4d100000) (1024K)]
  0x0000028833eaa810 JavaThread "Unconstrained build operations Thread 38"        [_thread_blocked, id=68428, stack(0x000000fb4d100000,0x000000fb4d200000) (1024K)]
  0x0000028833ea8740 JavaThread "Unconstrained build operations Thread 39"        [_thread_blocked, id=43232, stack(0x000000fb4d400000,0x000000fb4d500000) (1024K)]
  0x0000028833eac250 JavaThread "Unconstrained build operations Thread 40"        [_thread_blocked, id=69816, stack(0x000000fb4d500000,0x000000fb4d600000) (1024K)]
  0x0000028833ea8dd0 JavaThread "Unconstrained build operations Thread 41"        [_thread_blocked, id=70132, stack(0x000000fb4d600000,0x000000fb4d700000) (1024K)]
  0x0000028833eac8e0 JavaThread "Unconstrained build operations Thread 42"        [_thread_blocked, id=47656, stack(0x000000fb4d700000,0x000000fb4d800000) (1024K)]
  0x0000028833eaa180 JavaThread "Unconstrained build operations Thread 43"        [_thread_blocked, id=19148, stack(0x000000fb4d800000,0x000000fb4d900000) (1024K)]
  0x0000028833ea9af0 JavaThread "Unconstrained build operations Thread 44"        [_thread_blocked, id=70044, stack(0x000000fb4d900000,0x000000fb4da00000) (1024K)]
  0x0000028833eaaea0 JavaThread "Unconstrained build operations Thread 45"        [_thread_blocked, id=40516, stack(0x000000fb4da00000,0x000000fb4db00000) (1024K)]
  0x0000028833eadc90 JavaThread "Unconstrained build operations Thread 46"        [_thread_blocked, id=70148, stack(0x000000fb4db00000,0x000000fb4dc00000) (1024K)]
  0x0000028833eaf6d0 JavaThread "Unconstrained build operations Thread 47"        [_thread_blocked, id=35652, stack(0x000000fb4dc00000,0x000000fb4dd00000) (1024K)]
  0x0000028833eacf70 JavaThread "Unconstrained build operations Thread 48"        [_thread_blocked, id=69828, stack(0x000000fb4dd00000,0x000000fb4de00000) (1024K)]
  0x0000028833eae320 JavaThread "Unconstrained build operations Thread 49"        [_thread_blocked, id=31376, stack(0x000000fb4de00000,0x000000fb4df00000) (1024K)]
  0x0000028833eae9b0 JavaThread "Unconstrained build operations Thread 50"        [_thread_blocked, id=69844, stack(0x000000fb4df00000,0x000000fb4e000000) (1024K)]
  0x0000028833ead600 JavaThread "Unconstrained build operations Thread 51"        [_thread_blocked, id=69832, stack(0x000000fb4e000000,0x000000fb4e100000) (1024K)]
  0x0000028833eaf040 JavaThread "Unconstrained build operations Thread 52"        [_thread_blocked, id=54216, stack(0x000000fb4e100000,0x000000fb4e200000) (1024K)]
  0x00000288352c4610 JavaThread "Unconstrained build operations Thread 53"        [_thread_blocked, id=69408, stack(0x000000fb4e200000,0x000000fb4e300000) (1024K)]
  0x00000288352c1190 JavaThread "Unconstrained build operations Thread 54"        [_thread_blocked, id=69840, stack(0x000000fb4e300000,0x000000fb4e400000) (1024K)]
  0x00000288352c1eb0 JavaThread "Unconstrained build operations Thread 55"        [_thread_blocked, id=68840, stack(0x000000fb4e400000,0x000000fb4e500000) (1024K)]
  0x00000288352c4ca0 JavaThread "Unconstrained build operations Thread 56"        [_thread_blocked, id=49512, stack(0x000000fb4e500000,0x000000fb4e600000) (1024K)]
  0x00000288352c1820 JavaThread "Unconstrained build operations Thread 57"        [_thread_blocked, id=70052, stack(0x000000fb4e600000,0x000000fb4e700000) (1024K)]
  0x00000288352c5330 JavaThread "Memory manager"                    [_thread_blocked, id=56276, stack(0x000000fb4e700000,0x000000fb4e800000) (1024K)]
  0x00000288352c3f80 JavaThread "build event listener"              [_thread_blocked, id=76188, stack(0x000000fb4ed00000,0x000000fb4ee00000) (1024K)]
  0x00000288352c2540 JavaThread "included builds"                   [_thread_blocked, id=51176, stack(0x000000fb47200000,0x000000fb47300000) (1024K)]
  0x00000288352c6050 JavaThread "Execution worker"                  [_thread_blocked, id=60832, stack(0x000000fb4d200000,0x000000fb4d300000) (1024K)]
  0x00000288352c2bd0 JavaThread "Execution worker Thread 2"         [_thread_blocked, id=47984, stack(0x000000fb4d300000,0x000000fb4d400000) (1024K)]
  0x00000288352c66e0 JavaThread "Execution worker Thread 3"         [_thread_blocked, id=77748, stack(0x000000fb4e800000,0x000000fb4e900000) (1024K)]
  0x00000288352c3260 JavaThread "Execution worker Thread 4"         [_thread_blocked, id=20632, stack(0x000000fb4e900000,0x000000fb4ea00000) (1024K)]
  0x00000288352c7a90 JavaThread "Execution worker Thread 5"         [_thread_blocked, id=55140, stack(0x000000fb4ea00000,0x000000fb4eb00000) (1024K)]
  0x00000288352c8120 JavaThread "Execution worker Thread 6"         [_thread_blocked, id=45364, stack(0x000000fb4eb00000,0x000000fb4ec00000) (1024K)]
  0x00000288352c87b0 JavaThread "Execution worker Thread 7"         [_thread_blocked, id=52120, stack(0x000000fb4ec00000,0x000000fb4ed00000) (1024K)]
  0x00000288328189c0 JavaThread "Execution worker Thread 8"         [_thread_blocked, id=52156, stack(0x000000fb4ee00000,0x000000fb4ef00000) (1024K)]
  0x0000028834a52e90 JavaThread "Execution worker Thread 9"         [_thread_blocked, id=2088, stack(0x000000fb4ef00000,0x000000fb4f000000) (1024K)]
  0x0000028834a53520 JavaThread "Execution worker Thread 10"        [_thread_blocked, id=55128, stack(0x000000fb4f000000,0x000000fb4f100000) (1024K)]
  0x0000028834a53bb0 JavaThread "Execution worker Thread 11"        [_thread_blocked, id=35484, stack(0x000000fb4f100000,0x000000fb4f200000) (1024K)]
  0x0000028834a50730 JavaThread "Execution worker Thread 12"        [_thread_blocked, id=26772, stack(0x000000fb4f200000,0x000000fb4f300000) (1024K)]
  0x0000028834a50dc0 JavaThread "Execution worker Thread 13"        [_thread_blocked, id=35120, stack(0x000000fb4f300000,0x000000fb4f400000) (1024K)]
  0x0000028834a51450 JavaThread "Execution worker Thread 14"        [_thread_blocked, id=35480, stack(0x000000fb4f400000,0x000000fb4f500000) (1024K)]
  0x0000028834a52800 JavaThread "Execution worker Thread 15"        [_thread_blocked, id=50424, stack(0x000000fb4f500000,0x000000fb4f600000) (1024K)]
  0x0000028834a51ae0 JavaThread "Execution worker Thread 16"        [_thread_blocked, id=50420, stack(0x000000fb4f600000,0x000000fb4f700000) (1024K)]
  0x0000028834a52170 JavaThread "Execution worker Thread 17"        [_thread_blocked, id=50416, stack(0x000000fb4f700000,0x000000fb4f800000) (1024K)]
  0x000002883341bbf0 JavaThread "Execution worker Thread 18"        [_thread_blocked, id=50412, stack(0x000000fb4f800000,0x000000fb4f900000) (1024K)]
  0x000002883341c280 JavaThread "Execution worker Thread 19"        [_thread_blocked, id=47528, stack(0x000000fb4f900000,0x000000fb4fa00000) (1024K)]
  0x000002883341a840 JavaThread "Cache worker for execution history cache (C:\Users\AJI\develop\flutter\packages\flutter_tools\gradle\.gradle\9.1.0\executionHistory)"        [_thread_blocked, id=60260, stack(0x000000fb4fa00000,0x000000fb4fb00000) (1024K)]
  0x000002883341aed0 JavaThread "Unconstrained build operations Thread 58"        [_thread_blocked, id=72136, stack(0x000000fb4fb00000,0x000000fb4fc00000) (1024K)]
  0x000002883341c910 JavaThread "Unconstrained build operations Thread 59"        [_thread_blocked, id=9044, stack(0x000000fb4fc00000,0x000000fb4fd00000) (1024K)]
  0x000002883341b560 JavaThread "Unconstrained build operations Thread 60"        [_thread_blocked, id=3828, stack(0x000000fb4fd00000,0x000000fb4fe00000) (1024K)]
  0x000002883341dcc0 JavaThread "Unconstrained build operations Thread 61"        [_thread_blocked, id=28304, stack(0x000000fb4fe00000,0x000000fb4ff00000) (1024K)]
  0x000002883341e350 JavaThread "Unconstrained build operations Thread 62"        [_thread_blocked, id=78720, stack(0x000000fb4ff00000,0x000000fb50000000) (1024K)]
  0x000002883341e9e0 JavaThread "Unconstrained build operations Thread 63"        [_thread_blocked, id=48108, stack(0x000000fb50000000,0x000000fb50100000) (1024K)]
  0x000002883341cfa0 JavaThread "Unconstrained build operations Thread 64"        [_thread_blocked, id=57420, stack(0x000000fb50100000,0x000000fb50200000) (1024K)]
  0x000002883341f070 JavaThread "Unconstrained build operations Thread 65"        [_thread_blocked, id=57988, stack(0x000000fb50200000,0x000000fb50300000) (1024K)]
  0x000002883341d630 JavaThread "Unconstrained build operations Thread 66"        [_thread_blocked, id=51916, stack(0x000000fb50300000,0x000000fb50400000) (1024K)]
  0x000002883341f700 JavaThread "Unconstrained build operations Thread 67"        [_thread_blocked, id=58520, stack(0x000000fb50400000,0x000000fb50500000) (1024K)]
  0x0000028833421140 JavaThread "Unconstrained build operations Thread 68"        [_thread_blocked, id=51032, stack(0x000000fb50500000,0x000000fb50600000) (1024K)]
  0x00000288334217d0 JavaThread "Unconstrained build operations Thread 69"        [_thread_blocked, id=54524, stack(0x000000fb50600000,0x000000fb50700000) (1024K)]
  0x0000028833420ab0 JavaThread "Unconstrained build operations Thread 70"        [_thread_blocked, id=40036, stack(0x000000fb50700000,0x000000fb50800000) (1024K)]
  0x0000028833421e60 JavaThread "Unconstrained build operations Thread 71"        [_thread_blocked, id=30308, stack(0x000000fb50800000,0x000000fb50900000) (1024K)]
  0x000002883341fd90 JavaThread "Unconstrained build operations Thread 72"        [_thread_blocked, id=29400, stack(0x000000fb50900000,0x000000fb50a00000) (1024K)]
  0x0000028833420420 JavaThread "Unconstrained build operations Thread 73"        [_thread_blocked, id=15600, stack(0x000000fb50a00000,0x000000fb50b00000) (1024K)]
  0x0000028832cd84c0 JavaThread "Unconstrained build operations Thread 74"        [_thread_blocked, id=31496, stack(0x000000fb50b00000,0x000000fb50c00000) (1024K)]
  0x0000028832cd8b50 JavaThread "Unconstrained build operations Thread 75"        [_thread_blocked, id=31536, stack(0x000000fb50c00000,0x000000fb50d00000) (1024K)]
  0x0000028832cd9f00 JavaThread "Unconstrained build operations Thread 76"        [_thread_blocked, id=40300, stack(0x000000fb50d00000,0x000000fb50e00000) (1024K)]
  0x0000028832cd91e0 JavaThread "File lock release action executor Thread 9"        [_thread_blocked, id=47592, stack(0x000000fb50e00000,0x000000fb50f00000) (1024K)]
  0x0000028832cd9870 JavaThread "Unconstrained build operations Thread 77"        [_thread_blocked, id=37308, stack(0x000000fb50f00000,0x000000fb51000000) (1024K)]
  0x0000028832cd7e30 JavaThread "Unconstrained build operations Thread 78"        [_thread_blocked, id=60248, stack(0x000000fb51000000,0x000000fb51100000) (1024K)]
  0x0000028832cda590 JavaThread "Unconstrained build operations Thread 79"        [_thread_blocked, id=8, stack(0x000000fb51100000,0x000000fb51200000) (1024K)]
  0x0000028832cdac20 JavaThread "Unconstrained build operations Thread 80"        [_thread_blocked, id=68844, stack(0x000000fb51200000,0x000000fb51300000) (1024K)]
  0x0000028832cd77a0 JavaThread "Unconstrained build operations Thread 81"        [_thread_blocked, id=5684, stack(0x000000fb51300000,0x000000fb51400000) (1024K)]
  0x0000028832cde0a0 JavaThread "Unconstrained build operations Thread 82"        [_thread_blocked, id=22500, stack(0x000000fb51400000,0x000000fb51500000) (1024K)]
  0x0000028832cde730 JavaThread "Unconstrained build operations Thread 83"        [_thread_blocked, id=22512, stack(0x000000fb51500000,0x000000fb51600000) (1024K)]
  0x0000028832cdb2b0 JavaThread "Unconstrained build operations Thread 84"        [_thread_blocked, id=22404, stack(0x000000fb51600000,0x000000fb51700000) (1024K)]
  0x0000028832cdbfd0 JavaThread "Unconstrained build operations Thread 85"        [_thread_blocked, id=22508, stack(0x000000fb51700000,0x000000fb51800000) (1024K)]
  0x0000028832cdedc0 JavaThread "Unconstrained build operations Thread 86"        [_thread_blocked, id=60508, stack(0x000000fb51800000,0x000000fb51900000) (1024K)]
  0x0000028832cdccf0 JavaThread "Unconstrained build operations Thread 87"        [_thread_blocked, id=77968, stack(0x000000fb51900000,0x000000fb51a00000) (1024K)]
  0x0000028832cdb940 JavaThread "Unconstrained build operations Thread 88"        [_thread_blocked, id=77896, stack(0x000000fb51a00000,0x000000fb51b00000) (1024K)]
  0x0000028832cdd380 JavaThread "Unconstrained build operations Thread 89"        [_thread_blocked, id=78632, stack(0x000000fb51b00000,0x000000fb51c00000) (1024K)]
  0x0000028832cdc660 JavaThread "Unconstrained build operations Thread 90"        [_thread_blocked, id=69008, stack(0x000000fb51c00000,0x000000fb51d00000) (1024K)]
  0x0000028832cdda10 JavaThread "Unconstrained build operations Thread 91"        [_thread_blocked, id=52412, stack(0x000000fb51d00000,0x000000fb51e00000) (1024K)]
  0x0000028834e031a0 JavaThread "Unconstrained build operations Thread 92"        [_thread_blocked, id=31296, stack(0x000000fb51e00000,0x000000fb51f00000) (1024K)]
  0x0000028834dffd20 JavaThread "Unconstrained build operations Thread 93"        [_thread_blocked, id=40080, stack(0x000000fb51f00000,0x000000fb52000000) (1024K)]
  0x0000028834e003b0 JavaThread "Unconstrained build operations Thread 94"        [_thread_blocked, id=27856, stack(0x000000fb52000000,0x000000fb52100000) (1024K)]
  0x0000028834e02b10 JavaThread "Unconstrained build operations Thread 95"        [_thread_blocked, id=24048, stack(0x000000fb52100000,0x000000fb52200000) (1024K)]
  0x0000028834e02480 JavaThread "Unconstrained build operations Thread 96"        [_thread_blocked, id=40696, stack(0x000000fb52200000,0x000000fb52300000) (1024K)]
  0x0000028834e03830 JavaThread "Unconstrained build operations Thread 97"        [_thread_blocked, id=57132, stack(0x000000fb52300000,0x000000fb52400000) (1024K)]
  0x0000028834e03ec0 JavaThread "Unconstrained build operations Thread 98"        [_thread_blocked, id=43268, stack(0x000000fb52400000,0x000000fb52500000) (1024K)]
  0x0000028834e00a40 JavaThread "Unconstrained build operations Thread 99"        [_thread_blocked, id=45468, stack(0x000000fb52500000,0x000000fb52600000) (1024K)]
  0x0000028834e04550 JavaThread "Unconstrained build operations Thread 100"        [_thread_blocked, id=72908, stack(0x000000fb52600000,0x000000fb52700000) (1024K)]
  0x0000028834e01df0 JavaThread "Unconstrained build operations Thread 101"        [_thread_blocked, id=37328, stack(0x000000fb52700000,0x000000fb52800000) (1024K)]
  0x0000028834e010d0 JavaThread "Unconstrained build operations Thread 102"        [_thread_blocked, id=36056, stack(0x000000fb52800000,0x000000fb52900000) (1024K)]
  0x0000028834e04be0 JavaThread "Unconstrained build operations Thread 103"        [_thread_blocked, id=8268, stack(0x000000fb52900000,0x000000fb52a00000) (1024K)]
  0x0000028834e01760 JavaThread "Unconstrained build operations Thread 104"        [_thread_blocked, id=76104, stack(0x000000fb52a00000,0x000000fb52b00000) (1024K)]
  0x0000028834e05270 JavaThread "Unconstrained build operations Thread 105"        [_thread_blocked, id=40700, stack(0x000000fb52b00000,0x000000fb52c00000) (1024K)]
  0x0000028834e05f90 JavaThread "Unconstrained build operations Thread 106"        [_thread_blocked, id=47332, stack(0x000000fb52c00000,0x000000fb52d00000) (1024K)]
  0x0000028834e06cb0 JavaThread "Unconstrained build operations Thread 107"        [_thread_blocked, id=73192, stack(0x000000fb52d00000,0x000000fb52e00000) (1024K)]
  0x0000028834e07340 JavaThread "Unconstrained build operations Thread 108"        [_thread_blocked, id=46548, stack(0x000000fb52e00000,0x000000fb52f00000) (1024K)]
  0x0000028834e06620 JavaThread "Unconstrained build operations Thread 109"        [_thread_blocked, id=2076, stack(0x000000fb52f00000,0x000000fb53000000) (1024K)]
  0x0000028834e05900 JavaThread "Unconstrained build operations Thread 110"        [_thread_blocked, id=61036, stack(0x000000fb53000000,0x000000fb53100000) (1024K)]
  0x000002883562eb60 JavaThread "Unconstrained build operations Thread 111"        [_thread_blocked, id=78796, stack(0x000000fb53100000,0x000000fb53200000) (1024K)]
  0x000002883562bd70 JavaThread "Unconstrained build operations Thread 112"        [_thread_blocked, id=19096, stack(0x000000fb53200000,0x000000fb53300000) (1024K)]
  0x000002883562c400 JavaThread "Unconstrained build operations Thread 113"        [_thread_blocked, id=21224, stack(0x000000fb53300000,0x000000fb53400000) (1024K)]
  0x000002883562f880 JavaThread "Unconstrained build operations Thread 114"        [_thread_blocked, id=34948, stack(0x000000fb53400000,0x000000fb53500000) (1024K)]
  0x000002883562ff10 JavaThread "Unconstrained build operations Thread 115"        [_thread_blocked, id=40016, stack(0x000000fb53500000,0x000000fb53600000) (1024K)]
  0x000002883562d120 JavaThread "Unconstrained build operations Thread 116"        [_thread_blocked, id=60012, stack(0x000000fb53600000,0x000000fb53700000) (1024K)]
  0x000002883562f1f0 JavaThread "Unconstrained build operations Thread 117"        [_thread_blocked, id=65480, stack(0x000000fb53700000,0x000000fb53800000) (1024K)]
  0x000002883562ca90 JavaThread "Unconstrained build operations Thread 118"        [_thread_blocked, id=11748, stack(0x000000fb53800000,0x000000fb53900000) (1024K)]
  0x0000028835630c30 JavaThread "Unconstrained build operations Thread 119"        [_thread_blocked, id=60024, stack(0x000000fb53900000,0x000000fb53a00000) (1024K)]
  0x00000288356305a0 JavaThread "Unconstrained build operations Thread 120"        [_thread_blocked, id=59724, stack(0x000000fb53a00000,0x000000fb53b00000) (1024K)]
  0x000002883562d7b0 JavaThread "Unconstrained build operations Thread 121"        [_thread_blocked, id=72076, stack(0x000000fb53b00000,0x000000fb53c00000) (1024K)]
  0x00000288356312c0 JavaThread "Unconstrained build operations Thread 122"        [_thread_blocked, id=31980, stack(0x000000fb53c00000,0x000000fb53d00000) (1024K)]
  0x000002883562de40 JavaThread "Unconstrained build operations Thread 123"        [_thread_blocked, id=74896, stack(0x000000fb53d00000,0x000000fb53e00000) (1024K)]
  0x0000028835631950 JavaThread "Unconstrained build operations Thread 124"        [_thread_blocked, id=59880, stack(0x000000fb53e00000,0x000000fb53f00000) (1024K)]
  0x000002883562e4d0 JavaThread "Unconstrained build operations Thread 125"        [_thread_blocked, id=77156, stack(0x000000fb53f00000,0x000000fb54000000) (1024K)]
  0x0000028835634740 JavaThread "Unconstrained build operations Thread 126"        [_thread_blocked, id=48400, stack(0x000000fb54000000,0x000000fb54100000) (1024K)]
  0x0000028835632670 JavaThread "Unconstrained build operations Thread 127"        [_thread_blocked, id=48536, stack(0x000000fb54100000,0x000000fb54200000) (1024K)]
  0x0000028835634dd0 JavaThread "Unconstrained build operations Thread 128"        [_thread_blocked, id=35712, stack(0x000000fb54200000,0x000000fb54300000) (1024K)]
  0x0000028835633a20 JavaThread "Unconstrained build operations Thread 129"        [_thread_blocked, id=78528, stack(0x000000fb54300000,0x000000fb54400000) (1024K)]
  0x00000288356340b0 JavaThread "Unconstrained build operations Thread 130"        [_thread_blocked, id=57008, stack(0x000000fb54400000,0x000000fb54500000) (1024K)]
  0x0000028835631fe0 JavaThread "Unconstrained build operations Thread 131"        [_thread_blocked, id=52716, stack(0x000000fb54500000,0x000000fb54600000) (1024K)]
  0x0000028835635460 JavaThread "Unconstrained build operations Thread 132"        [_thread_blocked, id=78404, stack(0x000000fb54600000,0x000000fb54700000) (1024K)]
  0x0000028835635af0 JavaThread "Unconstrained build operations Thread 133"        [_thread_blocked, id=72084, stack(0x000000fb54700000,0x000000fb54800000) (1024K)]
  0x0000028835636180 JavaThread "Unconstrained build operations Thread 134"        [_thread_blocked, id=53028, stack(0x000000fb54800000,0x000000fb54900000) (1024K)]
  0x0000028835633390 JavaThread "Unconstrained build operations Thread 135"        [_thread_blocked, id=35496, stack(0x000000fb54900000,0x000000fb54a00000) (1024K)]
  0x0000028835632d00 JavaThread "Unconstrained build operations Thread 136"        [_thread_blocked, id=22224, stack(0x000000fb54a00000,0x000000fb54b00000) (1024K)]
  0x0000028835639c90 JavaThread "Unconstrained build operations Thread 137"        [_thread_blocked, id=37892, stack(0x000000fb54b00000,0x000000fb54c00000) (1024K)]
  0x00000288356388e0 JavaThread "Unconstrained build operations Thread 138"        [_thread_blocked, id=70672, stack(0x000000fb54c00000,0x000000fb54d00000) (1024K)]
  0x0000028835638250 JavaThread "Unconstrained build operations Thread 139"        [_thread_blocked, id=61800, stack(0x000000fb54e00000,0x000000fb54f00000) (1024K)]
  0x0000028835638f70 JavaThread "Unconstrained build operations Thread 140"        [_thread_blocked, id=67280, stack(0x000000fb54f00000,0x000000fb55000000) (1024K)]
  0x0000028835639600 JavaThread "Unconstrained build operations Thread 141"        [_thread_blocked, id=47904, stack(0x000000fb55000000,0x000000fb55100000) (1024K)]
  0x0000028835637530 JavaThread "Unconstrained build operations Thread 142"        [_thread_blocked, id=78300, stack(0x000000fb55100000,0x000000fb55200000) (1024K)]
  0x0000028835636810 JavaThread "Unconstrained build operations Thread 143"        [_thread_blocked, id=53020, stack(0x000000fb55200000,0x000000fb55300000) (1024K)]
  0x0000028835636ea0 JavaThread "Unconstrained build operations Thread 144"        [_thread_blocked, id=56936, stack(0x000000fb55300000,0x000000fb55400000) (1024K)]
  0x000002883563a9b0 JavaThread "Unconstrained build operations Thread 145"        [_thread_blocked, id=42516, stack(0x000000fb55400000,0x000000fb55500000) (1024K)]
  0x000002883563b040 JavaThread "Unconstrained build operations Thread 146"        [_thread_blocked, id=12216, stack(0x000000fb55500000,0x000000fb55600000) (1024K)]
  0x000002883504b400 JavaThread "Unconstrained build operations Thread 147"        [_thread_blocked, id=45972, stack(0x000000fb55600000,0x000000fb55700000) (1024K)]
  0x000002883504a6e0 JavaThread "Unconstrained build operations Thread 148"        [_thread_blocked, id=36260, stack(0x000000fb55700000,0x000000fb55800000) (1024K)]
  0x000002883504ba90 JavaThread "Unconstrained build operations Thread 149"        [_thread_blocked, id=49432, stack(0x000000fb55800000,0x000000fb55900000) (1024K)]
  0x000002883504a050 JavaThread "Unconstrained build operations Thread 150"        [_thread_blocked, id=48396, stack(0x000000fb55d00000,0x000000fb55e00000) (1024K)]
  0x000002883504ad70 JavaThread "Unconstrained build operations Thread 151"        [_thread_blocked, id=8280, stack(0x000000fb55e00000,0x000000fb55f00000) (1024K)]
  0x000002883504ef10 JavaThread "Unconstrained build operations Thread 152"        [_thread_blocked, id=48948, stack(0x000000fb55f00000,0x000000fb56000000) (1024K)]
  0x000002883504f5a0 JavaThread "Unconstrained build operations Thread 153"        [_thread_blocked, id=16804, stack(0x000000fb56000000,0x000000fb56100000) (1024K)]
  0x000002883504e880 JavaThread "Unconstrained build operations Thread 154"        [_thread_blocked, id=34968, stack(0x000000fb56100000,0x000000fb56200000) (1024K)]
  0x000002883504c120 JavaThread "Unconstrained build operations Thread 155"        [_thread_blocked, id=7376, stack(0x000000fb56200000,0x000000fb56300000) (1024K)]
  0x000002883504fc30 JavaThread "Unconstrained build operations Thread 156"        [_thread_blocked, id=48712, stack(0x000000fb56300000,0x000000fb56400000) (1024K)]
  0x000002883504c7b0 JavaThread "Unconstrained build operations Thread 157"        [_thread_blocked, id=47988, stack(0x000000fb56400000,0x000000fb56500000) (1024K)]
  0x000002883504db60 JavaThread "Unconstrained build operations Thread 158"        [_thread_blocked, id=45772, stack(0x000000fb56500000,0x000000fb56600000) (1024K)]
  0x00000288350502c0 JavaThread "Unconstrained build operations Thread 159"        [_thread_blocked, id=22428, stack(0x000000fb56600000,0x000000fb56700000) (1024K)]
  0x000002883504ce40 JavaThread "Unconstrained build operations Thread 160"        [_thread_blocked, id=50980, stack(0x000000fb56700000,0x000000fb56800000) (1024K)]
  0x0000028835050950 JavaThread "Unconstrained build operations Thread 161"        [_thread_blocked, id=50964, stack(0x000000fb56800000,0x000000fb56900000) (1024K)]
  0x000002883504d4d0 JavaThread "Unconstrained build operations Thread 162"        [_thread_blocked, id=46124, stack(0x000000fb56900000,0x000000fb56a00000) (1024K)]
  0x0000028835050fe0 JavaThread "Unconstrained build operations Thread 163"        [_thread_blocked, id=34656, stack(0x000000fb56a00000,0x000000fb56b00000) (1024K)]
  0x0000028835051670 JavaThread "Unconstrained build operations Thread 164"        [_thread_blocked, id=74248, stack(0x000000fb56b00000,0x000000fb56c00000) (1024K)]
  0x000002883504e1f0 JavaThread "Unconstrained build operations Thread 165"        [_thread_blocked, id=56168, stack(0x000000fb56c00000,0x000000fb56d00000) (1024K)]
  0x0000028835637bc0 JavaThread "Unconstrained build operations Thread 166"        [_thread_blocked, id=18168, stack(0x000000fb56d00000,0x000000fb56e00000) (1024K)]
  0x0000028835ce20c0 JavaThread "Unconstrained build operations Thread 167"        [_thread_blocked, id=64792, stack(0x000000fb56e00000,0x000000fb56f00000) (1024K)]
  0x0000028835ce13a0 JavaThread "Unconstrained build operations Thread 168"        [_thread_blocked, id=55348, stack(0x000000fb56f00000,0x000000fb57000000) (1024K)]
  0x0000028835ce2750 JavaThread "File lock release action executor Thread 10"        [_thread_blocked, id=33716, stack(0x000000fb54d00000,0x000000fb54e00000) (1024K)]
  0x0000028835cdf2d0 JavaThread "File lock release action executor Thread 11"        [_thread_blocked, id=23880, stack(0x000000fb55900000,0x000000fb55a00000) (1024K)]
  0x0000028835ce3470 JavaThread "File lock release action executor Thread 12"        [_thread_blocked, id=42884, stack(0x000000fb55a00000,0x000000fb55b00000) (1024K)]
  0x0000028835ce0680 JavaThread "File lock release action executor Thread 13"        [_thread_blocked, id=77284, stack(0x000000fb55b00000,0x000000fb55c00000) (1024K)]
  0x0000028835ce0d10 JavaThread "File lock release action executor Thread 14"        [_thread_blocked, id=40260, stack(0x000000fb55c00000,0x000000fb55d00000) (1024K)]
  0x0000028835ce1a30 JavaThread "File lock release action executor Thread 15"        [_thread_blocked, id=74268, stack(0x000000fb57000000,0x000000fb57100000) (1024K)]
  0x0000028835ce2de0 JavaThread "File lock release action executor Thread 16"        [_thread_blocked, id=75500, stack(0x000000fb57100000,0x000000fb57200000) (1024K)]
  0x0000028835cdfff0 JavaThread "File lock release action executor Thread 17"        [_thread_blocked, id=60188, stack(0x000000fb57400000,0x000000fb57500000) (1024K)]
  0x0000028835ce3b00 JavaThread "File lock release action executor Thread 18"        [_thread_blocked, id=73684, stack(0x000000fb57500000,0x000000fb57600000) (1024K)]
  0x0000028835ce68f0 JavaThread "File lock release action executor Thread 19"        [_thread_blocked, id=68664, stack(0x000000fb57600000,0x000000fb57700000) (1024K)]
  0x0000028835ce4190 JavaThread "build event listener"              [_thread_blocked, id=41200, stack(0x000000fb57800000,0x000000fb57900000) (1024K)]
  0x0000028835ce7610 JavaThread "build event listener"              [_thread_blocked, id=53588, stack(0x000000fb57900000,0x000000fb57a00000) (1024K)]
  0x0000028835ceb7b0 JavaThread "Problems report writer"            [_thread_blocked, id=74400, stack(0x000000fb57700000,0x000000fb57800000) (1024K)]
  0x0000028835cecb60 JavaThread "pool-3-thread-1"                   [_thread_blocked, id=78636, stack(0x000000fb57a00000,0x000000fb57b00000) (1024K)]
Total: 239

Other Threads:
  0x00000287ea850f30 VMThread "VM Thread"                           [id=59348, stack(0x000000fb47b00000,0x000000fb47c00000) (1024K)]
  0x00000287ea841d10 WatcherThread "VM Periodic Task Thread"        [id=59344, stack(0x000000fb47a00000,0x000000fb47b00000) (1024K)]
  0x00000287ba63c1d0 WorkerThread "GC Thread#0"                     [id=59316, stack(0x000000fb47500000,0x000000fb47600000) (1024K)]
  0x00000287eba924f0 WorkerThread "GC Thread#1"                     [id=58772, stack(0x000000fb48700000,0x000000fb48800000) (1024K)]
  0x00000287eba72730 WorkerThread "GC Thread#2"                     [id=58792, stack(0x000000fb48800000,0x000000fb48900000) (1024K)]
  0x00000287eba72ae0 WorkerThread "GC Thread#3"                     [id=58796, stack(0x000000fb48900000,0x000000fb48a00000) (1024K)]
  0x00000287eba72e90 WorkerThread "GC Thread#4"                     [id=58800, stack(0x000000fb48a00000,0x000000fb48b00000) (1024K)]
  0x00000287ebb0c690 WorkerThread "GC Thread#5"                     [id=58804, stack(0x000000fb48b00000,0x000000fb48c00000) (1024K)]
  0x00000287eb8d6760 WorkerThread "GC Thread#6"                     [id=59664, stack(0x000000fb49100000,0x000000fb49200000) (1024K)]
  0x0000028831dd02d0 WorkerThread "GC Thread#7"                     [id=59668, stack(0x000000fb49200000,0x000000fb49300000) (1024K)]
  0x00000287eb9c5d70 WorkerThread "GC Thread#8"                     [id=59660, stack(0x000000fb49300000,0x000000fb49400000) (1024K)]
  0x00000287eb9c6fe0 WorkerThread "GC Thread#9"                     [id=55008, stack(0x000000fb49400000,0x000000fb49500000) (1024K)]
  0x00000287eb9c6880 WorkerThread "GC Thread#10"                    [id=59908, stack(0x000000fb49500000,0x000000fb49600000) (1024K)]
  0x00000287eb9c6120 WorkerThread "GC Thread#11"                    [id=59604, stack(0x000000fb49600000,0x000000fb49700000) (1024K)]
  0x00000287eb9c6c30 WorkerThread "GC Thread#12"                    [id=59996, stack(0x000000fb49700000,0x000000fb49800000) (1024K)]
  0x00000287eb9c59c0 WorkerThread "GC Thread#13"                    [id=59960, stack(0x000000fb49800000,0x000000fb49900000) (1024K)]
  0x0000028831213090 WorkerThread "GC Thread#14"                    [id=62648, stack(0x000000fb4a100000,0x000000fb4a200000) (1024K)]
  0x00000287ba64d8e0 ConcurrentGCThread "G1 Main Marker"            [id=59320, stack(0x000000fb47600000,0x000000fb47700000) (1024K)]
  0x00000287ba64e300 WorkerThread "G1 Conc#0"                       [id=59324, stack(0x000000fb47700000,0x000000fb47800000) (1024K)]
  0x000002883120f590 WorkerThread "G1 Conc#1"                       [id=62652, stack(0x000000fb4a200000,0x000000fb4a300000) (1024K)]
  0x000002883120fcf0 WorkerThread "G1 Conc#2"                       [id=62656, stack(0x000000fb4a300000,0x000000fb4a400000) (1024K)]
  0x0000028831210450 WorkerThread "G1 Conc#3"                       [id=62664, stack(0x000000fb4a400000,0x000000fb4a500000) (1024K)]
  0x00000287ea712cb0 ConcurrentGCThread "G1 Refine#0"               [id=59328, stack(0x000000fb47800000,0x000000fb47900000) (1024K)]
  0x00000287ea7135e0 ConcurrentGCThread "G1 Service"                [id=59332, stack(0x000000fb47900000,0x000000fb47a00000) (1024K)]
Total: 24

Threads with active compile tasks:
C2 CompilerThread0  289891 14335       4       org.gradle.internal.instantiation.generator.AbstractClassGenerator$ClassMetadata::resolveTypeVariables (19 bytes)
Total: 1

VM state: not at safepoint (normal execution)

VM Mutex/Monitor currently owned by a thread: None

Heap address: 0x0000000600000000, size: 8192 MB, Compressed Oops mode: Zero based, Oop shift amount: 3

CDS archive(s) mapped at: [0x00000287ec000000-0x00000287ecba0000-0x00000287ecba0000), size 12189696, SharedBaseAddress: 0x00000287ec000000, ArchiveRelocationMode: 1.
Compressed class space mapped at: 0x00000287ed000000-0x000002882d000000, reserved size: 1073741824
Narrow klass base: 0x00000287ec000000, Narrow klass shift: 0, Narrow klass range: 0x100000000

GC Precious Log:
 CardTable entry size: 512
 Card Set container configuration: InlinePtr #cards 4 size 8 Array Of Cards #cards 32 size 80 Howl #buckets 8 coarsen threshold 7372 Howl Bitmap #cards 1024 size 144 coarsen threshold 921 Card regions per heap region 1 cards per card region 8192
 CPUs: 20 total, 20 available
 Memory: 16068M
 Large Page Support: Disabled
 NUMA Support: Disabled
 Compressed Oops: Enabled (Zero based)
 Heap Region Size: 4M
 Heap Min Capacity: 8M
 Heap Initial Capacity: 252M
 Heap Max Capacity: 8G
 Pre-touch: Disabled
 Parallel Workers: 15
 Concurrent Workers: 4
 Concurrent Refinement Workers: 15
 Periodic GC: Disabled

Heap:
 garbage-first heap   total 184320K, used 122101K [0x0000000600000000, 0x0000000800000000)
  region size 4096K, 6 young (24576K), 2 survivors (8192K)
 Metaspace       used 107260K, committed 109632K, reserved 1179648K
  class space    used 15165K, committed 16320K, reserved 1048576K

Heap Regions: E=young(eden), S=young(survivor), O=old, HS=humongous(starts), HC=humongous(continues), CS=collection set, F=free, TAMS=top-at-mark-start, PB=parsable bottom
|   0|0x0000000600000000, 0x0000000600400000, 0x0000000600400000|100%|HS|  |TAMS 0x0000000600000000| PB 0x0000000600000000| Complete 
|   1|0x0000000600400000, 0x0000000600800000, 0x0000000600800000|100%| O|  |TAMS 0x0000000600400000| PB 0x0000000600400000| Untracked 
|   2|0x0000000600800000, 0x0000000600c00000, 0x0000000600c00000|100%| O|  |TAMS 0x0000000600800000| PB 0x0000000600800000| Untracked 
|   3|0x0000000600c00000, 0x0000000601000000, 0x0000000601000000|100%| O|  |TAMS 0x0000000600c00000| PB 0x0000000600c00000| Untracked 
|   4|0x0000000601000000, 0x0000000601400000, 0x0000000601400000|100%| O|  |TAMS 0x0000000601000000| PB 0x0000000601000000| Untracked 
|   5|0x0000000601400000, 0x0000000601800000, 0x0000000601800000|100%| O|  |TAMS 0x0000000601400000| PB 0x0000000601400000| Untracked 
|   6|0x0000000601800000, 0x0000000601c00000, 0x0000000601c00000|100%| O|  |TAMS 0x0000000601800000| PB 0x0000000601800000| Untracked 
|   7|0x0000000601c00000, 0x0000000602000000, 0x0000000602000000|100%| O|  |TAMS 0x0000000601c00000| PB 0x0000000601c00000| Untracked 
|   8|0x0000000602000000, 0x0000000602400000, 0x0000000602400000|100%| O|  |TAMS 0x0000000602000000| PB 0x0000000602000000| Untracked 
|   9|0x0000000602400000, 0x0000000602800000, 0x0000000602800000|100%| O|  |TAMS 0x0000000602400000| PB 0x0000000602400000| Untracked 
|  10|0x0000000602800000, 0x0000000602c00000, 0x0000000602c00000|100%| O|  |TAMS 0x0000000602800000| PB 0x0000000602800000| Untracked 
|  11|0x0000000602c00000, 0x0000000603000000, 0x0000000603000000|100%| O|  |TAMS 0x0000000602c00000| PB 0x0000000602c00000| Untracked 
|  12|0x0000000603000000, 0x0000000603400000, 0x0000000603400000|100%| O|  |TAMS 0x0000000603000000| PB 0x0000000603000000| Untracked 
|  13|0x0000000603400000, 0x0000000603800000, 0x0000000603800000|100%| O|Cm|TAMS 0x0000000603400000| PB 0x0000000603400000| Complete 
|  14|0x0000000603800000, 0x0000000603c00000, 0x0000000603c00000|100%| O|  |TAMS 0x0000000603800000| PB 0x0000000603800000| Untracked 
|  15|0x0000000603c00000, 0x0000000603c00000, 0x0000000604000000|  0%| F|  |TAMS 0x0000000603c00000| PB 0x0000000603c00000| Untracked 
|  16|0x0000000604000000, 0x0000000604400000, 0x0000000604400000|100%| O|  |TAMS 0x0000000604000000| PB 0x0000000604000000| Untracked 
|  17|0x0000000604400000, 0x0000000604800000, 0x0000000604800000|100%| O|  |TAMS 0x0000000604400000| PB 0x0000000604400000| Untracked 
|  18|0x0000000604800000, 0x0000000604c00000, 0x0000000604c00000|100%| O|  |TAMS 0x0000000604800000| PB 0x0000000604800000| Untracked 
|  19|0x0000000604c00000, 0x0000000605000000, 0x0000000605000000|100%| O|  |TAMS 0x0000000604c00000| PB 0x0000000604c00000| Untracked 
|  20|0x0000000605000000, 0x0000000605400000, 0x0000000605400000|100%| O|  |TAMS 0x0000000605000000| PB 0x0000000605000000| Untracked 
|  21|0x0000000605400000, 0x000000060573d578, 0x0000000605800000| 80%| O|  |TAMS 0x0000000605400000| PB 0x0000000605400000| Untracked 
|  22|0x0000000605800000, 0x0000000605c00000, 0x0000000605c00000|100%| O|  |TAMS 0x0000000605800000| PB 0x0000000605800000| Untracked 
|  23|0x0000000605c00000, 0x0000000605c00000, 0x0000000606000000|  0%| F|  |TAMS 0x0000000605c00000| PB 0x0000000605c00000| Untracked 
|  24|0x0000000606000000, 0x0000000606000000, 0x0000000606400000|  0%| F|  |TAMS 0x0000000606000000| PB 0x0000000606000000| Untracked 
|  25|0x0000000606400000, 0x0000000606800000, 0x0000000606800000|100%| S|CS|TAMS 0x0000000606400000| PB 0x0000000606400000| Complete 
|  26|0x0000000606800000, 0x0000000606800000, 0x0000000606c00000|  0%| F|  |TAMS 0x0000000606800000| PB 0x0000000606800000| Untracked 
|  27|0x0000000606c00000, 0x0000000607000000, 0x0000000607000000|100%| S|CS|TAMS 0x0000000606c00000| PB 0x0000000606c00000| Complete 
|  28|0x0000000607000000, 0x0000000607000000, 0x0000000607400000|  0%| F|  |TAMS 0x0000000607000000| PB 0x0000000607000000| Untracked 
|  29|0x0000000607400000, 0x0000000607400000, 0x0000000607800000|  0%| F|  |TAMS 0x0000000607400000| PB 0x0000000607400000| Untracked 
|  30|0x0000000607800000, 0x0000000607800000, 0x0000000607c00000|  0%| F|  |TAMS 0x0000000607800000| PB 0x0000000607800000| Untracked 
|  31|0x0000000607c00000, 0x0000000607c00000, 0x0000000608000000|  0%| F|  |TAMS 0x0000000607c00000| PB 0x0000000607c00000| Untracked 
|  32|0x0000000608000000, 0x0000000608000000, 0x0000000608400000|  0%| F|  |TAMS 0x0000000608000000| PB 0x0000000608000000| Untracked 
|  33|0x0000000608400000, 0x0000000608400000, 0x0000000608800000|  0%| F|  |TAMS 0x0000000608400000| PB 0x0000000608400000| Untracked 
|  34|0x0000000608800000, 0x0000000608800000, 0x0000000608c00000|  0%| F|  |TAMS 0x0000000608800000| PB 0x0000000608800000| Untracked 
|  35|0x0000000608c00000, 0x0000000608c00000, 0x0000000609000000|  0%| F|  |TAMS 0x0000000608c00000| PB 0x0000000608c00000| Untracked 
|  36|0x0000000609000000, 0x0000000609000000, 0x0000000609400000|  0%| F|  |TAMS 0x0000000609000000| PB 0x0000000609000000| Untracked 
|  37|0x0000000609400000, 0x0000000609400000, 0x0000000609800000|  0%| F|  |TAMS 0x0000000609400000| PB 0x0000000609400000| Untracked 
|  39|0x0000000609c00000, 0x0000000609f54480, 0x000000060a000000| 83%| E|  |TAMS 0x0000000609c00000| PB 0x0000000609c00000| Complete 
|  40|0x000000060a000000, 0x000000060a400000, 0x000000060a400000|100%| E|CS|TAMS 0x000000060a000000| PB 0x000000060a000000| Complete 
|  44|0x000000060b000000, 0x000000060b400000, 0x000000060b400000|100%| E|CS|TAMS 0x000000060b000000| PB 0x000000060b000000| Complete 
|  62|0x000000060f800000, 0x000000060fc00000, 0x000000060fc00000|100%| E|CS|TAMS 0x000000060f800000| PB 0x000000060f800000| Complete 
|2045|0x00000007ff400000, 0x00000007ff800000, 0x00000007ff800000|100%| O|  |TAMS 0x00000007ff400000| PB 0x00000007ff400000| Untracked 
|2046|0x00000007ff800000, 0x00000007ffc00000, 0x00000007ffc00000|100%| O|  |TAMS 0x00000007ff800000| PB 0x00000007ff800000| Untracked 
|2047|0x00000007ffc00000, 0x0000000800000000, 0x0000000800000000|100%| O|  |TAMS 0x00000007ffc00000| PB 0x00000007ffc00000| Untracked 

Card table byte_map: [0x00000287df450000,0x00000287e0450000] _byte_map_base: 0x00000287dc450000

Marking Bits: (CMBitMap*) 0x00000287ba63d000
 Bits: [0x00000287e0450000, 0x00000287e8450000)

Polling page: 0x00000287b81b0000

Metaspace:

Usage:
  Non-class:     89.94 MB used.
      Class:     14.81 MB used.
       Both:    104.75 MB used.

Virtual space:
  Non-class space:      128.00 MB reserved,      91.12 MB ( 71%) committed,  2 nodes.
      Class space:        1.00 GB reserved,      15.94 MB (  2%) committed,  1 nodes.
             Both:        1.12 GB reserved,     107.06 MB (  9%) committed. 

Chunk freelists:
   Non-Class:  4.48 MB
       Class:  15.89 MB
        Both:  20.38 MB

MaxMetaspaceSize: 4.00 GB
CompressedClassSpaceSize: 1.00 GB
Initial GC threshold: 21.00 MB
Current GC threshold: 170.12 MB
CDS: on
 - commit_granule_bytes: 65536.
 - commit_granule_words: 8192.
 - virtual_space_node_default_size: 8388608.
 - enlarge_chunks_in_place: 1.
 - use_allocation_guard: 0.


Internal statistics:

num_allocs_failed_limit: 9.
num_arena_births: 4306.
num_arena_deaths: 2.
num_vsnodes_births: 3.
num_vsnodes_deaths: 0.
num_space_committed: 1712.
num_space_uncommitted: 0.
num_chunks_returned_to_freelist: 12.
num_chunks_taken_from_freelist: 9343.
num_chunk_merges: 6.
num_chunk_splits: 6168.
num_chunks_enlarged: 3964.
num_inconsistent_stats: 0.

CodeHeap 'non-profiled nmethods': size=258432Kb used=6877Kb max_used=6877Kb free=251554Kb
 bounds [0x00000287cdb30000, 0x00000287ce1f0000, 0x00000287dd790000]
CodeHeap 'profiled nmethods': size=258368Kb used=23094Kb max_used=23094Kb free=235273Kb
 bounds [0x00000287bd790000, 0x00000287bee30000, 0x00000287cd3e0000]
CodeHeap 'non-nmethods': size=7488Kb used=2029Kb max_used=3686Kb free=5458Kb
 bounds [0x00000287cd3e0000, 0x00000287cd790000, 0x00000287cdb30000]
CodeCache: size=524288Kb, used=32000Kb, max_used=33657Kb, free=492285Kb
 total_blobs=12621, nmethods=11737, adapters=787, full_count=0
Compilation: enabled, stopped_count=0, restarted_count=0

Compilation events (20 events):
Event: 289.750 Thread 0x00000287eb774c10 nmethod 14328 0x00000287ce1e5a10 code [0x00000287ce1e5ba0, 0x00000287ce1e5c50]
Event: 289.750 Thread 0x00000287eb774c10 14329       1       org.gradle.api.internal.artifacts.resolver.DefaultResolutionOutputs$DefaultArtifactViewConfiguration::access$200 (5 bytes)
Event: 289.750 Thread 0x00000287eb774c10 nmethod 14329 0x00000287ce1e5d10 code [0x00000287ce1e5ea0, 0x00000287ce1e5f50]
Event: 289.750 Thread 0x00000287eb774c10 14330       1       org.gradle.api.internal.artifacts.resolver.DefaultResolutionOutputs$DefaultArtifactViewConfiguration::access$300 (5 bytes)
Event: 289.750 Thread 0x00000287eb774c10 nmethod 14330 0x00000287ce1e6010 code [0x00000287ce1e61a0, 0x00000287ce1e6250]
Event: 289.750 Thread 0x00000287eb774c10 14332       3       com.google.common.collect.ImmutableSet::of (23 bytes)
Event: 289.750 Thread 0x00000287eb774c10 nmethod 14332 0x00000287bee1c890 code [0x00000287bee1caa0, 0x00000287bee1d0a0]
Event: 289.750 Thread 0x00000287eb774c10 14331       1       org.gradle.api.internal.AbstractTask::getGroup (5 bytes)
Event: 289.750 Thread 0x00000287eb774c10 nmethod 14331 0x00000287ce1e6310 code [0x00000287ce1e64a0, 0x00000287ce1e6570]
Event: 289.752 Thread 0x00000287eb774c10 14333       3       org.gradle.api.internal.tasks.TaskMutator::mutate (35 bytes)
Event: 289.752 Thread 0x00000287ea879c80 14334 %     4       org.apache.commons.lang3.StringUtils::containsAny @ 39 (134 bytes)
Event: 289.752 Thread 0x00000287eb774c10 nmethod 14333 0x00000287bee1d290 code [0x00000287bee1d4a0, 0x00000287bee1dab0]
Event: 289.758 Thread 0x00000287ea879c80 nmethod 14334% 0x00000287ce1e6610 code [0x00000287ce1e67c0, 0x00000287ce1e6bd8]
Event: 289.758 Thread 0x00000287ea879c80 14335       4       org.gradle.internal.instantiation.generator.AbstractClassGenerator$ClassMetadata::resolveTypeVariables (19 bytes)
Event: 289.762 Thread 0x00000287eb774c10 14337       3       org.gradle.model.internal.type.ModelType::toWrappers (58 bytes)
Event: 289.762 Thread 0x00000287eb774c10 nmethod 14337 0x00000287bee1dd10 code [0x00000287bee1dee0, 0x00000287bee1e398]
Event: 289.762 Thread 0x00000287eb774c10 14338       3       org.gradle.internal.cc.impl.AbstractTaskProjectAccessChecker::shouldReportExecutionTimeAccess (21 bytes)
Event: 289.763 Thread 0x00000287eb774c10 nmethod 14338 0x00000287bee1e510 code [0x00000287bee1e780, 0x00000287bee1f118]
Event: 289.763 Thread 0x00000287eb774c10 14339       3       org.gradle.internal.cc.impl.TaskExecutionAccessCheckers$TaskStateBased::isTaskExecutionTime (16 bytes)
Event: 289.764 Thread 0x00000287eb774c10 nmethod 14339 0x00000287bee1f510 code [0x00000287bee1f740, 0x00000287bee1fe40]

GC Heap History (20 events):
Event: 267.420 GC heap before
{Heap before GC invocations=27 (full 0):
 garbage-first heap   total 155648K, used 130937K [0x0000000600000000, 0x0000000800000000)
  region size 4096K, 18 young (73728K), 2 survivors (8192K)
 Metaspace       used 75653K, committed 77824K, reserved 1179648K
  class space    used 11015K, committed 12096K, reserved 1048576K
}
Event: 267.426 GC heap after
{Heap after GC invocations=28 (full 0):
 garbage-first heap   total 155648K, used 81534K [0x0000000600000000, 0x0000000800000000)
  region size 4096K, 3 young (12288K), 3 survivors (12288K)
 Metaspace       used 75653K, committed 77824K, reserved 1179648K
  class space    used 11015K, committed 12096K, reserved 1048576K
}
Event: 268.372 GC heap before
{Heap before GC invocations=28 (full 0):
 garbage-first heap   total 155648K, used 130686K [0x0000000600000000, 0x0000000800000000)
  region size 4096K, 16 young (65536K), 3 survivors (12288K)
 Metaspace       used 80585K, committed 82752K, reserved 1179648K
  class space    used 11543K, committed 12608K, reserved 1048576K
}
Event: 268.381 GC heap after
{Heap after GC invocations=29 (full 0):
 garbage-first heap   total 159744K, used 89596K [0x0000000600000000, 0x0000000800000000)
  region size 4096K, 2 young (8192K), 2 survivors (8192K)
 Metaspace       used 80585K, committed 82752K, reserved 1179648K
  class space    used 11543K, committed 12608K, reserved 1048576K
}
Event: 269.402 GC heap before
{Heap before GC invocations=29 (full 0):
 garbage-first heap   total 159744K, used 138748K [0x0000000600000000, 0x0000000800000000)
  region size 4096K, 14 young (57344K), 2 survivors (8192K)
 Metaspace       used 83821K, committed 86016K, reserved 1179648K
  class space    used 11972K, committed 13056K, reserved 1048576K
}
Event: 269.407 GC heap after
{Heap after GC invocations=30 (full 0):
 garbage-first heap   total 159744K, used 90839K [0x0000000600000000, 0x0000000800000000)
  region size 4096K, 1 young (4096K), 1 survivors (4096K)
 Metaspace       used 83821K, committed 86016K, reserved 1179648K
  class space    used 11972K, committed 13056K, reserved 1048576K
}
Event: 282.835 GC heap before
{Heap before GC invocations=31 (full 0):
 garbage-first heap   total 159744K, used 135895K [0x0000000600000000, 0x0000000800000000)
  region size 4096K, 13 young (53248K), 1 survivors (4096K)
 Metaspace       used 86346K, committed 88576K, reserved 1179648K
  class space    used 12328K, committed 13440K, reserved 1048576K
}
Event: 282.838 GC heap after
{Heap after GC invocations=32 (full 0):
 garbage-first heap   total 159744K, used 96188K [0x0000000600000000, 0x0000000800000000)
  region size 4096K, 2 young (8192K), 2 survivors (8192K)
 Metaspace       used 86346K, committed 88576K, reserved 1179648K
  class space    used 12328K, committed 13440K, reserved 1048576K
}
Event: 283.389 GC heap before
{Heap before GC invocations=32 (full 0):
 garbage-first heap   total 159744K, used 141244K [0x0000000600000000, 0x0000000800000000)
  region size 4096K, 13 young (53248K), 2 survivors (8192K)
 Metaspace       used 89589K, committed 91840K, reserved 1179648K
  class space    used 12773K, committed 13888K, reserved 1048576K
}
Event: 283.394 GC heap after
{Heap after GC invocations=33 (full 0):
 garbage-first heap   total 159744K, used 99689K [0x0000000600000000, 0x0000000800000000)
  region size 4096K, 1 young (4096K), 1 survivors (4096K)
 Metaspace       used 89589K, committed 91840K, reserved 1179648K
  class space    used 12773K, committed 13888K, reserved 1048576K
}
Event: 285.352 GC heap before
{Heap before GC invocations=33 (full 0):
 garbage-first heap   total 159744K, used 140649K [0x0000000600000000, 0x0000000800000000)
  region size 4096K, 11 young (45056K), 1 survivors (4096K)
 Metaspace       used 90804K, committed 93056K, reserved 1179648K
  class space    used 12956K, committed 14080K, reserved 1048576K
}
Event: 285.356 GC heap after
{Heap after GC invocations=34 (full 0):
 garbage-first heap   total 159744K, used 104444K [0x0000000600000000, 0x0000000800000000)
  region size 4096K, 2 young (8192K), 2 survivors (8192K)
 Metaspace       used 90804K, committed 93056K, reserved 1179648K
  class space    used 12956K, committed 14080K, reserved 1048576K
}
Event: 285.869 GC heap before
{Heap before GC invocations=35 (full 0):
 garbage-first heap   total 180224K, used 141308K [0x0000000600000000, 0x0000000800000000)
  region size 4096K, 11 young (45056K), 2 survivors (8192K)
 Metaspace       used 93563K, committed 95808K, reserved 1179648K
  class space    used 13336K, committed 14464K, reserved 1048576K
}
Event: 285.873 GC heap after
{Heap after GC invocations=36 (full 0):
 garbage-first heap   total 180224K, used 103014K [0x0000000600000000, 0x0000000800000000)
  region size 4096K, 1 young (4096K), 1 survivors (4096K)
 Metaspace       used 93563K, committed 95808K, reserved 1179648K
  class space    used 13336K, committed 14464K, reserved 1048576K
}
Event: 286.985 GC heap before
{Heap before GC invocations=36 (full 0):
 garbage-first heap   total 180224K, used 156262K [0x0000000600000000, 0x0000000800000000)
  region size 4096K, 15 young (61440K), 1 survivors (4096K)
 Metaspace       used 98132K, committed 100480K, reserved 1179648K
  class space    used 14140K, committed 15296K, reserved 1048576K
}
Event: 286.989 GC heap after
{Heap after GC invocations=37 (full 0):
 garbage-first heap   total 180224K, used 102585K [0x0000000600000000, 0x0000000800000000)
  region size 4096K, 1 young (4096K), 1 survivors (4096K)
 Metaspace       used 98132K, committed 100480K, reserved 1179648K
  class space    used 14140K, committed 15296K, reserved 1048576K
}
Event: 288.403 GC heap before
{Heap before GC invocations=37 (full 0):
 garbage-first heap   total 180224K, used 159929K [0x0000000600000000, 0x0000000800000000)
  region size 4096K, 15 young (61440K), 1 survivors (4096K)
 Metaspace       used 102046K, committed 104384K, reserved 1179648K
  class space    used 14635K, committed 15808K, reserved 1048576K
}
Event: 288.408 GC heap after
{Heap after GC invocations=38 (full 0):
 garbage-first heap   total 180224K, used 104697K [0x0000000600000000, 0x0000000800000000)
  region size 4096K, 2 young (8192K), 2 survivors (8192K)
 Metaspace       used 102046K, committed 104384K, reserved 1179648K
  class space    used 14635K, committed 15808K, reserved 1048576K
}
Event: 289.545 GC heap before
{Heap before GC invocations=39 (full 0):
 garbage-first heap   total 184320K, used 157945K [0x0000000600000000, 0x0000000800000000)
  region size 4096K, 16 young (65536K), 2 survivors (8192K)
 Metaspace       used 106448K, committed 108800K, reserved 1179648K
  class space    used 15062K, committed 16192K, reserved 1048576K
}
Event: 289.552 GC heap after
{Heap after GC invocations=40 (full 0):
 garbage-first heap   total 184320K, used 109813K [0x0000000600000000, 0x0000000800000000)
  region size 4096K, 2 young (8192K), 2 survivors (8192K)
 Metaspace       used 106448K, committed 108800K, reserved 1179648K
  class space    used 15062K, committed 16192K, reserved 1048576K
}

Dll operation events (20 events):
Event: 0.543 Attempting to load shared library C:\Users\AJI\.vscode\extensions\redhat.java-1.56.0-win32-x64\jre\21.0.12.1-win32-x86_64\bin\nio.dll
Event: 0.544 Loaded shared library C:\Users\AJI\.vscode\extensions\redhat.java-1.56.0-win32-x64\jre\21.0.12.1-win32-x86_64\bin\nio.dll
Event: 0.548 Attempting to load shared library C:\Users\AJI\.vscode\extensions\redhat.java-1.56.0-win32-x64\jre\21.0.12.1-win32-x86_64\bin\zip.dll
Event: 0.548 Loaded shared library C:\Users\AJI\.vscode\extensions\redhat.java-1.56.0-win32-x64\jre\21.0.12.1-win32-x86_64\bin\zip.dll
Event: 1.225 Attempting to load shared library C:\Users\AJI\.vscode\extensions\redhat.java-1.56.0-win32-x64\jre\21.0.12.1-win32-x86_64\bin\jimage.dll
Event: 1.225 Loaded shared library C:\Users\AJI\.vscode\extensions\redhat.java-1.56.0-win32-x64\jre\21.0.12.1-win32-x86_64\bin\jimage.dll
Event: 1.665 Attempting to load shared library C:\Users\AJI\.vscode\extensions\redhat.java-1.56.0-win32-x64\jre\21.0.12.1-win32-x86_64\bin\verify.dll
Event: 1.670 Loaded shared library C:\Users\AJI\.vscode\extensions\redhat.java-1.56.0-win32-x64\jre\21.0.12.1-win32-x86_64\bin\verify.dll
Event: 1.738 Attempting to load shared library C:\Users\AJI\.gradle\native\1def1411415f61bf3af743bc5b6707747c0891f09f0c88961ee8f79bc544acac\windows-amd64\native-platform.dll
Event: 1.740 Loaded shared library C:\Users\AJI\.gradle\native\1def1411415f61bf3af743bc5b6707747c0891f09f0c88961ee8f79bc544acac\windows-amd64\native-platform.dll
Event: 1.755 Attempting to load shared library C:\Users\AJI\.gradle\native\0.2.8\x86_64-windows-gnu\gradle-fileevents.dll
Event: 1.756 Loaded shared library C:\Users\AJI\.gradle\native\0.2.8\x86_64-windows-gnu\gradle-fileevents.dll
Event: 5.052 Attempting to load shared library C:\Users\AJI\.vscode\extensions\redhat.java-1.56.0-win32-x64\jre\21.0.12.1-win32-x86_64\bin\management.dll
Event: 5.053 Loaded shared library C:\Users\AJI\.vscode\extensions\redhat.java-1.56.0-win32-x64\jre\21.0.12.1-win32-x86_64\bin\management.dll
Event: 5.057 Attempting to load shared library C:\Users\AJI\.vscode\extensions\redhat.java-1.56.0-win32-x64\jre\21.0.12.1-win32-x86_64\bin\management_ext.dll
Event: 5.058 Loaded shared library C:\Users\AJI\.vscode\extensions\redhat.java-1.56.0-win32-x64\jre\21.0.12.1-win32-x86_64\bin\management_ext.dll
Event: 5.322 Attempting to load shared library C:\Users\AJI\.vscode\extensions\redhat.java-1.56.0-win32-x64\jre\21.0.12.1-win32-x86_64\bin\extnet.dll
Event: 5.324 Loaded shared library C:\Users\AJI\.vscode\extensions\redhat.java-1.56.0-win32-x64\jre\21.0.12.1-win32-x86_64\bin\extnet.dll
Event: 5.746 Attempting to load shared library C:\Users\AJI\.vscode\extensions\redhat.java-1.56.0-win32-x64\jre\21.0.12.1-win32-x86_64\bin\sunmscapi.dll
Event: 5.750 Loaded shared library C:\Users\AJI\.vscode\extensions\redhat.java-1.56.0-win32-x64\jre\21.0.12.1-win32-x86_64\bin\sunmscapi.dll

Deoptimization events (20 events):
Event: 289.478 Thread 0x00000287ebb46030 Uncommon trap: trap_request=0xffffffde fr.pc=0x00000287cdfa1dc0 relative=0x0000000000000280
Event: 289.478 Thread 0x00000287ebb46030 Uncommon trap: reason=class_check action=maybe_recompile pc=0x00000287cdfa1dc0 method=java.util.Comparator.lambda$comparing$77a9974f$1(Ljava/util/function/Function;Ljava/lang/Object;Ljava/lang/Object;)I @ 7 c2
Event: 289.478 Thread 0x00000287ebb46030 DEOPT PACKING pc=0x00000287cdfa1dc0 sp=0x000000fb49afb380
Event: 289.478 Thread 0x00000287ebb46030 DEOPT UNPACKING pc=0x00000287cd434422 sp=0x000000fb49afb298 mode 2
Event: 289.699 Thread 0x00000287ebb46030 Uncommon trap: trap_request=0xffffffbe fr.pc=0x00000287ce1dfde8 relative=0x0000000000000688
Event: 289.699 Thread 0x00000287ebb46030 Uncommon trap: reason=profile_predicate action=maybe_recompile pc=0x00000287ce1dfde8 method=java.util.TimSort.reverseRange([Ljava/lang/Object;II)V @ 5 c2
Event: 289.699 Thread 0x00000287ebb46030 DEOPT PACKING pc=0x00000287ce1dfde8 sp=0x000000fb49af99f0
Event: 289.699 Thread 0x00000287ebb46030 DEOPT UNPACKING pc=0x00000287cd434422 sp=0x000000fb49af9928 mode 2
Event: 289.700 Thread 0x00000287ebb46030 Uncommon trap: trap_request=0xffffffbe fr.pc=0x00000287ce1dfde8 relative=0x0000000000000688
Event: 289.700 Thread 0x00000287ebb46030 Uncommon trap: reason=profile_predicate action=maybe_recompile pc=0x00000287ce1dfde8 method=java.util.TimSort.reverseRange([Ljava/lang/Object;II)V @ 5 c2
Event: 289.700 Thread 0x00000287ebb46030 DEOPT PACKING pc=0x00000287ce1dfde8 sp=0x000000fb49af99f0
Event: 289.700 Thread 0x00000287ebb46030 DEOPT UNPACKING pc=0x00000287cd434422 sp=0x000000fb49af9928 mode 2
Event: 289.711 Thread 0x00000287ebb46030 Uncommon trap: trap_request=0xffffffbe fr.pc=0x00000287ce1dfde8 relative=0x0000000000000688
Event: 289.711 Thread 0x00000287ebb46030 Uncommon trap: reason=profile_predicate action=maybe_recompile pc=0x00000287ce1dfde8 method=java.util.TimSort.reverseRange([Ljava/lang/Object;II)V @ 5 c2
Event: 289.711 Thread 0x00000287ebb46030 DEOPT PACKING pc=0x00000287ce1dfde8 sp=0x000000fb49af9580
Event: 289.711 Thread 0x00000287ebb46030 DEOPT UNPACKING pc=0x00000287cd434422 sp=0x000000fb49af94b8 mode 2
Event: 289.711 Thread 0x00000287ebb46030 Uncommon trap: trap_request=0xffffffbe fr.pc=0x00000287ce1dfde8 relative=0x0000000000000688
Event: 289.711 Thread 0x00000287ebb46030 Uncommon trap: reason=profile_predicate action=maybe_recompile pc=0x00000287ce1dfde8 method=java.util.TimSort.reverseRange([Ljava/lang/Object;II)V @ 5 c2
Event: 289.711 Thread 0x00000287ebb46030 DEOPT PACKING pc=0x00000287ce1dfde8 sp=0x000000fb49af9580
Event: 289.711 Thread 0x00000287ebb46030 DEOPT UNPACKING pc=0x00000287cd434422 sp=0x000000fb49af94b8 mode 2

Classes loaded (20 events):
Event: 287.062 Loading class java/net/Proxy
Event: 287.062 Loading class java/net/Proxy done
Event: 287.062 Loading class java/net/Proxy$Type
Event: 287.062 Loading class java/net/Proxy$Type done
Event: 287.179 Loading class java/io/FileReader
Event: 287.179 Loading class java/io/FileReader done
Event: 287.465 Loading class java/util/Currency
Event: 287.466 Loading class java/util/Currency done
Event: 287.533 Loading class jdk/internal/vm/annotation/ForceInline
Event: 287.533 Loading class jdk/internal/vm/annotation/ForceInline done
Event: 287.597 Loading class sun/reflect/generics/repository/FieldRepository
Event: 287.597 Loading class sun/reflect/generics/repository/FieldRepository done
Event: 288.911 Loading class java/lang/StackTraceElement$HashedModules
Event: 288.913 Loading class java/lang/StackTraceElement$HashedModules done
Event: 288.976 Loading class java/io/CharArrayReader
Event: 288.976 Loading class java/io/CharArrayReader done
Event: 289.465 Loading class sun/nio/ch/ChannelOutputStream
Event: 289.465 Loading class sun/nio/ch/ChannelOutputStream done
Event: 289.478 Loading class java/util/TreeMap$ValueSpliterator
Event: 289.478 Loading class java/util/TreeMap$ValueSpliterator done

Classes unloaded (1 events):
Event: 154.122 Thread 0x00000287ea850f30 Unloading class 0x00000287ed79c000 'java/lang/invoke/LambdaForm$DMH+0x00000287ed79c000'

Classes redefined (0 events):
No events

Internal exceptions (20 events):
Event: 283.460 Thread 0x00000287ebb46030 Exception <a 'java/lang/ClassNotFoundException'{0x000000060b03f660}: org/jetbrains/kotlin/gradle/targets/js/npm/DefaultPeerNpmDependencyExtension$delegate$1BeanInfo> (0x000000060b03f660) 
thrown [s\src\hotspot\share\classfile\systemDictionary.cpp, line 313]
Event: 283.460 Thread 0x00000287ebb46030 Exception <a 'java/lang/ClassNotFoundException'{0x000000060b04ba08}: org/jetbrains/kotlin/gradle/targets/js/npm/DefaultPeerNpmDependencyExtension$delegate$1Customizer> (0x000000060b04ba08) 
thrown [s\src\hotspot\share\classfile\systemDictionary.cpp, line 313]
Event: 285.729 Thread 0x00000287ebb46030 Exception <a 'java/lang/NoSuchMethodError'{0x0000000608f70198}: 'java.lang.Object java.lang.invoke.DirectMethodHandle$Holder.newInvokeSpecial(java.lang.Object, java.lang.Object, java.lang.Object, java.lang.Object, java.lang.Object, java.lang.Object, java.lang.Object, java.lang.Object, java.lang.Object, java.lang.Object, java.lang.Object, java.lang.Object, java.lang.Object, java.lang.Object)'> (0x0000000608f70198) 
thrown [s\src\hotspot\share\interpreter\linkResolver.cpp, line 773]
Event: 286.542 Thread 0x00000287ebb46030 Implicit null exception at 0x00000287cdbd31e3 to 0x00000287cdbd4af8
Event: 287.002 Thread 0x00000287ebb46030 Implicit null exception at 0x00000287cdbd5bde to 0x00000287cdbd5c61
Event: 287.534 Thread 0x00000287ebb46030 Exception <a 'java/lang/NoSuchMethodError'{0x0000000609d52f10}: 'void java.lang.invoke.Invokers$Holder.invokeExact_MT(java.lang.Object, java.lang.Object, java.lang.Object, java.lang.Object)'> (0x0000000609d52f10) 
thrown [s\src\hotspot\share\interpreter\linkResolver.cpp, line 773]
Event: 287.598 Thread 0x00000287ebb46030 Exception <a 'java/lang/NoSuchMethodError'{0x0000000609fab488}: 'void java.lang.invoke.DelegatingMethodHandle$Holder.reinvoke_L(java.lang.Object, java.lang.Object, int)'> (0x0000000609fab488) 
thrown [s\src\hotspot\share\interpreter\linkResolver.cpp, line 773]
Event: 287.599 Thread 0x00000287ebb46030 Exception <a 'java/lang/NoSuchMethodError'{0x0000000609fb3060}: 'void java.lang.invoke.Invokers$Holder.invokeExact_MT(java.lang.Object, java.lang.Object, int, java.lang.Object)'> (0x0000000609fb3060) 
thrown [s\src\hotspot\share\interpreter\linkResolver.cpp, line 773]
Event: 288.247 Thread 0x00000287ebb46030 Exception <a 'java/lang/ClassNotFoundException'{0x0000000607087a10}: com/android/build/gradle/internal/api/ApkVariantOutputImpl_DecoratedBeanInfo> (0x0000000607087a10) 
thrown [s\src\hotspot\share\classfile\systemDictionary.cpp, line 313]
Event: 288.248 Thread 0x00000287ebb46030 Exception <a 'java/lang/ClassNotFoundException'{0x0000000607098b68}: com/android/build/gradle/internal/api/ApkVariantOutputImplBeanInfo> (0x0000000607098b68) 
thrown [s\src\hotspot\share\classfile\systemDictionary.cpp, line 313]
Event: 288.249 Thread 0x00000287ebb46030 Exception <a 'java/lang/ClassNotFoundException'{0x00000006070a9ce0}: com/android/build/gradle/internal/api/BaseVariantOutputImplBeanInfo> (0x00000006070a9ce0) 
thrown [s\src\hotspot\share\classfile\systemDictionary.cpp, line 313]
Event: 288.249 Thread 0x00000287ebb46030 Exception <a 'java/lang/ClassNotFoundException'{0x00000006070bb0e8}: com/android/build/gradle/internal/api/BaseVariantOutputImplCustomizer> (0x00000006070bb0e8) 
thrown [s\src\hotspot\share\classfile\systemDictionary.cpp, line 313]
Event: 288.251 Thread 0x00000287ebb46030 Exception <a 'java/lang/ClassNotFoundException'{0x00000006070dedc8}: com/android/build/gradle/internal/api/ApkVariantOutputImplCustomizer> (0x00000006070dedc8) 
thrown [s\src\hotspot\share\classfile\systemDictionary.cpp, line 313]
Event: 288.252 Thread 0x00000287ebb46030 Exception <a 'java/lang/ClassNotFoundException'{0x00000006070fe238}: com/android/build/gradle/internal/api/ApkVariantOutputImpl_DecoratedCustomizer> (0x00000006070fe238) 
thrown [s\src\hotspot\share\classfile\systemDictionary.cpp, line 313]
Event: 288.398 Thread 0x00000287ebb46030 Exception <a 'java/lang/ClassNotFoundException'{0x0000000606f78200}: com/android/build/gradle/internal/api/ReadOnlyBuildTypeBeanInfo> (0x0000000606f78200) 
thrown [s\src\hotspot\share\classfile\systemDictionary.cpp, line 313]
Event: 288.398 Thread 0x00000287ebb46030 Exception <a 'java/lang/ClassNotFoundException'{0x0000000606f895a8}: com/android/build/gradle/internal/api/ReadOnlyBaseConfigBeanInfo> (0x0000000606f895a8) 
thrown [s\src\hotspot\share\classfile\systemDictionary.cpp, line 313]
Event: 288.399 Thread 0x00000287ebb46030 Exception <a 'java/lang/ClassNotFoundException'{0x0000000606f9a978}: com/android/build/gradle/internal/api/ReadOnlyBaseConfigCustomizer> (0x0000000606f9a978) 
thrown [s\src\hotspot\share\classfile\systemDictionary.cpp, line 313]
Event: 288.400 Thread 0x00000287ebb46030 Exception <a 'java/lang/ClassNotFoundException'{0x0000000606fbce08}: com/android/build/gradle/internal/api/ReadOnlyBuildTypeCustomizer> (0x0000000606fbce08) 
thrown [s\src\hotspot\share\classfile\systemDictionary.cpp, line 313]
Event: 289.369 Thread 0x00000287ebb46030 Exception <a 'java/lang/NoSuchMethodError'{0x0000000607ace678}: static Lcom/android/build/gradle/internal/profile/ProjectData;.<clinit>()V> (0x0000000607ace678) 
thrown [s\src\hotspot\share\prims\jni.cpp, line 1111]
Event: 289.461 Thread 0x00000287ebb46030 Exception <a 'sun/nio/fs/WindowsException'{0x00000006071683d0}> (0x00000006071683d0) 
thrown [s\src\hotspot\share\prims\jni.cpp, line 520]

ZGC Phase Switch (0 events):
No events

VM Operations (20 events):
Event: 285.930 Executing non-safepoint VM operation: HandshakeAllThreads (Deoptimize)
Event: 285.930 Executing non-safepoint VM operation: HandshakeAllThreads (Deoptimize) done
Event: 286.932 Executing safepoint VM operation: Cleanup
Event: 286.932 Executing safepoint VM operation: Cleanup done
Event: 286.985 Executing safepoint VM operation: G1CollectForAllocation (G1 Evacuation Pause)
Event: 286.989 Executing safepoint VM operation: G1CollectForAllocation (G1 Evacuation Pause) done
Event: 287.182 Executing non-safepoint VM operation: HandshakeAllThreads (Deoptimize)
Event: 287.183 Executing non-safepoint VM operation: HandshakeAllThreads (Deoptimize) done
Event: 288.189 Executing safepoint VM operation: Cleanup
Event: 288.189 Executing safepoint VM operation: Cleanup done
Event: 288.403 Executing safepoint VM operation: G1CollectForAllocation (G1 Evacuation Pause)
Event: 288.408 Executing safepoint VM operation: G1CollectForAllocation (G1 Evacuation Pause) done
Event: 288.458 Executing safepoint VM operation: G1PauseRemark
Event: 288.468 Executing safepoint VM operation: G1PauseRemark done
Event: 288.485 Executing safepoint VM operation: G1PauseCleanup
Event: 288.486 Executing safepoint VM operation: G1PauseCleanup done
Event: 289.493 Executing safepoint VM operation: Cleanup
Event: 289.493 Executing safepoint VM operation: Cleanup done
Event: 289.545 Executing safepoint VM operation: G1CollectForAllocation (G1 Evacuation Pause)
Event: 289.553 Executing safepoint VM operation: G1CollectForAllocation (G1 Evacuation Pause) done

Memory protections (0 events):
No events

Nmethod flushes (20 events):
Event: 288.466 Thread 0x00000287ea850f30 flushing  nmethod 0x00000287bdac8190
Event: 288.466 Thread 0x00000287ea850f30 flushing  nmethod 0x00000287bdac8690
Event: 288.466 Thread 0x00000287ea850f30 flushing  nmethod 0x00000287bdb5b990
Event: 288.466 Thread 0x00000287ea850f30 flushing  nmethod 0x00000287bde1a890
Event: 288.466 Thread 0x00000287ea850f30 flushing  nmethod 0x00000287be4eda90
Event: 288.466 Thread 0x00000287ea850f30 flushing  nmethod 0x00000287cdef1810
Event: 288.466 Thread 0x00000287ea850f30 flushing  nmethod 0x00000287cdfeaf90
Event: 288.466 Thread 0x00000287ea850f30 flushing  nmethod 0x00000287bda04f10
Event: 288.466 Thread 0x00000287ea850f30 flushing  nmethod 0x00000287bde53a10
Event: 288.466 Thread 0x00000287ea850f30 flushing  nmethod 0x00000287be47db10
Event: 288.466 Thread 0x00000287ea850f30 flushing  nmethod 0x00000287bd7b9190
Event: 288.466 Thread 0x00000287ea850f30 flushing  nmethod 0x00000287bda8a390
Event: 288.466 Thread 0x00000287ea850f30 flushing  nmethod 0x00000287bdf27990
Event: 288.466 Thread 0x00000287ea850f30 flushing  nmethod 0x00000287bdf73790
Event: 288.466 Thread 0x00000287ea850f30 flushing  nmethod 0x00000287bdfa1190
Event: 288.466 Thread 0x00000287ea850f30 flushing  nmethod 0x00000287bdfa2110
Event: 288.466 Thread 0x00000287ea850f30 flushing  nmethod 0x00000287be30c910
Event: 288.466 Thread 0x00000287ea850f30 flushing  nmethod 0x00000287be30f910
Event: 288.466 Thread 0x00000287ea850f30 flushing  nmethod 0x00000287be313c10
Event: 288.466 Thread 0x00000287ea850f30 flushing  nmethod 0x00000287be5f9410

Events (20 events):
Event: 268.170 Thread 0x00000287eb774c10 Thread added: 0x00000288332ae5e0
Event: 269.474 Thread 0x00000288332ae5e0 Thread exited: 0x00000288332ae5e0
Event: 272.206 Thread 0x00000288332aaf60 Thread exited: 0x00000288332aaf60
Event: 272.206 Thread 0x0000028835b4dff0 Thread exited: 0x0000028835b4dff0
Event: 273.094 Thread 0x00000287ebb459a0 Thread added: 0x0000028835ce2750
Event: 273.094 Thread 0x00000287ebb459a0 Thread added: 0x0000028835cdf2d0
Event: 273.095 Thread 0x00000287ebb459a0 Thread added: 0x0000028835ce3470
Event: 273.095 Thread 0x00000287ebb459a0 Thread added: 0x0000028835ce0680
Event: 273.095 Thread 0x00000287ebb459a0 Thread added: 0x0000028835ce0d10
Event: 273.095 Thread 0x00000287ebb459a0 Thread added: 0x0000028835ce1a30
Event: 273.096 Thread 0x00000287ebb459a0 Thread added: 0x0000028835ce2de0
Event: 273.096 Thread 0x00000287ebb459a0 Thread added: 0x0000028835cdfff0
Event: 273.096 Thread 0x00000287ebb459a0 Thread added: 0x0000028835ce3b00
Event: 281.688 Thread 0x00000287ebb459a0 Thread added: 0x0000028835ce68f0
Event: 282.589 Thread 0x00000287eb774c10 Thread added: 0x00000288332aaf60
Event: 282.739 Thread 0x00000287ebb46030 Thread added: 0x0000028835ce4190
Event: 282.987 Thread 0x00000287ebb46030 Thread added: 0x0000028835ce7610
Event: 285.062 Thread 0x00000288332aaf60 Thread exited: 0x00000288332aaf60
Event: 289.007 Thread 0x00000287ebb46030 Thread added: 0x0000028835ceb7b0
Event: 289.467 Thread 0x00000287ebb46030 Thread added: 0x0000028835cecb60


Dynamic libraries:
0x00007ff79bf90000 - 0x00007ff79bf9e000 	C:\Users\AJI\.vscode\extensions\redhat.java-1.56.0-win32-x64\jre\21.0.12.1-win32-x86_64\bin\java.exe
0x00007ffe02160000 - 0x00007ffe023c7000 	C:\WINDOWS\SYSTEM32\ntdll.dll
0x00007ffe003b0000 - 0x00007ffe0047b000 	C:\WINDOWS\System32\KERNEL32.DLL
0x00007ffdff6f0000 - 0x00007ffdffaf2000 	C:\WINDOWS\System32\KERNELBASE.dll
0x00007ffdff410000 - 0x00007ffdff55c000 	C:\WINDOWS\System32\ucrtbase.dll
0x00007ffd821c0000 - 0x00007ffd821d8000 	C:\Users\AJI\.vscode\extensions\redhat.java-1.56.0-win32-x64\jre\21.0.12.1-win32-x86_64\bin\jli.dll
0x00007ffe019a0000 - 0x00007ffe01b6f000 	C:\WINDOWS\System32\USER32.dll
0x00007ffdff570000 - 0x00007ffdff597000 	C:\WINDOWS\System32\win32u.dll
0x00007ffe01970000 - 0x00007ffe0199b000 	C:\WINDOWS\System32\GDI32.dll
0x00007ffdffc90000 - 0x00007ffdffdb9000 	C:\WINDOWS\System32\gdi32full.dll
0x00007ffdff360000 - 0x00007ffdff403000 	C:\WINDOWS\System32\msvcp_win.dll
0x00007ffddfe30000 - 0x00007ffde00c0000 	C:\WINDOWS\WinSxS\amd64_microsoft.windows.common-controls_6595b64144ccf1df_6.0.26100.9278_none_3e0d1ba8e3303201\COMCTL32.dll
0x00007ffdc0f00000 - 0x00007ffdc0f1e000 	C:\Users\AJI\.vscode\extensions\redhat.java-1.56.0-win32-x64\jre\21.0.12.1-win32-x86_64\bin\VCRUNTIME140.dll
0x00007ffe018c0000 - 0x00007ffe01969000 	C:\WINDOWS\System32\msvcrt.dll
0x00007ffe01b90000 - 0x00007ffe01bc1000 	C:\WINDOWS\System32\IMM32.DLL
0x00007ffdd7ca0000 - 0x00007ffdd7cac000 	C:\Users\AJI\.vscode\extensions\redhat.java-1.56.0-win32-x64\jre\21.0.12.1-win32-x86_64\bin\vcruntime140_1.dll
0x00007ffd7e7f0000 - 0x00007ffd7e87d000 	C:\Users\AJI\.vscode\extensions\redhat.java-1.56.0-win32-x64\jre\21.0.12.1-win32-x86_64\bin\msvcp140.dll
0x00007ffcef0f0000 - 0x00007ffcefe92000 	C:\Users\AJI\.vscode\extensions\redhat.java-1.56.0-win32-x64\jre\21.0.12.1-win32-x86_64\bin\server\jvm.dll
0x00007ffe002e0000 - 0x00007ffe0039c000 	C:\WINDOWS\System32\ADVAPI32.dll
0x00007ffe00230000 - 0x00007ffe002d9000 	C:\WINDOWS\System32\sechost.dll
0x00007ffdfff30000 - 0x00007ffe00048000 	C:\WINDOWS\System32\RPCRT4.dll
0x00007ffe01720000 - 0x00007ffe017a0000 	C:\WINDOWS\System32\WS2_32.dll
0x00007ffdff1c0000 - 0x00007ffdff21e000 	C:\WINDOWS\SYSTEM32\POWRPROF.dll
0x00007ffdfb560000 - 0x00007ffdfb596000 	C:\WINDOWS\SYSTEM32\WINMM.dll
0x00007ffdf5020000 - 0x00007ffdf502b000 	C:\WINDOWS\SYSTEM32\VERSION.dll
0x00007ffdff1a0000 - 0x00007ffdff1b5000 	C:\WINDOWS\SYSTEM32\UMPDC.dll
0x00007ffdfdf70000 - 0x00007ffdfdf8b000 	C:\WINDOWS\SYSTEM32\kernel.appcore.dll
0x00007ffdd7be0000 - 0x00007ffdd7bea000 	C:\Users\AJI\.vscode\extensions\redhat.java-1.56.0-win32-x64\jre\21.0.12.1-win32-x86_64\bin\jimage.dll
0x00007ffdfc940000 - 0x00007ffdfcb8c000 	C:\WINDOWS\SYSTEM32\DBGHELP.DLL
0x00007ffe00d20000 - 0x00007ffe010a5000 	C:\WINDOWS\System32\combase.dll
0x00007ffe011b0000 - 0x00007ffe01289000 	C:\WINDOWS\System32\OLEAUT32.dll
0x00007ffdde450000 - 0x00007ffdde48b000 	C:\WINDOWS\SYSTEM32\dbgcore.DLL
0x00007ffdffdc0000 - 0x00007ffdffe6c000 	C:\WINDOWS\System32\bcryptPrimitives.dll
0x00007ffdd70d0000 - 0x00007ffdd70df000 	C:\Users\AJI\.vscode\extensions\redhat.java-1.56.0-win32-x64\jre\21.0.12.1-win32-x86_64\bin\instrument.dll
0x00007ffd7fbb0000 - 0x00007ffd7fbd0000 	C:\Users\AJI\.vscode\extensions\redhat.java-1.56.0-win32-x64\jre\21.0.12.1-win32-x86_64\bin\java.dll
0x00007ffe00580000 - 0x00007ffe00d18000 	C:\WINDOWS\System32\SHELL32.dll
0x00007ffdfcd80000 - 0x00007ffdfd62e000 	C:\WINDOWS\SYSTEM32\windows.storage.dll
0x00007ffe01320000 - 0x00007ffe0141b000 	C:\WINDOWS\System32\SHCORE.dll
0x00007ffe010b0000 - 0x00007ffe01116000 	C:\WINDOWS\System32\shlwapi.dll
0x00007ffdff280000 - 0x00007ffdff2a9000 	C:\WINDOWS\SYSTEM32\profapi.dll
0x00007ffd7fb90000 - 0x00007ffd7fba8000 	C:\Users\AJI\.vscode\extensions\redhat.java-1.56.0-win32-x64\jre\21.0.12.1-win32-x86_64\bin\zip.dll
0x00007ffdd7b20000 - 0x00007ffdd7b30000 	C:\Users\AJI\.vscode\extensions\redhat.java-1.56.0-win32-x64\jre\21.0.12.1-win32-x86_64\bin\net.dll
0x00007ffdf8730000 - 0x00007ffdf885a000 	C:\WINDOWS\SYSTEM32\WINHTTP.dll
0x00007ffdfe5f0000 - 0x00007ffdfe65c000 	C:\WINDOWS\system32\mswsock.dll
0x00007ffd7e7d0000 - 0x00007ffd7e7e6000 	C:\Users\AJI\.vscode\extensions\redhat.java-1.56.0-win32-x64\jre\21.0.12.1-win32-x86_64\bin\nio.dll
0x00007ffdd1b60000 - 0x00007ffdd1b70000 	C:\Users\AJI\.vscode\extensions\redhat.java-1.56.0-win32-x64\jre\21.0.12.1-win32-x86_64\bin\verify.dll
0x00007ffd7fce0000 - 0x00007ffd7fd07000 	C:\Users\AJI\.gradle\native\1def1411415f61bf3af743bc5b6707747c0891f09f0c88961ee8f79bc544acac\windows-amd64\native-platform.dll
0x00007ffcf9e70000 - 0x00007ffcf9ee7000 	C:\Users\AJI\.gradle\native\0.2.8\x86_64-windows-gnu\gradle-fileevents.dll
0x00007ffdd17c0000 - 0x00007ffdd17ca000 	C:\Users\AJI\.vscode\extensions\redhat.java-1.56.0-win32-x64\jre\21.0.12.1-win32-x86_64\bin\management.dll
0x00007ffdd0ce0000 - 0x00007ffdd0cec000 	C:\Users\AJI\.vscode\extensions\redhat.java-1.56.0-win32-x64\jre\21.0.12.1-win32-x86_64\bin\management_ext.dll
0x00007ffe01b80000 - 0x00007ffe01b88000 	C:\WINDOWS\System32\PSAPI.DLL
0x00007ffdfd9b0000 - 0x00007ffdfd9e3000 	C:\WINDOWS\SYSTEM32\IPHLPAPI.DLL
0x00007ffdfff00000 - 0x00007ffdfff0a000 	C:\WINDOWS\System32\NSI.dll
0x00007ffdd0ba0000 - 0x00007ffdd0ba9000 	C:\Users\AJI\.vscode\extensions\redhat.java-1.56.0-win32-x64\jre\21.0.12.1-win32-x86_64\bin\extnet.dll
0x00007ffdfe8e0000 - 0x00007ffdfe8fb000 	C:\WINDOWS\SYSTEM32\CRYPTSP.dll
0x00007ffdfdf90000 - 0x00007ffdfdfc9000 	C:\WINDOWS\system32\rsaenh.dll
0x00007ffdfe6a0000 - 0x00007ffdfe6d4000 	C:\WINDOWS\SYSTEM32\USERENV.dll
0x00007ffdff250000 - 0x00007ffdff27a000 	C:\WINDOWS\SYSTEM32\bcrypt.dll
0x00007ffdfe900000 - 0x00007ffdfe90c000 	C:\WINDOWS\SYSTEM32\CRYPTBASE.dll
0x00007ffdd0640000 - 0x00007ffdd064e000 	C:\Users\AJI\.vscode\extensions\redhat.java-1.56.0-win32-x64\jre\21.0.12.1-win32-x86_64\bin\sunmscapi.dll
0x00007ffdffb00000 - 0x00007ffdffc7e000 	C:\WINDOWS\System32\CRYPT32.dll
0x00007ffdfeb20000 - 0x00007ffdfeb50000 	C:\WINDOWS\SYSTEM32\ncrypt.dll
0x00007ffdfead0000 - 0x00007ffdfeb0f000 	C:\WINDOWS\SYSTEM32\NTASN1.dll
0x00007ffdd4f00000 - 0x00007ffdd4f08000 	C:\WINDOWS\system32\wshunix.dll

JVMTI agents:
C:\Users\AJI\.gradle\wrapper\dists\gradle-9.1.0-all\7wzd0jkjit61aq2p43wpjgij9\gradle-9.1.0\lib\agents\gradle-instrumentation-agent-9.1.0.jar path:C:\Users\AJI\.vscode\extensions\redhat.java-1.56.0-win32-x64\jre\21.0.12.1-win32-x86_64\bin\instrument.dll, loaded, initialized, instrumentlib options:none

dbghelp: loaded successfully - version: 4.0.5 - missing functions: none
symbol engine: initialized successfully - sym options: 0x614 - pdb path: .;C:\Users\AJI\.vscode\extensions\redhat.java-1.56.0-win32-x64\jre\21.0.12.1-win32-x86_64\bin;C:\WINDOWS\SYSTEM32;C:\WINDOWS\WinSxS\amd64_microsoft.windows.common-controls_6595b64144ccf1df_6.0.26100.9278_none_3e0d1ba8e3303201;C:\Users\AJI\.vscode\extensions\redhat.java-1.56.0-win32-x64\jre\21.0.12.1-win32-x86_64\bin\server;C:\Users\AJI\.gradle\native\1def1411415f61bf3af743bc5b6707747c0891f09f0c88961ee8f79bc544acac\windows-amd64;C:\Users\AJI\.gradle\native\0.2.8\x86_64-windows-gnu

VM Arguments:
jvm_args: --add-opens=java.base/java.lang=ALL-UNNAMED --add-opens=java.base/java.lang.invoke=ALL-UNNAMED --add-opens=java.base/java.util=ALL-UNNAMED --add-opens=java.prefs/java.util.prefs=ALL-UNNAMED --add-exports=jdk.compiler/com.sun.tools.javac.api=ALL-UNNAMED --add-exports=jdk.compiler/com.sun.tools.javac.util=ALL-UNNAMED --add-opens=java.base/java.util=ALL-UNNAMED --add-opens=java.prefs/java.util.prefs=ALL-UNNAMED --add-opens=java.base/java.nio.charset=ALL-UNNAMED --add-opens=java.base/java.net=ALL-UNNAMED --add-opens=java.base/java.util.concurrent=ALL-UNNAMED --add-opens=java.base/java.util.concurrent.atomic=ALL-UNNAMED --add-opens=java.xml/javax.xml.namespace=ALL-UNNAMED --add-opens=java.base/java.time=ALL-UNNAMED -XX:MaxMetaspaceSize=4G -XX:ReservedCodeCacheSize=512m -XX:+HeapDumpOnOutOfMemoryError -Xmx8G -Dfile.encoding=UTF-8 -Duser.country=IN -Duser.language=en -Duser.variant -javaagent:C:\Users\AJI\.gradle\wrapper\dists\gradle-9.1.0-all\7wzd0jkjit61aq2p43wpjgij9\gradle-9.1.0\lib\agents\gradle-instrumentation-agent-9.1.0.jar 
java_command: org.gradle.launcher.daemon.bootstrap.GradleDaemon 9.1.0
java_class_path (initial): C:\Users\AJI\.gradle\wrapper\dists\gradle-9.1.0-all\7wzd0jkjit61aq2p43wpjgij9\gradle-9.1.0\lib\gradle-daemon-main-9.1.0.jar
Launcher Type: SUN_STANDARD

[Global flags]
     intx CICompilerCount                          = 12                                        {product} {ergonomic}
     uint ConcGCThreads                            = 4                                         {product} {ergonomic}
     uint G1ConcRefinementThreads                  = 15                                        {product} {ergonomic}
   size_t G1HeapRegionSize                         = 4194304                                   {product} {ergonomic}
    uintx GCDrainStackTargetSize                   = 64                                        {product} {ergonomic}
     bool HeapDumpOnOutOfMemoryError               = true                                   {manageable} {command line}
   size_t InitialHeapSize                          = 264241152                                 {product} {ergonomic}
   size_t MarkStackSize                            = 4194304                                   {product} {ergonomic}
   size_t MaxHeapSize                              = 8589934592                                {product} {command line}
   size_t MaxMetaspaceSize                         = 4294967296                                {product} {command line}
   size_t MaxNewSize                               = 5150605312                                {product} {ergonomic}
   size_t MinHeapDeltaBytes                        = 4194304                                   {product} {ergonomic}
   size_t MinHeapSize                              = 8388608                                   {product} {ergonomic}
    uintx NonNMethodCodeHeapSize                   = 7602480                                {pd product} {ergonomic}
    uintx NonProfiledCodeHeapSize                  = 264634216                              {pd product} {ergonomic}
    uintx ProfiledCodeHeapSize                     = 264634216                              {pd product} {ergonomic}
    uintx ReservedCodeCacheSize                    = 536870912                              {pd product} {command line}
     bool SegmentedCodeCache                       = true                                      {product} {ergonomic}
   size_t SoftMaxHeapSize                          = 8589934592                             {manageable} {ergonomic}
     bool UseCompressedOops                        = true                           {product lp64_product} {ergonomic}
     bool UseG1GC                                  = true                                      {product} {ergonomic}
     bool UseLargePagesIndividualAllocation        = false                                  {pd product} {ergonomic}

Logging:
Log output configuration:
 #0: stdout all=warning uptime,level,tags foldmultilines=false
 #1: stderr all=off uptime,level,tags foldmultilines=false

Release file:
JAVA_VERSION="21.0.12.1" 
MODULES="java.base java.compiler java.datatransfer java.xml java.prefs java.desktop java.instrument java.logging java.management java.security.sasl java.naming java.rmi java.management.rmi java.net.http java.scripting java.security.jgss java.transaction.xa java.sql java.sql.rowset java.xml.crypto java.se java.smartcardio jdk.accessibility jdk.internal.jvmstat jdk.attach jdk.charsets jdk.internal.opt jdk.zipfs jdk.compiler jdk.crypto.ec jdk.crypto.cryptoki jdk.crypto.mscapi jdk.dynalink jdk.internal.ed jdk.editpad jdk.hotspot.agent jdk.httpserver jdk.internal.le jdk.internal.vm.ci jdk.internal.vm.compiler jdk.internal.vm.compiler.management jdk.jartool jdk.javadoc jdk.jcmd jdk.management jdk.management.agent jdk.jconsole jdk.jdeps jdk.jdwp.agent jdk.jdi jdk.jfr jdk.jshell jdk.jsobject jdk.jstatd jdk.localedata jdk.management.jfr jdk.naming.dns jdk.naming.rmi jdk.net jdk.nio.mapmode jdk.random jdk.sctp jdk.security.auth jdk.security.jgss jdk.unsupported jdk.unsupported.desktop jdk.xml.dom" 

Environment Variables:
JAVA_HOME=C:\Program Files\Java\jdk-17
PATH=C:\Python314\Scripts\;C:\Python314\;C:\Program Files\Eclipse Adoptium\jdk-25.0.3.9-hotspot\bin;C:\Program Files\Microsoft\jdk-11.0.16.101-hotspot\bin;C:\WINDOWS\system32;C:\WINDOWS;C:\WINDOWS\System32\Wbem;C:\WINDOWS\System32\WindowsPowerShell\v1.0\;C:\WINDOWS\System32\OpenSSH\;C:\Program Files\dotnet\;C:\MinGW\bin;C:\ProgramData\chocolatey\bin;C:\Users\AJI\AppData\Local\Pub\Cache\bin;C:\Program Files\Java\jdk-17\bin;d:\cursor\resources\app\bin;C:\Users\AJI\develop\flutter\bin;C:\Users\AJI\.local\bin;D:\node\node_modules\npm\bin;D:\node\;C:\Program Files\nodejs\;C:\Program Files\nodejs\node_modules\npm\bin;C:\Users\AJI\Documents\MONGO\mongosh-2.9.2-win32-x64\bin;C:\xampp\php;C:\Program Files\Git\cmd;C:\Users\AJI\AppData\Local\Programs\Python\Python312\Scripts\;C:\Users\AJI\AppData\Local\Programs\Python\Python312\;C:\Users\AJI\.local\bin;C:\Users\AJI\AppData\Local\Microsoft\WindowsApps;D:\IntelliJ IDEA Community Edition 2023.1.5\bin;;C:\mingw64\bin;C:\Users\AJI\.dotnet\tools;C:\Users\AJI\Documents\flutter_windows_3.13.4-stable\flutter\bin;C:\Users\AJI\AppData\Local\Pub\Cache\bin;D:\flutter_pub_cache;C:\Users\AJI\AppData\Local\Android\Sdk;C:\Program Files\Java\jdk-17\bin;D:\rider\JetBrains Rider 2024.3.7\bin;;D:\Program Files\Microsoft VS Code\bin;D:\freelanceing\cursor\resources\app\bin;C:\Users\AJI\AppData\Local\Programs\Microsoft VS Code\bin;C:\Users\AJI\AppData\Local\Programs\cursor\resources\app\bin;C:\Users\AJI\AppData\Roaming\npm
USERNAME=AJI
OS=Windows_NT
PROCESSOR_IDENTIFIER=Intel64 Family 6 Model 154 Stepping 3, GenuineIntel
TMP=C:\Users\AJI\AppData\Local\Temp
TEMP=C:\Users\AJI\AppData\Local\Temp




Periodic native trim disabled

---------------  S Y S T E M  ---------------

OS:
 Windows 11 , 64 bit Build 26100 (10.0.26100.9444)
OS uptime: 0 days 0:15 hours
Hyper-V role detected

CPU: total 20 (initial active 20) (10 cores per cpu, 2 threads per core) family 6 model 154 stepping 3 microcode 0x43b, cx8, cmov, fxsr, ht, mmx, 3dnowpref, sse, sse2, sse3, ssse3, sse4.1, sse4.2, popcnt, lzcnt, tsc, tscinvbit, avx, avx2, aes, erms, clmul, bmi1, bmi2, adx, sha, fma, vzeroupper, clflush, clflushopt, clwb, hv, serialize, rdtscp, rdpid, fsrm, f16c, cet_ibt, cet_ss
Processor Information for processor 0
  Max Mhz: 2300, Current Mhz: 2300, Mhz Limit: 2300
Processor Information for processor 1
  Max Mhz: 2300, Current Mhz: 2300, Mhz Limit: 2300
Processor Information for processor 2
  Max Mhz: 2300, Current Mhz: 2300, Mhz Limit: 2300
Processor Information for processor 3
  Max Mhz: 2300, Current Mhz: 2300, Mhz Limit: 2300
Processor Information for processor 4
  Max Mhz: 2300, Current Mhz: 2300, Mhz Limit: 2300
Processor Information for processor 5
  Max Mhz: 2300, Current Mhz: 2300, Mhz Limit: 2300
Processor Information for processor 6
  Max Mhz: 2300, Current Mhz: 2300, Mhz Limit: 2300
Processor Information for processor 7
  Max Mhz: 2300, Current Mhz: 2300, Mhz Limit: 2300
Processor Information for processor 8
  Max Mhz: 2300, Current Mhz: 2300, Mhz Limit: 2300
Processor Information for processor 9
  Max Mhz: 2300, Current Mhz: 2300, Mhz Limit: 2300
Processor Information for processor 10
  Max Mhz: 2300, Current Mhz: 2300, Mhz Limit: 2300
Processor Information for processor 11
  Max Mhz: 2300, Current Mhz: 2300, Mhz Limit: 2300
Processor Information for processor 12
  Max Mhz: 2300, Current Mhz: 2300, Mhz Limit: 2300
Processor Information for processor 13
  Max Mhz: 2300, Current Mhz: 2300, Mhz Limit: 2300
Processor Information for processor 14
  Max Mhz: 2300, Current Mhz: 2300, Mhz Limit: 2300
Processor Information for processor 15
  Max Mhz: 2300, Current Mhz: 2300, Mhz Limit: 2300
Processor Information for processor 16
  Max Mhz: 2300, Current Mhz: 1488, Mhz Limit: 2300
Processor Information for processor 17
  Max Mhz: 2300, Current Mhz: 2300, Mhz Limit: 2300
Processor Information for processor 18
  Max Mhz: 2300, Current Mhz: 1488, Mhz Limit: 2300
Processor Information for processor 19
  Max Mhz: 2300, Current Mhz: 1488, Mhz Limit: 2300

Memory: 4k page, system-wide physical 16068M (65M free)
TotalPageFile size 65220M (AvailPageFile size 0M)
current process WorkingSet (physical memory assigned to process): 357M, peak: 357M
current process commit charge ("private bytes"): 534M, peak: 534M

vm_info: OpenJDK 64-Bit Server VM (21.0.12.1+1-LTS) for windows-amd64 JRE (21.0.12.1+1-LTS), built on 2026-08-18T00:00:00Z by "admin" with MS VC++ 17.12 (VS2022)

END.
