#
# There is insufficient memory for the Java Runtime Environment to continue.
# Native memory allocation (mmap) failed to map 65536 bytes. Error detail: Failed to commit metaspace.
# Possible reasons:
#   The system is out of physical RAM or swap space
#   This process is running with CompressedOops enabled, and the Java Heap may be blocking the growth of the native heap
# Possible solutions:
#   Reduce memory load on the system
#   Increase physical memory or swap space
#   Check if swap backing store is full
#   Decrease Java heap size (-Xmx/-Xms)
#   Decrease number of Java threads
#   Decrease Java thread stack sizes (-Xss)
#   Set larger code cache with -XX:ReservedCodeCacheSize=
#   JVM is running with Zero Based Compressed Oops mode in which the Java heap is
#     placed in the first 32GB address space. The Java Heap base address is the
#     maximum limit for the native heap growth. Please use -XX:HeapBaseMinAddress
#     to set the Java Heap base and to place the Java Heap above 32GB virtual address.
# This output file may be truncated or incomplete.
#
#  Out of Memory Error (virtualSpaceNode.cpp:113), pid=52892, tid=49532
#
# JRE version: OpenJDK Runtime Environment Temurin-21.0.12.1+1 (21.0.12.1+1) (build 21.0.12.1+1-LTS)
# Java VM: OpenJDK 64-Bit Server VM Temurin-21.0.12.1+1 (21.0.12.1+1-LTS, mixed mode, sharing, tiered, compressed oops, compressed class ptrs, g1 gc, windows-amd64)
# No core dump will be written. Minidumps are not enabled by default on client versions of Windows
#

---------------  S U M M A R Y ------------

Command Line: --add-opens=java.base/java.lang=ALL-UNNAMED --add-opens=java.base/java.lang.invoke=ALL-UNNAMED --add-opens=java.base/java.util=ALL-UNNAMED --add-opens=java.prefs/java.util.prefs=ALL-UNNAMED --add-exports=jdk.compiler/com.sun.tools.javac.api=ALL-UNNAMED --add-exports=jdk.compiler/com.sun.tools.javac.util=ALL-UNNAMED --add-opens=java.base/java.util=ALL-UNNAMED --add-opens=java.prefs/java.util.prefs=ALL-UNNAMED --add-opens=java.base/java.nio.charset=ALL-UNNAMED --add-opens=java.base/java.net=ALL-UNNAMED --add-opens=java.base/java.util.concurrent=ALL-UNNAMED --add-opens=java.base/java.util.concurrent.atomic=ALL-UNNAMED --add-opens=java.xml/javax.xml.namespace=ALL-UNNAMED --add-opens=java.base/java.time=ALL-UNNAMED -XX:MaxMetaspaceSize=4G -XX:ReservedCodeCacheSize=512m -XX:+HeapDumpOnOutOfMemoryError -Xmx8G -Dfile.encoding=UTF-8 -Duser.country=IN -Duser.language=en -Duser.variant -javaagent:C:\Users\AJI\.gradle\wrapper\dists\gradle-9.1.0-all\7wzd0jkjit61aq2p43wpjgij9\gradle-9.1.0\lib\agents\gradle-instrumentation-agent-9.1.0.jar org.gradle.launcher.daemon.bootstrap.GradleDaemon 9.1.0

Host: 12th Gen Intel(R) Core(TM) i7-12700H, 20 cores, 15G,  Windows 11 , 64 bit Build 26100 (10.0.26100.9444)
Time: Thu Sep 17 09:15:56 2026 India Standard Time elapsed time: 259.582056 seconds (0d 0h 4m 19s)

---------------  T H R E A D  ---------------

Current thread (0x000001dffbf137f0):  JavaThread "Daemon worker"        [_thread_in_vm, id=49532, stack(0x000000a494000000,0x000000a494100000) (1024K)]

Stack: [0x000000a494000000,0x000000a494100000]
Native frames: (J=compiled Java code, j=interpreted, Vv=VM code, C=native code)
V  [jvm.dll+0x6d83e9]
V  [jvm.dll+0x8b5736]
V  [jvm.dll+0x8b7cee]
V  [jvm.dll+0x8b83d3]
V  [jvm.dll+0x284596]
V  [jvm.dll+0x8b147e]
V  [jvm.dll+0x679ad4]
V  [jvm.dll+0x1e849b]
V  [jvm.dll+0x1e825e]
V  [jvm.dll+0x67c3d2]
V  [jvm.dll+0x67c202]
V  [jvm.dll+0x67a4ae]
V  [jvm.dll+0x3c7a23]
V  [jvm.dll+0x2118db]
V  [jvm.dll+0x5b6aa9]
V  [jvm.dll+0x82f77d]
V  [jvm.dll+0x479a6e]
V  [jvm.dll+0x48cde6]
C  [java.dll+0x1657]

Java frames: (J=compiled Java code, j=interpreted, Vv=VM code)
J 2057  java.lang.ClassLoader.defineClass0(Ljava/lang/ClassLoader;Ljava/lang/Class;Ljava/lang/String;[BIILjava/security/ProtectionDomain;ZILjava/lang/Object;)Ljava/lang/Class; java.base@21.0.12.1 (0 bytes) @ 0x000001dfd8494ebc [0x000001dfd8494dc0+0x00000000000000fc]
J 2749 c1 java.lang.System$2.defineClass(Ljava/lang/ClassLoader;Ljava/lang/Class;Ljava/lang/String;[BLjava/security/ProtectionDomain;ZILjava/lang/Object;)Ljava/lang/Class; java.base@21.0.12.1 (21 bytes) @ 0x000001dfc85663f4 [0x000001dfc8566340+0x00000000000000b4]
J 2748 c1 java.lang.invoke.MethodHandles$Lookup$ClassDefiner.defineClass(ZLjava/lang/Object;)Ljava/lang/Class; java.base@21.0.12.1 (213 bytes) @ 0x000001dfc8566dac [0x000001dfc8566820+0x000000000000058c]
J 3260 c1 java.lang.invoke.InvokerBytecodeGenerator.loadMethod([B)Ljava/lang/invoke/MemberName; java.base@21.0.12.1 (39 bytes) @ 0x000001dfc866310c [0x000001dfc8662f80+0x000000000000018c]
J 2734 c1 java.lang.invoke.InvokerBytecodeGenerator.generateCustomizedCode(Ljava/lang/invoke/LambdaForm;Ljava/lang/invoke/MethodType;)Ljava/lang/invoke/MemberName; java.base@21.0.12.1 (34 bytes) @ 0x000001dfc855d334 [0x000001dfc855d180+0x00000000000001b4]
J 2856 c1 java.lang.invoke.LambdaForm.compileToBytecode()V java.base@21.0.12.1 (164 bytes) @ 0x000001dfc85967f4 [0x000001dfc8596600+0x00000000000001f4]
j  java.lang.invoke.DirectMethodHandle.makePreparedLambdaForm(Ljava/lang/invoke/MethodType;I)Ljava/lang/invoke/LambdaForm;+750 java.base@21.0.12.1
J 1816 c1 java.lang.invoke.DirectMethodHandle.preparedLambdaForm(Ljava/lang/invoke/MemberName;Z)Ljava/lang/invoke/LambdaForm; java.base@21.0.12.1 (244 bytes) @ 0x000001dfc8385e5c [0x000001dfc8385480+0x00000000000009dc]
J 2116 c1 java.lang.invoke.DirectMethodHandle.make(BLjava/lang/Class;Ljava/lang/invoke/MemberName;Ljava/lang/Class;)Ljava/lang/invoke/DirectMethodHandle; java.base@21.0.12.1 (275 bytes) @ 0x000001dfc841ae44 [0x000001dfc841a140+0x0000000000000d04]
J 2761 c1 java.lang.invoke.MethodHandles$Lookup.getDirectMethodCommon(BLjava/lang/Class;Ljava/lang/invoke/MemberName;ZZLjava/lang/invoke/MethodHandles$Lookup;)Ljava/lang/invoke/MethodHandle; java.base@21.0.12.1 (300 bytes) @ 0x000001dfc856db24 [0x000001dfc856d100+0x0000000000000a24]
J 3556 c1 java.lang.invoke.MethodHandles$Lookup.getDirectMethod(BLjava/lang/Class;Ljava/lang/invoke/MemberName;Ljava/lang/invoke/MethodHandles$Lookup;)Ljava/lang/invoke/MethodHandle; java.base@21.0.12.1 (18 bytes) @ 0x000001dfc86fb0d4 [0x000001dfc86fb040+0x0000000000000094]
J 3766 c1 java.lang.invoke.MethodHandles$Lookup.findVirtual(Ljava/lang/Class;Ljava/lang/String;Ljava/lang/invoke/MethodType;)Ljava/lang/invoke/MethodHandle; java.base@21.0.12.1 (91 bytes) @ 0x000001dfc8778cbc [0x000001dfc87784e0+0x00000000000007dc]
J 4038 c1 java.lang.invoke.MethodHandleImpl$1.findVirtual(Ljava/lang/Class;Ljava/lang/String;Ljava/lang/invoke/MethodType;)Ljava/lang/invoke/MethodHandle; java.base@21.0.12.1 (14 bytes) @ 0x000001dfc8808c4c [0x000001dfc8808bc0+0x000000000000008c]
J 3704 c1 jdk.internal.reflect.MethodHandleAccessorFactory.getDirectMethod(Ljava/lang/reflect/Method;Z)Ljava/lang/invoke/MethodHandle; java.base@21.0.12.1 (86 bytes) @ 0x000001dfc87403bc [0x000001dfc8740040+0x000000000000037c]
J 3703 c1 jdk.internal.reflect.MethodHandleAccessorFactory.newMethodAccessor(Ljava/lang/reflect/Method;Z)Ljdk/internal/reflect/MethodAccessorImpl; java.base@21.0.12.1 (61 bytes) @ 0x000001dfc873f4ac [0x000001dfc873f000+0x00000000000004ac]
J 3702 c1 jdk.internal.reflect.ReflectionFactory.newMethodAccessor(Ljava/lang/reflect/Method;Z)Ljdk/internal/reflect/MethodAccessor; java.base@21.0.12.1 (69 bytes) @ 0x000001dfc873e9cc [0x000001dfc873e780+0x000000000000024c]
J 3796 c1 java.lang.reflect.Method.acquireMethodAccessor()Ljdk/internal/reflect/MethodAccessor; java.base@21.0.12.1 (55 bytes) @ 0x000001dfc8783e04 [0x000001dfc8783ca0+0x0000000000000164]
J 2589 c1 org.gradle.internal.dispatch.ReflectionDispatch.dispatch(Lorg/gradle/internal/dispatch/MethodInvocation;)V (42 bytes) @ 0x000001dfc851665c [0x000001dfc8515f60+0x00000000000006fc]
J 2588 c1 org.gradle.internal.dispatch.ReflectionDispatch.dispatch(Ljava/lang/Object;)V (9 bytes) @ 0x000001dfc851373c [0x000001dfc85135c0+0x000000000000017c]
J 2587 c1 org.gradle.internal.event.AbstractBroadcastDispatch.dispatch(Lorg/gradle/internal/dispatch/MethodInvocation;Lorg/gradle/internal/dispatch/Dispatch;)V (74 bytes) @ 0x000001dfc8514804 [0x000001dfc85146e0+0x0000000000000124]
J 2585 c1 org.gradle.internal.event.BroadcastDispatch$SingletonDispatch.dispatch(Ljava/lang/Object;)V (9 bytes) @ 0x000001dfc85131fc [0x000001dfc8512fc0+0x000000000000023c]
j  org.gradle.internal.event.AbstractBroadcastDispatch.dispatch(Lorg/gradle/internal/dispatch/MethodInvocation;Ljava/util/Iterator;)V+25
J 5259 c1 org.gradle.internal.event.AbstractBroadcastDispatch.dispatch(Lorg/gradle/internal/dispatch/MethodInvocation;Ljava/util/List;)V (65 bytes) @ 0x000001dfc890d6fc [0x000001dfc890d4a0+0x000000000000025c]
j  org.gradle.internal.event.BroadcastDispatch$CompositeDispatch.dispatch(Lorg/gradle/internal/dispatch/MethodInvocation;)V+6
j  org.gradle.internal.event.BroadcastDispatch$CompositeDispatch.dispatch(Ljava/lang/Object;)V+5
j  org.gradle.internal.event.ListenerBroadcast.dispatch(Lorg/gradle/internal/dispatch/MethodInvocation;)V+5
j  org.gradle.internal.event.ListenerBroadcast.dispatch(Ljava/lang/Object;)V+5
J 7549 c1 org.gradle.internal.dispatch.ProxyDispatchAdapter$DispatchingInvocationHandler.invoke(Ljava/lang/Object;Ljava/lang/reflect/Method;[Ljava/lang/Object;)Ljava/lang/Object; (184 bytes) @ 0x000001dfc8d5a534 [0x000001dfc8d58e40+0x00000000000016f4]
j  jdk.proxy1.$Proxy68.afterEvaluate(Lorg/gradle/api/Project;Lorg/gradle/api/ProjectState;)V+20 jdk.proxy1
j  org.gradle.configuration.project.LifecycleProjectEvaluator$NotifyAfterEvaluate$1.execute(Lorg/gradle/api/ProjectEvaluationListener;)V+15
j  org.gradle.configuration.project.LifecycleProjectEvaluator$NotifyAfterEvaluate$1.execute(Ljava/lang/Object;)V+5
j  org.gradle.api.internal.project.DefaultProject.stepEvaluationListener(Lorg/gradle/api/ProjectEvaluationListener;Lorg/gradle/api/Action;)Lorg/gradle/api/ProjectEvaluationListener;+19
j  org.gradle.configuration.project.LifecycleProjectEvaluator$NotifyAfterEvaluate.run(Lorg/gradle/internal/operations/BuildOperationContext;)V+25
j  org.gradle.internal.operations.DefaultBuildOperationRunner$1.execute(Lorg/gradle/internal/operations/RunnableBuildOperation;Lorg/gradle/internal/operations/BuildOperationContext;)V+2
j  org.gradle.internal.operations.DefaultBuildOperationRunner$1.execute(Lorg/gradle/internal/operations/BuildOperation;Lorg/gradle/internal/operations/BuildOperationContext;)V+6
J 7187 c1 org.gradle.internal.operations.DefaultBuildOperationRunner$2.execute(Lorg/gradle/internal/operations/BuildOperationDescriptor;Lorg/gradle/internal/operations/BuildOperationState;Lorg/gradle/internal/operations/BuildOperationState;Lorg/gradle/internal/operations/DefaultBuildOperationRunner$ReadableBuildOperationContext;Lorg/gradle/internal/operations/DefaultBuildOperationRunner$BuildOperationExecutionListener;)Lorg/gradle/internal/operations/BuildOperation; (110 bytes) @ 0x000001dfc8cb26cc [0x000001dfc8cb24c0+0x000000000000020c]
J 7237 c1 org.gradle.internal.operations.DefaultBuildOperationRunner$2.execute(Lorg/gradle/internal/operations/BuildOperationDescriptor;Lorg/gradle/internal/operations/BuildOperationState;Lorg/gradle/internal/operations/BuildOperationState;Lorg/gradle/internal/operations/DefaultBuildOperationRunner$ReadableBuildOperationContext;Lorg/gradle/internal/operations/DefaultBuildOperationRunner$BuildOperationExecutionListener;)Ljava/lang/Object; (12 bytes) @ 0x000001dfc8cd4ebc [0x000001dfc8cd4e40+0x000000000000007c]
J 7018 c1 org.gradle.internal.operations.DefaultBuildOperationRunner.execute(Lorg/gradle/internal/operations/BuildOperationDescriptor$Builder;Lorg/gradle/internal/operations/BuildOperationState;Lorg/gradle/internal/operations/DefaultBuildOperationRunner$BuildOperationExecution;)Ljava/lang/Object; (147 bytes) @ 0x000001dfc8c5e0c4 [0x000001dfc8c5d580+0x0000000000000b44]
J 6734 c1 org.gradle.internal.operations.DefaultBuildOperationRunner.execute(Lorg/gradle/internal/operations/BuildOperation;Lorg/gradle/internal/operations/BuildOperationWorker;Lorg/gradle/internal/operations/BuildOperationState;)V (23 bytes) @ 0x000001dfc8bc0d24 [0x000001dfc8bc0a60+0x00000000000002c4]
j  org.gradle.internal.operations.DefaultBuildOperationRunner.run(Lorg/gradle/internal/operations/RunnableBuildOperation;)V+9
j  org.gradle.configuration.project.LifecycleProjectEvaluator$EvaluateProject.lambda$run$0(Lorg/gradle/internal/operations/BuildOperationContext;Lorg/gradle/api/internal/project/ProjectInternal;)V+194
j  org.gradle.configuration.project.LifecycleProjectEvaluator$EvaluateProject$$Lambda+0x000001df816d2450.accept(Ljava/lang/Object;)V+12
j  org.gradle.api.internal.project.DefaultProjectStateRegistry$ProjectStateImpl.lambda$applyToMutableState$1(Ljava/util/function/Consumer;Lorg/gradle/api/internal/project/ProjectInternal;)Ljava/lang/Object;+2
j  org.gradle.api.internal.project.DefaultProjectStateRegistry$ProjectStateImpl$$Lambda+0x000001df816d2688.apply(Ljava/lang/Object;)Ljava/lang/Object;+8
j  org.gradle.api.internal.project.DefaultProjectStateRegistry$ProjectStateImpl.lambda$fromMutableState$2(Ljava/util/function/Function;)Ljava/lang/Object;+5
j  org.gradle.api.internal.project.DefaultProjectStateRegistry$ProjectStateImpl$$Lambda+0x000001df816d28d0.create()Ljava/lang/Object;+8
j  org.gradle.internal.work.DefaultWorkerLeaseService.withReplacedLocks(Ljava/util/Collection;Lorg/gradle/internal/resources/ResourceLock;Lorg/gradle/internal/Factory;)Ljava/lang/Object;+40
j  org.gradle.api.internal.project.DefaultProjectStateRegistry$ProjectStateImpl.fromMutableState(Ljava/util/function/Function;)Ljava/lang/Object;+133
j  org.gradle.api.internal.project.DefaultProjectStateRegistry$ProjectStateImpl.applyToMutableState(Ljava/util/function/Consumer;)V+7
j  org.gradle.configuration.project.LifecycleProjectEvaluator$EvaluateProject.run(Lorg/gradle/internal/operations/BuildOperationContext;)V+16
j  org.gradle.internal.operations.DefaultBuildOperationRunner$1.execute(Lorg/gradle/internal/operations/RunnableBuildOperation;Lorg/gradle/internal/operations/BuildOperationContext;)V+2
j  org.gradle.internal.operations.DefaultBuildOperationRunner$1.execute(Lorg/gradle/internal/operations/BuildOperation;Lorg/gradle/internal/operations/BuildOperationContext;)V+6
j  org.gradle.internal.operations.DefaultBuildOperationRunner$2.execute(Lorg/gradle/internal/operations/BuildOperationDescriptor;Lorg/gradle/internal/operations/BuildOperationState;Lorg/gradle/internal/operations/BuildOperationState;Lorg/gradle/internal/operations/DefaultBuildOperationRunner$ReadableBuildOperationContext;Lorg/gradle/internal/operations/DefaultBuildOperationRunner$BuildOperationExecutionListener;)Lorg/gradle/internal/operations/BuildOperation;+22
j  org.gradle.internal.operations.DefaultBuildOperationRunner$2.execute(Lorg/gradle/internal/operations/BuildOperationDescriptor;Lorg/gradle/internal/operations/BuildOperationState;Lorg/gradle/internal/operations/BuildOperationState;Lorg/gradle/internal/operations/DefaultBuildOperationRunner$ReadableBuildOperationContext;Lorg/gradle/internal/operations/DefaultBuildOperationRunner$BuildOperationExecutionListener;)Ljava/lang/Object;+8
j  org.gradle.internal.operations.DefaultBuildOperationRunner.execute(Lorg/gradle/internal/operations/BuildOperationDescriptor$Builder;Lorg/gradle/internal/operations/BuildOperationState;Lorg/gradle/internal/operations/DefaultBuildOperationRunner$BuildOperationExecution;)Ljava/lang/Object;+141
j  org.gradle.internal.operations.DefaultBuildOperationRunner.execute(Lorg/gradle/internal/operations/BuildOperation;Lorg/gradle/internal/operations/BuildOperationWorker;Lorg/gradle/internal/operations/BuildOperationState;)V+18
j  org.gradle.internal.operations.DefaultBuildOperationRunner.run(Lorg/gradle/internal/operations/RunnableBuildOperation;)V+9
j  org.gradle.configuration.project.LifecycleProjectEvaluator.evaluate(Lorg/gradle/api/internal/project/ProjectInternal;Lorg/gradle/api/internal/project/ProjectStateInternal;)V+42
j  org.gradle.api.internal.project.DefaultProject.evaluateUnchecked()Lorg/gradle/api/internal/project/ProjectInternal;+20
j  org.gradle.api.internal.project.ProjectLifecycleController.lambda$ensureSelfConfigured$2()V+4
j  org.gradle.api.internal.project.ProjectLifecycleController$$Lambda+0x000001df816d67e8.run()V+4
j  org.gradle.internal.model.StateTransitionController.lambda$doTransition$14(Ljava/lang/Runnable;)Lorg/gradle/internal/build/ExecutionResult;+1
j  org.gradle.internal.model.StateTransitionController$$Lambda+0x000001df81461150.get()Ljava/lang/Object;+4
j  org.gradle.internal.model.StateTransitionController.doTransition(Lorg/gradle/internal/model/StateTransitionController$State;Lorg/gradle/internal/model/StateTransitionController$State;Ljava/util/function/Supplier;)Lorg/gradle/internal/build/ExecutionResult;+24
j  org.gradle.internal.model.StateTransitionController.doTransition(Lorg/gradle/internal/model/StateTransitionController$State;Lorg/gradle/internal/model/StateTransitionController$State;Ljava/lang/Runnable;)V+9
j  org.gradle.internal.model.StateTransitionController.lambda$maybeTransitionIfNotCurrentlyTransitioning$10(Lorg/gradle/internal/model/StateTransitionController$State;Lorg/gradle/internal/model/StateTransitionController$State;Ljava/lang/Runnable;)V+16
j  org.gradle.internal.model.StateTransitionController$$Lambda+0x000001df816d6a10.run()V+16
j  org.gradle.internal.work.DefaultSynchronizer.withLock(Ljava/lang/Runnable;)V+6
j  org.gradle.internal.model.StateTransitionController.maybeTransitionIfNotCurrentlyTransitioning(Lorg/gradle/internal/model/StateTransitionController$State;Lorg/gradle/internal/model/StateTransitionController$State;Ljava/lang/Runnable;)V+13
j  org.gradle.api.internal.project.ProjectLifecycleController.ensureSelfConfigured()V+16
j  org.gradle.api.internal.project.DefaultProjectStateRegistry$ProjectStateImpl.ensureConfigured()V+19
j  org.gradle.execution.TaskPathProjectEvaluator.configure(Lorg/gradle/api/internal/project/ProjectInternal;)V+6
j  org.gradle.execution.TaskPathProjectEvaluator.configureHierarchy(Lorg/gradle/api/internal/project/ProjectInternal;)V+2
j  org.gradle.configuration.DefaultProjectsPreparer.prepareProjects(Lorg/gradle/api/internal/GradleInternal;)V+52
j  org.gradle.configuration.BuildTreePreparingProjectsPreparer.prepareProjects(Lorg/gradle/api/internal/GradleInternal;)V+114
j  org.gradle.configuration.BuildOperationFiringProjectsPreparer$ConfigureBuild.run(Lorg/gradle/internal/operations/BuildOperationContext;)V+11
j  org.gradle.internal.operations.DefaultBuildOperationRunner$1.execute(Lorg/gradle/internal/operations/RunnableBuildOperation;Lorg/gradle/internal/operations/BuildOperationContext;)V+2
j  org.gradle.internal.operations.DefaultBuildOperationRunner$1.execute(Lorg/gradle/internal/operations/BuildOperation;Lorg/gradle/internal/operations/BuildOperationContext;)V+6
j  org.gradle.internal.operations.DefaultBuildOperationRunner$2.execute(Lorg/gradle/internal/operations/BuildOperationDescriptor;Lorg/gradle/internal/operations/BuildOperationState;Lorg/gradle/internal/operations/BuildOperationState;Lorg/gradle/internal/operations/DefaultBuildOperationRunner$ReadableBuildOperationContext;Lorg/gradle/internal/operations/DefaultBuildOperationRunner$BuildOperationExecutionListener;)Lorg/gradle/internal/operations/BuildOperation;+22
j  org.gradle.internal.operations.DefaultBuildOperationRunner$2.execute(Lorg/gradle/internal/operations/BuildOperationDescriptor;Lorg/gradle/internal/operations/BuildOperationState;Lorg/gradle/internal/operations/BuildOperationState;Lorg/gradle/internal/operations/DefaultBuildOperationRunner$ReadableBuildOperationContext;Lorg/gradle/internal/operations/DefaultBuildOperationRunner$BuildOperationExecutionListener;)Ljava/lang/Object;+8
j  org.gradle.internal.operations.DefaultBuildOperationRunner.execute(Lorg/gradle/internal/operations/BuildOperationDescriptor$Builder;Lorg/gradle/internal/operations/BuildOperationState;Lorg/gradle/internal/operations/DefaultBuildOperationRunner$BuildOperationExecution;)Ljava/lang/Object;+141
j  org.gradle.internal.operations.DefaultBuildOperationRunner.execute(Lorg/gradle/internal/operations/BuildOperation;Lorg/gradle/internal/operations/BuildOperationWorker;Lorg/gradle/internal/operations/BuildOperationState;)V+18
j  org.gradle.internal.operations.DefaultBuildOperationRunner.run(Lorg/gradle/internal/operations/RunnableBuildOperation;)V+9
j  org.gradle.configuration.BuildOperationFiringProjectsPreparer.prepareProjects(Lorg/gradle/api/internal/GradleInternal;)V+13
j  org.gradle.initialization.VintageBuildModelController.lambda$prepareProjects$2()V+8
j  org.gradle.initialization.VintageBuildModelController$$Lambda+0x000001df816a54b8.run()V+4
j  org.gradle.internal.model.StateTransitionController.lambda$doTransition$14(Ljava/lang/Runnable;)Lorg/gradle/internal/build/ExecutionResult;+1
j  org.gradle.internal.model.StateTransitionController$$Lambda+0x000001df81461150.get()Ljava/lang/Object;+4
j  org.gradle.internal.model.StateTransitionController.doTransition(Lorg/gradle/internal/model/StateTransitionController$State;Lorg/gradle/internal/model/StateTransitionController$State;Ljava/util/function/Supplier;)Lorg/gradle/internal/build/ExecutionResult;+24
j  org.gradle.internal.model.StateTransitionController.doTransition(Lorg/gradle/internal/model/StateTransitionController$State;Lorg/gradle/internal/model/StateTransitionController$State;Ljava/lang/Runnable;)V+9
j  org.gradle.internal.model.StateTransitionController.lambda$transitionIfNotPreviously$11(Lorg/gradle/internal/model/StateTransitionController$State;Lorg/gradle/internal/model/StateTransitionController$State;Ljava/lang/Runnable;)V+16
j  org.gradle.internal.model.StateTransitionController$$Lambda+0x000001df81460f28.run()V+16
j  org.gradle.internal.work.DefaultSynchronizer.withLock(Ljava/lang/Runnable;)V+6
j  org.gradle.internal.model.StateTransitionController.transitionIfNotPreviously(Lorg/gradle/internal/model/StateTransitionController$State;Lorg/gradle/internal/model/StateTransitionController$State;Ljava/lang/Runnable;)V+13
j  org.gradle.initialization.VintageBuildModelController.prepareProjects()V+16
j  org.gradle.initialization.VintageBuildModelController.getConfiguredModel()Lorg/gradle/api/internal/GradleInternal;+5
j  org.gradle.internal.build.DefaultBuildLifecycleController$$Lambda+0x000001df816a5290.get()Ljava/lang/Object;+4
j  org.gradle.internal.model.StateTransitionController.lambda$notInState$3(Lorg/gradle/internal/model/StateTransitionController$State;Ljava/util/function/Supplier;)Ljava/lang/Object;+11
j  org.gradle.internal.model.StateTransitionController$$Lambda+0x000001df81460ad8.create()Ljava/lang/Object;+12
j  org.gradle.internal.work.DefaultSynchronizer.withLock(Lorg/gradle/internal/Factory;)Ljava/lang/Object;+6
j  org.gradle.internal.model.StateTransitionController.notInState(Lorg/gradle/internal/model/StateTransitionController$State;Ljava/util/function/Supplier;)Ljava/lang/Object;+12
j  org.gradle.internal.build.DefaultBuildLifecycleController.configureProjects()V+21
j  org.gradle.internal.build.AbstractBuildState.ensureProjectsConfigured()V+4
j  org.gradle.internal.buildtree.BuildInclusionCoordinator$$Lambda+0x000001df816a49e0.run()V+4
j  org.gradle.internal.buildtree.BuildInclusionCoordinator$BuildSynchronizer.lambda$withLock$0(Ljava/lang/Runnable;)V+14
j  org.gradle.internal.buildtree.BuildInclusionCoordinator$BuildSynchronizer$$Lambda+0x000001df816a5068.run()V+8
j  org.gradle.internal.work.DefaultSynchronizer.withLock(Ljava/lang/Runnable;)V+6
j  org.gradle.internal.buildtree.BuildInclusionCoordinator$BuildSynchronizer.withLock(Ljava/lang/Runnable;)V+11
j  org.gradle.internal.buildtree.BuildInclusionCoordinator.withLockForBuild(Lorg/gradle/internal/build/BuildState;Ljava/lang/Runnable;)V+20
j  org.gradle.internal.buildtree.BuildInclusionCoordinator.prepareForPluginResolution(Lorg/gradle/internal/build/IncludedBuildState;)V+13
j  org.gradle.internal.composite.DefaultBuildIncluder.prepareForPluginResolution(Lorg/gradle/internal/build/IncludedBuildState;)V+5
j  org.gradle.composite.internal.plugins.CompositeBuildPluginResolverContributor$CompositeBuildPluginResolver.resolveFromIncludedPluginBuilds(Lorg/gradle/plugin/use/PluginId;)Lorg/gradle/plugin/use/resolve/internal/PluginResolution;+39
j  org.gradle.composite.internal.plugins.CompositeBuildPluginResolverContributor$CompositeBuildPluginResolver.doResolve(Lorg/gradle/plugin/use/PluginId;)Lorg/gradle/composite/internal/plugins/CompositeBuildPluginResolverContributor$PluginResult;+2
j  org.gradle.composite.internal.plugins.CompositeBuildPluginResolverContributor$CompositeBuildPluginResolver$$Lambda+0x000001df81695d78.apply(Ljava/lang/Object;)Ljava/lang/Object;+8
J 4252 c1 java.util.concurrent.ConcurrentHashMap.computeIfAbsent(Ljava/lang/Object;Ljava/util/function/Function;)Ljava/lang/Object; java.base@21.0.12.1 (576 bytes) @ 0x000001dfc886bbb4 [0x000001dfc886b5e0+0x00000000000005d4]
j  org.gradle.composite.internal.plugins.CompositeBuildPluginResolverContributor$CompositeBuildPluginResolver.resolve(Lorg/gradle/plugin/management/internal/PluginRequestInternal;)Lorg/gradle/plugin/use/resolve/internal/PluginResolutionResult;+16
j  org.gradle.plugin.use.resolve.internal.CompositePluginResolver.resolve(Lorg/gradle/plugin/management/internal/PluginRequestInternal;)Lorg/gradle/plugin/use/resolve/internal/PluginResolutionResult;+37
j  org.gradle.plugin.use.resolve.internal.AlreadyOnClasspathPluginResolver.resolve(Lorg/gradle/plugin/management/internal/PluginRequestInternal;)Lorg/gradle/plugin/use/resolve/internal/PluginResolutionResult;+28
j  org.gradle.plugin.use.internal.DefaultPluginRequestApplicator.resolvePluginRequest(Lorg/gradle/plugin/use/resolve/internal/PluginResolver;Lorg/gradle/plugin/management/internal/PluginRequestInternal;)Lorg/gradle/plugin/use/resolve/internal/PluginResolution;+2
j  org.gradle.plugin.use.internal.DefaultPluginRequestApplicator.applyPlugins(Lorg/gradle/plugin/management/internal/PluginRequests;Lorg/gradle/api/internal/initialization/ScriptHandlerInternal;Lorg/gradle/api/internal/plugins/PluginManagerInternal;Lorg/gradle/api/internal/initialization/ClassLoaderScope;)V+136
j  org.gradle.kotlin.dsl.provider.PluginRequestsHandler.handle(Lorg/gradle/plugin/management/internal/PluginRequests;Lorg/gradle/api/internal/initialization/ScriptHandlerInternal;Lorg/gradle/api/internal/plugins/PluginAwareInternal;Lorg/gradle/api/internal/initialization/ClassLoaderScope;)V+71
j  org.gradle.kotlin.dsl.provider.StandardKotlinScriptEvaluator$InterpreterHost.applyPluginsTo(Lorg/gradle/kotlin/dsl/support/KotlinScriptHost;Lorg/gradle/plugin/management/internal/PluginRequests;)V+53
j  org.gradle.kotlin.dsl.execution.Interpreter$ProgramHost.applyPluginsTo(Lorg/gradle/kotlin/dsl/support/KotlinScriptHost;Lorg/gradle/plugin/management/internal/PluginRequests;)V+21
j  Program.execute(Lorg/gradle/kotlin/dsl/execution/ExecutableProgram$Host;Lorg/gradle/kotlin/dsl/support/KotlinScriptHost;)V+45
j  org.gradle.kotlin.dsl.execution.Interpreter$ProgramHost.eval(Lorg/gradle/kotlin/dsl/execution/CompiledScript;Lorg/gradle/kotlin/dsl/support/KotlinScriptHost;)V+90
j  org.gradle.kotlin.dsl.execution.Interpreter.eval(Ljava/lang/Object;Lorg/gradle/groovy/scripts/ScriptSource;Lorg/gradle/internal/hash/HashCode;Lorg/gradle/api/initialization/dsl/ScriptHandler;Lorg/gradle/api/internal/initialization/ClassLoaderScope;Lorg/gradle/api/internal/initialization/ClassLoaderScope;ZLjava/util/EnumSet;)V+213
j  org.gradle.kotlin.dsl.provider.StandardKotlinScriptEvaluator.evaluate(Ljava/lang/Object;Lorg/gradle/groovy/scripts/ScriptSource;Lorg/gradle/api/initialization/dsl/ScriptHandler;Lorg/gradle/api/internal/initialization/ClassLoaderScope;Lorg/gradle/api/internal/initialization/ClassLoaderScope;ZLjava/util/EnumSet;)V+167
j  org.gradle.kotlin.dsl.provider.KotlinScriptPluginFactory.create$lambda$0(Lorg/gradle/kotlin/dsl/provider/KotlinScriptPluginFactory;Lorg/gradle/groovy/scripts/ScriptSource;Lorg/gradle/api/internal/initialization/ClassLoaderScope;Lorg/gradle/api/initialization/dsl/ScriptHandler;Lorg/gradle/api/internal/initialization/ClassLoaderScope;ZLjava/lang/Object;)Lkotlin/Unit;+48
j  org.gradle.kotlin.dsl.provider.KotlinScriptPluginFactory$$Lambda+0x000001df815c6a00.invoke(Ljava/lang/Object;)Ljava/lang/Object;+25
j  org.gradle.kotlin.dsl.provider.KotlinScriptPlugin.apply(Ljava/lang/Object;)V+22
j  org.gradle.configuration.BuildOperationScriptPlugin$1.run(Lorg/gradle/internal/operations/BuildOperationContext;)V+11
j  org.gradle.internal.operations.DefaultBuildOperationRunner$1.execute(Lorg/gradle/internal/operations/RunnableBuildOperation;Lorg/gradle/internal/operations/BuildOperationContext;)V+2
j  org.gradle.internal.operations.DefaultBuildOperationRunner$1.execute(Lorg/gradle/internal/operations/BuildOperation;Lorg/gradle/internal/operations/BuildOperationContext;)V+6
j  org.gradle.internal.operations.DefaultBuildOperationRunner$2.execute(Lorg/gradle/internal/operations/BuildOperationDescriptor;Lorg/gradle/internal/operations/BuildOperationState;Lorg/gradle/internal/operations/BuildOperationState;Lorg/gradle/internal/operations/DefaultBuildOperationRunner$ReadableBuildOperationContext;Lorg/gradle/internal/operations/DefaultBuildOperationRunner$BuildOperationExecutionListener;)Lorg/gradle/internal/operations/BuildOperation;+22
j  org.gradle.internal.operations.DefaultBuildOperationRunner$2.execute(Lorg/gradle/internal/operations/BuildOperationDescriptor;Lorg/gradle/internal/operations/BuildOperationState;Lorg/gradle/internal/operations/BuildOperationState;Lorg/gradle/internal/operations/DefaultBuildOperationRunner$ReadableBuildOperationContext;Lorg/gradle/internal/operations/DefaultBuildOperationRunner$BuildOperationExecutionListener;)Ljava/lang/Object;+8
j  org.gradle.internal.operations.DefaultBuildOperationRunner.execute(Lorg/gradle/internal/operations/BuildOperationDescriptor$Builder;Lorg/gradle/internal/operations/BuildOperationState;Lorg/gradle/internal/operations/DefaultBuildOperationRunner$BuildOperationExecution;)Ljava/lang/Object;+141
j  org.gradle.internal.operations.DefaultBuildOperationRunner.execute(Lorg/gradle/internal/operations/BuildOperation;Lorg/gradle/internal/operations/BuildOperationWorker;Lorg/gradle/internal/operations/BuildOperationState;)V+18
j  org.gradle.internal.operations.DefaultBuildOperationRunner.run(Lorg/gradle/internal/operations/RunnableBuildOperation;)V+9
j  org.gradle.configuration.BuildOperationScriptPlugin.lambda$apply$0(Ljava/lang/Object;Lorg/gradle/internal/code/UserCodeApplicationId;)V+14
j  org.gradle.configuration.BuildOperationScriptPlugin$$Lambda+0x000001df815c7b28.execute(Ljava/lang/Object;)V+12
j  org.gradle.internal.code.DefaultUserCodeApplicationContext.apply(Lorg/gradle/internal/code/UserCodeSource;Lorg/gradle/api/Action;)V+37
j  org.gradle.configuration.BuildOperationScriptPlugin.apply(Ljava/lang/Object;)V+71
j  org.gradle.initialization.ScriptEvaluatingSettingsProcessor.applySettingsScript(Lorg/gradle/groovy/scripts/TextResourceScriptSource;Lorg/gradle/api/internal/SettingsInternal;)V+32
j  org.gradle.initialization.ScriptEvaluatingSettingsProcessor.process(Lorg/gradle/api/internal/GradleInternal;Lorg/gradle/initialization/SettingsLocation;Lorg/gradle/api/internal/initialization/ClassLoaderScope;Lorg/gradle/StartParameter;)Lorg/gradle/initialization/SettingsState;+90
j  org.gradle.initialization.SettingsEvaluatedCallbackFiringSettingsProcessor.process(Lorg/gradle/api/internal/GradleInternal;Lorg/gradle/initialization/SettingsLocation;Lorg/gradle/api/internal/initialization/ClassLoaderScope;Lorg/gradle/StartParameter;)Lorg/gradle/initialization/SettingsState;+9
j  org.gradle.initialization.RootBuildCacheControllerSettingsProcessor.process(Lorg/gradle/api/internal/GradleInternal;Lorg/gradle/initialization/SettingsLocation;Lorg/gradle/api/internal/initialization/ClassLoaderScope;Lorg/gradle/StartParameter;)Lorg/gradle/initialization/SettingsState;+9
j  org.gradle.initialization.BuildOperationSettingsProcessor$2.call(Lorg/gradle/internal/operations/BuildOperationContext;)Lorg/gradle/initialization/SettingsState;+23
j  org.gradle.initialization.BuildOperationSettingsProcessor$2.call(Lorg/gradle/internal/operations/BuildOperationContext;)Ljava/lang/Object;+2
j  org.gradle.internal.operations.DefaultBuildOperationRunner$CallableBuildOperationWorker.execute(Lorg/gradle/internal/operations/CallableBuildOperation;Lorg/gradle/internal/operations/BuildOperationContext;)V+3
j  org.gradle.internal.operations.DefaultBuildOperationRunner$CallableBuildOperationWorker.execute(Lorg/gradle/internal/operations/BuildOperation;Lorg/gradle/internal/operations/BuildOperationContext;)V+6
j  org.gradle.internal.operations.DefaultBuildOperationRunner$2.execute(Lorg/gradle/internal/operations/BuildOperationDescriptor;Lorg/gradle/internal/operations/BuildOperationState;Lorg/gradle/internal/operations/BuildOperationState;Lorg/gradle/internal/operations/DefaultBuildOperationRunner$ReadableBuildOperationContext;Lorg/gradle/internal/operations/DefaultBuildOperationRunner$BuildOperationExecutionListener;)Lorg/gradle/internal/operations/BuildOperation;+22
j  org.gradle.internal.operations.DefaultBuildOperationRunner$2.execute(Lorg/gradle/internal/operations/BuildOperationDescriptor;Lorg/gradle/internal/operations/BuildOperationState;Lorg/gradle/internal/operations/BuildOperationState;Lorg/gradle/internal/operations/DefaultBuildOperationRunner$ReadableBuildOperationContext;Lorg/gradle/internal/operations/DefaultBuildOperationRunner$BuildOperationExecutionListener;)Ljava/lang/Object;+8
j  org.gradle.internal.operations.DefaultBuildOperationRunner.execute(Lorg/gradle/internal/operations/BuildOperationDescriptor$Builder;Lorg/gradle/internal/operations/BuildOperationState;Lorg/gradle/internal/operations/DefaultBuildOperationRunner$BuildOperationExecution;)Ljava/lang/Object;+141
j  org.gradle.internal.operations.DefaultBuildOperationRunner.execute(Lorg/gradle/internal/operations/BuildOperation;Lorg/gradle/internal/operations/BuildOperationWorker;Lorg/gradle/internal/operations/BuildOperationState;)V+18
j  org.gradle.internal.operations.DefaultBuildOperationRunner.call(Lorg/gradle/internal/operations/CallableBuildOperation;)Ljava/lang/Object;+16
j  org.gradle.initialization.BuildOperationSettingsProcessor.process(Lorg/gradle/api/internal/GradleInternal;Lorg/gradle/initialization/SettingsLocation;Lorg/gradle/api/internal/initialization/ClassLoaderScope;Lorg/gradle/StartParameter;)Lorg/gradle/initialization/SettingsState;+17
j  org.gradle.initialization.DefaultSettingsLoader.findSettingsAndLoadIfAppropriate(Lorg/gradle/api/internal/GradleInternal;Lorg/gradle/StartParameter;Lorg/gradle/initialization/SettingsLocation;Lorg/gradle/api/internal/initialization/ClassLoaderScope;)Lorg/gradle/initialization/SettingsState;+9
j  org.gradle.initialization.DefaultSettingsLoader.findAndLoadSettings(Lorg/gradle/api/internal/GradleInternal;)Lorg/gradle/initialization/SettingsState;+103
j  org.gradle.initialization.SettingsAttachingSettingsLoader.findAndLoadSettings(Lorg/gradle/api/internal/GradleInternal;)Lorg/gradle/initialization/SettingsState;+5
j  org.gradle.internal.composite.CommandLineIncludedBuildSettingsLoader.findAndLoadSettings(Lorg/gradle/api/internal/GradleInternal;)Lorg/gradle/initialization/SettingsState;+5
j  org.gradle.internal.composite.ChildBuildRegisteringSettingsLoader.findAndLoadSettings(Lorg/gradle/api/internal/GradleInternal;)Lorg/gradle/initialization/SettingsState;+5
j  org.gradle.internal.composite.CompositeBuildSettingsLoader.findAndLoadSettings(Lorg/gradle/api/internal/GradleInternal;)Lorg/gradle/initialization/SettingsState;+5
j  org.gradle.initialization.InitScriptHandlingSettingsLoader.findAndLoadSettings(Lorg/gradle/api/internal/GradleInternal;)Lorg/gradle/initialization/SettingsState;+13
j  org.gradle.api.internal.initialization.CacheConfigurationsHandlingSettingsLoader.findAndLoadSettings(Lorg/gradle/api/internal/GradleInternal;)Lorg/gradle/initialization/SettingsState;+15
j  org.gradle.initialization.GradlePropertiesHandlingSettingsLoader.findAndLoadSettings(Lorg/gradle/api/internal/GradleInternal;)Lorg/gradle/initialization/SettingsState;+53
j  org.gradle.initialization.DefaultSettingsPreparer.prepareSettings(Lorg/gradle/api/internal/GradleInternal;)V+33
j  org.gradle.initialization.BuildOperationFiringSettingsPreparer$LoadBuild.doLoadBuild()V+11
j  org.gradle.initialization.BuildOperationFiringSettingsPreparer$LoadBuild.run(Lorg/gradle/internal/operations/BuildOperationContext;)V+1
j  org.gradle.internal.operations.DefaultBuildOperationRunner$1.execute(Lorg/gradle/internal/operations/RunnableBuildOperation;Lorg/gradle/internal/operations/BuildOperationContext;)V+2
j  org.gradle.internal.operations.DefaultBuildOperationRunner$1.execute(Lorg/gradle/internal/operations/BuildOperation;Lorg/gradle/internal/operations/BuildOperationContext;)V+6
j  org.gradle.internal.operations.DefaultBuildOperationRunner$2.execute(Lorg/gradle/internal/operations/BuildOperationDescriptor;Lorg/gradle/internal/operations/BuildOperationState;Lorg/gradle/internal/operations/BuildOperationState;Lorg/gradle/internal/operations/DefaultBuildOperationRunner$ReadableBuildOperationContext;Lorg/gradle/internal/operations/DefaultBuildOperationRunner$BuildOperationExecutionListener;)Lorg/gradle/internal/operations/BuildOperation;+22
j  org.gradle.internal.operations.DefaultBuildOperationRunner$2.execute(Lorg/gradle/internal/operations/BuildOperationDescriptor;Lorg/gradle/internal/operations/BuildOperationState;Lorg/gradle/internal/operations/BuildOperationState;Lorg/gradle/internal/operations/DefaultBuildOperationRunner$ReadableBuildOperationContext;Lorg/gradle/internal/operations/DefaultBuildOperationRunner$BuildOperationExecutionListener;)Ljava/lang/Object;+8
j  org.gradle.internal.operations.DefaultBuildOperationRunner.execute(Lorg/gradle/internal/operations/BuildOperationDescriptor$Builder;Lorg/gradle/internal/operations/BuildOperationState;Lorg/gradle/internal/operations/DefaultBuildOperationRunner$BuildOperationExecution;)Ljava/lang/Object;+141
j  org.gradle.internal.operations.DefaultBuildOperationRunner.execute(Lorg/gradle/internal/operations/BuildOperation;Lorg/gradle/internal/operations/BuildOperationWorker;Lorg/gradle/internal/operations/BuildOperationState;)V+18
j  org.gradle.internal.operations.DefaultBuildOperationRunner.run(Lorg/gradle/internal/operations/RunnableBuildOperation;)V+9
j  org.gradle.initialization.BuildOperationFiringSettingsPreparer.prepareSettings(Lorg/gradle/api/internal/GradleInternal;)V+31
j  org.gradle.initialization.VintageBuildModelController.lambda$prepareSettings$1()V+8
j  org.gradle.initialization.VintageBuildModelController$$Lambda+0x000001df81460d00.run()V+4
j  org.gradle.internal.model.StateTransitionController.lambda$doTransition$14(Ljava/lang/Runnable;)Lorg/gradle/internal/build/ExecutionResult;+1
j  org.gradle.internal.model.StateTransitionController$$Lambda+0x000001df81461150.get()Ljava/lang/Object;+4
j  org.gradle.internal.model.StateTransitionController.doTransition(Lorg/gradle/internal/model/StateTransitionController$State;Lorg/gradle/internal/model/StateTransitionController$State;Ljava/util/function/Supplier;)Lorg/gradle/internal/build/ExecutionResult;+24
j  org.gradle.internal.model.StateTransitionController.doTransition(Lorg/gradle/internal/model/StateTransitionController$State;Lorg/gradle/internal/model/StateTransitionController$State;Ljava/lang/Runnable;)V+9
j  org.gradle.internal.model.StateTransitionController.lambda$transitionIfNotPreviously$11(Lorg/gradle/internal/model/StateTransitionController$State;Lorg/gradle/internal/model/StateTransitionController$State;Ljava/lang/Runnable;)V+16
j  org.gradle.internal.model.StateTransitionController$$Lambda+0x000001df81460f28.run()V+16
j  org.gradle.internal.work.DefaultSynchronizer.withLock(Ljava/lang/Runnable;)V+6
j  org.gradle.internal.model.StateTransitionController.transitionIfNotPreviously(Lorg/gradle/internal/model/StateTransitionController$State;Lorg/gradle/internal/model/StateTransitionController$State;Ljava/lang/Runnable;)V+13
j  org.gradle.initialization.VintageBuildModelController.prepareSettings()V+16
j  org.gradle.initialization.VintageBuildModelController.getConfiguredModel()Lorg/gradle/api/internal/GradleInternal;+1
j  org.gradle.internal.build.DefaultBuildLifecycleController.lambda$withProjectsConfigured$1(Ljava/util/function/Function;)Ljava/lang/Object;+5
j  org.gradle.internal.build.DefaultBuildLifecycleController$$Lambda+0x000001df814608b0.get()Ljava/lang/Object;+8
j  org.gradle.internal.model.StateTransitionController.lambda$notInState$3(Lorg/gradle/internal/model/StateTransitionController$State;Ljava/util/function/Supplier;)Ljava/lang/Object;+11
j  org.gradle.internal.model.StateTransitionController$$Lambda+0x000001df81460ad8.create()Ljava/lang/Object;+12
j  org.gradle.internal.work.DefaultSynchronizer.withLock(Lorg/gradle/internal/Factory;)Ljava/lang/Object;+6
j  org.gradle.internal.model.StateTransitionController.notInState(Lorg/gradle/internal/model/StateTransitionController$State;Ljava/util/function/Supplier;)Ljava/lang/Object;+12
j  org.gradle.internal.build.DefaultBuildLifecycleController.withProjectsConfigured(Ljava/util/function/Function;)Ljava/lang/Object;+14
j  org.gradle.internal.build.DefaultBuildToolingModelController.locateBuilderForTarget(Ljava/lang/String;Z)Lorg/gradle/tooling/provider/model/internal/ToolingModelScope;+38
j  org.gradle.internal.buildtree.DefaultBuildTreeModelCreator$DefaultBuildTreeModelController.lambda$locateBuilderForBuildTarget$0(Ljava/lang/String;ZLorg/gradle/internal/build/BuildToolingModelController;)Lorg/gradle/tooling/provider/model/internal/ToolingModelScope;+3
j  org.gradle.internal.buildtree.DefaultBuildTreeModelCreator$DefaultBuildTreeModelController$$Lambda+0x000001df8143fd20.apply(Ljava/lang/Object;)Ljava/lang/Object;+12
j  org.gradle.internal.build.DefaultBuildLifecycleController.withToolingModels(Ljava/util/function/Function;)Ljava/lang/Object;+15
j  org.gradle.internal.build.AbstractBuildState.withToolingModels(Ljava/util/function/Function;)Ljava/lang/Object;+5
j  org.gradle.internal.buildtree.DefaultBuildTreeModelCreator$DefaultBuildTreeModelController.locateBuilderForBuildTarget(Lorg/gradle/internal/build/BuildState;Ljava/lang/String;Z)Lorg/gradle/tooling/provider/model/internal/ToolingModelScope;+8
j  org.gradle.internal.buildtree.DefaultBuildTreeModelCreator$DefaultBuildTreeModelController.locateBuilderForDefaultTarget(Ljava/lang/String;Z)Lorg/gradle/tooling/provider/model/internal/ToolingModelScope;+10
j  org.gradle.internal.buildtree.DefaultBuildTreeModelCreator$DefaultBuildTreeModelController.locateBuilderForTarget(Lorg/gradle/internal/buildtree/BuildTreeModelTarget;Ljava/lang/String;Z)Lorg/gradle/tooling/provider/model/internal/ToolingModelScope;+10
j  org.gradle.internal.buildtree.DefaultBuildTreeModelCreator$DefaultBuildTreeModelController.access$200(Lorg/gradle/internal/buildtree/DefaultBuildTreeModelCreator$DefaultBuildTreeModelController;Lorg/gradle/internal/buildtree/BuildTreeModelTarget;Ljava/lang/String;Z)Lorg/gradle/tooling/provider/model/internal/ToolingModelScope;+4
j  org.gradle.internal.buildtree.DefaultBuildTreeModelCreator$DefaultBuildTreeModelController$1.call(Lorg/gradle/internal/operations/BuildOperationContext;)Ljava/lang/Object;+24
j  org.gradle.internal.operations.DefaultBuildOperationRunner$CallableBuildOperationWorker.execute(Lorg/gradle/internal/operations/CallableBuildOperation;Lorg/gradle/internal/operations/BuildOperationContext;)V+3
j  org.gradle.internal.operations.DefaultBuildOperationRunner$CallableBuildOperationWorker.execute(Lorg/gradle/internal/operations/BuildOperation;Lorg/gradle/internal/operations/BuildOperationContext;)V+6
j  org.gradle.internal.operations.DefaultBuildOperationRunner$2.execute(Lorg/gradle/internal/operations/BuildOperationDescriptor;Lorg/gradle/internal/operations/BuildOperationState;Lorg/gradle/internal/operations/BuildOperationState;Lorg/gradle/internal/operations/DefaultBuildOperationRunner$ReadableBuildOperationContext;Lorg/gradle/internal/operations/DefaultBuildOperationRunner$BuildOperationExecutionListener;)Lorg/gradle/internal/operations/BuildOperation;+22
j  org.gradle.internal.operations.DefaultBuildOperationRunner$2.execute(Lorg/gradle/internal/operations/BuildOperationDescriptor;Lorg/gradle/internal/operations/BuildOperationState;Lorg/gradle/internal/operations/BuildOperationState;Lorg/gradle/internal/operations/DefaultBuildOperationRunner$ReadableBuildOperationContext;Lorg/gradle/internal/operations/DefaultBuildOperationRunner$BuildOperationExecutionListener;)Ljava/lang/Object;+8
j  org.gradle.internal.operations.DefaultBuildOperationRunner.execute(Lorg/gradle/internal/operations/BuildOperationDescriptor$Builder;Lorg/gradle/internal/operations/BuildOperationState;Lorg/gradle/internal/operations/DefaultBuildOperationRunner$BuildOperationExecution;)Ljava/lang/Object;+141
j  org.gradle.internal.operations.DefaultBuildOperationRunner.execute(Lorg/gradle/internal/operations/BuildOperation;Lorg/gradle/internal/operations/BuildOperationWorker;Lorg/gradle/internal/operations/BuildOperationState;)V+18
j  org.gradle.internal.operations.DefaultBuildOperationRunner.call(Lorg/gradle/internal/operations/CallableBuildOperation;)Ljava/lang/Object;+16
j  org.gradle.internal.buildtree.DefaultBuildTreeModelCreator$DefaultBuildTreeModelController.getModel(Lorg/gradle/internal/buildtree/BuildTreeModelTarget;Ljava/lang/String;Ljava/lang/Object;)Ljava/lang/Object;+18
j  org.gradle.tooling.internal.provider.runner.BuildModelActionRunner$ModelCreateAction.fromBuildModel(Lorg/gradle/internal/buildtree/BuildTreeModelController;)Ljava/lang/Object;+14
j  org.gradle.internal.buildtree.DefaultBuildTreeModelCreator.fromBuildModel(Lorg/gradle/internal/buildtree/BuildTreeModelAction;)Ljava/lang/Object;+10
j  org.gradle.internal.cc.impl.barrier.BarrierAwareBuildTreeModelCreator.fromBuildModel$lambda$1(Lorg/gradle/internal/cc/impl/barrier/BarrierAwareBuildTreeModelCreator;Lorg/gradle/internal/buildtree/BuildTreeModelAction;)Ljava/lang/Object;+5
j  org.gradle.internal.cc.impl.barrier.BarrierAwareBuildTreeModelCreator$$Lambda+0x000001df8143a228.invoke()Ljava/lang/Object;+8
j  org.gradle.internal.cc.impl.barrier.VintageConfigurationTimeActionRunner.runConfigurationTimeAction(Lkotlin/jvm/functions/Function0;)Ljava/lang/Object;+25
j  org.gradle.internal.cc.impl.barrier.BarrierAwareBuildTreeModelCreator.fromBuildModel(Lorg/gradle/internal/buildtree/BuildTreeModelAction;)Ljava/lang/Object;+17
j  org.gradle.internal.buildtree.DefaultBuildTreeLifecycleController.lambda$fromBuildModel$2(Lorg/gradle/internal/buildtree/BuildTreeModelAction;Z)Lorg/gradle/internal/build/ExecutionResult;+57
j  org.gradle.internal.buildtree.DefaultBuildTreeLifecycleController$$Lambda+0x000001df8143e4f8.get()Ljava/lang/Object;+12
j  org.gradle.internal.buildtree.DefaultBuildTreeLifecycleController.lambda$runBuild$4(Ljava/util/function/Supplier;)Ljava/lang/Object;+1
j  org.gradle.internal.buildtree.DefaultBuildTreeLifecycleController$$Lambda+0x000001df8143e720.get()Ljava/lang/Object;+8
j  org.gradle.internal.model.StateTransitionController.lambda$transition$6(Ljava/util/function/Supplier;)Lorg/gradle/internal/build/ExecutionResult;+1
j  org.gradle.internal.model.StateTransitionController$$Lambda+0x000001df8143eb70.get()Ljava/lang/Object;+4
j  org.gradle.internal.model.StateTransitionController.doTransition(Lorg/gradle/internal/model/StateTransitionController$State;Lorg/gradle/internal/model/StateTransitionController$State;Ljava/util/function/Supplier;)Lorg/gradle/internal/build/ExecutionResult;+24
j  org.gradle.internal.model.StateTransitionController.lambda$transition$7(Lorg/gradle/internal/model/StateTransitionController$State;Lorg/gradle/internal/model/StateTransitionController$State;Ljava/util/function/Supplier;)Ljava/lang/Object;+9
j  org.gradle.internal.model.StateTransitionController$$Lambda+0x000001df8143e948.create()Ljava/lang/Object;+16
j  org.gradle.internal.work.DefaultSynchronizer.withLock(Lorg/gradle/internal/Factory;)Ljava/lang/Object;+6
j  org.gradle.internal.model.StateTransitionController.transition(Lorg/gradle/internal/model/StateTransitionController$State;Lorg/gradle/internal/model/StateTransitionController$State;Ljava/util/function/Supplier;)Ljava/lang/Object;+13
j  org.gradle.internal.buildtree.DefaultBuildTreeLifecycleController.runBuild(Ljava/util/function/Supplier;)Ljava/lang/Object;+17
j  org.gradle.internal.buildtree.DefaultBuildTreeLifecycleController.fromBuildModel(ZLorg/gradle/internal/buildtree/BuildTreeModelAction;)Ljava/lang/Object;+9
j  org.gradle.tooling.internal.provider.runner.BuildModelActionRunner.run(Lorg/gradle/internal/invocation/BuildAction;Lorg/gradle/internal/buildtree/BuildTreeLifecycleController;)Lorg/gradle/internal/buildtree/BuildActionRunner$Result;+40
j  org.gradle.launcher.exec.ChainingBuildActionRunner.run(Lorg/gradle/internal/invocation/BuildAction;Lorg/gradle/internal/buildtree/BuildTreeLifecycleController;)Lorg/gradle/internal/buildtree/BuildActionRunner$Result;+34
j  org.gradle.internal.buildtree.ProblemReportingBuildActionRunner.run(Lorg/gradle/internal/invocation/BuildAction;Lorg/gradle/internal/buildtree/BuildTreeLifecycleController;)Lorg/gradle/internal/buildtree/BuildActionRunner$Result;+12
j  org.gradle.launcher.exec.BuildOutcomeReportingBuildActionRunner.run(Lorg/gradle/internal/invocation/BuildAction;Lorg/gradle/internal/buildtree/BuildTreeLifecycleController;)Lorg/gradle/internal/buildtree/BuildActionRunner$Result;+69
j  org.gradle.tooling.internal.provider.FileSystemWatchingBuildActionRunner.run(Lorg/gradle/internal/invocation/BuildAction;Lorg/gradle/internal/buildtree/BuildTreeLifecycleController;)Lorg/gradle/internal/buildtree/BuildActionRunner$Result;+317
j  org.gradle.launcher.exec.BuildCompletionNotifyingBuildActionRunner.run(Lorg/gradle/internal/invocation/BuildAction;Lorg/gradle/internal/buildtree/BuildTreeLifecycleController;)Lorg/gradle/internal/buildtree/BuildActionRunner$Result;+6
j  org.gradle.launcher.exec.RootBuildLifecycleBuildActionExecutor.lambda$execute$0(Lorg/gradle/internal/invocation/BuildAction;Lorg/gradle/internal/buildtree/BuildTreeLifecycleController;)Lorg/gradle/internal/buildtree/BuildActionRunner$Result;+6
j  org.gradle.launcher.exec.RootBuildLifecycleBuildActionExecutor$$Lambda+0x000001df81426400.apply(Ljava/lang/Object;)Ljava/lang/Object;+12
j  org.gradle.composite.internal.DefaultRootBuildState.run(Ljava/util/function/Function;)Ljava/lang/Object;+92
j  org.gradle.launcher.exec.RootBuildLifecycleBuildActionExecutor.execute(Lorg/gradle/internal/invocation/BuildAction;Lorg/gradle/internal/buildtree/BuildTreeContext;)Lorg/gradle/internal/buildtree/BuildActionRunner$Result;+119
j  org.gradle.internal.buildtree.InitDeprecationLoggingActionExecutor.execute(Lorg/gradle/internal/invocation/BuildAction;Lorg/gradle/internal/buildtree/BuildTreeContext;)Lorg/gradle/internal/buildtree/BuildActionRunner$Result;+83
j  org.gradle.internal.buildtree.InitProblems.execute(Lorg/gradle/internal/invocation/BuildAction;Lorg/gradle/internal/buildtree/BuildTreeContext;)Lorg/gradle/internal/buildtree/BuildActionRunner$Result;+13
j  org.gradle.internal.buildtree.DefaultBuildTreeContext.execute(Lorg/gradle/internal/invocation/BuildAction;)Lorg/gradle/internal/buildtree/BuildActionRunner$Result;+64
j  org.gradle.launcher.exec.BuildTreeLifecycleBuildActionExecutor.lambda$execute$0(Lorg/gradle/internal/invocation/BuildAction;Lorg/gradle/internal/buildtree/BuildTreeContext;)Lorg/gradle/internal/buildtree/BuildActionRunner$Result;+2
j  org.gradle.launcher.exec.BuildTreeLifecycleBuildActionExecutor$$Lambda+0x000001df812b4000.apply(Ljava/lang/Object;)Ljava/lang/Object;+8
j  org.gradle.internal.buildtree.BuildTreeState.run(Ljava/util/function/Function;)Ljava/lang/Object;+47
j  org.gradle.launcher.exec.BuildTreeLifecycleBuildActionExecutor.execute(Lorg/gradle/internal/invocation/BuildAction;Lorg/gradle/internal/session/BuildSessionContext;)Lorg/gradle/internal/buildtree/BuildActionRunner$Result;+74
j  org.gradle.launcher.exec.RunAsBuildOperationBuildActionExecutor$2.call(Lorg/gradle/internal/operations/BuildOperationContext;)Lorg/gradle/internal/buildtree/BuildActionRunner$Result;+25
j  org.gradle.launcher.exec.RunAsBuildOperationBuildActionExecutor$2.call(Lorg/gradle/internal/operations/BuildOperationContext;)Ljava/lang/Object;+2
j  org.gradle.internal.operations.DefaultBuildOperationRunner$CallableBuildOperationWorker.execute(Lorg/gradle/internal/operations/CallableBuildOperation;Lorg/gradle/internal/operations/BuildOperationContext;)V+3
j  org.gradle.internal.operations.DefaultBuildOperationRunner$CallableBuildOperationWorker.execute(Lorg/gradle/internal/operations/BuildOperation;Lorg/gradle/internal/operations/BuildOperationContext;)V+6
j  org.gradle.internal.operations.DefaultBuildOperationRunner$2.execute(Lorg/gradle/internal/operations/BuildOperationDescriptor;Lorg/gradle/internal/operations/BuildOperationState;Lorg/gradle/internal/operations/BuildOperationState;Lorg/gradle/internal/operations/DefaultBuildOperationRunner$ReadableBuildOperationContext;Lorg/gradle/internal/operations/DefaultBuildOperationRunner$BuildOperationExecutionListener;)Lorg/gradle/internal/operations/BuildOperation;+22
j  org.gradle.internal.operations.DefaultBuildOperationRunner$2.execute(Lorg/gradle/internal/operations/BuildOperationDescriptor;Lorg/gradle/internal/operations/BuildOperationState;Lorg/gradle/internal/operations/BuildOperationState;Lorg/gradle/internal/operations/DefaultBuildOperationRunner$ReadableBuildOperationContext;Lorg/gradle/internal/operations/DefaultBuildOperationRunner$BuildOperationExecutionListener;)Ljava/lang/Object;+8
j  org.gradle.internal.operations.DefaultBuildOperationRunner.execute(Lorg/gradle/internal/operations/BuildOperationDescriptor$Builder;Lorg/gradle/internal/operations/BuildOperationState;Lorg/gradle/internal/operations/DefaultBuildOperationRunner$BuildOperationExecution;)Ljava/lang/Object;+141
j  org.gradle.internal.operations.DefaultBuildOperationRunner.execute(Lorg/gradle/internal/operations/BuildOperation;Lorg/gradle/internal/operations/BuildOperationWorker;Lorg/gradle/internal/operations/BuildOperationState;)V+18
j  org.gradle.internal.operations.DefaultBuildOperationRunner.call(Lorg/gradle/internal/operations/CallableBuildOperation;)Ljava/lang/Object;+16
j  org.gradle.launcher.exec.RunAsBuildOperationBuildActionExecutor.execute(Lorg/gradle/internal/invocation/BuildAction;Lorg/gradle/internal/session/BuildSessionContext;)Lorg/gradle/internal/buildtree/BuildActionRunner$Result;+23
j  org.gradle.launcher.exec.RunAsWorkerThreadBuildActionExecutor.lambda$execute$0(Lorg/gradle/internal/invocation/BuildAction;Lorg/gradle/internal/session/BuildSessionContext;)Lorg/gradle/internal/buildtree/BuildActionRunner$Result;+6
j  org.gradle.launcher.exec.RunAsWorkerThreadBuildActionExecutor$$Lambda+0x000001df81281038.create()Ljava/lang/Object;+12
j  org.gradle.internal.work.DefaultWorkerLeaseService.withLocks(Ljava/util/Collection;Lorg/gradle/internal/Factory;)Ljava/lang/Object;+28
j  org.gradle.internal.work.DefaultWorkerLeaseService.runAsWorkerThread(Lorg/gradle/internal/Factory;)Ljava/lang/Object;+33
j  org.gradle.launcher.exec.RunAsWorkerThreadBuildActionExecutor.execute(Lorg/gradle/internal/invocation/BuildAction;Lorg/gradle/internal/session/BuildSessionContext;)Lorg/gradle/internal/buildtree/BuildActionRunner$Result;+12
j  org.gradle.tooling.internal.provider.continuous.ContinuousBuildActionExecutor.execute(Lorg/gradle/internal/invocation/BuildAction;Lorg/gradle/internal/session/BuildSessionContext;)Lorg/gradle/internal/buildtree/BuildActionRunner$Result;+58
j  org.gradle.tooling.internal.provider.SubscribableBuildActionExecutor.execute(Lorg/gradle/internal/invocation/BuildAction;Lorg/gradle/internal/session/BuildSessionContext;)Lorg/gradle/internal/buildtree/BuildActionRunner$Result;+30
j  org.gradle.internal.session.DefaultBuildSessionContext.execute(Lorg/gradle/internal/invocation/BuildAction;)Lorg/gradle/internal/buildtree/BuildActionRunner$Result;+64
j  org.gradle.internal.buildprocess.execution.BuildSessionLifecycleBuildActionExecutor$ActionImpl.apply(Lorg/gradle/internal/session/BuildSessionContext;)Lorg/gradle/launcher/exec/BuildActionResult;+6
j  org.gradle.internal.buildprocess.execution.BuildSessionLifecycleBuildActionExecutor$ActionImpl.apply(Ljava/lang/Object;)Ljava/lang/Object;+5
j  org.gradle.internal.session.BuildSessionState.run(Ljava/util/function/Function;)Ljava/lang/Object;+5
j  org.gradle.internal.buildprocess.execution.BuildSessionLifecycleBuildActionExecutor.execute(Lorg/gradle/internal/invocation/BuildAction;Lorg/gradle/launcher/exec/BuildActionParameters;Lorg/gradle/initialization/BuildRequestContext;)Lorg/gradle/launcher/exec/BuildActionResult;+95
j  org.gradle.internal.buildprocess.execution.BuildSessionLifecycleBuildActionExecutor.execute(Lorg/gradle/internal/invocation/BuildAction;Ljava/lang/Object;Ljava/lang/Object;)Lorg/gradle/launcher/exec/BuildActionResult;+10
j  org.gradle.internal.buildprocess.execution.StartParamsValidatingActionExecutor.execute(Lorg/gradle/internal/invocation/BuildAction;Lorg/gradle/launcher/exec/BuildActionParameters;Lorg/gradle/initialization/BuildRequestContext;)Lorg/gradle/launcher/exec/BuildActionResult;+142
j  org.gradle.internal.buildprocess.execution.StartParamsValidatingActionExecutor.execute(Lorg/gradle/internal/invocation/BuildAction;Ljava/lang/Object;Ljava/lang/Object;)Lorg/gradle/launcher/exec/BuildActionResult;+10
j  org.gradle.internal.buildprocess.execution.SessionFailureReportingActionExecutor.execute(Lorg/gradle/internal/invocation/BuildAction;Lorg/gradle/launcher/exec/BuildActionParameters;Lorg/gradle/initialization/BuildRequestContext;)Lorg/gradle/launcher/exec/BuildActionResult;+7
j  org.gradle.internal.buildprocess.execution.SessionFailureReportingActionExecutor.execute(Lorg/gradle/internal/invocation/BuildAction;Ljava/lang/Object;Ljava/lang/Object;)Lorg/gradle/launcher/exec/BuildActionResult;+10
j  org.gradle.internal.buildprocess.execution.SetupLoggingActionExecutor.execute(Lorg/gradle/internal/invocation/BuildAction;Lorg/gradle/launcher/exec/BuildActionParameters;Lorg/gradle/initialization/BuildRequestContext;)Lorg/gradle/launcher/exec/BuildActionResult;+50
j  org.gradle.internal.buildprocess.execution.SetupLoggingActionExecutor.execute(Lorg/gradle/internal/invocation/BuildAction;Ljava/lang/Object;Ljava/lang/Object;)Lorg/gradle/launcher/exec/BuildActionResult;+10
j  org.gradle.launcher.daemon.server.exec.ExecuteBuild.doBuild(Lorg/gradle/launcher/daemon/server/api/DaemonCommandExecution;Lorg/gradle/launcher/daemon/protocol/Build;)V+147
j  org.gradle.launcher.daemon.server.exec.BuildCommandOnly.execute(Lorg/gradle/launcher/daemon/server/api/DaemonCommandExecution;)V+49
j  org.gradle.launcher.daemon.server.api.DaemonCommandExecution.proceed()Z+23
j  org.gradle.launcher.daemon.server.exec.WatchForDisconnection.execute(Lorg/gradle/launcher/daemon/server/api/DaemonCommandExecution;)V+19
j  org.gradle.launcher.daemon.server.api.DaemonCommandExecution.proceed()Z+23
j  org.gradle.launcher.daemon.server.exec.ResetDeprecationLogger.execute(Lorg/gradle/launcher/daemon/server/api/DaemonCommandExecution;)V+7
j  org.gradle.launcher.daemon.server.api.DaemonCommandExecution.proceed()Z+23
j  org.gradle.launcher.daemon.server.exec.RequestStopIfSingleUsedDaemon.execute(Lorg/gradle/launcher/daemon/server/api/DaemonCommandExecution;)V+33
j  org.gradle.launcher.daemon.server.api.DaemonCommandExecution.proceed()Z+23
j  org.gradle.launcher.daemon.server.exec.ForwardClientInput.lambda$execute$0(Lorg/gradle/launcher/daemon/server/api/DaemonCommandExecution;Lorg/gradle/internal/daemon/clientinput/StdinHandler;)Ljava/lang/Object;+11
j  org.gradle.launcher.daemon.server.exec.ForwardClientInput$$Lambda+0x000001df8118b0b0.apply(Ljava/lang/Object;)Ljava/lang/Object;+8
j  org.gradle.internal.daemon.clientinput.ClientInputForwarder.forwardInput(Ljava/util/function/Function;)Ljava/lang/Object;+46
j  org.gradle.launcher.daemon.server.exec.ForwardClientInput.execute(Lorg/gradle/launcher/daemon/server/api/DaemonCommandExecution;)V+10
j  org.gradle.launcher.daemon.server.api.DaemonCommandExecution.proceed()Z+23
j  org.gradle.launcher.daemon.server.exec.LogAndCheckHealth.execute(Lorg/gradle/launcher/daemon/server/api/DaemonCommandExecution;)V+51
j  org.gradle.launcher.daemon.server.api.DaemonCommandExecution.proceed()Z+23
j  org.gradle.launcher.daemon.server.exec.LogToClient.doBuild(Lorg/gradle/launcher/daemon/server/api/DaemonCommandExecution;Lorg/gradle/launcher/daemon/protocol/Build;)V+87
j  org.gradle.launcher.daemon.server.exec.BuildCommandOnly.execute(Lorg/gradle/launcher/daemon/server/api/DaemonCommandExecution;)V+49
j  org.gradle.launcher.daemon.server.api.DaemonCommandExecution.proceed()Z+23
j  org.gradle.launcher.daemon.server.exec.EstablishBuildEnvironment.doBuild(Lorg/gradle/launcher/daemon/server/api/DaemonCommandExecution;Lorg/gradle/launcher/daemon/protocol/Build;)V+356
j  org.gradle.launcher.daemon.server.exec.BuildCommandOnly.execute(Lorg/gradle/launcher/daemon/server/api/DaemonCommandExecution;)V+49
j  org.gradle.launcher.daemon.server.api.DaemonCommandExecution.proceed()Z+23
j  org.gradle.launcher.daemon.server.exec.StartBuildOrRespondWithBusy$1.run()V+44
j  org.gradle.launcher.daemon.server.DaemonStateCoordinator.lambda$runCommand$0(Ljava/lang/Runnable;)V+1
j  org.gradle.launcher.daemon.server.DaemonStateCoordinator$$Lambda+0x000001df81189c40.run()V+8
j  org.gradle.internal.concurrent.ExecutorPolicy$CatchAndRecordFailures.onExecute(Ljava/lang/Runnable;)V+1
j  org.gradle.internal.concurrent.AbstractManagedExecutor$1.run()V+25
j  java.util.concurrent.ThreadPoolExecutor.runWorker(Ljava/util/concurrent/ThreadPoolExecutor$Worker;)V+92 java.base@21.0.12.1
j  java.util.concurrent.ThreadPoolExecutor$Worker.run()V+5 java.base@21.0.12.1
j  java.lang.Thread.runWith(Ljava/lang/Object;Ljava/lang/Runnable;)V+5 java.base@21.0.12.1
j  java.lang.Thread.run()V+19 java.base@21.0.12.1
v  ~StubRoutines::call_stub 0x000001dfd7c6100d

Compiled method (n/a) 259770 2057     n 0       java.lang.ClassLoader::defineClass0 (native)
 total in heap  [0x000001dfd8494c10,0x000001dfd84951d0] = 1472
 relocation     [0x000001dfd8494d70,0x000001dfd8494da8] = 56
 main code      [0x000001dfd8494dc0,0x000001dfd84951cc] = 1036
 stub code      [0x000001dfd84951cc,0x000001dfd84951d0] = 4

[Constant Pool (empty)]

[MachCode]
[Entry Point]
  # {method} {0x000001df80434610} 'defineClass0' '(Ljava/lang/ClassLoader;Ljava/lang/Class;Ljava/lang/String;[BIILjava/security/ProtectionDomain;ZILjava/lang/Object;)Ljava/lang/Class;' in 'java/lang/ClassLoader'
  # parm0:    rdx:rdx   = 'java/lang/ClassLoader'
  # parm1:    r8:r8     = 'java/lang/Class'
  # parm2:    r9:r9     = 'java/lang/String'
  # parm3:    rdi:rdi   = '[B'
  # parm4:    rsi       = int
  # parm5:    rcx       = int
  # parm6:    [sp+0xb0]   = 'java/security/ProtectionDomain'  (sp of caller)
  # parm7:    [sp+0xb8]   = boolean
  # parm8:    [sp+0xc0]   = int
  # parm9:    [sp+0xc8]   = 'java/lang/Object'
  0x000001dfd8494dc0: 448b 5208 | 49bb 0000 | 0080 df01 | 0000 4d03 | d349 3bc2 | 0f84 0600 

  0x000001dfd8494dd8: ;   {runtime_call ic_miss_stub}
  0x000001dfd8494dd8: 0000 e9a1 | 9981 ff90 
[Verified Entry Point]
  0x000001dfd8494de0: 8984 2400 | 80ff ff55 | 488b ec48 | 81ec a000 | 0000 6690 | 4181 7f20 | 0700 0000 

  0x000001dfd8494dfc: ;   {runtime_call StubRoutines (final stubs)}
  0x000001dfd8494dfc: 7405 e8dd | 1680 ff48 | 837d 2800 | 488d 4528 | 480f 4445 | 2848 8944 | 2458 4863 | 4520 4889 
  0x000001dfd8494e1c: 4424 5048 | 6345 1848 | 8944 2448 | 4883 7d10 | 0048 8d45 | 1048 0f44 | 4510 4889 | 4424 4048 
  0x000001dfd8494e3c: 894c 2438 | 4889 7424 | 3048 897c | 2478 4883 | ff00 488d | 4424 7848 | 0f44 4424 | 7848 8944 
  0x000001dfd8494e5c: 2428 4c89 | 4c24 7049 | 83f9 0048 | 8d44 2470 | 480f 4444 | 2470 4889 | 4424 204c | 8944 2468 
  0x000001dfd8494e7c: 4983 f800 | 4c8d 4c24 | 684c 0f44 | 4c24 6848 | 8954 2460 | 4883 fa00 | 4c8d 4424 | 604c 0f44 
  0x000001dfd8494e9c: ;   {oop(a 'java/lang/Class'{0x0000000600412ee0} = 'java/lang/ClassLoader')}
  0x000001dfd8494e9c: 4424 6049 | bee0 2e41 | 0006 0000 | 004c 89b4 | 2490 0000 | 004c 8db4 | 2490 0000 | 0049 8bd6 
  0x000001dfd8494ebc: ;   {internal_word}
  0x000001dfd8494ebc: c5f8 7749 | babc 4e49 | d8df 0100 | 004d 8997 | a803 0000 | 4989 a7a0 

  0x000001dfd8494ed4: ;   {external_word}
  0x000001dfd8494ed4: 0300 0049 | ba06 6dd9 | effc 7f00 | 0041 803a | 000f 844e | 0000 0052 | 4150 4151 

  0x000001dfd8494ef0: ;   {metadata({method} {0x000001df80434610} 'defineClass0' '(Ljava/lang/ClassLoader;Ljava/lang/Class;Ljava/lang/String;[BIILjava/security/ProtectionDomain;ZILjava/lang/Object;)Ljava/lang/Class;' in 'java/lang/ClassLoader')}
  0x000001dfd8494ef0: 48ba 0846 | 4380 df01 | 0000 498b | cf48 83ec | 2040 f6c4 | 0f0f 8419 | 0000 0048 

  0x000001dfd8494f0c: ;   {runtime_call}
  0x000001dfd8494f0c: 83ec 0848 | b8e0 ea82 | effc 7f00 | 00ff d048 | 83c4 08e9 | 0c00 0000 

  0x000001dfd8494f24: ;   {runtime_call}
  0x000001dfd8494f24: 48b8 e0ea | 82ef fc7f | 0000 ffd0 | 4883 c420 | 4159 4158 | 5a49 8d8f | c003 0000 | 41c7 874c 
  0x000001dfd8494f44: 0400 0004 

  0x000001dfd8494f48: ;   {runtime_call}
  0x000001dfd8494f48: 0000 0048 | b81c 15bb | 7ffd 7f00 | 00ff d0c5 | f877 41c7 | 874c 0400 | 0005 0000 | 00f0 8344 
  0x000001dfd8494f68: 24c0 0049 | 3baf 5004 | 0000 0f87 | 0e00 0000 | 4183 bf48 | 0400 0000 | 0f84 2b00 | 0000 c5f8 
  0x000001dfd8494f88: 7748 8945 | f849 8bcf | 4c8b e448 | 83ec 2048 

  0x000001dfd8494f98: ;   {runtime_call}
  0x000001dfd8494f98: 83e4 f048 | b800 584e | effc 7f00 | 00ff d049 | 8be4 4d33 | e448 8b45 | f841 c787 | 4c04 0000 
  0x000001dfd8494fb8: 0800 0000 | 4183 bfc8 | 0400 0002 | 0f84 d501 

  0x000001dfd8494fc8: ;   {external_word}
  0x000001dfd8494fc8: 0000 49ba | 066d d9ef | fc7f 0000 | 4180 3a00 | 0f84 4c00 | 0000 4889 

  0x000001dfd8494fe0: ;   {metadata({method} {0x000001df80434610} 'defineClass0' '(Ljava/lang/ClassLoader;Ljava/lang/Class;Ljava/lang/String;[BIILjava/security/ProtectionDomain;ZILjava/lang/Object;)Ljava/lang/Class;' in 'java/lang/ClassLoader')}
  0x000001dfd8494fe0: 45f8 48ba | 0846 4380 | df01 0000 | 498b cf48 | 83ec 2040 | f6c4 0f0f | 8419 0000 | 0048 83ec 
  0x000001dfd8495000: ;   {runtime_call}
  0x000001dfd8495000: 0848 b8e0 | ea82 effc | 7f00 00ff | d048 83c4 | 08e9 0c00 

  0x000001dfd8495014: ;   {runtime_call}
  0x000001dfd8495014: 0000 48b8 | e0ea 82ef | fc7f 0000 | ffd0 4883 | c420 488b | 45f8 49c7 | 87a0 0300 | 0000 0000 
  0x000001dfd8495034: 0049 c787 | a803 0000 | 0000 0000 | c5f8 7748 | 85c0 0f84 | 3001 0000 | a803 0f85 | 0800 0000 
  0x000001dfd8495054: 488b 00e9 | 2001 0000 | a801 0f85 | 0900 0000 | 488b 40fe | e90f 0100 | 0048 8b40 | ff41 807f 
  0x000001dfd8495074: 4000 0f84 | 0001 0000 | 4883 f800 | 0f84 f600 | 0000 498b | 4f28 4883 | f900 0f84 | 1400 0000 
  0x000001dfd8495094: 4883 e908 | 4989 4f28 | 4903 4f38 | 4889 01e9 | d400 0000 | 4883 ec70 | 4889 0424 | 4889 4c24 
  0x000001dfd84950b4: 0848 8954 | 2410 4c89 | 4424 184c | 894c 2420 | 4c89 5424 | 284c 895c | 2430 c5fb | 1144 2440 
  0x000001dfd84950d4: c5fb 114c | 2448 c5fb | 1154 2450 | c5fb 115c | 2458 c5fb | 1164 2460 | c5fb 116c | 2468 498b 
  0x000001dfd84950f4: d748 8bc8 | 4883 ec20 | 40f6 c40f | 0f84 1900 | 0000 4883 

  0x000001dfd8495108: ;   {runtime_call}
  0x000001dfd8495108: ec08 48b8 | 20a4 41ef | fc7f 0000 | ffd0 4883 | c408 e90c 

  0x000001dfd849511c: ;   {runtime_call}
  0x000001dfd849511c: 0000 0048 | b820 a441 | effc 7f00 | 00ff d048 | 83c4 20c5 | fb10 6c24 | 68c5 fb10 | 6424 60c5 
  0x000001dfd849513c: fb10 5c24 | 58c5 fb10 | 5424 50c5 | fb10 4c24 | 48c5 fb10 | 4424 404c | 8b5c 2430 | 4c8b 5424 
  0x000001dfd849515c: 284c 8b4c | 2420 4c8b | 4424 1848 | 8b54 2410 | 488b 4c24 | 0848 8b04 | 2448 83c4 | 70c5 f877 
  0x000001dfd849517c: 498b 8f30 | 0400 00c7 | 8100 0100 | 0000 0000 | 00c9 4983 | 7f08 000f | 8501 0000 

  0x000001dfd8495198: ;   {runtime_call StubRoutines (initial stubs)}
  0x000001dfd8495198: 00c3 e961 | bd7c ffc5 | f877 4889 | 45f8 4c8b | e448 83ec | 2048 83e4 

  0x000001dfd84951b0: ;   {runtime_call}
  0x000001dfd84951b0: f048 b830 | 2283 effc | 7f00 00ff | d049 8be4 | 4d33 e448 | 8b45 f8e9 | fefd ffff 
[Stub Code]
  0x000001dfd84951cc: f4f4 f4f4 
[/MachCode]


Compiled method (c1) 259783 2749       3       java.lang.System$2::defineClass (21 bytes)
 total in heap  [0x000001dfc8566190,0x000001dfc8566570] = 992
 relocation     [0x000001dfc85662f0,0x000001dfc8566330] = 64
 main code      [0x000001dfc8566340,0x000001dfc8566478] = 312
 stub code      [0x000001dfc8566478,0x000001dfc85664b8] = 64
 metadata       [0x000001dfc85664b8,0x000001dfc85664c0] = 8
 scopes data    [0x000001dfc85664c0,0x000001dfc8566508] = 72
 scopes pcs     [0x000001dfc8566508,0x000001dfc8566558] = 80
 dependencies   [0x000001dfc8566558,0x000001dfc8566560] = 8
 nul chk table  [0x000001dfc8566560,0x000001dfc8566570] = 16

[Constant Pool (empty)]

[MachCode]
[Entry Point]
  # {method} {0x000001df80019588} 'defineClass' '(Ljava/lang/ClassLoader;Ljava/lang/Class;Ljava/lang/String;[BLjava/security/ProtectionDomain;ZILjava/lang/Object;)Ljava/lang/Class;' in 'java/lang/System$2'
  # this:     rdx:rdx   = 'java/lang/System$2'
  # parm0:    r8:r8     = 'java/lang/ClassLoader'
  # parm1:    r9:r9     = 'java/lang/Class'
  # parm2:    rdi:rdi   = 'java/lang/String'
  # parm3:    rsi:rsi   = '[B'
  # parm4:    rcx:rcx   = 'java/security/ProtectionDomain'
  # parm5:    [sp+0x70]   = boolean  (sp of caller)
  # parm6:    [sp+0x78]   = int
  # parm7:    [sp+0x80]   = 'java/lang/Object'
  0x000001dfc8566340: 448b 5208 | 49bb 0000 | 0080 df01 | 0000 4d03 | d34c 3bd0 

  0x000001dfc8566354: ;   {runtime_call ic_miss_stub}
  0x000001dfc8566354: 0f85 2684 | 740f 660f | 1f44 0000 
[Verified Entry Point]
  0x000001dfc8566360: 8984 2400 | 80ff ff55 | 4883 ec60 | 4181 7f20 | 0700 0000 

  0x000001dfc8566374: ;   {runtime_call StubRoutines (final stubs)}
  0x000001dfc8566374: 7405 e865 | 0173 0f48 

  0x000001dfc856637c: ;   {metadata(method data for {method} {0x000001df80019588} 'defineClass' '(Ljava/lang/ClassLoader;Ljava/lang/Class;Ljava/lang/String;[BLjava/security/ProtectionDomain;ZILjava/lang/Object;)Ljava/lang/Class;' in 'java/lang/System$2')}
  0x000001dfc856637c: 8bd9 48b9 | 5057 99f7 | df01 0000 | 8b81 cc00 | 0000 83c0 | 0289 81cc | 0000 0025 | fe07 0000 
  0x000001dfc856639c: 85c0 0f84 | 6b00 0000 | 4c8b ac24 | 8000 0000 | 448b 5c24 | 788b 4424 | 708b 4e0c 

  0x000001dfc85663b8: ;   {metadata(method data for {method} {0x000001df80019588} 'defineClass' '(Ljava/lang/ClassLoader;Ljava/lang/Class;Ljava/lang/String;[BLjava/security/ProtectionDomain;ZILjava/lang/Object;)Ljava/lang/Class;' in 'java/lang/System$2')}
  0x000001dfc85663b8: 48ba 5057 | 99f7 df01 | 0000 4883 | 8210 0100 | 0001 498b | d04d 8bc1 | 4c8b cf48 | 8bfe be00 
  0x000001dfc85663d8: 0000 0048 | 891c 2489 | 4424 0844 | 895c 2410 | 4c89 6c24 

  0x000001dfc85663ec: ;   {static_call}
  0x000001dfc85663ec: 1866 90e8 

  0x000001dfc85663f0: ; ImmutableOopMap {}
                      ;*invokestatic defineClass0 {reexecute=0 rethrow=0 return_oop=0}
                      ; - java.lang.System$2::defineClass@17
  0x000001dfc85663f0: ece9 f20f 

  0x000001dfc85663f4: ;   {other}
  0x000001dfc85663f4: 0f1f 8400 | 6402 0000 | 4883 c460 

  0x000001dfc8566400: ;   {poll_return}
  0x000001dfc8566400: 5d49 3ba7 | 5004 0000 | 0f87 2700 

  0x000001dfc856640c: ;   {metadata({method} {0x000001df80019588} 'defineClass' '(Ljava/lang/ClassLoader;Ljava/lang/Class;Ljava/lang/String;[BLjava/security/ProtectionDomain;ZILjava/lang/Object;)Ljava/lang/Class;' in 'java/lang/System$2')}
  0x000001dfc856640c: 0000 c349 | ba80 9501 | 80df 0100 | 004c 8954 | 2408 48c7 | 0424 ffff 

  0x000001dfc8566424: ;   {runtime_call counter_overflow Runtime1 stub}
  0x000001dfc8566424: ffff e855 

  0x000001dfc8566428: ; ImmutableOopMap {rdx=Oop r8=Oop r9=Oop rdi=Oop rsi=Oop rbx=Oop [128]=Oop }
                      ;*synchronization entry
                      ; - java.lang.System$2::defineClass@-1
  0x000001dfc8566428: d280 0fe9 | 74ff ffff 

  0x000001dfc8566430: ;   {runtime_call throw_null_pointer_exception Runtime1 stub}
  0x000001dfc8566430: e84b 8180 

  0x000001dfc8566434: ; ImmutableOopMap {r8=Oop r9=Oop rdi=Oop rsi=Oop rbx=Oop r13=Oop [128]=Oop }
                      ;*arraylength {reexecute=0 rethrow=0 return_oop=0}
                      ; - java.lang.System$2::defineClass@8
                      ;   {internal_word}
  0x000001dfc8566434: 0f49 ba01 | 6456 c8df | 0100 004d | 8997 6804 

  0x000001dfc8566444: ;   {runtime_call SafepointBlob}
  0x000001dfc8566444: 0000 e935 | f074 0f49 | 8b87 0005 | 0000 49c7 | 8700 0500 | 0000 0000 | 0049 c787 | 0805 0000 
  0x000001dfc8566464: 0000 0000 | 4883 c460 

  0x000001dfc856646c: ;   {runtime_call unwind_exception Runtime1 stub}
  0x000001dfc856646c: 5de9 8ea1 | 770f f4f4 | f4f4 f4f4 
[Stub Code]
  0x000001dfc8566478: ;   {no_reloc}
  0x000001dfc8566478: 48bb 0000 | 0000 0000 

  0x000001dfc8566480: ;   {runtime_call nmethod}
  0x000001dfc8566480: 0000 e9fb 

  0x000001dfc8566484: ;   {runtime_call handle_exception_from_callee Runtime1 stub}
  0x000001dfc8566484: ffff ffe8 | f49e 800f 

  0x000001dfc856648c: ;   {external_word}
  0x000001dfc856648c: 48b9 5063 | afef fc7f | 0000 4883 

  0x000001dfc8566498: ;   {runtime_call}
  0x000001dfc8566498: e4f0 48b8 | c0c9 71ef | fc7f 0000 

  0x000001dfc85664a4: ;   {section_word}
  0x000001dfc85664a4: ffd0 f449 | baa7 6456 | c8df 0100 

  0x000001dfc85664b0: ;   {runtime_call DeoptimizationBlob}
  0x000001dfc85664b0: 0041 52e9 | 68e2 740f 
[/MachCode]


Compiled method (c1) 259793 2748   !   3       java.lang.invoke.MethodHandles$Lookup$ClassDefiner::defineClass (213 bytes)
 total in heap  [0x000001dfc8566590,0x000001dfc8567840] = 4784
 relocation     [0x000001dfc85666f0,0x000001dfc8566810] = 288
 main code      [0x000001dfc8566820,0x000001dfc85672d8] = 2744
 stub code      [0x000001dfc85672d8,0x000001dfc8567350] = 120
 metadata       [0x000001dfc8567350,0x000001dfc85673c0] = 112
 scopes data    [0x000001dfc85673c0,0x000001dfc85675d8] = 536
 scopes pcs     [0x000001dfc85675d8,0x000001dfc8567798] = 448
 dependencies   [0x000001dfc8567798,0x000001dfc85677b0] = 24
 handler table  [0x000001dfc85677b0,0x000001dfc85677f8] = 72
 nul chk table  [0x000001dfc85677f8,0x000001dfc8567840] = 72

[Constant Pool (empty)]

[MachCode]
[Entry Point]
  # {method} {0x000001df801eae68} 'defineClass' '(ZLjava/lang/Object;)Ljava/lang/Class;' in 'java/lang/invoke/MethodHandles$Lookup$ClassDefiner'
  # this:     rdx:rdx   = 'java/lang/invoke/MethodHandles$Lookup$ClassDefiner'
  # parm0:    r8        = boolean
  # parm1:    r9:r9     = 'java/lang/Object'
  #           [sp+0xf0]  (sp of caller)
  0x000001dfc8566820: 448b 5208 | 49bb 0000 | 0080 df01 | 0000 4d03 | d34c 3bd0 

  0x000001dfc8566834: ;   {runtime_call ic_miss_stub}
  0x000001dfc8566834: 0f85 467f | 740f 660f | 1f44 0000 
[Verified Entry Point]
  0x000001dfc8566840: 8984 2400 | 80ff ff55 | 4881 ece0 | 0000 0090 | 4181 7f20 | 0700 0000 

  0x000001dfc8566858: ;   {runtime_call StubRoutines (final stubs)}
  0x000001dfc8566858: 7405 e881 | fc72 0f48 | 8994 2498 | 0000 0044 | 8984 24b0 | 0000 004c | 898c 24b8 

  0x000001dfc8566874: ;   {metadata(method data for {method} {0x000001df801eae68} 'defineClass' '(ZLjava/lang/Object;)Ljava/lang/Class;' in 'java/lang/invoke/MethodHandles$Lookup$ClassDefiner')}
  0x000001dfc8566874: 0000 0048 | bef0 5899 | f7df 0100 | 008b becc | 0000 0083 | c702 89be | cc00 0000 | 81e7 fe07 
  0x000001dfc8566894: 0000 85ff | 0f84 b307 | 0000 8b72 | 1048 c1e6 | 0348 89b4 | 2490 0000 | 0048 3b06 

  0x000001dfc85668b0: ;   {metadata(method data for {method} {0x000001df801eae68} 'defineClass' '(ZLjava/lang/Object;)Ljava/lang/Class;' in 'java/lang/invoke/MethodHandles$Lookup$ClassDefiner')}
  0x000001dfc85668b0: 488b fe48 | bbf0 5899 | f7df 0100 | 0048 8383 | 1001 0000 | 018b 7e10 | 48c1 e703 | 4889 bc24 
  0x000001dfc85668d0: a800 0000 

  0x000001dfc85668d4: ; implicit exception: dispatches to 0x000001dfc8567077
  0x000001dfc85668d4: 483b 0748 

  0x000001dfc85668d8: ;   {metadata(method data for {method} {0x000001df801eae68} 'defineClass' '(ZLjava/lang/Object;)Ljava/lang/Class;' in 'java/lang/invoke/MethodHandles$Lookup$ClassDefiner')}
  0x000001dfc85668d8: 8bdf 48b8 | f058 99f7 | df01 0000 | 4883 8048 | 0100 0001 

  0x000001dfc85668ec: ;   {metadata(method data for {method} {0x000001df80468e60} 'getClassLoader' '()Ljava/lang/ClassLoader;' in 'java/lang/Class')}
  0x000001dfc85668ec: 48bb 4879 | 02f7 df01 | 0000 8b83 | cc00 0000 | 83c0 0289 | 83cc 0000 | 0025 feff | 1f00 85c0 
  0x000001dfc856690c: 0f84 6a07 | 0000 8b5f | 3448 c1e3 | 0348 85db 

  0x000001dfc856691c: ;   {metadata(method data for {method} {0x000001df80468e60} 'getClassLoader' '()Ljava/lang/ClassLoader;' in 'java/lang/Class')}
  0x000001dfc856691c: 48b8 4879 | 02f7 df01 | 0000 48c7 | c110 0100 | 0075 0748 | c7c1 2001 | 0000 4c8b | 1c08 4d8d 
  0x000001dfc856693c: 5b01 4c89 | 1c08 0f85 | 0f00 0000 

  0x000001dfc8566948: ;   {oop(nullptr)}
  0x000001dfc8566948: 48bb 0000 | 0000 0000 | 0000 e9a2 

  0x000001dfc8566954: ;   {metadata(method data for {method} {0x000001df80468e60} 'getClassLoader' '()Ljava/lang/ClassLoader;' in 'java/lang/Class')}
  0x000001dfc8566954: 0000 0048 | b848 7902 | f7df 0100 | 0048 8380 | 3001 0000 

  0x000001dfc8566968: ;   {metadata(method data for {method} {0x000001df8001b1d0} 'getSecurityManager' '()Ljava/lang/SecurityManager;' in 'java/lang/System')}
  0x000001dfc8566968: 0148 b808 | 7b02 f7df | 0100 008b | 88cc 0000 | 0083 c102 | 8988 cc00 | 0000 81e1 | feff 1f00 
  0x000001dfc8566988: 85c9 0f84 | 0d07 0000 

  0x000001dfc8566990: ;   {metadata(method data for {method} {0x000001df8001b1d0} 'getSecurityManager' '()Ljava/lang/SecurityManager;' in 'java/lang/System')}
  0x000001dfc8566990: 48b8 087b | 02f7 df01 | 0000 4883 | 8010 0100 

  0x000001dfc85669a0: ;   {metadata(method data for {method} {0x000001df8001b2e8} 'allowSecurityManager' '()Z' in 'java/lang/System')}
  0x000001dfc85669a0: 0001 48b8 | 987d 02f7 | df01 0000 | 8b88 cc00 | 0000 83c1 | 0289 88cc | 0000 0081 | e1fe ff1f 
  0x000001dfc85669c0: 0085 c90f | 84f5 0600 

  0x000001dfc85669c8: ;   {metadata(method data for {method} {0x000001df8001b2e8} 'allowSecurityManager' '()Z' in 'java/lang/System')}
  0x000001dfc85669c8: 0048 b898 | 7d02 f7df | 0100 00ff | 8010 0100 

  0x000001dfc85669d8: ;   {metadata(method data for {method} {0x000001df8001b1d0} 'getSecurityManager' '()Ljava/lang/SecurityManager;' in 'java/lang/System')}
  0x000001dfc85669d8: 0048 b808 | 7b02 f7df | 0100 00ff | 8020 0100 

  0x000001dfc85669e8: ;   {metadata(method data for {method} {0x000001df80468e60} 'getClassLoader' '()Ljava/lang/ClassLoader;' in 'java/lang/Class')}
  0x000001dfc85669e8: 0048 b848 | 7902 f7df | 0100 00ff | 8040 0100 | 0048 85db 

  0x000001dfc85669fc: ;   {metadata(method data for {method} {0x000001df801eae68} 'defineClass' '(ZLjava/lang/Object;)Ljava/lang/Class;' in 'java/lang/invoke/MethodHandles$Lookup$ClassDefiner')}
  0x000001dfc85669fc: 48b8 f058 | 99f7 df01 | 0000 48c7 | c180 0100 | 0074 0748 | c7c1 9001 | 0000 4c8b | 1c08 4d8d 
  0x000001dfc8566a1c: 5b01 4c89 | 1c08 0f84 | 5f02 0000 

  0x000001dfc8566a28: ;   {metadata(method data for {method} {0x000001df801eae68} 'defineClass' '(ZLjava/lang/Object;)Ljava/lang/Class;' in 'java/lang/invoke/MethodHandles$Lookup$ClassDefiner')}
  0x000001dfc8566a28: 488b c648 | b9f0 5899 | f7df 0100 | 0048 8381 | a001 0000 

  0x000001dfc8566a3c: ;   {metadata(method data for {method} {0x000001df803e0578} 'lookupClassProtectionDomain' '()Ljava/security/ProtectionDomain;' in 'java/lang/invoke/MethodHandles$Lookup')}
  0x000001dfc8566a3c: 0148 b828 | 5f99 f7df | 0100 008b | 88cc 0000 | 0083 c102 | 8988 cc00 | 0000 81e1 | feff 1f00 
  0x000001dfc8566a5c: 85c9 0f84 | 7b06 0000 | 8b46 1848 | c1e0 0348 

  0x000001dfc8566a6c: ;   {metadata(method data for {method} {0x000001df803e0578} 'lookupClassProtectionDomain' '()Ljava/security/ProtectionDomain;' in 'java/lang/invoke/MethodHandles$Lookup')}
  0x000001dfc8566a6c: 85c0 48b9 | 285f 99f7 | df01 0000 | 49c7 c310 | 0100 0075 | 0749 c7c3 | 2001 0000 | 4e8b 2c19 
  0x000001dfc8566a8c: 4d8d 6d01 | 4e89 2c19 | 4889 9c24 | a000 0000 | 0f85 cf01 

  0x000001dfc8566aa0: ;   {metadata(method data for {method} {0x000001df803e0578} 'lookupClassProtectionDomain' '()Ljava/security/ProtectionDomain;' in 'java/lang/invoke/MethodHandles$Lookup')}
  0x000001dfc8566aa0: 0000 48b8 | 285f 99f7 | df01 0000 | 4883 8030 | 0100 0001 

  0x000001dfc8566ab4: ;   {metadata(method data for {method} {0x000001df80473b88} 'getJavaLangAccess' '()Ljdk/internal/access/JavaLangAccess;' in 'jdk/internal/access/SharedSecrets')}
  0x000001dfc8566ab4: 48b8 704d | 1af7 df01 | 0000 8b88 | cc00 0000 | 83c1 0289 | 88cc 0000 | 0081 e1fe | ff1f 0085 
  0x000001dfc8566ad4: c90f 8425 

  0x000001dfc8566ad8: ;   {oop(a 'java/lang/Class'{0x0000000600402208} = 'jdk/internal/access/SharedSecrets')}
  0x000001dfc8566ad8: 0600 0048 | b808 2240 | 0006 0000 | 008b 407c | 48c1 e003 | 8b4e 1048 | c1e1 0348 | 85c0 0f84 
  0x000001dfc8566af8: 2a00 0000 

  0x000001dfc8566afc: ;   {metadata('java/lang/System$2')}
  0x000001dfc8566afc: 48be 6082 | 0180 df01 | 0000 448b | 7008 49ba | 0000 0080 | df01 0000 | 4d03 f249 | 3b76 380f 
  0x000001dfc8566b1c: 8500 0600 | 00e9 0000 | 0000 4c8b | d848 3b00 

  0x000001dfc8566b2c: ;   {metadata(method data for {method} {0x000001df803e0578} 'lookupClassProtectionDomain' '()Ljava/security/ProtectionDomain;' in 'java/lang/invoke/MethodHandles$Lookup')}
  0x000001dfc8566b2c: 48be 285f | 99f7 df01 

  0x000001dfc8566b34: ;   {metadata('java/lang/System$2')}
  0x000001dfc8566b34: 0000 49ba | 6082 0180 | df01 0000 | 4c89 9650 | 0100 0048 | 8386 5801 

  0x000001dfc8566b4c: ;   {metadata(method data for {method} {0x000001df800192c8} 'protectionDomain' '(Ljava/lang/Class;)Ljava/security/ProtectionDomain;' in 'java/lang/System$2')}
  0x000001dfc8566b4c: 0000 0148 | bee0 6099 | f7df 0100 | 008b 86cc | 0000 0083 | c002 8986 | cc00 0000 | 25fe ff1f 
  0x000001dfc8566b6c: 0085 c00f | 84b6 0500 | 0048 3b01 

  0x000001dfc8566b78: ;   {metadata(method data for {method} {0x000001df800192c8} 'protectionDomain' '(Ljava/lang/Class;)Ljava/security/ProtectionDomain;' in 'java/lang/System$2')}
  0x000001dfc8566b78: 488b f148 | b8e0 6099 | f7df 0100 | 0048 8380 | 1001 0000 

  0x000001dfc8566b8c: ;   {metadata(method data for {method} {0x000001df80467bb8} 'protectionDomain' '()Ljava/security/ProtectionDomain;' in 'java/lang/Class')}
  0x000001dfc8566b8c: 0148 be70 | 6299 f7df | 0100 008b | 86cc 0000 | 0083 c002 | 8986 cc00 | 0000 25fe | ff1f 0085 
  0x000001dfc8566bac: c00f 849e | 0500 0048 

  0x000001dfc8566bb4: ;   {metadata(method data for {method} {0x000001df80467bb8} 'protectionDomain' '()Ljava/security/ProtectionDomain;' in 'java/lang/Class')}
  0x000001dfc8566bb4: 8bf1 48b8 | 7062 99f7 | df01 0000 | 4883 8010 | 0100 0001 | 488b d10f 

  0x000001dfc8566bcc: ;   {optimized virtual_call}
  0x000001dfc8566bcc: 1f40 00e8 

  0x000001dfc8566bd0: ; ImmutableOopMap {[144]=Oop [152]=Oop [160]=Oop [168]=Oop [184]=Oop }
                      ;*invokevirtual getProtectionDomain0 {reexecute=0 rethrow=0 return_oop=0}
                      ; - java.lang.Class::protectionDomain@1
                      ; - java.lang.System$2::protectionDomain@1
                      ; - java.lang.invoke.MethodHandles$Lookup::lookupClassProtectionDomain@17
                      ; - java.lang.invoke.MethodHandles$Lookup$ClassDefiner::defineClass@23
  0x000001dfc8566bd0: 0c51 fd0f 

  0x000001dfc8566bd4: ;   {other}
  0x000001dfc8566bd4: 0f1f 8400 | 4406 0000 

  0x000001dfc8566bdc: ;   {metadata(method data for {method} {0x000001df80467bb8} 'protectionDomain' '()Ljava/security/ProtectionDomain;' in 'java/lang/Class')}
  0x000001dfc8566bdc: 4885 c049 | b870 6299 | f7df 0100 | 0049 c7c1 | 4801 0000 | 7507 49c7 | c158 0100 | 004b 8b3c 
  0x000001dfc8566bfc: 0848 8d7f | 014b 893c | 080f 8525 | 0000 000f | 1f44 0000 

  0x000001dfc8566c10: ;   {no_reloc}
  0x000001dfc8566c10: e9d5 0500 | 0000 0000 | 0000 660f | 1f44 0000 

  0x000001dfc8566c20: ; implicit exception: dispatches to 0x000001dfc85671f4
  0x000001dfc8566c20: e9e0 0500 | 0090 9049 | c1e0 03e9 | 0300 0000 | 4c8b c048 | 8bb4 2490 | 0000 0045 | 0fbe 4f40 
  0x000001dfc8566c40: 4585 c90f | 85c6 0500 | 004d 8bd0 | 49c1 ea03 | 4489 5618 | f083 4424 | c000 4c8b | ce4d 33c8 
  0x000001dfc8566c60: 49c1 e916 | 4983 f900 | 0f85 c105 | 0000 498b 

  0x000001dfc8566c70: ;   {metadata(method data for {method} {0x000001df801eae68} 'defineClass' '(ZLjava/lang/Object;)Ljava/lang/Class;' in 'java/lang/invoke/MethodHandles$Lookup$ClassDefiner')}
  0x000001dfc8566c70: c049 b8f0 | 5899 f7df | 0100 0041 | ff80 d801 | 0000 e912 | 0000 0048 | 899c 24a0 

  0x000001dfc8566c8c: ;   {oop(nullptr)}
  0x000001dfc8566c8c: 0000 0048 | b800 0000 | 0000 0000 | 0048 8b9c | 24a0 0000 | 0048 8bbc | 24a8 0000 | 0048 8b94 
  0x000001dfc8566cac: 2498 0000 

  0x000001dfc8566cb0: ;   {metadata(method data for {method} {0x000001df801eae68} 'defineClass' '(ZLjava/lang/Object;)Ljava/lang/Class;' in 'java/lang/invoke/MethodHandles$Lookup$ClassDefiner')}
  0x000001dfc8566cb0: 0049 b8f0 | 5899 f7df | 0100 0049 | 8380 f001 

  0x000001dfc8566cc0: ;   {metadata(method data for {method} {0x000001df80473b88} 'getJavaLangAccess' '()Ljdk/internal/access/JavaLangAccess;' in 'jdk/internal/access/SharedSecrets')}
  0x000001dfc8566cc0: 0000 0149 | b870 4d1a | f7df 0100 | 0045 8b88 | cc00 0000 | 4183 c102 | 4589 88cc | 0000 0041 
  0x000001dfc8566ce0: 81e1 feff | 1f00 4585 | c90f 8458 

  0x000001dfc8566cec: ;   {oop(a 'java/lang/Class'{0x0000000600402208} = 'jdk/internal/access/SharedSecrets')}
  0x000001dfc8566cec: 0500 0049 | b808 2240 | 0006 0000 | 0045 8b70 | 7c49 c1e6 | 038b 7214 | 48c1 e603 | 8b4a 1848 
  0x000001dfc8566d0c: c1e1 0344 | 8b4a 0c4d | 85f6 0f84 | 2a00 0000 

  0x000001dfc8566d1c: ;   {metadata('java/lang/System$2')}
  0x000001dfc8566d1c: 49bb 6082 | 0180 df01 | 0000 458b | 6e08 49ba | 0000 0080 | df01 0000 | 4d03 ea4d | 3b5d 380f 
  0x000001dfc8566d3c: 8527 0500 | 00e9 0000 | 0000 4d8b | c649 3b06 

  0x000001dfc8566d4c: ;   {metadata(method data for {method} {0x000001df801eae68} 'defineClass' '(ZLjava/lang/Object;)Ljava/lang/Class;' in 'java/lang/invoke/MethodHandles$Lookup$ClassDefiner')}
  0x000001dfc8566d4c: 4d8b c648 | baf0 5899 | f7df 0100 

  0x000001dfc8566d58: ;   {metadata('java/lang/System$2')}
  0x000001dfc8566d58: 0049 ba60 | 8201 80df | 0100 004c | 8992 1002 | 0000 4883 | 8218 0200 | 0001 4c8b | c349 8bd1 
  0x000001dfc8566d78: 4c8b cf48 | 8bfe 488b | f148 8bc8 | 8b84 24b0 | 0000 0089 | 0424 8954 | 2408 488b | 9424 b800 
  0x000001dfc8566d98: 0000 4889 | 5424 1049 | 8bd6 0f1f 

  0x000001dfc8566da4: ;   {optimized virtual_call}
  0x000001dfc8566da4: 4400 00e8 

  0x000001dfc8566da8: ; ImmutableOopMap {[152]=Oop [168]=Oop }
                      ;*invokeinterface defineClass {reexecute=0 rethrow=0 return_oop=0}
                      ; - java.lang.invoke.MethodHandles$Lookup$ClassDefiner::defineClass@57
  0x000001dfc8566da8: b4f5 ffff 

  0x000001dfc8566dac: ;   {other}
  0x000001dfc8566dac: 0f1f 8400 | 1c08 0001 

  0x000001dfc8566db4: ;   {metadata(method data for {method} {0x000001df801eae68} 'defineClass' '(ZLjava/lang/Object;)Ljava/lang/Class;' in 'java/lang/invoke/MethodHandles$Lookup$ClassDefiner')}
  0x000001dfc8566db4: 49b8 f058 | 99f7 df01 | 0000 41ff | 8038 0200 | 0048 8b94 | 2498 0000 | 008b 721c | 48c1 e603 
  0x000001dfc8566dd4: ; implicit exception: dispatches to 0x000001dfc8567272
  0x000001dfc8566dd4: 483b 064c 

  0x000001dfc8566dd8: ;   {metadata(method data for {method} {0x000001df801eae68} 'defineClass' '(ZLjava/lang/Object;)Ljava/lang/Class;' in 'java/lang/invoke/MethodHandles$Lookup$ClassDefiner')}
  0x000001dfc8566dd8: 8bc6 49b9 | f058 99f7 | df01 0000 | 4983 8150 | 0300 0001 | 440f be46 | 0c41 83e0 | 0145 85c0 
  0x000001dfc8566df8: ;   {metadata(method data for {method} {0x000001df801eae68} 'defineClass' '(ZLjava/lang/Object;)Ljava/lang/Class;' in 'java/lang/invoke/MethodHandles$Lookup$ClassDefiner')}
  0x000001dfc8566df8: 49b8 f058 | 99f7 df01 | 0000 49c7 | c188 0300 | 0074 0749 | c7c1 9803 | 0000 4b8b | 3c08 488d 
  0x000001dfc8566e18: 7f01 4b89 | 3c08 0f84 | d801 0000 

  0x000001dfc8566e24: ;   {metadata(method data for {method} {0x000001df801eae68} 'defineClass' '(ZLjava/lang/Object;)Ljava/lang/Class;' in 'java/lang/invoke/MethodHandles$Lookup$ClassDefiner')}
  0x000001dfc8566e24: 4c8b c249 | b9f0 5899 | f7df 0100 

  0x000001dfc8566e30: ;   {metadata('java/lang/invoke/MethodHandles$Lookup$ClassDefiner')}
  0x000001dfc8566e30: 0049 ba28 | ac1e 80df | 0100 004d | 8991 b803 | 0000 4983 | 81c0 0300 | 0001 8b7a | 1448 c1e7 
  0x000001dfc8566e50: 0348 85c0 

  0x000001dfc8566e54: ;   {metadata(method data for {method} {0x000001df801eae68} 'defineClass' '(ZLjava/lang/Object;)Ljava/lang/Class;' in 'java/lang/invoke/MethodHandles$Lookup$ClassDefiner')}
  0x000001dfc8566e54: 49b8 f058 | 99f7 df01 | 0000 49c7 | c1e0 0300 | 0074 0749 | c7c1 f003 | 0000 4b8b | 1c08 488d 
  0x000001dfc8566e74: 5b01 4b89 | 1c08 0f84 | 3b01 0000 | e9c5 0000 | 0048 8b94 | 2498 0000 | 0049 8b87 | 0005 0000 
  0x000001dfc8566e94: 4d33 d24d | 8997 0005 | 0000 4d33 | d24d 8997 | 0805 0000 | 8b72 1c48 | c1e6 0348 | 3b06 4c8b 
  0x000001dfc8566eb4: ;   {metadata(method data for {method} {0x000001df801eae68} 'defineClass' '(ZLjava/lang/Object;)Ljava/lang/Class;' in 'java/lang/invoke/MethodHandles$Lookup$ClassDefiner')}
  0x000001dfc8566eb4: c649 b9f0 | 5899 f7df | 0100 0049 | 8381 8804 | 0000 0144 | 0fbe 460c | 4183 e001 

  0x000001dfc8566ed0: ;   {metadata(method data for {method} {0x000001df801eae68} 'defineClass' '(ZLjava/lang/Object;)Ljava/lang/Class;' in 'java/lang/invoke/MethodHandles$Lookup$ClassDefiner')}
  0x000001dfc8566ed0: 4585 c049 | b8f0 5899 | f7df 0100 | 0049 c7c1 | c004 0000 | 7407 49c7 | c1d0 0400 | 004b 8b3c 
  0x000001dfc8566ef0: 0848 8d7f | 014b 893c | 080f 844d | 0100 004c 

  0x000001dfc8566f00: ;   {metadata(method data for {method} {0x000001df801eae68} 'defineClass' '(ZLjava/lang/Object;)Ljava/lang/Class;' in 'java/lang/invoke/MethodHandles$Lookup$ClassDefiner')}
  0x000001dfc8566f00: 8bc2 49b9 | f058 99f7 | df01 0000 

  0x000001dfc8566f0c: ;   {metadata('java/lang/invoke/MethodHandles$Lookup$ClassDefiner')}
  0x000001dfc8566f0c: 49ba 28ac | 1e80 df01 | 0000 4d89 | 91f0 0400 | 0049 8381 | f804 0000 | 018b 7a14 | 48c1 e703 
  0x000001dfc8566f2c: ;   {metadata(method data for {method} {0x000001df801eae68} 'defineClass' '(ZLjava/lang/Object;)Ljava/lang/Class;' in 'java/lang/invoke/MethodHandles$Lookup$ClassDefiner')}
  0x000001dfc8566f2c: 49b8 f058 | 99f7 df01 | 0000 41ff | 8018 0500 | 0048 8984 | 24c8 0000 | 00e9 c800 | 0000 8b52 
  0x000001dfc8566f4c: 1848 c1e2 | 034c 8bc6 

  0x000001dfc8566f54: ;   {metadata(method data for {method} {0x000001df801eae68} 'defineClass' '(ZLjava/lang/Object;)Ljava/lang/Class;' in 'java/lang/invoke/MethodHandles$Lookup$ClassDefiner')}
  0x000001dfc8566f54: 49b9 f058 | 99f7 df01 | 0000 4983 | 8100 0400 | 0001 4c8b | c74c 8bc8 | 488b fa48 | 8bd6 4889 
  0x000001dfc8566f74: 8424 c000 | 0000 0f1f 

  0x000001dfc8566f7c: ;   {optimized virtual_call}
  0x000001dfc8566f7c: 4400 00e8 

  0x000001dfc8566f80: ; ImmutableOopMap {[192]=Oop }
                      ;*invokevirtual dumpClass {reexecute=0 rethrow=0 return_oop=0}
                      ; - java.lang.invoke.MethodHandles$Lookup$ClassDefiner::defineClass@134
  0x000001dfc8566f80: fc7a 740f 

  0x000001dfc8566f84: ;   {other}
  0x000001dfc8566f84: 0f1f 8400 | f409 0002 

  0x000001dfc8566f8c: ;   {metadata(method data for {method} {0x000001df801eae68} 'defineClass' '(ZLjava/lang/Object;)Ljava/lang/Class;' in 'java/lang/invoke/MethodHandles$Lookup$ClassDefiner')}
  0x000001dfc8566f8c: 49b8 f058 | 99f7 df01 | 0000 41ff | 8038 0400 | 0048 8b84 | 24c0 0000 | 0048 81c4 | e000 0000 
  0x000001dfc8566fac: ;   {poll_return}
  0x000001dfc8566fac: 5d49 3ba7 | 5004 0000 | 0f87 c202 | 0000 c348 | 8984 24c0 | 0000 0044 | 8b4a 1849 | c1e1 034c 
  0x000001dfc8566fcc: ;   {metadata(method data for {method} {0x000001df801eae68} 'defineClass' '(ZLjava/lang/Object;)Ljava/lang/Class;' in 'java/lang/invoke/MethodHandles$Lookup$ClassDefiner')}
  0x000001dfc8566fcc: 8bc6 48ba | f058 99f7 | df01 0000 | 4883 8250 | 0400 0001 | 4c8b c748 

  0x000001dfc8566fe4: ;   {optimized virtual_call}
  0x000001dfc8566fe4: 8bd6 90e8 

  0x000001dfc8566fe8: ; ImmutableOopMap {[192]=Oop }
                      ;*invokevirtual dumpFailedClass {reexecute=0 rethrow=0 return_oop=0}
                      ; - java.lang.invoke.MethodHandles$Lookup$ClassDefiner::defineClass@150
  0x000001dfc8566fe8: 947a 740f 

  0x000001dfc8566fec: ;   {other}
  0x000001dfc8566fec: 0f1f 8400 | 5c0a 0003 | 488b 8424 | c000 0000 | 4881 c4e0 | 0000 005d 

  0x000001dfc8567004: ;   {poll_return}
  0x000001dfc8567004: 493b a750 | 0400 000f | 8781 0200 | 00c3 448b | 4a18 49c1 | e103 4c8b 

  0x000001dfc856701c: ;   {metadata(method data for {method} {0x000001df801eae68} 'defineClass' '(ZLjava/lang/Object;)Ljava/lang/Class;' in 'java/lang/invoke/MethodHandles$Lookup$ClassDefiner')}
  0x000001dfc856701c: c648 baf0 | 5899 f7df | 0100 0048 | 8382 8805 | 0000 014c | 8bc7 488b 

  0x000001dfc8567034: ;   {optimized virtual_call}
  0x000001dfc8567034: d666 90e8 

  0x000001dfc8567038: ; ImmutableOopMap {[200]=Oop }
                      ;*invokevirtual dumpFailedClass {reexecute=0 rethrow=0 return_oop=0}
                      ; - java.lang.invoke.MethodHandles$Lookup$ClassDefiner::defineClass@207
  0x000001dfc8567038: 447a 740f 

  0x000001dfc856703c: ;   {other}
  0x000001dfc856703c: 0f1f 8400 | ac0a 0004 | 488b 8424 | c800 0000 | e974 0200 

  0x000001dfc8567050: ;   {metadata({method} {0x000001df801eae68} 'defineClass' '(ZLjava/lang/Object;)Ljava/lang/Class;' in 'java/lang/invoke/MethodHandles$Lookup$ClassDefiner')}
  0x000001dfc8567050: 0049 ba60 | ae1e 80df | 0100 004c | 8954 2408 | 48c7 0424 | ffff ffff 

  0x000001dfc8567068: ;   {runtime_call counter_overflow Runtime1 stub}
  0x000001dfc8567068: e813 c680 

  0x000001dfc856706c: ; ImmutableOopMap {rdx=Oop r9=Oop [152]=Oop [184]=Oop }
                      ;*synchronization entry
                      ; - java.lang.invoke.MethodHandles$Lookup$ClassDefiner::defineClass@-1
  0x000001dfc856706c: 0fe9 2cf8 

  0x000001dfc8567070: ;   {runtime_call throw_null_pointer_exception Runtime1 stub}
  0x000001dfc8567070: ffff e809 

  0x000001dfc8567074: ; ImmutableOopMap {rdx=Oop r9=Oop rsi=Oop [144]=Oop [152]=Oop [184]=Oop }
                      ;*invokevirtual lookupClass {reexecute=0 rethrow=0 return_oop=0}
                      ; - java.lang.invoke.MethodHandles$Lookup$ClassDefiner::defineClass@4
                      ;   {runtime_call throw_null_pointer_exception Runtime1 stub}
  0x000001dfc8567074: 7580 0fe8 

  0x000001dfc8567078: ; ImmutableOopMap {rdx=Oop r9=Oop rsi=Oop rdi=Oop [144]=Oop [152]=Oop [168]=Oop [184]=Oop }
                      ;*invokevirtual getClassLoader {reexecute=0 rethrow=0 return_oop=0}
                      ; - java.lang.invoke.MethodHandles$Lookup$ClassDefiner::defineClass@9
  0x000001dfc8567078: 0475 800f 

  0x000001dfc856707c: ;   {metadata({method} {0x000001df80468e60} 'getClassLoader' '()Ljava/lang/ClassLoader;' in 'java/lang/Class')}
  0x000001dfc856707c: 49ba 588e | 4680 df01 | 0000 4c89 | 5424 0848 | c704 24ff 

  0x000001dfc8567090: ;   {runtime_call counter_overflow Runtime1 stub}
  0x000001dfc8567090: ffff ffe8 

  0x000001dfc8567094: ; ImmutableOopMap {rdx=Oop r9=Oop rsi=Oop rdi=Oop [144]=Oop [152]=Oop [168]=Oop [184]=Oop }
                      ;*synchronization entry
                      ; - java.lang.Class::getClassLoader@-1
                      ; - java.lang.invoke.MethodHandles$Lookup$ClassDefiner::defineClass@9
  0x000001dfc8567094: e8c5 800f | e975 f8ff 

  0x000001dfc856709c: ;   {metadata({method} {0x000001df8001b1d0} 'getSecurityManager' '()Ljava/lang/SecurityManager;' in 'java/lang/System')}
  0x000001dfc856709c: ff49 bac8 | b101 80df | 0100 004c | 8954 2408 | 48c7 0424 | ffff ffff 

  0x000001dfc85670b4: ;   {runtime_call counter_overflow Runtime1 stub}
  0x000001dfc85670b4: e8c7 c580 

  0x000001dfc85670b8: ; ImmutableOopMap {rdx=Oop r9=Oop rsi=Oop rdi=Oop rbx=Oop [144]=Oop [152]=Oop [168]=Oop [184]=Oop }
                      ;*synchronization entry
                      ; - java.lang.System::getSecurityManager@-1
                      ; - java.lang.Class::getClassLoader@11
                      ; - java.lang.invoke.MethodHandles$Lookup$ClassDefiner::defineClass@9
  0x000001dfc85670b8: 0fe9 d2f8 

  0x000001dfc85670bc: ;   {metadata({method} {0x000001df8001b2e8} 'allowSecurityManager' '()Z' in 'java/lang/System')}
  0x000001dfc85670bc: ffff 49ba | e0b2 0180 | df01 0000 | 4c89 5424 | 0848 c704 | 24ff ffff 

  0x000001dfc85670d4: ;   {runtime_call counter_overflow Runtime1 stub}
  0x000001dfc85670d4: ffe8 a6c5 

  0x000001dfc85670d8: ; ImmutableOopMap {rdx=Oop r9=Oop rsi=Oop rdi=Oop rbx=Oop [144]=Oop [152]=Oop [168]=Oop [184]=Oop }
                      ;*synchronization entry
                      ; - java.lang.System::allowSecurityManager@-1
                      ; - java.lang.System::getSecurityManager@0
                      ; - java.lang.Class::getClassLoader@11
                      ; - java.lang.invoke.MethodHandles$Lookup$ClassDefiner::defineClass@9
  0x000001dfc85670d8: 800f e9ea 

  0x000001dfc85670dc: ;   {metadata({method} {0x000001df803e0578} 'lookupClassProtectionDomain' '()Ljava/security/ProtectionDomain;' in 'java/lang/invoke/MethodHandles$Lookup')}
  0x000001dfc85670dc: f8ff ff49 | ba70 053e | 80df 0100 | 004c 8954 | 2408 48c7 | 0424 ffff 

  0x000001dfc85670f4: ;   {runtime_call counter_overflow Runtime1 stub}
  0x000001dfc85670f4: ffff e885 

  0x000001dfc85670f8: ; ImmutableOopMap {rdx=Oop r9=Oop rsi=Oop rdi=Oop rbx=Oop [144]=Oop [152]=Oop [168]=Oop [184]=Oop }
                      ;*synchronization entry
                      ; - java.lang.invoke.MethodHandles$Lookup::lookupClassProtectionDomain@-1
                      ; - java.lang.invoke.MethodHandles$Lookup$ClassDefiner::defineClass@23
  0x000001dfc85670f8: c580 0fe9 | 64f9 ffff 

  0x000001dfc8567100: ;   {metadata({method} {0x000001df80473b88} 'getJavaLangAccess' '()Ljdk/internal/access/JavaLangAccess;' in 'jdk/internal/access/SharedSecrets')}
  0x000001dfc8567100: 49ba 803b | 4780 df01 | 0000 4c89 | 5424 0848 | c704 24ff 

  0x000001dfc8567114: ;   {runtime_call counter_overflow Runtime1 stub}
  0x000001dfc8567114: ffff ffe8 

  0x000001dfc8567118: ; ImmutableOopMap {rsi=Oop [144]=Oop [152]=Oop [160]=Oop [168]=Oop [184]=Oop }
                      ;*synchronization entry
                      ; - jdk.internal.access.SharedSecrets::getJavaLangAccess@-1
                      ; - java.lang.invoke.MethodHandles$Lookup::lookupClassProtectionDomain@10
                      ; - java.lang.invoke.MethodHandles$Lookup$ClassDefiner::defineClass@23
  0x000001dfc8567118: 64c5 800f | e9ba f9ff 

  0x000001dfc8567120: ;   {runtime_call throw_incompatible_class_change_error Runtime1 stub}
  0x000001dfc8567120: ffe8 5a9b 

  0x000001dfc8567124: ; ImmutableOopMap {rax=Oop rcx=Oop [144]=Oop [152]=Oop [160]=Oop [168]=Oop [184]=Oop }
                      ;*invokeinterface protectionDomain {reexecute=0 rethrow=0 return_oop=0}
                      ; - java.lang.invoke.MethodHandles$Lookup::lookupClassProtectionDomain@17
                      ; - java.lang.invoke.MethodHandles$Lookup$ClassDefiner::defineClass@23
                      ;   {runtime_call throw_null_pointer_exception Runtime1 stub}
  0x000001dfc8567124: 800f e855 

  0x000001dfc8567128: ; ImmutableOopMap {rax=Oop rcx=Oop [144]=Oop [152]=Oop [160]=Oop [168]=Oop [184]=Oop }
                      ;*invokeinterface protectionDomain {reexecute=0 rethrow=0 return_oop=0}
                      ; - java.lang.invoke.MethodHandles$Lookup::lookupClassProtectionDomain@17
                      ; - java.lang.invoke.MethodHandles$Lookup$ClassDefiner::defineClass@23
                      ;   {metadata({method} {0x000001df800192c8} 'protectionDomain' '(Ljava/lang/Class;)Ljava/security/ProtectionDomain;' in 'java/lang/System$2')}
  0x000001dfc8567128: 7480 0f49 | bac0 9201 | 80df 0100 | 004c 8954 | 2408 48c7 | 0424 ffff 

  0x000001dfc8567140: ;   {runtime_call counter_overflow Runtime1 stub}
  0x000001dfc8567140: ffff e839 

  0x000001dfc8567144: ; ImmutableOopMap {rcx=Oop [144]=Oop [152]=Oop [160]=Oop [168]=Oop [184]=Oop }
                      ;*synchronization entry
                      ; - java.lang.System$2::protectionDomain@-1
                      ; - java.lang.invoke.MethodHandles$Lookup::lookupClassProtectionDomain@17
                      ; - java.lang.invoke.MethodHandles$Lookup$ClassDefiner::defineClass@23
  0x000001dfc8567144: c580 0fe9 | 29fa ffff 

  0x000001dfc856714c: ;   {runtime_call throw_null_pointer_exception Runtime1 stub}
  0x000001dfc856714c: e82f 7480 

  0x000001dfc8567150: ; ImmutableOopMap {rcx=Oop [144]=Oop [152]=Oop [160]=Oop [168]=Oop [184]=Oop }
                      ;*invokevirtual protectionDomain {reexecute=0 rethrow=0 return_oop=0}
                      ; - java.lang.System$2::protectionDomain@1
                      ; - java.lang.invoke.MethodHandles$Lookup::lookupClassProtectionDomain@17
                      ; - java.lang.invoke.MethodHandles$Lookup$ClassDefiner::defineClass@23
                      ;   {metadata({method} {0x000001df80467bb8} 'protectionDomain' '()Ljava/security/ProtectionDomain;' in 'java/lang/Class')}
  0x000001dfc8567150: 0f49 bab0 | 7b46 80df | 0100 004c | 8954 2408 | 48c7 0424 | ffff ffff 

  0x000001dfc8567168: ;   {runtime_call counter_overflow Runtime1 stub}
  0x000001dfc8567168: e813 c580 

  0x000001dfc856716c: ; ImmutableOopMap {rcx=Oop [144]=Oop [152]=Oop [160]=Oop [168]=Oop [184]=Oop }
                      ;*synchronization entry
                      ; - java.lang.Class::protectionDomain@-1
                      ; - java.lang.System$2::protectionDomain@1
                      ; - java.lang.invoke.MethodHandles$Lookup::lookupClassProtectionDomain@17
                      ; - java.lang.invoke.MethodHandles$Lookup$ClassDefiner::defineClass@23
  0x000001dfc856716c: 0fe9 41fa 

  0x000001dfc8567170: ;   {oop(nullptr)}
  0x000001dfc8567170: ffff 49b8 | 0000 0000 | 0000 0000 | 5053 498b | 5810 5756 | 5251 4150 | 4151 4152 | 4153 4883 
  0x000001dfc8567190: ec20 40f6 | c40f 0f84 | 1900 0000 | 4883 ec08 

  0x000001dfc85671a0: ;   {runtime_call}
  0x000001dfc85671a0: 48b8 a0a0 | 0fef fc7f | 0000 ffd0 | 4883 c408 | e90c 0000 

  0x000001dfc85671b4: ;   {runtime_call}
  0x000001dfc85671b4: 0048 b8a0 | a00f effc | 7f00 00ff | d048 83c4 | 2041 5b41 | 5a41 5941 | 5859 5a5e | 5f48 3b83 
  0x000001dfc85671d4: 3801 0000 | 5b58 0f85 | 0a00 0000 | e935 faff | ffb8 0078 

  0x000001dfc85671e8: ;   {runtime_call load_mirror_patching Runtime1 stub}
  0x000001dfc85671e8: 6e0a e891 

  0x000001dfc85671ec: ; ImmutableOopMap {[144]=Oop [152]=Oop [160]=Oop [168]=Oop [184]=Oop }
                      ;*getstatic allPermDomain {reexecute=1 rethrow=0 return_oop=0}
                      ; - (reexecute) java.lang.Class::protectionDomain@9
                      ; - java.lang.System$2::protectionDomain@1
                      ; - java.lang.invoke.MethodHandles$Lookup::lookupClassProtectionDomain@17
                      ; - java.lang.invoke.MethodHandles$Lookup$ClassDefiner::defineClass@23
  0x000001dfc85671ec: b880 0fe9 | 1cfa ffff 

  0x000001dfc85671f4: ;   {runtime_call throw_null_pointer_exception Runtime1 stub}
  0x000001dfc85671f4: e887 7380 

  0x000001dfc85671f8: ; ImmutableOopMap {r8=Oop [144]=Oop [152]=Oop [160]=Oop [168]=Oop [184]=Oop }
                      ;*getstatic allPermDomain {reexecute=1 rethrow=0 return_oop=0}
                      ; - (reexecute) java.lang.Class::protectionDomain@9
                      ; - java.lang.System$2::protectionDomain@1
                      ; - java.lang.invoke.MethodHandles$Lookup::lookupClassProtectionDomain@17
                      ; - java.lang.invoke.MethodHandles$Lookup$ClassDefiner::defineClass@23
  0x000001dfc85671f8: 0f45 8b80 | 0000 0000 | b800 0c05 

  0x000001dfc8567204: ;   {runtime_call access_field_patching Runtime1 stub}
  0x000001dfc8567204: 07e8 76af 

  0x000001dfc8567208: ; ImmutableOopMap {r8=Oop [144]=Oop [152]=Oop [160]=Oop [168]=Oop [184]=Oop }
                      ;*getstatic allPermDomain {reexecute=1 rethrow=0 return_oop=0}
                      ; - (reexecute) java.lang.Class::protectionDomain@9
                      ; - java.lang.System$2::protectionDomain@1
                      ; - java.lang.invoke.MethodHandles$Lookup::lookupClassProtectionDomain@17
                      ; - java.lang.invoke.MethodHandles$Lookup$ClassDefiner::defineClass@23
  0x000001dfc8567208: 800f e911 | faff ff44 | 8b4e 1849 | c1e1 0349 | 83f9 000f | 8428 faff | ff4c 890c 

  0x000001dfc8567224: ;   {runtime_call g1_pre_barrier_slow}
  0x000001dfc8567224: 24e8 56ca | 800f e91a | faff ff49 | 83f8 000f | 8435 faff | ff48 8934 

  0x000001dfc856723c: ;   {runtime_call g1_post_barrier_slow}
  0x000001dfc856723c: 24e8 3ecd | 800f e927 

  0x000001dfc8567244: ;   {metadata({method} {0x000001df80473b88} 'getJavaLangAccess' '()Ljdk/internal/access/JavaLangAccess;' in 'jdk/internal/access/SharedSecrets')}
  0x000001dfc8567244: faff ff49 | ba80 3b47 | 80df 0100 | 004c 8954 | 2408 48c7 | 0424 ffff 

  0x000001dfc856725c: ;   {runtime_call counter_overflow Runtime1 stub}
  0x000001dfc856725c: ffff e81d 

  0x000001dfc8567260: ; ImmutableOopMap {rax=Oop rdi=Oop rbx=Oop rdx=Oop [152]=Oop [168]=Oop [184]=Oop }
                      ;*synchronization entry
                      ; - jdk.internal.access.SharedSecrets::getJavaLangAccess@-1
                      ; - java.lang.invoke.MethodHandles$Lookup$ClassDefiner::defineClass@35
  0x000001dfc8567260: c480 0fe9 | 87fa ffff 

  0x000001dfc8567268: ;   {runtime_call throw_incompatible_class_change_error Runtime1 stub}
  0x000001dfc8567268: e813 9a80 

  0x000001dfc856726c: ; ImmutableOopMap {rax=Oop rdi=Oop rbx=Oop r14=Oop rsi=Oop rcx=Oop [152]=Oop [168]=Oop [184]=Oop }
                      ;*invokeinterface defineClass {reexecute=0 rethrow=0 return_oop=0}
                      ; - java.lang.invoke.MethodHandles$Lookup$ClassDefiner::defineClass@57
                      ;   {runtime_call throw_null_pointer_exception Runtime1 stub}
  0x000001dfc856726c: 0fe8 0e73 

  0x000001dfc8567270: ; ImmutableOopMap {rax=Oop rdi=Oop rbx=Oop r14=Oop rsi=Oop rcx=Oop [152]=Oop [168]=Oop [184]=Oop }
                      ;*invokeinterface defineClass {reexecute=0 rethrow=0 return_oop=0}
                      ; - java.lang.invoke.MethodHandles$Lookup$ClassDefiner::defineClass@57
                      ;   {runtime_call throw_null_pointer_exception Runtime1 stub}
  0x000001dfc8567270: 800f e809 

  0x000001dfc8567274: ; ImmutableOopMap {rax=Oop rdx=Oop rsi=Oop [152]=Oop }
                      ;*invokevirtual isEnabled {reexecute=0 rethrow=0 return_oop=0}
                      ; - java.lang.invoke.MethodHandles$Lookup$ClassDefiner::defineClass@105
                      ;   {runtime_call throw_null_pointer_exception Runtime1 stub}
  0x000001dfc8567274: 7380 0fe8 

  0x000001dfc8567278: ; ImmutableOopMap {rdx=Oop rax=Oop rsi=Oop [152]=Oop }
                      ;*invokevirtual isEnabled {reexecute=0 rethrow=0 return_oop=0}
                      ; - java.lang.invoke.MethodHandles$Lookup$ClassDefiner::defineClass@162
  0x000001dfc8567278: 0473 800f 

  0x000001dfc856727c: ;   {internal_word}
  0x000001dfc856727c: 49ba ad6f | 56c8 df01 | 0000 4d89 | 9768 0400 

  0x000001dfc856728c: ;   {runtime_call SafepointBlob}
  0x000001dfc856728c: 00e9 eee1 

  0x000001dfc8567290: ;   {internal_word}
  0x000001dfc8567290: 740f 49ba | 0470 56c8 | df01 0000 | 4d89 9768 

  0x000001dfc85672a0: ;   {runtime_call SafepointBlob}
  0x000001dfc85672a0: 0400 00e9 | d8e1 740f | 498b 8700 | 0500 0049 | c787 0005 | 0000 0000 | 0000 49c7 | 8708 0500 
  0x000001dfc85672c0: 0000 0000 | 0048 81c4 | e000 0000 

  0x000001dfc85672cc: ;   {runtime_call unwind_exception Runtime1 stub}
  0x000001dfc85672cc: 5de9 2e93 | 770f f4f4 | f4f4 f4f4 
[Stub Code]
  0x000001dfc85672d8: ;   {no_reloc}
  0x000001dfc85672d8: 0f1f 4400 

  0x000001dfc85672dc: ;   {static_stub}
  0x000001dfc85672dc: 0048 bb00 | 0000 0000 

  0x000001dfc85672e4: ;   {runtime_call nmethod}
  0x000001dfc85672e4: 0000 00e9 | fbff ffff 

  0x000001dfc85672ec: ;   {static_stub}
  0x000001dfc85672ec: 48bb 487b | 4680 df01 

  0x000001dfc85672f4: ;   {runtime_call I2C/C2I adapters}
  0x000001dfc85672f4: 0000 e968 

  0x000001dfc85672f8: ;   {static_stub}
  0x000001dfc85672f8: c174 0f48 | bb00 0000 | 0000 0000 

  0x000001dfc8567304: ;   {runtime_call nmethod}
  0x000001dfc8567304: 00e9 fbff 

  0x000001dfc8567308: ;   {static_stub}
  0x000001dfc8567308: ffff 48bb | 0000 0000 | 0000 0000 

  0x000001dfc8567314: ;   {runtime_call nmethod}
  0x000001dfc8567314: e9fb ffff 

  0x000001dfc8567318: ;   {runtime_call handle_exception_from_callee Runtime1 stub}
  0x000001dfc8567318: ffe8 6290 

  0x000001dfc856731c: ;   {external_word}
  0x000001dfc856731c: 800f 48b9 | 5063 afef | fc7f 0000 | 4883 e4f0 

  0x000001dfc856732c: ;   {runtime_call}
  0x000001dfc856732c: 48b8 c0c9 | 71ef fc7f | 0000 ffd0 

  0x000001dfc8567338: ;   {section_word}
  0x000001dfc8567338: f449 ba39 | 7356 c8df | 0100 0041 

  0x000001dfc8567344: ;   {runtime_call DeoptimizationBlob}
  0x000001dfc8567344: 52e9 d6d3 | 740f f4f4 | f4f4 f4f4 
[/MachCode]


---------------  P R O C E S S  ---------------

Threads class SMR info:
_java_thread_list=0x000001dffe923940, length=104, elements={
0x000001dfc4e115d0, 0x000001dff601b290, 0x000001dff601bef0, 0x000001dff6020a70,
0x000001dff6021e70, 0x000001dff60228d0, 0x000001dff6023330, 0x000001dff60260d0,
0x000001dff6028b80, 0x000001dff6204b90, 0x000001dff6339500, 0x000001dffbe46a20,
0x000001dffb2656d0, 0x000001dffb5aa9b0, 0x000001dff6129cf0, 0x000001dffbf80540,
0x000001dffbaba1d0, 0x000001dffbf137f0, 0x000001dffbf158c0, 0x000001dffbf15f50,
0x000001dffbf14ba0, 0x000001dffbf12ad0, 0x000001dffbf14510, 0x000001dffbf13e80,
0x000001dffcee8c30, 0x000001dffcee57b0, 0x000001dffcee92c0, 0x000001dffcee5e40,
0x000001dffcee9fe0, 0x000001dffcee85a0, 0x000001dffcee9950, 0x000001dffcee6b60,
0x000001dffcee71f0, 0x000001dffcee7880, 0x000001dffcee7f10, 0x000001dffceec740,
0x000001dffceeba20, 0x000001dffceec0b0, 0x000001dffbf13160, 0x000001dffee40710,
0x000001dffee40080, 0x000001dffee41430, 0x000001dffee3dfb0, 0x000001dffee41ac0,
0x000001dffee3e640, 0x000001dffee40da0, 0x000001dffee42150, 0x000001dffee3ecd0,
0x000001dffee427e0, 0x000001dffee3f360, 0x000001dffee42e70, 0x000001dffee3f9f0,
0x000001dffee43500, 0x000001dffee43b90, 0x000001dffee44220, 0x000001dffee44f40,
0x000001dffee455d0, 0x000001dffee448b0, 0x000001dffe9ba820, 0x000001dffe9baeb0,
0x000001dffe9ba190, 0x000001dffe9b7a30, 0x000001dffe9b9b00, 0x000001dffe9bb540,
0x000001dffe9b8750, 0x000001dffe9b80c0, 0x000001dffe9b9470, 0x000001dffe9bbbd0,
0x000001dffe9bc260, 0x000001dffe9b8de0, 0x000001dffe9bcf80, 0x000001dffe9bc8f0,
0x000001dffe9bf050, 0x000001dffe9bd610, 0x000001dffe9bdca0, 0x000001dffe9be330,
0x000001dffe9be9c0, 0x000001dffe677510, 0x000001dffe675ad0, 0x000001dffe677ba0,
0x000001dffe678230, 0x000001dffe674db0, 0x000001dffe676160, 0x000001dffe676e80,
0x000001dffe6767f0, 0x000001dffe675440, 0x000001dffe924a10, 0x000001dffe926450,
0x000001dffe925730, 0x000001dffe926ae0, 0x000001dffe924380, 0x000001dffe925dc0,
0x000001dffe9250a0, 0x000001dffe923cf0, 0x000001dffe929f60, 0x000001dffe927800,
0x000001dffe927e90, 0x000001dffe92ac80, 0x000001dffe92b310, 0x000001dffe92a5f0,
0x000001dffe928520, 0x000001dffe928bb0, 0x000001dffe9298d0, 0x000001dffe929240
}

Java Threads: ( => current thread )
  0x000001dfc4e115d0 JavaThread "main"                              [_thread_blocked, id=52976, stack(0x000000a492100000,0x000000a492200000) (1024K)]
  0x000001dff601b290 JavaThread "Reference Handler"          daemon [_thread_blocked, id=53068, stack(0x000000a492900000,0x000000a492a00000) (1024K)]
  0x000001dff601bef0 JavaThread "Finalizer"                  daemon [_thread_blocked, id=53072, stack(0x000000a492a00000,0x000000a492b00000) (1024K)]
  0x000001dff6020a70 JavaThread "Signal Dispatcher"          daemon [_thread_blocked, id=53084, stack(0x000000a492b00000,0x000000a492c00000) (1024K)]
  0x000001dff6021e70 JavaThread "Attach Listener"            daemon [_thread_blocked, id=53092, stack(0x000000a492c00000,0x000000a492d00000) (1024K)]
  0x000001dff60228d0 JavaThread "Service Thread"             daemon [_thread_blocked, id=53096, stack(0x000000a492d00000,0x000000a492e00000) (1024K)]
  0x000001dff6023330 JavaThread "Monitor Deflation Thread"   daemon [_thread_blocked, id=53100, stack(0x000000a492e00000,0x000000a492f00000) (1024K)]
  0x000001dff60260d0 JavaThread "C2 CompilerThread0"         daemon [_thread_blocked, id=53104, stack(0x000000a492f00000,0x000000a493000000) (1024K)]
  0x000001dff6028b80 JavaThread "C1 CompilerThread0"         daemon [_thread_blocked, id=53108, stack(0x000000a493000000,0x000000a493100000) (1024K)]
  0x000001dff6204b90 JavaThread "Common-Cleaner"             daemon [_thread_blocked, id=53168, stack(0x000000a493100000,0x000000a493200000) (1024K)]
  0x000001dff6339500 JavaThread "Notification Thread"        daemon [_thread_blocked, id=53192, stack(0x000000a493200000,0x000000a493300000) (1024K)]
  0x000001dffbe46a20 JavaThread "Daemon health stats"               [_thread_blocked, id=5152, stack(0x000000a493a00000,0x000000a493b00000) (1024K)]
  0x000001dffb2656d0 JavaThread "Incoming local TCP Connector on port 9331"        [_thread_in_native, id=13424, stack(0x000000a493b00000,0x000000a493c00000) (1024K)]
  0x000001dffb5aa9b0 JavaThread "Daemon periodic checks"            [_thread_blocked, id=52944, stack(0x000000a493c00000,0x000000a493d00000) (1024K)]
  0x000001dff6129cf0 JavaThread "Daemon"                            [_thread_blocked, id=23884, stack(0x000000a493d00000,0x000000a493e00000) (1024K)]
  0x000001dffbf80540 JavaThread "Handler for socket connection from /127.0.0.1:9331 to /127.0.0.1:9332"        [_thread_in_native, id=43144, stack(0x000000a493e00000,0x000000a493f00000) (1024K)]
  0x000001dffbaba1d0 JavaThread "Cancel handler"                    [_thread_blocked, id=42948, stack(0x000000a493f00000,0x000000a494000000) (1024K)]
=>0x000001dffbf137f0 JavaThread "Daemon worker"                     [_thread_in_vm, id=49532, stack(0x000000a494000000,0x000000a494100000) (1024K)]
  0x000001dffbf158c0 JavaThread "Asynchronous log dispatcher for DefaultDaemonConnection: socket connection from /127.0.0.1:9331 to /127.0.0.1:9332"        [_thread_blocked, id=25376, stack(0x000000a494100000,0x000000a494200000) (1024K)]
  0x000001dffbf15f50 JavaThread "Stdin handler"                     [_thread_blocked, id=14548, stack(0x000000a494200000,0x000000a494300000) (1024K)]
  0x000001dffbf14ba0 JavaThread "Daemon client event forwarder"        [_thread_blocked, id=53160, stack(0x000000a494300000,0x000000a494400000) (1024K)]
  0x000001dffbf12ad0 JavaThread "Cache worker for journal cache (C:\Users\AJI\.gradle\caches\journal-1)"        [_thread_blocked, id=29424, stack(0x000000a494d00000,0x000000a494e00000) (1024K)]
  0x000001dffbf14510 JavaThread "File lock request listener"        [_thread_in_native, id=30220, stack(0x000000a494e00000,0x000000a494f00000) (1024K)]
  0x000001dffbf13e80 JavaThread "Cache worker for file hash cache (C:\Users\AJI\.gradle\caches\9.1.0\fileHashes)"        [_thread_blocked, id=53300, stack(0x000000a494f00000,0x000000a495000000) (1024K)]
  0x000001dffcee8c30 JavaThread "Cache worker for file hash cache (C:\Users\AJI\Documents\Gostriders\gostriders\android\.gradle\9.1.0\fileHashes)"        [_thread_blocked, id=47068, stack(0x000000a495200000,0x000000a495300000) (1024K)]
  0x000001dffcee57b0 JavaThread "Cache worker for Build Output Cleanup Cache (C:\Users\AJI\Documents\Gostriders\gostriders\android\.gradle\buildOutputCleanup)"        [_thread_blocked, id=45680, stack(0x000000a495300000,0x000000a495400000) (1024K)]
  0x000001dffcee92c0 JavaThread "File watcher server"        daemon [_thread_in_native, id=7688, stack(0x000000a495400000,0x000000a495500000) (1024K)]
  0x000001dffcee5e40 JavaThread "File watcher consumer"      daemon [_thread_blocked, id=57220, stack(0x000000a495500000,0x000000a495600000) (1024K)]
  0x000001dffcee9fe0 JavaThread "Cache worker for checksums cache (C:\Users\AJI\Documents\Gostriders\gostriders\android\.gradle\9.1.0\checksums)"        [_thread_blocked, id=57568, stack(0x000000a495600000,0x000000a495700000) (1024K)]
  0x000001dffcee85a0 JavaThread "Cache worker for file content cache (C:\Users\AJI\.gradle\caches\9.1.0\fileContent)"        [_thread_blocked, id=57592, stack(0x000000a495700000,0x000000a495800000) (1024K)]
  0x000001dffcee9950 JavaThread "Cache worker for cache directory md-supplier (C:\Users\AJI\.gradle\caches\9.1.0\md-supplier)"        [_thread_blocked, id=57800, stack(0x000000a495800000,0x000000a495900000) (1024K)]
  0x000001dffcee6b60 JavaThread "Cache worker for cache directory md-rule (C:\Users\AJI\.gradle\caches\9.1.0\md-rule)"        [_thread_blocked, id=57872, stack(0x000000a495900000,0x000000a495a00000) (1024K)]
  0x000001dffcee71f0 JavaThread "File lock release action executor Thread 2"        [_thread_blocked, id=76840, stack(0x000000a491e00000,0x000000a491f00000) (1024K)]
  0x000001dffcee7880 JavaThread "Cache worker for Build Output Cleanup Cache (C:\Users\AJI\develop\flutter\packages\flutter_tools\gradle\.gradle\buildOutputCleanup)"        [_thread_blocked, id=32396, stack(0x000000a495a00000,0x000000a495b00000) (1024K)]
  0x000001dffcee7f10 JavaThread "Unconstrained build operations"        [_thread_blocked, id=77752, stack(0x000000a491f00000,0x000000a492000000) (1024K)]
  0x000001dffceec740 JavaThread "Unconstrained build operations Thread 2"        [_thread_blocked, id=54816, stack(0x000000a492000000,0x000000a492100000) (1024K)]
  0x000001dffceeba20 JavaThread "Unconstrained build operations Thread 3"        [_thread_blocked, id=9324, stack(0x000000a495000000,0x000000a495100000) (1024K)]
  0x000001dffceec0b0 JavaThread "Unconstrained build operations Thread 4"        [_thread_blocked, id=39980, stack(0x000000a495b00000,0x000000a495c00000) (1024K)]
  0x000001dffbf13160 JavaThread "Unconstrained build operations Thread 5"        [_thread_blocked, id=51336, stack(0x000000a495c00000,0x000000a495d00000) (1024K)]
  0x000001dffee40710 JavaThread "Unconstrained build operations Thread 6"        [_thread_blocked, id=73020, stack(0x000000a495d00000,0x000000a495e00000) (1024K)]
  0x000001dffee40080 JavaThread "Unconstrained build operations Thread 7"        [_thread_blocked, id=76624, stack(0x000000a495e00000,0x000000a495f00000) (1024K)]
  0x000001dffee41430 JavaThread "Unconstrained build operations Thread 8"        [_thread_blocked, id=51536, stack(0x000000a495f00000,0x000000a496000000) (1024K)]
  0x000001dffee3dfb0 JavaThread "Unconstrained build operations Thread 9"        [_thread_blocked, id=49640, stack(0x000000a496000000,0x000000a496100000) (1024K)]
  0x000001dffee41ac0 JavaThread "Unconstrained build operations Thread 10"        [_thread_blocked, id=53592, stack(0x000000a496100000,0x000000a496200000) (1024K)]
  0x000001dffee3e640 JavaThread "Unconstrained build operations Thread 11"        [_thread_blocked, id=71348, stack(0x000000a496200000,0x000000a496300000) (1024K)]
  0x000001dffee40da0 JavaThread "Unconstrained build operations Thread 12"        [_thread_blocked, id=48648, stack(0x000000a496300000,0x000000a496400000) (1024K)]
  0x000001dffee42150 JavaThread "Unconstrained build operations Thread 13"        [_thread_blocked, id=50996, stack(0x000000a496400000,0x000000a496500000) (1024K)]
  0x000001dffee3ecd0 JavaThread "Unconstrained build operations Thread 14"        [_thread_blocked, id=51084, stack(0x000000a496500000,0x000000a496600000) (1024K)]
  0x000001dffee427e0 JavaThread "Unconstrained build operations Thread 15"        [_thread_blocked, id=72300, stack(0x000000a496600000,0x000000a496700000) (1024K)]
  0x000001dffee3f360 JavaThread "Unconstrained build operations Thread 16"        [_thread_blocked, id=74788, stack(0x000000a496700000,0x000000a496800000) (1024K)]
  0x000001dffee42e70 JavaThread "Unconstrained build operations Thread 17"        [_thread_blocked, id=61628, stack(0x000000a496800000,0x000000a496900000) (1024K)]
  0x000001dffee3f9f0 JavaThread "Unconstrained build operations Thread 18"        [_thread_blocked, id=69452, stack(0x000000a496900000,0x000000a496a00000) (1024K)]
  0x000001dffee43500 JavaThread "Unconstrained build operations Thread 19"        [_thread_blocked, id=72276, stack(0x000000a496a00000,0x000000a496b00000) (1024K)]
  0x000001dffee43b90 JavaThread "Unconstrained build operations Thread 20"        [_thread_blocked, id=69852, stack(0x000000a496b00000,0x000000a496c00000) (1024K)]
  0x000001dffee44220 JavaThread "Unconstrained build operations Thread 21"        [_thread_blocked, id=31972, stack(0x000000a496c00000,0x000000a496d00000) (1024K)]
  0x000001dffee44f40 JavaThread "Unconstrained build operations Thread 22"        [_thread_blocked, id=61136, stack(0x000000a496d00000,0x000000a496e00000) (1024K)]
  0x000001dffee455d0 JavaThread "Unconstrained build operations Thread 23"        [_thread_blocked, id=59432, stack(0x000000a496e00000,0x000000a496f00000) (1024K)]
  0x000001dffee448b0 JavaThread "Unconstrained build operations Thread 24"        [_thread_blocked, id=34188, stack(0x000000a496f00000,0x000000a497000000) (1024K)]
  0x000001dffe9ba820 JavaThread "Unconstrained build operations Thread 25"        [_thread_blocked, id=60264, stack(0x000000a497000000,0x000000a497100000) (1024K)]
  0x000001dffe9baeb0 JavaThread "Unconstrained build operations Thread 26"        [_thread_blocked, id=75088, stack(0x000000a497100000,0x000000a497200000) (1024K)]
  0x000001dffe9ba190 JavaThread "Unconstrained build operations Thread 27"        [_thread_blocked, id=64200, stack(0x000000a497200000,0x000000a497300000) (1024K)]
  0x000001dffe9b7a30 JavaThread "Unconstrained build operations Thread 28"        [_thread_blocked, id=60392, stack(0x000000a497300000,0x000000a497400000) (1024K)]
  0x000001dffe9b9b00 JavaThread "Unconstrained build operations Thread 29"        [_thread_blocked, id=51672, stack(0x000000a497400000,0x000000a497500000) (1024K)]
  0x000001dffe9bb540 JavaThread "Unconstrained build operations Thread 30"        [_thread_blocked, id=49464, stack(0x000000a497500000,0x000000a497600000) (1024K)]
  0x000001dffe9b8750 JavaThread "Unconstrained build operations Thread 31"        [_thread_blocked, id=75012, stack(0x000000a497600000,0x000000a497700000) (1024K)]
  0x000001dffe9b80c0 JavaThread "Unconstrained build operations Thread 32"        [_thread_blocked, id=31136, stack(0x000000a497700000,0x000000a497800000) (1024K)]
  0x000001dffe9b9470 JavaThread "Unconstrained build operations Thread 33"        [_thread_blocked, id=60476, stack(0x000000a497800000,0x000000a497900000) (1024K)]
  0x000001dffe9bbbd0 JavaThread "Unconstrained build operations Thread 34"        [_thread_blocked, id=66116, stack(0x000000a497900000,0x000000a497a00000) (1024K)]
  0x000001dffe9bc260 JavaThread "Unconstrained build operations Thread 35"        [_thread_blocked, id=58376, stack(0x000000a497a00000,0x000000a497b00000) (1024K)]
  0x000001dffe9b8de0 JavaThread "Unconstrained build operations Thread 36"        [_thread_blocked, id=54584, stack(0x000000a497b00000,0x000000a497c00000) (1024K)]
  0x000001dffe9bcf80 JavaThread "Unconstrained build operations Thread 37"        [_thread_blocked, id=59428, stack(0x000000a497c00000,0x000000a497d00000) (1024K)]
  0x000001dffe9bc8f0 JavaThread "Unconstrained build operations Thread 38"        [_thread_blocked, id=59424, stack(0x000000a497d00000,0x000000a497e00000) (1024K)]
  0x000001dffe9bf050 JavaThread "Unconstrained build operations Thread 39"        [_thread_blocked, id=61296, stack(0x000000a497e00000,0x000000a497f00000) (1024K)]
  0x000001dffe9bd610 JavaThread "Unconstrained build operations Thread 40"        [_thread_blocked, id=14788, stack(0x000000a497f00000,0x000000a498000000) (1024K)]
  0x000001dffe9bdca0 JavaThread "Unconstrained build operations Thread 41"        [_thread_blocked, id=60576, stack(0x000000a498000000,0x000000a498100000) (1024K)]
  0x000001dffe9be330 JavaThread "Unconstrained build operations Thread 42"        [_thread_blocked, id=62844, stack(0x000000a498100000,0x000000a498200000) (1024K)]
  0x000001dffe9be9c0 JavaThread "Unconstrained build operations Thread 43"        [_thread_blocked, id=66484, stack(0x000000a498200000,0x000000a498300000) (1024K)]
  0x000001dffe677510 JavaThread "Unconstrained build operations Thread 44"        [_thread_blocked, id=54688, stack(0x000000a498300000,0x000000a498400000) (1024K)]
  0x000001dffe675ad0 JavaThread "Unconstrained build operations Thread 45"        [_thread_blocked, id=51088, stack(0x000000a498400000,0x000000a498500000) (1024K)]
  0x000001dffe677ba0 JavaThread "Unconstrained build operations Thread 46"        [_thread_blocked, id=61268, stack(0x000000a498500000,0x000000a498600000) (1024K)]
  0x000001dffe678230 JavaThread "Unconstrained build operations Thread 47"        [_thread_blocked, id=60912, stack(0x000000a498600000,0x000000a498700000) (1024K)]
  0x000001dffe674db0 JavaThread "Unconstrained build operations Thread 48"        [_thread_blocked, id=61152, stack(0x000000a498700000,0x000000a498800000) (1024K)]
  0x000001dffe676160 JavaThread "Unconstrained build operations Thread 49"        [_thread_blocked, id=59372, stack(0x000000a498800000,0x000000a498900000) (1024K)]
  0x000001dffe676e80 JavaThread "Unconstrained build operations Thread 50"        [_thread_blocked, id=65892, stack(0x000000a498900000,0x000000a498a00000) (1024K)]
  0x000001dffe6767f0 JavaThread "Unconstrained build operations Thread 51"        [_thread_blocked, id=29316, stack(0x000000a498a00000,0x000000a498b00000) (1024K)]
  0x000001dffe675440 JavaThread "Unconstrained build operations Thread 52"        [_thread_blocked, id=77816, stack(0x000000a498b00000,0x000000a498c00000) (1024K)]
  0x000001dffe924a10 JavaThread "Unconstrained build operations Thread 53"        [_thread_blocked, id=76508, stack(0x000000a498c00000,0x000000a498d00000) (1024K)]
  0x000001dffe926450 JavaThread "Unconstrained build operations Thread 54"        [_thread_blocked, id=76444, stack(0x000000a498d00000,0x000000a498e00000) (1024K)]
  0x000001dffe925730 JavaThread "Unconstrained build operations Thread 55"        [_thread_blocked, id=75536, stack(0x000000a498e00000,0x000000a498f00000) (1024K)]
  0x000001dffe926ae0 JavaThread "Unconstrained build operations Thread 56"        [_thread_blocked, id=68808, stack(0x000000a498f00000,0x000000a499000000) (1024K)]
  0x000001dffe924380 JavaThread "Unconstrained build operations Thread 57"        [_thread_blocked, id=75888, stack(0x000000a499000000,0x000000a499100000) (1024K)]
  0x000001dffe925dc0 JavaThread "Memory manager"                    [_thread_blocked, id=75468, stack(0x000000a499100000,0x000000a499200000) (1024K)]
  0x000001dffe9250a0 JavaThread "build event listener"              [_thread_blocked, id=77928, stack(0x000000a499200000,0x000000a499300000) (1024K)]
  0x000001dffe923cf0 JavaThread "File lock release action executor Thread 3"        [_thread_blocked, id=78260, stack(0x000000a499300000,0x000000a499400000) (1024K)]
  0x000001dffe929f60 JavaThread "File lock release action executor Thread 4"        [_thread_blocked, id=78264, stack(0x000000a499400000,0x000000a499500000) (1024K)]
  0x000001dffe927800 JavaThread "File lock release action executor Thread 5"        [_thread_blocked, id=78268, stack(0x000000a499500000,0x000000a499600000) (1024K)]
  0x000001dffe927e90 JavaThread "File lock release action executor Thread 6"        [_thread_blocked, id=78272, stack(0x000000a499600000,0x000000a499700000) (1024K)]
  0x000001dffe92ac80 JavaThread "File lock release action executor Thread 7"        [_thread_blocked, id=78276, stack(0x000000a499700000,0x000000a499800000) (1024K)]
  0x000001dffe92b310 JavaThread "File lock release action executor Thread 8"        [_thread_blocked, id=78280, stack(0x000000a499800000,0x000000a499900000) (1024K)]
  0x000001dffe92a5f0 JavaThread "File lock release action executor Thread 9"        [_thread_blocked, id=78284, stack(0x000000a499900000,0x000000a499a00000) (1024K)]
  0x000001dffe928520 JavaThread "File lock release action executor Thread 10"        [_thread_blocked, id=78288, stack(0x000000a499a00000,0x000000a499b00000) (1024K)]
  0x000001dffe928bb0 JavaThread "File lock release action executor Thread 11"        [_thread_blocked, id=78292, stack(0x000000a499b00000,0x000000a499c00000) (1024K)]
  0x000001dffe9298d0 JavaThread "File lock release action executor Thread 12"        [_thread_blocked, id=78296, stack(0x000000a499c00000,0x000000a499d00000) (1024K)]
  0x000001dffe929240 JavaThread "File lock release action executor Thread 13"        [_thread_blocked, id=78300, stack(0x000000a499d00000,0x000000a499e00000) (1024K)]
Total: 104

Other Threads:
  0x000001dff5ffcf40 VMThread "VM Thread"                           [id=53036, stack(0x000000a492800000,0x000000a492900000) (1024K)]
  0x000001dff2fed350 WatcherThread "VM Periodic Task Thread"        [id=53032, stack(0x000000a492700000,0x000000a492800000) (1024K)]
  0x000001dfc4ebc090 WorkerThread "GC Thread#0"                     [id=52992, stack(0x000000a492200000,0x000000a492300000) (1024K)]
  0x000001dff5ffda50 WorkerThread "GC Thread#1"                     [id=52576, stack(0x000000a493300000,0x000000a493400000) (1024K)]
  0x000001dff5ffe1b0 WorkerThread "GC Thread#2"                     [id=52580, stack(0x000000a493400000,0x000000a493500000) (1024K)]
  0x000001dff5ffe560 WorkerThread "GC Thread#3"                     [id=52532, stack(0x000000a493500000,0x000000a493600000) (1024K)]
  0x000001dff5ffd6a0 WorkerThread "GC Thread#4"                     [id=50968, stack(0x000000a493600000,0x000000a493700000) (1024K)]
  0x000001dff5ffcb90 WorkerThread "GC Thread#5"                     [id=48448, stack(0x000000a493700000,0x000000a493800000) (1024K)]
  0x000001dffb3dfb50 WorkerThread "GC Thread#6"                     [id=49460, stack(0x000000a494400000,0x000000a494500000) (1024K)]
  0x000001dffb3e1520 WorkerThread "GC Thread#7"                     [id=34760, stack(0x000000a494500000,0x000000a494600000) (1024K)]
  0x000001dffb3e18d0 WorkerThread "GC Thread#8"                     [id=41952, stack(0x000000a494600000,0x000000a494700000) (1024K)]
  0x000001dffb3dec90 WorkerThread "GC Thread#9"                     [id=44556, stack(0x000000a494700000,0x000000a494800000) (1024K)]
  0x000001dffb3de180 WorkerThread "GC Thread#10"                    [id=48328, stack(0x000000a494800000,0x000000a494900000) (1024K)]
  0x000001dffb3de530 WorkerThread "GC Thread#11"                    [id=5972, stack(0x000000a494900000,0x000000a494a00000) (1024K)]
  0x000001dffb3df040 WorkerThread "GC Thread#12"                    [id=48336, stack(0x000000a494a00000,0x000000a494b00000) (1024K)]
  0x000001dffb3df7a0 WorkerThread "GC Thread#13"                    [id=52016, stack(0x000000a494b00000,0x000000a494c00000) (1024K)]
  0x000001dffb3dff00 WorkerThread "GC Thread#14"                    [id=51208, stack(0x000000a494c00000,0x000000a494d00000) (1024K)]
  0x000001dfc4ecd7a0 ConcurrentGCThread "G1 Main Marker"            [id=52996, stack(0x000000a492300000,0x000000a492400000) (1024K)]
  0x000001dfc4ece4d0 WorkerThread "G1 Conc#0"                       [id=53000, stack(0x000000a492400000,0x000000a492500000) (1024K)]
  0x000001dffd4119b0 WorkerThread "G1 Conc#1"                       [id=56788, stack(0x000000a493800000,0x000000a493900000) (1024K)]
  0x000001dffd40ffe0 WorkerThread "G1 Conc#2"                       [id=56712, stack(0x000000a493900000,0x000000a493a00000) (1024K)]
  0x000001dffd40ed70 WorkerThread "G1 Conc#3"                       [id=56660, stack(0x000000a495100000,0x000000a495200000) (1024K)]
  0x000001dff2eb69b0 ConcurrentGCThread "G1 Refine#0"               [id=53004, stack(0x000000a492500000,0x000000a492600000) (1024K)]
  0x000001dff2eb72e0 ConcurrentGCThread "G1 Service"                [id=53008, stack(0x000000a492600000,0x000000a492700000) (1024K)]
Total: 24

Threads with active compile tasks:
Total: 0

VM state: not at safepoint (normal execution)

VM Mutex/Monitor currently owned by a thread:  ([mutex/lock_event])
[0x00007ffcefdad530] Metaspace_lock - owner thread: 0x000001dffbf137f0

Heap address: 0x0000000600000000, size: 8192 MB, Compressed Oops mode: Zero based, Oop shift amount: 3

CDS archive(s) mapped at: [0x000001df80000000-0x000001df80ba0000-0x000001df80ba0000), size 12189696, SharedBaseAddress: 0x000001df80000000, ArchiveRelocationMode: 1.
Compressed class space mapped at: 0x000001df81000000-0x000001dfc1000000, reserved size: 1073741824
Narrow klass base: 0x000001df80000000, Narrow klass shift: 0, Narrow klass range: 0x100000000

GC Precious Log:
 CardTable entry size: 512
 Card Set container configuration: InlinePtr #cards 4 size 8 Array Of Cards #cards 32 size 80 Howl #buckets 8 coarsen threshold 7372 Howl Bitmap #cards 1024 size 144 coarsen threshold 921 Card regions per heap region 1 cards per card region 8192
 CPUs: 20 total, 20 available
 Memory: 16068M
 Large Page Support: Disabled
 NUMA Support: Disabled
 Compressed Oops: Enabled (Zero based)
 Heap Region Size: 4M
 Heap Min Capacity: 8M
 Heap Initial Capacity: 252M
 Heap Max Capacity: 8G
 Pre-touch: Disabled
 Parallel Workers: 15
 Concurrent Workers: 4
 Concurrent Refinement Workers: 15
 Periodic GC: Disabled

Heap:
 garbage-first heap   total 135168K, used 64649K [0x0000000600000000, 0x0000000800000000)
  region size 4096K, 6 young (24576K), 1 survivors (4096K)
 Metaspace       used 59920K, committed 61760K, reserved 1114112K
  class space    used 8821K, committed 9728K, reserved 1048576K

Heap Regions: E=young(eden), S=young(survivor), O=old, HS=humongous(starts), HC=humongous(continues), CS=collection set, F=free, TAMS=top-at-mark-start, PB=parsable bottom
|   0|0x0000000600000000, 0x0000000600400000, 0x0000000600400000|100%|HS|  |TAMS 0x0000000600000000| PB 0x0000000600000000| Complete 
|   1|0x0000000600400000, 0x0000000600800000, 0x0000000600800000|100%| O|  |TAMS 0x0000000600400000| PB 0x0000000600400000| Untracked 
|   2|0x0000000600800000, 0x0000000600c00000, 0x0000000600c00000|100%| O|  |TAMS 0x0000000600800000| PB 0x0000000600800000| Untracked 
|   3|0x0000000600c00000, 0x0000000601000000, 0x0000000601000000|100%| O|  |TAMS 0x0000000600c00000| PB 0x0000000600c00000| Untracked 
|   4|0x0000000601000000, 0x0000000601400000, 0x0000000601400000|100%| O|  |TAMS 0x0000000601000000| PB 0x0000000601000000| Untracked 
|   5|0x0000000601400000, 0x0000000601800000, 0x0000000601800000|100%| O|Cm|TAMS 0x0000000601400000| PB 0x0000000601400000| Complete 
|   6|0x0000000601800000, 0x0000000601c00000, 0x0000000601c00000|100%| O|  |TAMS 0x0000000601800000| PB 0x0000000601800000| Untracked 
|   7|0x0000000601c00000, 0x0000000602000000, 0x0000000602000000|100%| O|  |TAMS 0x0000000601c00000| PB 0x0000000601c00000| Untracked 
|   8|0x0000000602000000, 0x00000006020c1850, 0x0000000602400000| 18%| O|  |TAMS 0x0000000602000000| PB 0x0000000602000000| Untracked 
|   9|0x0000000602400000, 0x0000000602400000, 0x0000000602800000|  0%| F|  |TAMS 0x0000000602400000| PB 0x0000000602400000| Untracked 
|  10|0x0000000602800000, 0x0000000602800000, 0x0000000602c00000|  0%| F|  |TAMS 0x0000000602800000| PB 0x0000000602800000| Untracked 
|  11|0x0000000602c00000, 0x0000000602c00000, 0x0000000603000000|  0%| F|  |TAMS 0x0000000602c00000| PB 0x0000000602c00000| Untracked 
|  12|0x0000000603000000, 0x0000000603000000, 0x0000000603400000|  0%| F|  |TAMS 0x0000000603000000| PB 0x0000000603000000| Untracked 
|  13|0x0000000603400000, 0x0000000603400000, 0x0000000603800000|  0%| F|  |TAMS 0x0000000603400000| PB 0x0000000603400000| Untracked 
|  14|0x0000000603800000, 0x0000000603800000, 0x0000000603c00000|  0%| F|  |TAMS 0x0000000603800000| PB 0x0000000603800000| Untracked 
|  15|0x0000000603c00000, 0x0000000603c00000, 0x0000000604000000|  0%| F|  |TAMS 0x0000000603c00000| PB 0x0000000603c00000| Untracked 
|  16|0x0000000604000000, 0x0000000604000000, 0x0000000604400000|  0%| F|  |TAMS 0x0000000604000000| PB 0x0000000604000000| Untracked 
|  17|0x0000000604400000, 0x0000000604400000, 0x0000000604800000|  0%| F|  |TAMS 0x0000000604400000| PB 0x0000000604400000| Untracked 
|  18|0x0000000604800000, 0x0000000604800000, 0x0000000604c00000|  0%| F|  |TAMS 0x0000000604800000| PB 0x0000000604800000| Untracked 
|  19|0x0000000604c00000, 0x0000000604e60f68, 0x0000000605000000| 59%| S|CS|TAMS 0x0000000604c00000| PB 0x0000000604c00000| Complete 
|  20|0x0000000605000000, 0x0000000605000000, 0x0000000605400000|  0%| F|  |TAMS 0x0000000605000000| PB 0x0000000605000000| Untracked 
|  21|0x0000000605400000, 0x0000000605400000, 0x0000000605800000|  0%| F|  |TAMS 0x0000000605400000| PB 0x0000000605400000| Untracked 
|  22|0x0000000605800000, 0x0000000605800000, 0x0000000605c00000|  0%| F|  |TAMS 0x0000000605800000| PB 0x0000000605800000| Untracked 
|  23|0x0000000605c00000, 0x0000000605c00000, 0x0000000606000000|  0%| F|  |TAMS 0x0000000605c00000| PB 0x0000000605c00000| Untracked 
|  24|0x0000000606000000, 0x0000000606000000, 0x0000000606400000|  0%| F|  |TAMS 0x0000000606000000| PB 0x0000000606000000| Untracked 
|  25|0x0000000606400000, 0x000000060652fd70, 0x0000000606800000| 29%| E|  |TAMS 0x0000000606400000| PB 0x0000000606400000| Complete 
|  26|0x0000000606800000, 0x0000000606c00000, 0x0000000606c00000|100%| E|CS|TAMS 0x0000000606800000| PB 0x0000000606800000| Complete 
|  39|0x0000000609c00000, 0x000000060a000000, 0x000000060a000000|100%| E|CS|TAMS 0x0000000609c00000| PB 0x0000000609c00000| Complete 
|  45|0x000000060b400000, 0x000000060b800000, 0x000000060b800000|100%| E|CS|TAMS 0x000000060b400000| PB 0x000000060b400000| Complete 
|  62|0x000000060f800000, 0x000000060fc00000, 0x000000060fc00000|100%| E|CS|TAMS 0x000000060f800000| PB 0x000000060f800000| Complete 
|2045|0x00000007ff400000, 0x00000007ff800000, 0x00000007ff800000|100%| O|  |TAMS 0x00000007ff400000| PB 0x00000007ff400000| Untracked 
|2046|0x00000007ff800000, 0x00000007ffc00000, 0x00000007ffc00000|100%| O|  |TAMS 0x00000007ff800000| PB 0x00000007ff800000| Untracked 
|2047|0x00000007ffc00000, 0x0000000800000000, 0x0000000800000000|100%| O|  |TAMS 0x00000007ffc00000| PB 0x00000007ffc00000| Untracked 

Card table byte_map: [0x000001dfe9ce0000,0x000001dfeace0000] _byte_map_base: 0x000001dfe6ce0000

Marking Bits: (CMBitMap*) 0x000001dfc4ebcec0
 Bits: [0x000001dfeace0000, 0x000001dff2ce0000)

Polling page: 0x000001dfc2970000

Metaspace:

Usage:
  Non-class:     49.90 MB used.
      Class:      8.61 MB used.
       Both:     58.52 MB used.

Virtual space:
  Non-class space:       64.00 MB reserved,      50.81 MB ( 79%) committed,  1 nodes.
      Class space:        1.00 GB reserved,       9.50 MB ( <1%) committed,  1 nodes.
             Both:        1.06 GB reserved,      60.31 MB (  6%) committed. 

Chunk freelists:
   Non-Class:  12.83 MB
       Class:  6.31 MB
        Both:  19.14 MB

MaxMetaspaceSize: 4.00 GB
CompressedClassSpaceSize: 1.00 GB
Initial GC threshold: 21.00 MB
Current GC threshold: 99.19 MB
CDS: on
 - commit_granule_bytes: 65536.
 - commit_granule_words: 8192.
 - virtual_space_node_default_size: 8388608.
 - enlarge_chunks_in_place: 1.
 - use_allocation_guard: 0.


Internal statistics:

num_allocs_failed_limit: 12.
num_arena_births: 3514.
num_arena_deaths: 0.
num_vsnodes_births: 2.
num_vsnodes_deaths: 0.
num_space_committed: 965.
num_space_uncommitted: 0.
num_chunks_returned_to_freelist: 12.
num_chunks_taken_from_freelist: 6445.
num_chunk_merges: 12.
num_chunk_splits: 4170.
num_chunks_enlarged: 2514.
num_inconsistent_stats: 0.

CodeHeap 'non-profiled nmethods': size=258432Kb used=4163Kb max_used=4199Kb free=254268Kb
 bounds [0x000001dfd83b0000, 0x000001dfd87e0000, 0x000001dfe8010000]
CodeHeap 'profiled nmethods': size=258368Kb used=13747Kb max_used=14361Kb free=244620Kb
 bounds [0x000001dfc8010000, 0x000001dfc8e20000, 0x000001dfd7c60000]
CodeHeap 'non-nmethods': size=7488Kb used=1918Kb max_used=2575Kb free=5569Kb
 bounds [0x000001dfd7c60000, 0x000001dfd7ef0000, 0x000001dfd83b0000]
CodeCache: size=524288Kb, used=19828Kb, max_used=21135Kb, free=504457Kb
 total_blobs=8032, nmethods=7248, adapters=688, full_count=0
Compilation: enabled, stopped_count=0, restarted_count=0

Compilation events (20 events):
Event: 259.311 Thread 0x000001dff6028b80 nmethod 7962 0x000001dfc83f4190 code [0x000001dfc83f43c0, 0x000001dfc83f49f0]
Event: 259.320 Thread 0x000001dff60260d0 nmethod 7934 0x000001dfd85b4d90 code [0x000001dfd85b4fa0, 0x000001dfd85b5b68]
Event: 259.328 Thread 0x000001dff6028b80 7963       1       org.gradle.internal.extensibility.ExtensibleDynamicObject::getExtensions (5 bytes)
Event: 259.328 Thread 0x000001dff6028b80 nmethod 7963 0x000001dfd84e0090 code [0x000001dfd84e0220, 0x000001dfd84e02f0]
Event: 259.494 Thread 0x000001dff6028b80 7964       3       com.google.common.collect.MapMakerInternalMap$StrongKeyWeakValueEntry::getValue (10 bytes)
Event: 259.494 Thread 0x000001dff6028b80 nmethod 7964 0x000001dfc80c4410 code [0x000001dfc80c45c0, 0x000001dfc80c47a0]
Event: 259.526 Thread 0x000001dff6028b80 7965       3       java.lang.StackTraceElement::<init> (10 bytes)
Event: 259.526 Thread 0x000001dff6028b80 nmethod 7965 0x000001dfc80a1a90 code [0x000001dfc80a1c40, 0x000001dfc80a1da8]
Event: 259.532 Thread 0x000001dff6028b80 7966       3       java.lang.ModuleLayer::boot (4 bytes)
Event: 259.532 Thread 0x000001dff6028b80 nmethod 7966 0x000001dfc837a590 code [0x000001dfc837a720, 0x000001dfc837a820]
Event: 259.532 Thread 0x000001dff6028b80 7967  s!   3       java.lang.StackTraceElement::computeFormat (71 bytes)
Event: 259.532 Thread 0x000001dff6028b80 nmethod 7967 0x000001dfc822cf90 code [0x000001dfc822d1a0, 0x000001dfc822d9e0]
Event: 259.532 Thread 0x000001dff6028b80 7968       3       java.lang.StackTraceElement::isHashedInJavaBase (31 bytes)
Event: 259.533 Thread 0x000001dff6028b80 nmethod 7968 0x000001dfc80b3910 code [0x000001dfc80b3b00, 0x000001dfc80b3fa0]
Event: 259.533 Thread 0x000001dff6028b80 7969       3       java.lang.Module::getLayer (43 bytes)
Event: 259.535 Thread 0x000001dff6028b80 nmethod 7969 0x000001dfc8407090 code [0x000001dfc8407260, 0x000001dfc8407600]
Event: 259.535 Thread 0x000001dff6028b80 7970       1       java.lang.StackTraceElement::getClassName (5 bytes)
Event: 259.535 Thread 0x000001dff6028b80 nmethod 7970 0x000001dfd85b4a90 code [0x000001dfd85b4c20, 0x000001dfd85b4cf0]
Event: 259.535 Thread 0x000001dff6028b80 7971       3       org.gradle.kotlin.dsl.execution.InterpreterKt::locationAwareExceptionFor$scriptStackTraceElement (52 bytes)
Event: 259.535 Thread 0x000001dff6028b80 nmethod 7971 0x000001dfc8415f10 code [0x000001dfc84160e0, 0x000001dfc8416408]

GC Heap History (20 events):
Event: 25.445 GC heap before
{Heap before GC invocations=3 (full 0):
 garbage-first heap   total 258048K, used 85699K [0x0000000600000000, 0x0000000800000000)
  region size 4096K, 20 young (81920K), 3 survivors (12288K)
 Metaspace       used 20879K, committed 21504K, reserved 1114112K
  class space    used 2885K, committed 3136K, reserved 1048576K
}
Event: 25.452 GC heap after
{Heap after GC invocations=4 (full 0):
 garbage-first heap   total 258048K, used 23926K [0x0000000600000000, 0x0000000800000000)
  region size 4096K, 4 young (16384K), 4 survivors (16384K)
 Metaspace       used 20879K, committed 21504K, reserved 1114112K
  class space    used 2885K, committed 3136K, reserved 1048576K
}
Event: 27.681 GC heap before
{Heap before GC invocations=5 (full 0):
 garbage-first heap   total 98304K, used 93558K [0x0000000600000000, 0x0000000800000000)
  region size 4096K, 21 young (86016K), 4 survivors (16384K)
 Metaspace       used 29543K, committed 30720K, reserved 1114112K
  class space    used 4284K, committed 4864K, reserved 1048576K
}
Event: 27.690 GC heap after
{Heap after GC invocations=6 (full 0):
 garbage-first heap   total 118784K, used 27408K [0x0000000600000000, 0x0000000800000000)
  region size 4096K, 2 young (8192K), 2 survivors (8192K)
 Metaspace       used 29543K, committed 30720K, reserved 1114112K
  class space    used 4284K, committed 4864K, reserved 1048576K
}
Event: 28.613 GC heap before
{Heap before GC invocations=6 (full 0):
 garbage-first heap   total 118784K, used 64272K [0x0000000600000000, 0x0000000800000000)
  region size 4096K, 12 young (49152K), 2 survivors (8192K)
 Metaspace       used 34699K, committed 35968K, reserved 1114112K
  class space    used 4962K, committed 5568K, reserved 1048576K
}
Event: 28.619 GC heap after
{Heap after GC invocations=7 (full 0):
 garbage-first heap   total 118784K, used 30326K [0x0000000600000000, 0x0000000800000000)
  region size 4096K, 2 young (8192K), 2 survivors (8192K)
 Metaspace       used 34699K, committed 35968K, reserved 1114112K
  class space    used 4962K, committed 5568K, reserved 1048576K
}
Event: 28.653 GC heap before
{Heap before GC invocations=7 (full 0):
 garbage-first heap   total 118784K, used 30326K [0x0000000600000000, 0x0000000800000000)
  region size 4096K, 3 young (12288K), 2 survivors (8192K)
 Metaspace       used 34998K, committed 36288K, reserved 1114112K
  class space    used 4986K, committed 5632K, reserved 1048576K
}
Event: 28.658 GC heap after
{Heap after GC invocations=8 (full 0):
 garbage-first heap   total 118784K, used 30881K [0x0000000600000000, 0x0000000800000000)
  region size 4096K, 1 young (4096K), 1 survivors (4096K)
 Metaspace       used 34998K, committed 36288K, reserved 1114112K
  class space    used 4986K, committed 5632K, reserved 1048576K
}
Event: 232.007 GC heap before
{Heap before GC invocations=9 (full 0):
 garbage-first heap   total 110592K, used 92321K [0x0000000600000000, 0x0000000800000000)
  region size 4096K, 16 young (65536K), 1 survivors (4096K)
 Metaspace       used 37090K, committed 38528K, reserved 1114112K
  class space    used 5327K, committed 6016K, reserved 1048576K
}
Event: 232.092 GC heap after
{Heap after GC invocations=10 (full 0):
 garbage-first heap   total 110592K, used 31825K [0x0000000600000000, 0x0000000800000000)
  region size 4096K, 2 young (8192K), 2 survivors (8192K)
 Metaspace       used 37090K, committed 38528K, reserved 1114112K
  class space    used 5327K, committed 6016K, reserved 1048576K
}
Event: 243.065 GC heap before
{Heap before GC invocations=10 (full 0):
 garbage-first heap   total 110592K, used 89169K [0x0000000600000000, 0x0000000800000000)
  region size 4096K, 16 young (65536K), 2 survivors (8192K)
 Metaspace       used 40736K, committed 42304K, reserved 1114112K
  class space    used 5941K, committed 6720K, reserved 1048576K
}
Event: 243.079 GC heap after
{Heap after GC invocations=11 (full 0):
 garbage-first heap   total 110592K, used 33726K [0x0000000600000000, 0x0000000800000000)
  region size 4096K, 2 young (8192K), 2 survivors (8192K)
 Metaspace       used 40736K, committed 42304K, reserved 1114112K
  class space    used 5941K, committed 6720K, reserved 1048576K
}
Event: 249.099 GC heap before
{Heap before GC invocations=11 (full 0):
 garbage-first heap   total 110592K, used 91070K [0x0000000600000000, 0x0000000800000000)
  region size 4096K, 16 young (65536K), 2 survivors (8192K)
 Metaspace       used 46336K, committed 48064K, reserved 1114112K
  class space    used 6843K, committed 7680K, reserved 1048576K
}
Event: 249.168 GC heap after
{Heap after GC invocations=12 (full 0):
 garbage-first heap   total 110592K, used 36537K [0x0000000600000000, 0x0000000800000000)
  region size 4096K, 2 young (8192K), 2 survivors (8192K)
 Metaspace       used 46336K, committed 48064K, reserved 1114112K
  class space    used 6843K, committed 7680K, reserved 1048576K
}
Event: 253.017 GC heap before
{Heap before GC invocations=12 (full 0):
 garbage-first heap   total 110592K, used 93881K [0x0000000600000000, 0x0000000800000000)
  region size 4096K, 16 young (65536K), 2 survivors (8192K)
 Metaspace       used 48258K, committed 50048K, reserved 1114112K
  class space    used 7109K, committed 8000K, reserved 1048576K
}
Event: 253.029 GC heap after
{Heap after GC invocations=13 (full 0):
 garbage-first heap   total 135168K, used 41973K [0x0000000600000000, 0x0000000800000000)
  region size 4096K, 2 young (8192K), 2 survivors (8192K)
 Metaspace       used 48258K, committed 50048K, reserved 1114112K
  class space    used 7109K, committed 8000K, reserved 1048576K
}
Event: 258.265 GC heap before
{Heap before GC invocations=13 (full 0):
 garbage-first heap   total 135168K, used 107509K [0x0000000600000000, 0x0000000800000000)
  region size 4096K, 19 young (77824K), 2 survivors (8192K)
 Metaspace       used 54730K, committed 56576K, reserved 1114112K
  class space    used 8096K, committed 8960K, reserved 1048576K
}
Event: 258.275 GC heap after
{Heap after GC invocations=14 (full 0):
 garbage-first heap   total 135168K, used 47085K [0x0000000600000000, 0x0000000800000000)
  region size 4096K, 3 young (12288K), 3 survivors (12288K)
 Metaspace       used 54730K, committed 56576K, reserved 1114112K
  class space    used 8096K, committed 8960K, reserved 1048576K
}
Event: 259.103 GC heap before
{Heap before GC invocations=14 (full 0):
 garbage-first heap   total 135168K, used 79853K [0x0000000600000000, 0x0000000800000000)
  region size 4096K, 13 young (53248K), 3 survivors (12288K)
 Metaspace       used 58883K, committed 60736K, reserved 1114112K
  class space    used 8671K, committed 9600K, reserved 1048576K
}
Event: 259.111 GC heap after
{Heap after GC invocations=15 (full 0):
 garbage-first heap   total 135168K, used 48265K [0x0000000600000000, 0x0000000800000000)
  region size 4096K, 1 young (4096K), 1 survivors (4096K)
 Metaspace       used 58883K, committed 60736K, reserved 1114112K
  class space    used 8671K, committed 9600K, reserved 1048576K
}

Dll operation events (20 events):
Event: 0.359 Attempting to load shared library C:\Users\AJI\.vscode\extensions\redhat.java-1.56.0-win32-x64\jre\21.0.12.1-win32-x86_64\bin\nio.dll
Event: 0.360 Loaded shared library C:\Users\AJI\.vscode\extensions\redhat.java-1.56.0-win32-x64\jre\21.0.12.1-win32-x86_64\bin\nio.dll
Event: 0.366 Attempting to load shared library C:\Users\AJI\.vscode\extensions\redhat.java-1.56.0-win32-x64\jre\21.0.12.1-win32-x86_64\bin\zip.dll
Event: 0.366 Loaded shared library C:\Users\AJI\.vscode\extensions\redhat.java-1.56.0-win32-x64\jre\21.0.12.1-win32-x86_64\bin\zip.dll
Event: 1.115 Attempting to load shared library C:\Users\AJI\.vscode\extensions\redhat.java-1.56.0-win32-x64\jre\21.0.12.1-win32-x86_64\bin\jimage.dll
Event: 1.115 Loaded shared library C:\Users\AJI\.vscode\extensions\redhat.java-1.56.0-win32-x64\jre\21.0.12.1-win32-x86_64\bin\jimage.dll
Event: 2.038 Attempting to load shared library C:\Users\AJI\.vscode\extensions\redhat.java-1.56.0-win32-x64\jre\21.0.12.1-win32-x86_64\bin\verify.dll
Event: 2.039 Loaded shared library C:\Users\AJI\.vscode\extensions\redhat.java-1.56.0-win32-x64\jre\21.0.12.1-win32-x86_64\bin\verify.dll
Event: 2.385 Attempting to load shared library C:\Users\AJI\.gradle\native\1def1411415f61bf3af743bc5b6707747c0891f09f0c88961ee8f79bc544acac\windows-amd64\native-platform.dll
Event: 2.390 Loaded shared library C:\Users\AJI\.gradle\native\1def1411415f61bf3af743bc5b6707747c0891f09f0c88961ee8f79bc544acac\windows-amd64\native-platform.dll
Event: 2.433 Attempting to load shared library C:\Users\AJI\.gradle\native\0.2.8\x86_64-windows-gnu\gradle-fileevents.dll
Event: 2.434 Loaded shared library C:\Users\AJI\.gradle\native\0.2.8\x86_64-windows-gnu\gradle-fileevents.dll
Event: 4.921 Attempting to load shared library C:\Users\AJI\.vscode\extensions\redhat.java-1.56.0-win32-x64\jre\21.0.12.1-win32-x86_64\bin\management.dll
Event: 4.921 Loaded shared library C:\Users\AJI\.vscode\extensions\redhat.java-1.56.0-win32-x64\jre\21.0.12.1-win32-x86_64\bin\management.dll
Event: 4.925 Attempting to load shared library C:\Users\AJI\.vscode\extensions\redhat.java-1.56.0-win32-x64\jre\21.0.12.1-win32-x86_64\bin\management_ext.dll
Event: 4.926 Loaded shared library C:\Users\AJI\.vscode\extensions\redhat.java-1.56.0-win32-x64\jre\21.0.12.1-win32-x86_64\bin\management_ext.dll
Event: 5.244 Attempting to load shared library C:\Users\AJI\.vscode\extensions\redhat.java-1.56.0-win32-x64\jre\21.0.12.1-win32-x86_64\bin\extnet.dll
Event: 5.245 Loaded shared library C:\Users\AJI\.vscode\extensions\redhat.java-1.56.0-win32-x64\jre\21.0.12.1-win32-x86_64\bin\extnet.dll
Event: 5.843 Attempting to load shared library C:\Users\AJI\.vscode\extensions\redhat.java-1.56.0-win32-x64\jre\21.0.12.1-win32-x86_64\bin\sunmscapi.dll
Event: 5.849 Loaded shared library C:\Users\AJI\.vscode\extensions\redhat.java-1.56.0-win32-x64\jre\21.0.12.1-win32-x86_64\bin\sunmscapi.dll

Deoptimization events (20 events):
Event: 258.747 Thread 0x000001dffbf137f0 DEOPT PACKING pc=0x000001dfd84e9efc sp=0x000000a4940f1fc0
Event: 258.747 Thread 0x000001dffbf137f0 DEOPT UNPACKING pc=0x000001dfd7cb4422 sp=0x000000a4940f1ef0 mode 2
Event: 258.773 Thread 0x000001dffbf137f0 DEOPT PACKING pc=0x000001dfc8c75255 sp=0x000000a4940f10e0
Event: 258.773 Thread 0x000001dffbf137f0 DEOPT UNPACKING pc=0x000001dfd7cb4bc2 sp=0x000000a4940f05f0 mode 0
Event: 258.918 Thread 0x000001dffbf137f0 Uncommon trap: trap_request=0xfffffff4 fr.pc=0x000001dfd86cdd00 relative=0x0000000000000580
Event: 258.918 Thread 0x000001dffbf137f0 Uncommon trap: reason=null_check action=make_not_entrant pc=0x000001dfd86cdd00 method=org.gradle.util.internal.SimpleMapInterner.intern(Ljava/lang/Object;)Ljava/lang/Object; @ 2 c2
Event: 258.918 Thread 0x000001dffbf137f0 DEOPT PACKING pc=0x000001dfd86cdd00 sp=0x000000a4940f3110
Event: 258.918 Thread 0x000001dffbf137f0 DEOPT UNPACKING pc=0x000001dfd7cb4422 sp=0x000000a4940f30c8 mode 2
Event: 258.918 Thread 0x000001dffbf137f0 Uncommon trap: trap_request=0xffffff45 fr.pc=0x000001dfd86ce9e8 relative=0x0000000000000568
Event: 258.918 Thread 0x000001dffbf137f0 Uncommon trap: reason=unstable_if action=reinterpret pc=0x000001dfd86ce9e8 method=org.gradle.util.internal.SimpleMapInterner.intern(Ljava/lang/String;)Ljava/lang/String; @ 1 c2
Event: 258.918 Thread 0x000001dffbf137f0 DEOPT PACKING pc=0x000001dfd86ce9e8 sp=0x000000a4940f30a0
Event: 258.918 Thread 0x000001dffbf137f0 DEOPT UNPACKING pc=0x000001dfd7cb4422 sp=0x000000a4940f3058 mode 2
Event: 259.184 Thread 0x000001dffbf137f0 DEOPT PACKING pc=0x000001dfc85414c9 sp=0x000000a4940f1920
Event: 259.184 Thread 0x000001dffbf137f0 DEOPT UNPACKING pc=0x000001dfd7cb4bc2 sp=0x000000a4940f0e20 mode 0
Event: 259.339 Thread 0x000001dffbf137f0 DEOPT PACKING pc=0x000001dfc8c75255 sp=0x000000a4940f1dd0
Event: 259.339 Thread 0x000001dffbf137f0 DEOPT UNPACKING pc=0x000001dfd7cb4bc2 sp=0x000000a4940f12e0 mode 0
Event: 259.525 Thread 0x000001dffbf137f0 Uncommon trap: trap_request=0xffffffde fr.pc=0x000001dfd855c4d8 relative=0x00000000000005f8
Event: 259.525 Thread 0x000001dffbf137f0 Uncommon trap: reason=class_check action=maybe_recompile pc=0x000001dfd855c4d8 method=java.lang.Throwable.<init>(Ljava/lang/String;Ljava/lang/Throwable;)V @ 24 c2
Event: 259.525 Thread 0x000001dffbf137f0 DEOPT PACKING pc=0x000001dfd855c4d8 sp=0x000000a4940f27f0
Event: 259.525 Thread 0x000001dffbf137f0 DEOPT UNPACKING pc=0x000001dfd7cb4422 sp=0x000000a4940f27d0 mode 2

Classes loaded (20 events):
Event: 258.746 Loading class com/sun/jmx/mbeanserver/StandardMBeanSupport
Event: 258.746 Loading class com/sun/jmx/mbeanserver/StandardMBeanSupport done
Event: 258.746 Loading class com/sun/jmx/mbeanserver/StandardMBeanIntrospector
Event: 258.746 Loading class com/sun/jmx/mbeanserver/StandardMBeanIntrospector done
Event: 258.796 Loading class jdk/internal/reflect/MethodHandleLongFieldAccessorImpl
Event: 258.796 Loading class jdk/internal/reflect/MethodHandleLongFieldAccessorImpl done
Event: 258.798 Loading class java/io/SerialCallbackContext
Event: 258.798 Loading class java/io/SerialCallbackContext done
Event: 258.823 Loading class java/io/ObjectStreamClass$ExceptionInfo
Event: 258.823 Loading class java/io/ObjectStreamClass$ExceptionInfo done
Event: 258.829 Loading class java/util/HashMap$UnsafeHolder
Event: 258.829 Loading class java/util/HashMap$UnsafeHolder done
Event: 258.849 Loading class java/util/ArrayList$SubList$2
Event: 258.849 Loading class java/util/ArrayList$SubList$2 done
Event: 259.519 Loading class java/util/zip/DataFormatException
Event: 259.519 Loading class java/util/zip/DataFormatException done
Event: 259.521 Loading class java/lang/ExceptionInInitializerError
Event: 259.525 Loading class java/lang/ExceptionInInitializerError done
Event: 259.526 Loading class java/lang/StackTraceElement$HashedModules
Event: 259.526 Loading class java/lang/StackTraceElement$HashedModules done

Classes unloaded (0 events):
No events

Classes redefined (0 events):
No events

Internal exceptions (20 events):
Event: 258.306 Thread 0x000001dffbf137f0 Exception <a 'java/lang/NoClassDefFoundError'{0x000000060f9a3e70}: com/android/Version> (0x000000060f9a3e70) 
thrown [s\src\hotspot\share\classfile\systemDictionary.cpp, line 302]
Event: 258.461 Thread 0x000001dffbf137f0 Exception <a 'java/lang/NoSuchMethodError'{0x0000000609c78c60}: static Lorg/jetbrains/kotlin/gradle/plugin/internal/DefaultProjectIsolationStartParameterAccessor$Factory;.<clinit>()V> (0x0000000609c78c60) 
thrown [s\src\hotspot\share\prims\jni.cpp, line 1111]
Event: 258.466 Thread 0x000001dffbf137f0 Exception <a 'java/lang/NoSuchMethodError'{0x0000000609ca7b08}: static Lorg/jetbrains/kotlin/gradle/plugin/internal/DefaultJavaExecTaskParametersCompatibility$Factory;.<clinit>()V> (0x0000000609ca7b08) 
thrown [s\src\hotspot\share\prims\jni.cpp, line 1111]
Event: 258.468 Thread 0x000001dffbf137f0 Exception <a 'java/lang/NoSuchMethodError'{0x0000000609cdcda8}: static Lorg/jetbrains/kotlin/gradle/plugin/internal/DefaultMavenPublicationComponentAccessorFactory;.<clinit>()V> (0x0000000609cdcda8) 
thrown [s\src\hotspot\share\prims\jni.cpp, line 1111]
Event: 258.470 Thread 0x000001dffbf137f0 Exception <a 'java/lang/NoSuchMethodError'{0x0000000609d06cf8}: static Lorg/jetbrains/kotlin/gradle/plugin/diagnostics/DefaultProblemsReporter$Factory;.<clinit>()V> (0x0000000609d06cf8) 
thrown [s\src\hotspot\share\prims\jni.cpp, line 1111]
Event: 258.472 Thread 0x000001dffbf137f0 Exception <a 'java/lang/NoSuchMethodError'{0x0000000609d37d78}: static Lorg/jetbrains/kotlin/gradle/plugin/internal/DefaultCompatibilityConventionRegistrar$Factory;.<clinit>()V> (0x0000000609d37d78) 
thrown [s\src\hotspot\share\prims\jni.cpp, line 1111]
Event: 258.474 Thread 0x000001dffbf137f0 Exception <a 'java/lang/NoSuchMethodError'{0x0000000609d5e348}: static Lorg/jetbrains/kotlin/gradle/plugin/internal/DefaultConfigurationCacheStartParameterAccessorVariantFactory;.<clinit>()V> (0x0000000609d5e348) 
thrown [s\src\hotspot\share\prims\jni.cpp, line 1111]
Event: 258.476 Thread 0x000001dffbf137f0 Exception <a 'java/lang/NoSuchMethodError'{0x0000000609d693e0}: 'void java.lang.invoke.DirectMethodHandle$Holder.invokeSpecial(java.lang.Object, java.lang.Object, java.lang.Object, int)'> (0x0000000609d693e0) 
thrown [s\src\hotspot\share\interpreter\linkResolver.cpp, line 773]
Event: 258.532 Thread 0x000001dffbf137f0 Exception <a 'java/lang/IncompatibleClassChangeError'{0x0000000609efd288}: Found class java.lang.Object, but interface was expected> (0x0000000609efd288) 
thrown [s\src\hotspot\share\interpreter\linkResolver.cpp, line 840]
Event: 258.796 Thread 0x000001dffbf137f0 Exception <a 'java/lang/NoSuchMethodError'{0x0000000606191928}: static Ljava/lang/Object;.<clinit>()V> (0x0000000606191928) 
thrown [s\src\hotspot\share\prims\jni.cpp, line 1111]
Event: 258.796 Thread 0x000001dffbf137f0 Exception <a 'java/lang/NoSuchMethodError'{0x00000006061976c0}: 'long java.lang.invoke.DirectMethodHandle$Holder.invokeSpecial(java.lang.Object, java.lang.Object)'> (0x00000006061976c0) 
thrown [s\src\hotspot\share\interpreter\linkResolver.cpp, line 773]
Event: 258.797 Thread 0x000001dffbf137f0 Exception <a 'java/lang/NoSuchMethodError'{0x000000060619c8b8}: 'long java.lang.invoke.Invokers$Holder.invokeExact_MT(java.lang.Object, java.lang.Object)'> (0x000000060619c8b8) 
thrown [s\src\hotspot\share\interpreter\linkResolver.cpp, line 773]
Event: 258.821 Thread 0x000001dffbf137f0 Exception <a 'java/lang/NoSuchMethodError'{0x00000006062e17c0}: static Lorg/jetbrains/kotlin/gradle/plugin/statistics/MetricContainer;.<clinit>()V> (0x00000006062e17c0) 
thrown [s\src\hotspot\share\prims\jni.cpp, line 1111]
Event: 258.918 Thread 0x000001dffbf137f0 Implicit null exception at 0x000001dfd86cd7bd to 0x000001dfd86cdcef
Event: 258.918 Thread 0x000001dffbf137f0 Implicit null exception at 0x000001dfd86ce4bf to 0x000001dfd86ce9d4
Event: 259.062 Thread 0x000001dffbf137f0 Exception <a 'java/lang/NoSuchMethodError'{0x0000000605061558}: 'java.lang.Object java.lang.invoke.DirectMethodHandle$Holder.newInvokeSpecial(java.lang.Object, java.lang.Object, java.lang.Object, java.lang.Object, java.lang.Object, java.lang.Object, java.lang.Object, java.lang.Object, java.lang.Object, java.lang.Object, java.lang.Object, java.lang.Object, java.lang.Object, java.lang.Object, java.lang.Object, java.lang.Object, java.lang.Object, java.lang.Object, java.lang.Object, java.lang.Object, java.lang
Event: 259.519 Thread 0x000001dffbf137f0 Exception <a 'java/io/IOException'{0x00000006064753c0}> (0x00000006064753c0) 
thrown [s\src\hotspot\share\prims\jni.cpp, line 520]
Event: 259.520 Thread 0x000001dffbf137f0 Exception <a 'java/lang/NoClassDefFoundError'{0x000000060647bfc8}: org/jetbrains/kotlin/gradle/plugin/diagnostics/KotlinToolingDiagnostics$WasmWasiEnvironmentNotChosenExplicitly> (0x000000060647bfc8) 
thrown [s\src\hotspot\share\classfile\systemDictionary.cpp, line 302]
Event: 259.532 Thread 0x000001dffbf137f0 Exception <a 'java/lang/NoClassDefFoundError'{0x000000060647bfc8}> (0x000000060647bfc8) 
thrown [s\src\hotspot\share\oops\instanceKlass.cpp, line 1218]
Event: 259.557 Thread 0x000001dffbf137f0 Exception <a 'java/lang/NoSuchMethodError'{0x00000006064b45d0}: 'void java.lang.invoke.DirectMethodHandle$Holder.invokeInterface(java.lang.Object, java.lang.Object, java.lang.Object, java.lang.Object)'> (0x00000006064b45d0) 
thrown [s\src\hotspot\share\interpreter\linkResolver.cpp, line 773]

ZGC Phase Switch (0 events):
No events

VM Operations (20 events):
Event: 254.719 Executing safepoint VM operation: Cleanup
Event: 254.719 Executing safepoint VM operation: Cleanup done
Event: 255.722 Executing safepoint VM operation: Cleanup
Event: 255.722 Executing safepoint VM operation: Cleanup done
Event: 257.733 Executing safepoint VM operation: Cleanup
Event: 257.733 Executing safepoint VM operation: Cleanup done
Event: 258.259 Executing non-safepoint VM operation: HandshakeAllThreads (Deoptimize)
Event: 258.259 Executing non-safepoint VM operation: HandshakeAllThreads (Deoptimize) done
Event: 258.265 Executing safepoint VM operation: G1CollectForAllocation (G1 Evacuation Pause)
Event: 258.275 Executing safepoint VM operation: G1CollectForAllocation (G1 Evacuation Pause) done
Event: 259.103 Executing safepoint VM operation: CollectForMetadataAllocation (Metadata GC Threshold)
Event: 259.111 Executing safepoint VM operation: CollectForMetadataAllocation (Metadata GC Threshold) done
Event: 259.136 Executing safepoint VM operation: G1PauseRemark
Event: 259.145 Executing safepoint VM operation: G1PauseRemark done
Event: 259.154 Executing safepoint VM operation: G1PauseCleanup
Event: 259.155 Executing safepoint VM operation: G1PauseCleanup done
Event: 259.190 Executing non-safepoint VM operation: HandshakeAllThreads (Deoptimize)
Event: 259.190 Executing non-safepoint VM operation: HandshakeAllThreads (Deoptimize) done
Event: 259.520 Executing non-safepoint VM operation: HandshakeAllThreads (Deoptimize)
Event: 259.520 Executing non-safepoint VM operation: HandshakeAllThreads (Deoptimize) done

Memory protections (0 events):
No events

Nmethod flushes (20 events):
Event: 259.143 Thread 0x000001dff5ffcf40 flushing  nmethod 0x000001dfc8024610
Event: 259.143 Thread 0x000001dff5ffcf40 flushing  nmethod 0x000001dfc80a1a90
Event: 259.143 Thread 0x000001dff5ffcf40 flushing  nmethod 0x000001dfc80a4890
Event: 259.143 Thread 0x000001dff5ffcf40 flushing  nmethod 0x000001dfc8184f10
Event: 259.143 Thread 0x000001dff5ffcf40 flushing  nmethod 0x000001dfc8185d90
Event: 259.143 Thread 0x000001dff5ffcf40 flushing  nmethod 0x000001dfc81b8410
Event: 259.143 Thread 0x000001dff5ffcf40 flushing  nmethod 0x000001dfc81b8d10
Event: 259.143 Thread 0x000001dff5ffcf40 flushing  nmethod 0x000001dfc81ed790
Event: 259.143 Thread 0x000001dff5ffcf40 flushing  nmethod 0x000001dfc81ee490
Event: 259.143 Thread 0x000001dff5ffcf40 flushing  nmethod 0x000001dfc81ef110
Event: 259.143 Thread 0x000001dff5ffcf40 flushing  nmethod 0x000001dfc81ef690
Event: 259.143 Thread 0x000001dff5ffcf40 flushing  nmethod 0x000001dfc81f2410
Event: 259.143 Thread 0x000001dff5ffcf40 flushing  nmethod 0x000001dfc8225690
Event: 259.143 Thread 0x000001dff5ffcf40 flushing  nmethod 0x000001dfc8228290
Event: 259.143 Thread 0x000001dff5ffcf40 flushing  nmethod 0x000001dfc8228790
Event: 259.143 Thread 0x000001dff5ffcf40 flushing  nmethod 0x000001dfc8228c10
Event: 259.143 Thread 0x000001dff5ffcf40 flushing  nmethod 0x000001dfc822cf90
Event: 259.143 Thread 0x000001dff5ffcf40 flushing  nmethod 0x000001dfc834b890
Event: 259.143 Thread 0x000001dff5ffcf40 flushing  nmethod 0x000001dfc8857110
Event: 259.143 Thread 0x000001dff5ffcf40 flushing  nmethod 0x000001dfc8883f10

Events (20 events):
Event: 252.505 Thread 0x000001dffbf137f0 Thread added: 0x000001dffe6767f0
Event: 252.505 Thread 0x000001dffbf137f0 Thread added: 0x000001dffe675440
Event: 252.506 Thread 0x000001dffbf137f0 Thread added: 0x000001dffe924a10
Event: 252.507 Thread 0x000001dffbf137f0 Thread added: 0x000001dffe926450
Event: 252.508 Thread 0x000001dffbf137f0 Thread added: 0x000001dffe925730
Event: 252.509 Thread 0x000001dffbf137f0 Thread added: 0x000001dffe926ae0
Event: 252.510 Thread 0x000001dffbf137f0 Thread added: 0x000001dffe924380
Event: 253.242 Thread 0x000001dffbf137f0 Thread added: 0x000001dffe925dc0
Event: 258.877 Thread 0x000001dffbf137f0 Thread added: 0x000001dffe9250a0
Event: 259.170 Thread 0x000001dffbf14510 Thread added: 0x000001dffe923cf0
Event: 259.170 Thread 0x000001dffbf14510 Thread added: 0x000001dffe929f60
Event: 259.172 Thread 0x000001dffbf14510 Thread added: 0x000001dffe927800
Event: 259.172 Thread 0x000001dffbf14510 Thread added: 0x000001dffe927e90
Event: 259.172 Thread 0x000001dffbf14510 Thread added: 0x000001dffe92ac80
Event: 259.173 Thread 0x000001dffbf14510 Thread added: 0x000001dffe92b310
Event: 259.173 Thread 0x000001dffbf14510 Thread added: 0x000001dffe92a5f0
Event: 259.173 Thread 0x000001dffbf14510 Thread added: 0x000001dffe928520
Event: 259.173 Thread 0x000001dffbf14510 Thread added: 0x000001dffe928bb0
Event: 259.174 Thread 0x000001dffbf14510 Thread added: 0x000001dffe9298d0
Event: 259.174 Thread 0x000001dffbf14510 Thread added: 0x000001dffe929240


Dynamic libraries:
0x00007ff79bf90000 - 0x00007ff79bf9e000 	C:\Users\AJI\.vscode\extensions\redhat.java-1.56.0-win32-x64\jre\21.0.12.1-win32-x86_64\bin\java.exe
0x00007ffe02160000 - 0x00007ffe023c7000 	C:\WINDOWS\SYSTEM32\ntdll.dll
0x00007ffe003b0000 - 0x00007ffe0047b000 	C:\WINDOWS\System32\KERNEL32.DLL
0x00007ffdff6f0000 - 0x00007ffdffaf2000 	C:\WINDOWS\System32\KERNELBASE.dll
0x00007ffdff410000 - 0x00007ffdff55c000 	C:\WINDOWS\System32\ucrtbase.dll
0x00007ffd821c0000 - 0x00007ffd821d8000 	C:\Users\AJI\.vscode\extensions\redhat.java-1.56.0-win32-x64\jre\21.0.12.1-win32-x86_64\bin\jli.dll
0x00007ffe019a0000 - 0x00007ffe01b6f000 	C:\WINDOWS\System32\USER32.dll
0x00007ffdff570000 - 0x00007ffdff597000 	C:\WINDOWS\System32\win32u.dll
0x00007ffe01970000 - 0x00007ffe0199b000 	C:\WINDOWS\System32\GDI32.dll
0x00007ffdffc90000 - 0x00007ffdffdb9000 	C:\WINDOWS\System32\gdi32full.dll
0x00007ffdff360000 - 0x00007ffdff403000 	C:\WINDOWS\System32\msvcp_win.dll
0x00007ffddfe30000 - 0x00007ffde00c0000 	C:\WINDOWS\WinSxS\amd64_microsoft.windows.common-controls_6595b64144ccf1df_6.0.26100.9278_none_3e0d1ba8e3303201\COMCTL32.dll
0x00007ffe018c0000 - 0x00007ffe01969000 	C:\WINDOWS\System32\msvcrt.dll
0x00007ffdc0f00000 - 0x00007ffdc0f1e000 	C:\Users\AJI\.vscode\extensions\redhat.java-1.56.0-win32-x64\jre\21.0.12.1-win32-x86_64\bin\VCRUNTIME140.dll
0x00007ffe01b90000 - 0x00007ffe01bc1000 	C:\WINDOWS\System32\IMM32.DLL
0x00007ffdd7ca0000 - 0x00007ffdd7cac000 	C:\Users\AJI\.vscode\extensions\redhat.java-1.56.0-win32-x64\jre\21.0.12.1-win32-x86_64\bin\vcruntime140_1.dll
0x00007ffd7e7f0000 - 0x00007ffd7e87d000 	C:\Users\AJI\.vscode\extensions\redhat.java-1.56.0-win32-x64\jre\21.0.12.1-win32-x86_64\bin\msvcp140.dll
0x00007ffcef0f0000 - 0x00007ffcefe92000 	C:\Users\AJI\.vscode\extensions\redhat.java-1.56.0-win32-x64\jre\21.0.12.1-win32-x86_64\bin\server\jvm.dll
0x00007ffe002e0000 - 0x00007ffe0039c000 	C:\WINDOWS\System32\ADVAPI32.dll
0x00007ffe00230000 - 0x00007ffe002d9000 	C:\WINDOWS\System32\sechost.dll
0x00007ffdfff30000 - 0x00007ffe00048000 	C:\WINDOWS\System32\RPCRT4.dll
0x00007ffe01720000 - 0x00007ffe017a0000 	C:\WINDOWS\System32\WS2_32.dll
0x00007ffdff1c0000 - 0x00007ffdff21e000 	C:\WINDOWS\SYSTEM32\POWRPROF.dll
0x00007ffdfb560000 - 0x00007ffdfb596000 	C:\WINDOWS\SYSTEM32\WINMM.dll
0x00007ffdf5020000 - 0x00007ffdf502b000 	C:\WINDOWS\SYSTEM32\VERSION.dll
0x00007ffdff1a0000 - 0x00007ffdff1b5000 	C:\WINDOWS\SYSTEM32\UMPDC.dll
0x00007ffdfdf70000 - 0x00007ffdfdf8b000 	C:\WINDOWS\SYSTEM32\kernel.appcore.dll
0x00007ffdd7be0000 - 0x00007ffdd7bea000 	C:\Users\AJI\.vscode\extensions\redhat.java-1.56.0-win32-x64\jre\21.0.12.1-win32-x86_64\bin\jimage.dll
0x00007ffdfc940000 - 0x00007ffdfcb8c000 	C:\WINDOWS\SYSTEM32\DBGHELP.DLL
0x00007ffe00d20000 - 0x00007ffe010a5000 	C:\WINDOWS\System32\combase.dll
0x00007ffe011b0000 - 0x00007ffe01289000 	C:\WINDOWS\System32\OLEAUT32.dll
0x00007ffdde450000 - 0x00007ffdde48b000 	C:\WINDOWS\SYSTEM32\dbgcore.DLL
0x00007ffdffdc0000 - 0x00007ffdffe6c000 	C:\WINDOWS\System32\bcryptPrimitives.dll
0x00007ffdd70d0000 - 0x00007ffdd70df000 	C:\Users\AJI\.vscode\extensions\redhat.java-1.56.0-win32-x64\jre\21.0.12.1-win32-x86_64\bin\instrument.dll
0x00007ffd7fbb0000 - 0x00007ffd7fbd0000 	C:\Users\AJI\.vscode\extensions\redhat.java-1.56.0-win32-x64\jre\21.0.12.1-win32-x86_64\bin\java.dll
0x00007ffe00580000 - 0x00007ffe00d18000 	C:\WINDOWS\System32\SHELL32.dll
0x00007ffdfcd80000 - 0x00007ffdfd62e000 	C:\WINDOWS\SYSTEM32\windows.storage.dll
0x00007ffe01320000 - 0x00007ffe0141b000 	C:\WINDOWS\System32\SHCORE.dll
0x00007ffe010b0000 - 0x00007ffe01116000 	C:\WINDOWS\System32\shlwapi.dll
0x00007ffdff280000 - 0x00007ffdff2a9000 	C:\WINDOWS\SYSTEM32\profapi.dll
0x00007ffd7fb90000 - 0x00007ffd7fba8000 	C:\Users\AJI\.vscode\extensions\redhat.java-1.56.0-win32-x64\jre\21.0.12.1-win32-x86_64\bin\zip.dll
0x00007ffdd7b20000 - 0x00007ffdd7b30000 	C:\Users\AJI\.vscode\extensions\redhat.java-1.56.0-win32-x64\jre\21.0.12.1-win32-x86_64\bin\net.dll
0x00007ffdf8730000 - 0x00007ffdf885a000 	C:\WINDOWS\SYSTEM32\WINHTTP.dll
0x00007ffdfe5f0000 - 0x00007ffdfe65c000 	C:\WINDOWS\system32\mswsock.dll
0x00007ffd7e7d0000 - 0x00007ffd7e7e6000 	C:\Users\AJI\.vscode\extensions\redhat.java-1.56.0-win32-x64\jre\21.0.12.1-win32-x86_64\bin\nio.dll
0x00007ffdd1b60000 - 0x00007ffdd1b70000 	C:\Users\AJI\.vscode\extensions\redhat.java-1.56.0-win32-x64\jre\21.0.12.1-win32-x86_64\bin\verify.dll
0x00007ffd7fce0000 - 0x00007ffd7fd07000 	C:\Users\AJI\.gradle\native\1def1411415f61bf3af743bc5b6707747c0891f09f0c88961ee8f79bc544acac\windows-amd64\native-platform.dll
0x00007ffcf9e70000 - 0x00007ffcf9ee7000 	C:\Users\AJI\.gradle\native\0.2.8\x86_64-windows-gnu\gradle-fileevents.dll
0x00007ffdd17c0000 - 0x00007ffdd17ca000 	C:\Users\AJI\.vscode\extensions\redhat.java-1.56.0-win32-x64\jre\21.0.12.1-win32-x86_64\bin\management.dll
0x00007ffdd0ce0000 - 0x00007ffdd0cec000 	C:\Users\AJI\.vscode\extensions\redhat.java-1.56.0-win32-x64\jre\21.0.12.1-win32-x86_64\bin\management_ext.dll
0x00007ffe01b80000 - 0x00007ffe01b88000 	C:\WINDOWS\System32\PSAPI.DLL
0x00007ffdfd9b0000 - 0x00007ffdfd9e3000 	C:\WINDOWS\SYSTEM32\IPHLPAPI.DLL
0x00007ffdfff00000 - 0x00007ffdfff0a000 	C:\WINDOWS\System32\NSI.dll
0x00007ffdd0ba0000 - 0x00007ffdd0ba9000 	C:\Users\AJI\.vscode\extensions\redhat.java-1.56.0-win32-x64\jre\21.0.12.1-win32-x86_64\bin\extnet.dll
0x00007ffdfe8e0000 - 0x00007ffdfe8fb000 	C:\WINDOWS\SYSTEM32\CRYPTSP.dll
0x00007ffdfdf90000 - 0x00007ffdfdfc9000 	C:\WINDOWS\system32\rsaenh.dll
0x00007ffdfe6a0000 - 0x00007ffdfe6d4000 	C:\WINDOWS\SYSTEM32\USERENV.dll
0x00007ffdff250000 - 0x00007ffdff27a000 	C:\WINDOWS\SYSTEM32\bcrypt.dll
0x00007ffdfe900000 - 0x00007ffdfe90c000 	C:\WINDOWS\SYSTEM32\CRYPTBASE.dll
0x00007ffdd0640000 - 0x00007ffdd064e000 	C:\Users\AJI\.vscode\extensions\redhat.java-1.56.0-win32-x64\jre\21.0.12.1-win32-x86_64\bin\sunmscapi.dll
0x00007ffdffb00000 - 0x00007ffdffc7e000 	C:\WINDOWS\System32\CRYPT32.dll
0x00007ffdfeb20000 - 0x00007ffdfeb50000 	C:\WINDOWS\SYSTEM32\ncrypt.dll
0x00007ffdfead0000 - 0x00007ffdfeb0f000 	C:\WINDOWS\SYSTEM32\NTASN1.dll
0x00007ffdd4f00000 - 0x00007ffdd4f08000 	C:\WINDOWS\system32\wshunix.dll

JVMTI agents:
C:\Users\AJI\.gradle\wrapper\dists\gradle-9.1.0-all\7wzd0jkjit61aq2p43wpjgij9\gradle-9.1.0\lib\agents\gradle-instrumentation-agent-9.1.0.jar path:C:\Users\AJI\.vscode\extensions\redhat.java-1.56.0-win32-x64\jre\21.0.12.1-win32-x86_64\bin\instrument.dll, loaded, initialized, instrumentlib options:none

dbghelp: loaded successfully - version: 4.0.5 - missing functions: none
symbol engine: initialized successfully - sym options: 0x614 - pdb path: .;C:\Users\AJI\.vscode\extensions\redhat.java-1.56.0-win32-x64\jre\21.0.12.1-win32-x86_64\bin;C:\WINDOWS\SYSTEM32;C:\WINDOWS\WinSxS\amd64_microsoft.windows.common-controls_6595b64144ccf1df_6.0.26100.9278_none_3e0d1ba8e3303201;C:\Users\AJI\.vscode\extensions\redhat.java-1.56.0-win32-x64\jre\21.0.12.1-win32-x86_64\bin\server;C:\Users\AJI\.gradle\native\1def1411415f61bf3af743bc5b6707747c0891f09f0c88961ee8f79bc544acac\windows-amd64;C:\Users\AJI\.gradle\native\0.2.8\x86_64-windows-gnu

VM Arguments:
jvm_args: --add-opens=java.base/java.lang=ALL-UNNAMED --add-opens=java.base/java.lang.invoke=ALL-UNNAMED --add-opens=java.base/java.util=ALL-UNNAMED --add-opens=java.prefs/java.util.prefs=ALL-UNNAMED --add-exports=jdk.compiler/com.sun.tools.javac.api=ALL-UNNAMED --add-exports=jdk.compiler/com.sun.tools.javac.util=ALL-UNNAMED --add-opens=java.base/java.util=ALL-UNNAMED --add-opens=java.prefs/java.util.prefs=ALL-UNNAMED --add-opens=java.base/java.nio.charset=ALL-UNNAMED --add-opens=java.base/java.net=ALL-UNNAMED --add-opens=java.base/java.util.concurrent=ALL-UNNAMED --add-opens=java.base/java.util.concurrent.atomic=ALL-UNNAMED --add-opens=java.xml/javax.xml.namespace=ALL-UNNAMED --add-opens=java.base/java.time=ALL-UNNAMED -XX:MaxMetaspaceSize=4G -XX:ReservedCodeCacheSize=512m -XX:+HeapDumpOnOutOfMemoryError -Xmx8G -Dfile.encoding=UTF-8 -Duser.country=IN -Duser.language=en -Duser.variant -javaagent:C:\Users\AJI\.gradle\wrapper\dists\gradle-9.1.0-all\7wzd0jkjit61aq2p43wpjgij9\gradle-9.1.0\lib\agents\gradle-instrumentation-agent-9.1.0.jar 
java_command: org.gradle.launcher.daemon.bootstrap.GradleDaemon 9.1.0
java_class_path (initial): C:\Users\AJI\.gradle\wrapper\dists\gradle-9.1.0-all\7wzd0jkjit61aq2p43wpjgij9\gradle-9.1.0\lib\gradle-daemon-main-9.1.0.jar
Launcher Type: SUN_STANDARD

[Global flags]
     intx CICompilerCount                          = 12                                        {product} {ergonomic}
     uint ConcGCThreads                            = 4                                         {product} {ergonomic}
     uint G1ConcRefinementThreads                  = 15                                        {product} {ergonomic}
   size_t G1HeapRegionSize                         = 4194304                                   {product} {ergonomic}
    uintx GCDrainStackTargetSize                   = 64                                        {product} {ergonomic}
     bool HeapDumpOnOutOfMemoryError               = true                                   {manageable} {command line}
   size_t InitialHeapSize                          = 264241152                                 {product} {ergonomic}
   size_t MarkStackSize                            = 4194304                                   {product} {ergonomic}
   size_t MaxHeapSize                              = 8589934592                                {product} {command line}
   size_t MaxMetaspaceSize                         = 4294967296                                {product} {command line}
   size_t MaxNewSize                               = 5150605312                                {product} {ergonomic}
   size_t MinHeapDeltaBytes                        = 4194304                                   {product} {ergonomic}
   size_t MinHeapSize                              = 8388608                                   {product} {ergonomic}
    uintx NonNMethodCodeHeapSize                   = 7602480                                {pd product} {ergonomic}
    uintx NonProfiledCodeHeapSize                  = 264634216                              {pd product} {ergonomic}
    uintx ProfiledCodeHeapSize                     = 264634216                              {pd product} {ergonomic}
    uintx ReservedCodeCacheSize                    = 536870912                              {pd product} {command line}
     bool SegmentedCodeCache                       = true                                      {product} {ergonomic}
   size_t SoftMaxHeapSize                          = 8589934592                             {manageable} {ergonomic}
     bool UseCompressedOops                        = true                           {product lp64_product} {ergonomic}
     bool UseG1GC                                  = true                                      {product} {ergonomic}
     bool UseLargePagesIndividualAllocation        = false                                  {pd product} {ergonomic}

Logging:
Log output configuration:
 #0: stdout all=warning uptime,level,tags foldmultilines=false
 #1: stderr all=off uptime,level,tags foldmultilines=false

Release file:
JAVA_VERSION="21.0.12.1" 
MODULES="java.base java.compiler java.datatransfer java.xml java.prefs java.desktop java.instrument java.logging java.management java.security.sasl java.naming java.rmi java.management.rmi java.net.http java.scripting java.security.jgss java.transaction.xa java.sql java.sql.rowset java.xml.crypto java.se java.smartcardio jdk.accessibility jdk.internal.jvmstat jdk.attach jdk.charsets jdk.internal.opt jdk.zipfs jdk.compiler jdk.crypto.ec jdk.crypto.cryptoki jdk.crypto.mscapi jdk.dynalink jdk.internal.ed jdk.editpad jdk.hotspot.agent jdk.httpserver jdk.internal.le jdk.internal.vm.ci jdk.internal.vm.compiler jdk.internal.vm.compiler.management jdk.jartool jdk.javadoc jdk.jcmd jdk.management jdk.management.agent jdk.jconsole jdk.jdeps jdk.jdwp.agent jdk.jdi jdk.jfr jdk.jshell jdk.jsobject jdk.jstatd jdk.localedata jdk.management.jfr jdk.naming.dns jdk.naming.rmi jdk.net jdk.nio.mapmode jdk.random jdk.sctp jdk.security.auth jdk.security.jgss jdk.unsupported jdk.unsupported.desktop jdk.xml.dom" 

Environment Variables:
JAVA_HOME=C:\Program Files\Java\jdk-17
PATH=C:\Python314\Scripts\;C:\Python314\;C:\Program Files\Eclipse Adoptium\jdk-25.0.3.9-hotspot\bin;C:\Program Files\Microsoft\jdk-11.0.16.101-hotspot\bin;C:\WINDOWS\system32;C:\WINDOWS;C:\WINDOWS\System32\Wbem;C:\WINDOWS\System32\WindowsPowerShell\v1.0\;C:\WINDOWS\System32\OpenSSH\;C:\Program Files\dotnet\;C:\MinGW\bin;C:\ProgramData\chocolatey\bin;C:\Users\AJI\AppData\Local\Pub\Cache\bin;C:\Program Files\Java\jdk-17\bin;d:\cursor\resources\app\bin;C:\Users\AJI\develop\flutter\bin;C:\Users\AJI\.local\bin;D:\node\node_modules\npm\bin;D:\node\;C:\Program Files\nodejs\;C:\Program Files\nodejs\node_modules\npm\bin;C:\Users\AJI\Documents\MONGO\mongosh-2.9.2-win32-x64\bin;C:\xampp\php;C:\Program Files\Git\cmd;C:\Users\AJI\AppData\Local\Programs\Python\Python312\Scripts\;C:\Users\AJI\AppData\Local\Programs\Python\Python312\;C:\Users\AJI\.local\bin;C:\Users\AJI\AppData\Local\Microsoft\WindowsApps;D:\IntelliJ IDEA Community Edition 2023.1.5\bin;;C:\mingw64\bin;C:\Users\AJI\.dotnet\tools;C:\Users\AJI\Documents\flutter_windows_3.13.4-stable\flutter\bin;C:\Users\AJI\AppData\Local\Pub\Cache\bin;D:\flutter_pub_cache;C:\Users\AJI\AppData\Local\Android\Sdk;C:\Program Files\Java\jdk-17\bin;D:\rider\JetBrains Rider 2024.3.7\bin;;D:\Program Files\Microsoft VS Code\bin;D:\freelanceing\cursor\resources\app\bin;C:\Users\AJI\AppData\Local\Programs\Microsoft VS Code\bin;C:\Users\AJI\AppData\Local\Programs\cursor\resources\app\bin;C:\Users\AJI\AppData\Roaming\npm
USERNAME=AJI
OS=Windows_NT
PROCESSOR_IDENTIFIER=Intel64 Family 6 Model 154 Stepping 3, GenuineIntel
TMP=C:\Users\AJI\AppData\Local\Temp
TEMP=C:\Users\AJI\AppData\Local\Temp




Periodic native trim disabled

---------------  S Y S T E M  ---------------

OS:
 Windows 11 , 64 bit Build 26100 (10.0.26100.9444)
OS uptime: 0 days 0:14 hours
Hyper-V role detected

CPU: total 20 (initial active 20) (10 cores per cpu, 2 threads per core) family 6 model 154 stepping 3 microcode 0x43b, cx8, cmov, fxsr, ht, mmx, 3dnowpref, sse, sse2, sse3, ssse3, sse4.1, sse4.2, popcnt, lzcnt, tsc, tscinvbit, avx, avx2, aes, erms, clmul, bmi1, bmi2, adx, sha, fma, vzeroupper, clflush, clflushopt, clwb, hv, serialize, rdtscp, rdpid, fsrm, f16c, cet_ibt, cet_ss
Processor Information for processor 0
  Max Mhz: 2300, Current Mhz: 2300, Mhz Limit: 2300
Processor Information for processor 1
  Max Mhz: 2300, Current Mhz: 2300, Mhz Limit: 2300
Processor Information for processor 2
  Max Mhz: 2300, Current Mhz: 2300, Mhz Limit: 2300
Processor Information for processor 3
  Max Mhz: 2300, Current Mhz: 2300, Mhz Limit: 2300
Processor Information for processor 4
  Max Mhz: 2300, Current Mhz: 2300, Mhz Limit: 2300
Processor Information for processor 5
  Max Mhz: 2300, Current Mhz: 2300, Mhz Limit: 2300
Processor Information for processor 6
  Max Mhz: 2300, Current Mhz: 2300, Mhz Limit: 2300
Processor Information for processor 7
  Max Mhz: 2300, Current Mhz: 2300, Mhz Limit: 2300
Processor Information for processor 8
  Max Mhz: 2300, Current Mhz: 2300, Mhz Limit: 2300
Processor Information for processor 9
  Max Mhz: 2300, Current Mhz: 2300, Mhz Limit: 2300
Processor Information for processor 10
  Max Mhz: 2300, Current Mhz: 2300, Mhz Limit: 2300
Processor Information for processor 11
  Max Mhz: 2300, Current Mhz: 2300, Mhz Limit: 2300
Processor Information for processor 12
  Max Mhz: 2300, Current Mhz: 1488, Mhz Limit: 2300
Processor Information for processor 13
  Max Mhz: 2300, Current Mhz: 2300, Mhz Limit: 2300
Processor Information for processor 14
  Max Mhz: 2300, Current Mhz: 2300, Mhz Limit: 2300
Processor Information for processor 15
  Max Mhz: 2300, Current Mhz: 2300, Mhz Limit: 2300
Processor Information for processor 16
  Max Mhz: 2300, Current Mhz: 1488, Mhz Limit: 2300
Processor Information for processor 17
  Max Mhz: 2300, Current Mhz: 2300, Mhz Limit: 2300
Processor Information for processor 18
  Max Mhz: 2300, Current Mhz: 1488, Mhz Limit: 2300
Processor Information for processor 19
  Max Mhz: 2300, Current Mhz: 1488, Mhz Limit: 2300

Memory: 4k page, system-wide physical 16068M (992M free)
TotalPageFile size 65220M (AvailPageFile size 829M)
current process WorkingSet (physical memory assigned to process): 259M, peak: 259M
current process commit charge ("private bytes"): 382M, peak: 430M

vm_info: OpenJDK 64-Bit Server VM (21.0.12.1+1-LTS) for windows-amd64 JRE (21.0.12.1+1-LTS), built on 2026-08-18T00:00:00Z by "admin" with MS VC++ 17.12 (VS2022)

END.
