#
# There is insufficient memory for the Java Runtime Environment to continue.
# Native memory allocation (malloc) failed to allocate 1225504 bytes. Error detail: Chunk::new
# Possible reasons:
#   The system is out of physical RAM or swap space
#   This process is running with CompressedOops enabled, and the Java Heap may be blocking the growth of the native heap
# Possible solutions:
#   Reduce memory load on the system
#   Increase physical memory or swap space
#   Check if swap backing store is full
#   Decrease Java heap size (-Xmx/-Xms)
#   Decrease number of Java threads
#   Decrease Java thread stack sizes (-Xss)
#   Set larger code cache with -XX:ReservedCodeCacheSize=
#   JVM is running with Zero Based Compressed Oops mode in which the Java heap is
#     placed in the first 32GB address space. The Java Heap base address is the
#     maximum limit for the native heap growth. Please use -XX:HeapBaseMinAddress
#     to set the Java Heap base and to place the Java Heap above 32GB virtual address.
# This output file may be truncated or incomplete.
#
#  Out of Memory Error (arena.cpp:168), pid=28636, tid=48780
#
# JRE version: OpenJDK Runtime Environment Temurin-21.0.12.1+1 (21.0.12.1+1) (build 21.0.12.1+1-LTS)
# Java VM: OpenJDK 64-Bit Server VM Temurin-21.0.12.1+1 (21.0.12.1+1-LTS, mixed mode, sharing, tiered, compressed oops, compressed class ptrs, g1 gc, windows-amd64)
# No core dump will be written. Minidumps are not enabled by default on client versions of Windows
#

---------------  S U M M A R Y ------------

Command Line: --add-opens=java.base/java.lang=ALL-UNNAMED --add-opens=java.base/java.lang.invoke=ALL-UNNAMED --add-opens=java.base/java.util=ALL-UNNAMED --add-opens=java.prefs/java.util.prefs=ALL-UNNAMED --add-exports=jdk.compiler/com.sun.tools.javac.api=ALL-UNNAMED --add-exports=jdk.compiler/com.sun.tools.javac.util=ALL-UNNAMED --add-opens=java.base/java.util=ALL-UNNAMED --add-opens=java.prefs/java.util.prefs=ALL-UNNAMED --add-opens=java.base/java.nio.charset=ALL-UNNAMED --add-opens=java.base/java.net=ALL-UNNAMED --add-opens=java.base/java.util.concurrent=ALL-UNNAMED --add-opens=java.base/java.util.concurrent.atomic=ALL-UNNAMED --add-opens=java.xml/javax.xml.namespace=ALL-UNNAMED --add-opens=java.base/java.time=ALL-UNNAMED -XX:MaxMetaspaceSize=4G -XX:ReservedCodeCacheSize=512m -XX:+HeapDumpOnOutOfMemoryError -Xmx8G -Dfile.encoding=UTF-8 -Duser.country=IN -Duser.language=en -Duser.variant -javaagent:C:\Users\AJI\.gradle\wrapper\dists\gradle-9.1.0-all\7wzd0jkjit61aq2p43wpjgij9\gradle-9.1.0\lib\agents\gradle-instrumentation-agent-9.1.0.jar org.gradle.launcher.daemon.bootstrap.GradleDaemon 9.1.0

Host: 12th Gen Intel(R) Core(TM) i7-12700H, 20 cores, 15G,  Windows 11 , 64 bit Build 26100 (10.0.26100.9444)
Time: Thu Sep 17 09:16:21 2026 India Standard Time elapsed time: 302.545695 seconds (0d 0h 5m 2s)

---------------  T H R E A D  ---------------

Current thread (0x000001d97f01ee40):  JavaThread "C2 CompilerThread0" daemon [_thread_in_native, id=48780, stack(0x000000a650c00000,0x000000a650d00000) (1024K)]


Current CompileTask:
C2:302545 11253   !   4       org.gradle.internal.service.DefaultServiceRegistry$ManagedObjectServiceProvider::getInstance (47 bytes)

Stack: [0x000000a650c00000,0x000000a650d00000]
Native frames: (J=compiled Java code, j=interpreted, Vv=VM code, C=native code)
V  [jvm.dll+0x6d83e9]
V  [jvm.dll+0x8b5736]
V  [jvm.dll+0x8b7cee]
V  [jvm.dll+0x8b83d3]
V  [jvm.dll+0x284596]
V  [jvm.dll+0xc685d]
V  [jvm.dll+0xc6da1]
V  [jvm.dll+0x3bf18b]
V  [jvm.dll+0x1e4149]
V  [jvm.dll+0x24c853]
V  [jvm.dll+0x24bce0]
V  [jvm.dll+0x1cb4ae]
V  [jvm.dll+0x25baad]
V  [jvm.dll+0x25a03a]
V  [jvm.dll+0x3f8aae]
V  [jvm.dll+0x8600cd]
V  [jvm.dll+0x6d6c1d]
C  [ucrtbase.dll+0x2cd30]
C  [KERNEL32.DLL+0x2cd87]
C  [ntdll.dll+0xacaec]


---------------  P R O C E S S  ---------------

Threads class SMR info:
_java_thread_list=0x000001d9621f4950, length=234, elements={
0x000001d969d71f40, 0x000001d977f322b0, 0x000001d977f33020, 0x000001d977f38470,
0x000001d977f397c0, 0x000001d97f0081c0, 0x000001d97f00d210, 0x000001d97f01ee40,
0x000001d97f021d10, 0x000001d97f2a1900, 0x000001d97f2a2620, 0x000001d97f29f1a0,
0x000001d97f2a1270, 0x000001d97f29f830, 0x000001d97f29fec0, 0x000001d97f2a0550,
0x000001d961efb5d0, 0x000001d961efc2f0, 0x000001d961efd6a0, 0x000001d961efaf40,
0x000001d961efbc60, 0x000001d961efc980, 0x000001d961efd010, 0x000001d961efdd30,
0x000001d961effe00, 0x000001d961f01ed0, 0x000001d961f00b20, 0x000001d961f00490,
0x000001d961f011b0, 0x000001d961f01840, 0x000001d961efea50, 0x000001d963fc7060,
0x000001d963fc8aa0, 0x000001d963fc9e50, 0x000001d963fc8410, 0x000001d963fc76f0,
0x000001d963fcb200, 0x000001d963fca4e0, 0x000001d963fc7d80, 0x000001d963fcd2d0,
0x000001d963fce680, 0x000001d963fcb890, 0x000001d963fcd960, 0x000001d963fcbf20,
0x000001d963fcc5b0, 0x000001d963fcdff0, 0x000001d963fccc40, 0x000001d961efa8b0,
0x000001d962cd3870, 0x000001d962cd4590, 0x000001d962cd1e30, 0x000001d962cd3f00,
0x000001d962cd17a0, 0x000001d962cd31e0, 0x000001d962cd2b50, 0x000001d962cd1110,
0x000001d962cd24c0, 0x000001d962cd5fd0, 0x000001d962cd52b0, 0x000001d962cd6cf0,
0x000001d962cd80a0, 0x000001d962cd4c20, 0x000001d962cd8730, 0x000001d962cd5940,
0x000001d962cd6660, 0x000001d962cd7380, 0x000001d962cd7a10, 0x000001d962da4be0,
0x000001d962da3830, 0x000001d962da5f90, 0x000001d962da4550, 0x000001d962da5270,
0x000001d962da6620, 0x000001d962da3ec0, 0x000001d962da8060, 0x000001d962da86f0,
0x000001d962da6cb0, 0x000001d962da8d80, 0x000001d962da5900, 0x000001d962da9410,
0x000001d962da9aa0, 0x000001d962daa130, 0x000001d962daa7c0, 0x000001d962da7340,
0x000001d962da79d0, 0x000001d962daae50, 0x000001d962f57a10, 0x000001d962f59450,
0x000001d962f59ae0, 0x000001d962f580a0, 0x000001d962f56660, 0x000001d962f58730,
0x000001d962f5a170, 0x000001d962f58dc0, 0x000001d962f56cf0, 0x000001d962f5a800,
0x000001d962f57380, 0x000001d962f5ae90, 0x000001d962f5b520, 0x000001d962f5d5f0,
0x000001d962f5dc80, 0x000001d962f5c240, 0x000001d963c4c050, 0x000001d963c4aca0,
0x000001d963c4b330, 0x000001d963c49f80, 0x000001d963c49260, 0x000001d963c4b9c0,
0x000001d963c48bd0, 0x000001d963c498f0, 0x000001d963c4e120, 0x000001d963c4e7b0,
0x000001d963c4ee40, 0x000001d963c4f4d0, 0x000001d963c4fb60, 0x000001d963c4c6e0,
0x000001d963c501f0, 0x000001d963c4da90, 0x000001d963c4cd70, 0x000001d963c4d400,
0x000001d97f89d030, 0x000001d97f89c9a0, 0x000001d97f89a8d0, 0x000001d97f89bc80,
0x000001d97f89a240, 0x000001d97f89c310, 0x000001d97f899bb0, 0x000001d97f89d6c0,
0x000001d97f89dd50, 0x000001d97f89e3e0, 0x000001d97f89af60, 0x000001d97f89ea70,
0x000001d97f89b5f0, 0x000001d97f89f100, 0x000001d97f89f790, 0x000001d97f8a0b40,
0x000001d97f89fe20, 0x000001d97f8a04b0, 0x000001d97f8a11d0, 0x000001d965bb8190,
0x000001d965bb8820, 0x000001d965bb7b00, 0x000001d965bb9540, 0x000001d965bb8eb0,
0x000001d965bb9bd0, 0x000001d965bba260, 0x000001d965bbd6e0, 0x000001d965bbc330,
0x000001d965bba8f0, 0x000001d965bbbca0, 0x000001d965bbc9c0, 0x000001d965bbd050,
0x000001d965bbdd70, 0x000001d965bbe400, 0x000001d965bbaf80, 0x000001d965bbea90,
0x000001d965bbb610, 0x000001d965bbf120, 0x000001d964bca7a0, 0x000001d964bcdc20,
0x000001d964bcd590, 0x000001d964bccf00, 0x000001d964bcc1e0, 0x000001d964bce2b0,
0x000001d964bcae30, 0x000001d964bcb4c0, 0x000001d964bcc870, 0x000001d964bce940,
0x000001d964bcefd0, 0x000001d964bcbb50, 0x000001d964bd1dc0, 0x000001d964bd2450,
0x000001d964bd10a0, 0x000001d964bcf660, 0x000001d964bd3170, 0x000001d964bcfcf0,
0x000001d964bd0a10, 0x000001d964bd1730, 0x000001d964bd3800, 0x000001d964bd2ae0,
0x000001d964bd0380, 0x000001d964bd6c80, 0x000001d964bd5f60, 0x000001d964bd3e90,
0x000001d964bd65f0, 0x000001d964bd7310, 0x000001d964bd4520, 0x000001d964bd4bb0,
0x000001d964bd86c0, 0x000001d964bd8030, 0x000001d964bd79a0, 0x000001d964bd5240,
0x000001d964bd8d50, 0x000001d964bd58d0, 0x000001d964bd93e0, 0x000001d964bd9a70,
0x000001d965df6f70, 0x000001d965df4ea0, 0x000001d965df5bc0, 0x000001d965df7600,
0x000001d965df4180, 0x000001d965df68e0, 0x000001d965df7c90, 0x000001d965df8320,
0x000001d965df4810, 0x000001d965df89b0, 0x000001d965df6250, 0x000001d965dfaa80,
0x000001d965df5530, 0x000001d965df9040, 0x000001d965df96d0, 0x000001d965dfbe30,
0x000001d965dfc4c0, 0x000001d965dfb7a0, 0x000001d965dfcb50, 0x000001d965dfd870,
0x000001d965dfa3f0, 0x000001d965dfdf00, 0x000001d965dfe590, 0x000001d965dfb110,
0x000001d965e00660, 0x000001d965e00cf0, 0x000001d965e01380, 0x000001d965e01a10,
0x000001d965dff940, 0x000001d965dfec20, 0x000001d965dff2b0, 0x000001d965e02dc0,
0x000001d965e03450, 0x000001d965dfffd0, 0x000001d965e020a0, 0x000001d965e02730,
0x000001d97f2a1f90, 0x000001d9645490b0
}

Java Threads: ( => current thread )
  0x000001d969d71f40 JavaThread "main"                              [_thread_blocked, id=48712, stack(0x000000a64fe00000,0x000000a64ff00000) (1024K)]
  0x000001d977f322b0 JavaThread "Reference Handler"          daemon [_thread_blocked, id=48916, stack(0x000000a650600000,0x000000a650700000) (1024K)]
  0x000001d977f33020 JavaThread "Finalizer"                  daemon [_thread_blocked, id=48920, stack(0x000000a650700000,0x000000a650800000) (1024K)]
  0x000001d977f38470 JavaThread "Signal Dispatcher"          daemon [_thread_blocked, id=48924, stack(0x000000a650800000,0x000000a650900000) (1024K)]
  0x000001d977f397c0 JavaThread "Attach Listener"            daemon [_thread_blocked, id=48940, stack(0x000000a650900000,0x000000a650a00000) (1024K)]
  0x000001d97f0081c0 JavaThread "Service Thread"             daemon [_thread_blocked, id=48948, stack(0x000000a650a00000,0x000000a650b00000) (1024K)]
  0x000001d97f00d210 JavaThread "Monitor Deflation Thread"   daemon [_thread_blocked, id=48792, stack(0x000000a650b00000,0x000000a650c00000) (1024K)]
=>0x000001d97f01ee40 JavaThread "C2 CompilerThread0"         daemon [_thread_in_native, id=48780, stack(0x000000a650c00000,0x000000a650d00000) (1024K)]
  0x000001d97f021d10 JavaThread "C1 CompilerThread0"         daemon [_thread_blocked, id=48756, stack(0x000000a650d00000,0x000000a650e00000) (1024K)]
  0x000001d97f2a1900 JavaThread "Common-Cleaner"             daemon [_thread_blocked, id=49052, stack(0x000000a650e00000,0x000000a650f00000) (1024K)]
  0x000001d97f2a2620 JavaThread "Notification Thread"        daemon [_thread_blocked, id=27908, stack(0x000000a650f00000,0x000000a651000000) (1024K)]
  0x000001d97f29f1a0 JavaThread "Daemon health stats"               [_thread_blocked, id=49256, stack(0x000000a651500000,0x000000a651600000) (1024K)]
  0x000001d97f2a1270 JavaThread "Incoming local TCP Connector on port 9302"        [_thread_in_native, id=43000, stack(0x000000a651600000,0x000000a651700000) (1024K)]
  0x000001d97f29f830 JavaThread "Daemon periodic checks"            [_thread_blocked, id=12496, stack(0x000000a651700000,0x000000a651800000) (1024K)]
  0x000001d97f29fec0 JavaThread "Daemon"                            [_thread_blocked, id=2824, stack(0x000000a651800000,0x000000a651900000) (1024K)]
  0x000001d97f2a0550 JavaThread "Handler for socket connection from /127.0.0.1:9302 to /127.0.0.1:9303"        [_thread_in_native, id=12004, stack(0x000000a651900000,0x000000a651a00000) (1024K)]
  0x000001d961efb5d0 JavaThread "Cancel handler"                    [_thread_blocked, id=35212, stack(0x000000a652200000,0x000000a652300000) (1024K)]
  0x000001d961efc2f0 JavaThread "Daemon worker"                     [_thread_blocked, id=44176, stack(0x000000a652300000,0x000000a652400000) (1024K)]
  0x000001d961efd6a0 JavaThread "Asynchronous log dispatcher for DefaultDaemonConnection: socket connection from /127.0.0.1:9302 to /127.0.0.1:9303"        [_thread_blocked, id=33888, stack(0x000000a652400000,0x000000a652500000) (1024K)]
  0x000001d961efaf40 JavaThread "Stdin handler"                     [_thread_blocked, id=8280, stack(0x000000a652500000,0x000000a652600000) (1024K)]
  0x000001d961efbc60 JavaThread "Daemon client event forwarder"        [_thread_blocked, id=42600, stack(0x000000a652600000,0x000000a652700000) (1024K)]
  0x000001d961efc980 JavaThread "Cache worker for journal cache (C:\Users\AJI\.gradle\caches\journal-1)"        [_thread_blocked, id=32308, stack(0x000000a652700000,0x000000a652800000) (1024K)]
  0x000001d961efd010 JavaThread "File lock request listener"        [_thread_in_native, id=3344, stack(0x000000a652800000,0x000000a652900000) (1024K)]
  0x000001d961efdd30 JavaThread "Cache worker for file hash cache (C:\Users\AJI\.gradle\caches\9.1.0\fileHashes)"        [_thread_blocked, id=9372, stack(0x000000a652900000,0x000000a652a00000) (1024K)]
  0x000001d961effe00 JavaThread "Cache worker for file hash cache (C:\Users\AJI\Documents\Gostriders\gostriders\android\.gradle\9.1.0\fileHashes)"        [_thread_blocked, id=50464, stack(0x000000a653100000,0x000000a653200000) (1024K)]
  0x000001d961f01ed0 JavaThread "Cache worker for Build Output Cleanup Cache (C:\Users\AJI\Documents\Gostriders\gostriders\android\.gradle\buildOutputCleanup)"        [_thread_blocked, id=50468, stack(0x000000a653200000,0x000000a653300000) (1024K)]
  0x000001d961f00b20 JavaThread "File watcher server"        daemon [_thread_in_native, id=50572, stack(0x000000a653300000,0x000000a653400000) (1024K)]
  0x000001d961f00490 JavaThread "File watcher consumer"      daemon [_thread_blocked, id=50584, stack(0x000000a653400000,0x000000a653500000) (1024K)]
  0x000001d961f011b0 JavaThread "Cache worker for checksums cache (C:\Users\AJI\Documents\Gostriders\gostriders\android\.gradle\9.1.0\checksums)"        [_thread_blocked, id=50776, stack(0x000000a652b00000,0x000000a652c00000) (1024K)]
  0x000001d961f01840 JavaThread "Cache worker for file content cache (C:\Users\AJI\.gradle\caches\9.1.0\fileContent)"        [_thread_blocked, id=50860, stack(0x000000a653500000,0x000000a653600000) (1024K)]
  0x000001d961efea50 JavaThread "Cache worker for cache directory md-supplier (C:\Users\AJI\.gradle\caches\9.1.0\md-supplier)"        [_thread_blocked, id=50964, stack(0x000000a653600000,0x000000a653700000) (1024K)]
  0x000001d963fc7060 JavaThread "Cache worker for cache directory md-rule (C:\Users\AJI\.gradle\caches\9.1.0\md-rule)"        [_thread_blocked, id=50980, stack(0x000000a653700000,0x000000a653800000) (1024K)]
  0x000001d963fc8aa0 JavaThread "File lock release action executor Thread 2"        [_thread_blocked, id=35700, stack(0x000000a64fb00000,0x000000a64fc00000) (1024K)]
  0x000001d963fc9e50 JavaThread "Cache worker for Build Output Cleanup Cache (C:\Users\AJI\develop\flutter\packages\flutter_tools\gradle\.gradle\buildOutputCleanup)"        [_thread_blocked, id=65864, stack(0x000000a653000000,0x000000a653100000) (1024K)]
  0x000001d963fc8410 JavaThread "Unconstrained build operations"        [_thread_blocked, id=46124, stack(0x000000a64fc00000,0x000000a64fd00000) (1024K)]
  0x000001d963fc76f0 JavaThread "Unconstrained build operations Thread 2"        [_thread_blocked, id=34656, stack(0x000000a64fd00000,0x000000a64fe00000) (1024K)]
  0x000001d963fcb200 JavaThread "Unconstrained build operations Thread 3"        [_thread_blocked, id=77468, stack(0x000000a652a00000,0x000000a652b00000) (1024K)]
  0x000001d963fca4e0 JavaThread "Unconstrained build operations Thread 4"        [_thread_blocked, id=74248, stack(0x000000a653800000,0x000000a653900000) (1024K)]
  0x000001d963fc7d80 JavaThread "Unconstrained build operations Thread 5"        [_thread_blocked, id=56168, stack(0x000000a653900000,0x000000a653a00000) (1024K)]
  0x000001d963fcd2d0 JavaThread "Unconstrained build operations Thread 6"        [_thread_blocked, id=18168, stack(0x000000a653a00000,0x000000a653b00000) (1024K)]
  0x000001d963fce680 JavaThread "Unconstrained build operations Thread 7"        [_thread_blocked, id=59612, stack(0x000000a653b00000,0x000000a653c00000) (1024K)]
  0x000001d963fcb890 JavaThread "Unconstrained build operations Thread 8"        [_thread_blocked, id=43536, stack(0x000000a653c00000,0x000000a653d00000) (1024K)]
  0x000001d963fcd960 JavaThread "Unconstrained build operations Thread 9"        [_thread_blocked, id=64792, stack(0x000000a653d00000,0x000000a653e00000) (1024K)]
  0x000001d963fcbf20 JavaThread "Unconstrained build operations Thread 10"        [_thread_blocked, id=55348, stack(0x000000a653e00000,0x000000a653f00000) (1024K)]
  0x000001d963fcc5b0 JavaThread "Unconstrained build operations Thread 11"        [_thread_blocked, id=44868, stack(0x000000a653f00000,0x000000a654000000) (1024K)]
  0x000001d963fcdff0 JavaThread "Unconstrained build operations Thread 12"        [_thread_blocked, id=72848, stack(0x000000a654000000,0x000000a654100000) (1024K)]
  0x000001d963fccc40 JavaThread "Unconstrained build operations Thread 13"        [_thread_blocked, id=74416, stack(0x000000a654100000,0x000000a654200000) (1024K)]
  0x000001d961efa8b0 JavaThread "Unconstrained build operations Thread 14"        [_thread_blocked, id=72296, stack(0x000000a654200000,0x000000a654300000) (1024K)]
  0x000001d962cd3870 JavaThread "Unconstrained build operations Thread 15"        [_thread_blocked, id=48016, stack(0x000000a654300000,0x000000a654400000) (1024K)]
  0x000001d962cd4590 JavaThread "Unconstrained build operations Thread 16"        [_thread_blocked, id=47188, stack(0x000000a654400000,0x000000a654500000) (1024K)]
  0x000001d962cd1e30 JavaThread "Unconstrained build operations Thread 17"        [_thread_blocked, id=37676, stack(0x000000a654500000,0x000000a654600000) (1024K)]
  0x000001d962cd3f00 JavaThread "Unconstrained build operations Thread 18"        [_thread_blocked, id=72732, stack(0x000000a654600000,0x000000a654700000) (1024K)]
  0x000001d962cd17a0 JavaThread "Unconstrained build operations Thread 19"        [_thread_blocked, id=71700, stack(0x000000a654700000,0x000000a654800000) (1024K)]
  0x000001d962cd31e0 JavaThread "Unconstrained build operations Thread 20"        [_thread_blocked, id=63840, stack(0x000000a654800000,0x000000a654900000) (1024K)]
  0x000001d962cd2b50 JavaThread "Unconstrained build operations Thread 21"        [_thread_blocked, id=44928, stack(0x000000a654900000,0x000000a654a00000) (1024K)]
  0x000001d962cd1110 JavaThread "Unconstrained build operations Thread 22"        [_thread_blocked, id=51316, stack(0x000000a654a00000,0x000000a654b00000) (1024K)]
  0x000001d962cd24c0 JavaThread "Unconstrained build operations Thread 23"        [_thread_blocked, id=53668, stack(0x000000a654b00000,0x000000a654c00000) (1024K)]
  0x000001d962cd5fd0 JavaThread "Unconstrained build operations Thread 24"        [_thread_blocked, id=8856, stack(0x000000a654c00000,0x000000a654d00000) (1024K)]
  0x000001d962cd52b0 JavaThread "Unconstrained build operations Thread 25"        [_thread_blocked, id=69220, stack(0x000000a654d00000,0x000000a654e00000) (1024K)]
  0x000001d962cd6cf0 JavaThread "Unconstrained build operations Thread 26"        [_thread_blocked, id=62748, stack(0x000000a654e00000,0x000000a654f00000) (1024K)]
  0x000001d962cd80a0 JavaThread "Unconstrained build operations Thread 27"        [_thread_blocked, id=51872, stack(0x000000a654f00000,0x000000a655000000) (1024K)]
  0x000001d962cd4c20 JavaThread "Unconstrained build operations Thread 28"        [_thread_blocked, id=68836, stack(0x000000a655000000,0x000000a655100000) (1024K)]
  0x000001d962cd8730 JavaThread "Unconstrained build operations Thread 29"        [_thread_blocked, id=52564, stack(0x000000a655100000,0x000000a655200000) (1024K)]
  0x000001d962cd5940 JavaThread "Unconstrained build operations Thread 30"        [_thread_blocked, id=58836, stack(0x000000a655200000,0x000000a655300000) (1024K)]
  0x000001d962cd6660 JavaThread "Unconstrained build operations Thread 31"        [_thread_blocked, id=30788, stack(0x000000a655300000,0x000000a655400000) (1024K)]
  0x000001d962cd7380 JavaThread "Unconstrained build operations Thread 32"        [_thread_blocked, id=12588, stack(0x000000a655400000,0x000000a655500000) (1024K)]
  0x000001d962cd7a10 JavaThread "Unconstrained build operations Thread 33"        [_thread_blocked, id=52664, stack(0x000000a655500000,0x000000a655600000) (1024K)]
  0x000001d962da4be0 JavaThread "Unconstrained build operations Thread 34"        [_thread_blocked, id=52560, stack(0x000000a655600000,0x000000a655700000) (1024K)]
  0x000001d962da3830 JavaThread "Unconstrained build operations Thread 35"        [_thread_blocked, id=2432, stack(0x000000a655700000,0x000000a655800000) (1024K)]
  0x000001d962da5f90 JavaThread "Unconstrained build operations Thread 36"        [_thread_blocked, id=17264, stack(0x000000a655800000,0x000000a655900000) (1024K)]
  0x000001d962da4550 JavaThread "Unconstrained build operations Thread 37"        [_thread_blocked, id=51980, stack(0x000000a655900000,0x000000a655a00000) (1024K)]
  0x000001d962da5270 JavaThread "Unconstrained build operations Thread 38"        [_thread_blocked, id=51956, stack(0x000000a655a00000,0x000000a655b00000) (1024K)]
  0x000001d962da6620 JavaThread "File lock release action executor Thread 3"        [_thread_blocked, id=78392, stack(0x000000a655b00000,0x000000a655c00000) (1024K)]
  0x000001d962da3ec0 JavaThread "Unconstrained build operations Thread 39"        [_thread_blocked, id=76320, stack(0x000000a656000000,0x000000a656100000) (1024K)]
  0x000001d962da8060 JavaThread "Unconstrained build operations Thread 40"        [_thread_blocked, id=76316, stack(0x000000a656100000,0x000000a656200000) (1024K)]
  0x000001d962da86f0 JavaThread "Unconstrained build operations Thread 41"        [_thread_blocked, id=76324, stack(0x000000a656200000,0x000000a656300000) (1024K)]
  0x000001d962da6cb0 JavaThread "Unconstrained build operations Thread 42"        [_thread_blocked, id=51988, stack(0x000000a656300000,0x000000a656400000) (1024K)]
  0x000001d962da8d80 JavaThread "Unconstrained build operations Thread 43"        [_thread_blocked, id=74616, stack(0x000000a656400000,0x000000a656500000) (1024K)]
  0x000001d962da5900 JavaThread "Unconstrained build operations Thread 44"        [_thread_blocked, id=75244, stack(0x000000a656500000,0x000000a656600000) (1024K)]
  0x000001d962da9410 JavaThread "Unconstrained build operations Thread 45"        [_thread_blocked, id=77308, stack(0x000000a656600000,0x000000a656700000) (1024K)]
  0x000001d962da9aa0 JavaThread "Unconstrained build operations Thread 46"        [_thread_blocked, id=40432, stack(0x000000a656700000,0x000000a656800000) (1024K)]
  0x000001d962daa130 JavaThread "Unconstrained build operations Thread 47"        [_thread_blocked, id=47968, stack(0x000000a656800000,0x000000a656900000) (1024K)]
  0x000001d962daa7c0 JavaThread "Unconstrained build operations Thread 48"        [_thread_blocked, id=56384, stack(0x000000a656900000,0x000000a656a00000) (1024K)]
  0x000001d962da7340 JavaThread "Unconstrained build operations Thread 49"        [_thread_blocked, id=32176, stack(0x000000a656a00000,0x000000a656b00000) (1024K)]
  0x000001d962da79d0 JavaThread "Unconstrained build operations Thread 50"        [_thread_blocked, id=40012, stack(0x000000a656b00000,0x000000a656c00000) (1024K)]
  0x000001d962daae50 JavaThread "Unconstrained build operations Thread 51"        [_thread_blocked, id=59460, stack(0x000000a656c00000,0x000000a656d00000) (1024K)]
  0x000001d962f57a10 JavaThread "Unconstrained build operations Thread 52"        [_thread_blocked, id=2980, stack(0x000000a656d00000,0x000000a656e00000) (1024K)]
  0x000001d962f59450 JavaThread "Unconstrained build operations Thread 53"        [_thread_blocked, id=1832, stack(0x000000a656e00000,0x000000a656f00000) (1024K)]
  0x000001d962f59ae0 JavaThread "Unconstrained build operations Thread 54"        [_thread_blocked, id=75804, stack(0x000000a656f00000,0x000000a657000000) (1024K)]
  0x000001d962f580a0 JavaThread "Unconstrained build operations Thread 55"        [_thread_blocked, id=56984, stack(0x000000a657000000,0x000000a657100000) (1024K)]
  0x000001d962f56660 JavaThread "Unconstrained build operations Thread 56"        [_thread_blocked, id=54856, stack(0x000000a657100000,0x000000a657200000) (1024K)]
  0x000001d962f58730 JavaThread "Unconstrained build operations Thread 57"        [_thread_blocked, id=74392, stack(0x000000a657200000,0x000000a657300000) (1024K)]
  0x000001d962f5a170 JavaThread "Memory manager"                    [_thread_blocked, id=52992, stack(0x000000a657500000,0x000000a657600000) (1024K)]
  0x000001d962f58dc0 JavaThread "File lock release action executor Thread 4"        [_thread_blocked, id=34184, stack(0x000000a655d00000,0x000000a655e00000) (1024K)]
  0x000001d962f56cf0 JavaThread "File lock release action executor Thread 5"        [_thread_blocked, id=45308, stack(0x000000a655e00000,0x000000a655f00000) (1024K)]
  0x000001d962f5a800 JavaThread "File lock release action executor Thread 6"        [_thread_blocked, id=45152, stack(0x000000a655f00000,0x000000a656000000) (1024K)]
  0x000001d962f57380 JavaThread "File lock release action executor Thread 7"        [_thread_blocked, id=58336, stack(0x000000a655c00000,0x000000a655d00000) (1024K)]
  0x000001d962f5ae90 JavaThread "File lock release action executor Thread 8"        [_thread_blocked, id=59840, stack(0x000000a657300000,0x000000a657400000) (1024K)]
  0x000001d962f5b520 JavaThread "File lock release action executor Thread 9"        [_thread_blocked, id=76548, stack(0x000000a657400000,0x000000a657500000) (1024K)]
  0x000001d962f5d5f0 JavaThread "File lock release action executor Thread 10"        [_thread_blocked, id=71836, stack(0x000000a657600000,0x000000a657700000) (1024K)]
  0x000001d962f5dc80 JavaThread "File lock release action executor Thread 11"        [_thread_blocked, id=77136, stack(0x000000a657700000,0x000000a657800000) (1024K)]
  0x000001d962f5c240 JavaThread "build event listener"              [_thread_blocked, id=75204, stack(0x000000a657a00000,0x000000a657b00000) (1024K)]
  0x000001d963c4c050 JavaThread "included builds"                   [_thread_blocked, id=60396, stack(0x000000a657800000,0x000000a657900000) (1024K)]
  0x000001d963c4aca0 JavaThread "Execution worker"                  [_thread_blocked, id=78200, stack(0x000000a657900000,0x000000a657a00000) (1024K)]
  0x000001d963c4b330 JavaThread "Execution worker Thread 2"         [_thread_blocked, id=10836, stack(0x000000a657c00000,0x000000a657d00000) (1024K)]
  0x000001d963c49f80 JavaThread "Execution worker Thread 3"         [_thread_blocked, id=52644, stack(0x000000a657d00000,0x000000a657e00000) (1024K)]
  0x000001d963c49260 JavaThread "Execution worker Thread 4"         [_thread_blocked, id=26708, stack(0x000000a657e00000,0x000000a657f00000) (1024K)]
  0x000001d963c4b9c0 JavaThread "Execution worker Thread 5"         [_thread_blocked, id=50392, stack(0x000000a657f00000,0x000000a658000000) (1024K)]
  0x000001d963c48bd0 JavaThread "Execution worker Thread 6"         [_thread_blocked, id=44892, stack(0x000000a658000000,0x000000a658100000) (1024K)]
  0x000001d963c498f0 JavaThread "Execution worker Thread 7"         [_thread_blocked, id=38892, stack(0x000000a658100000,0x000000a658200000) (1024K)]
  0x000001d963c4e120 JavaThread "Execution worker Thread 8"         [_thread_blocked, id=41828, stack(0x000000a658200000,0x000000a658300000) (1024K)]
  0x000001d963c4e7b0 JavaThread "Execution worker Thread 9"         [_thread_blocked, id=44668, stack(0x000000a658300000,0x000000a658400000) (1024K)]
  0x000001d963c4ee40 JavaThread "Execution worker Thread 10"        [_thread_blocked, id=26120, stack(0x000000a658400000,0x000000a658500000) (1024K)]
  0x000001d963c4f4d0 JavaThread "Execution worker Thread 11"        [_thread_blocked, id=36084, stack(0x000000a658500000,0x000000a658600000) (1024K)]
  0x000001d963c4fb60 JavaThread "Execution worker Thread 12"        [_thread_blocked, id=13136, stack(0x000000a658600000,0x000000a658700000) (1024K)]
  0x000001d963c4c6e0 JavaThread "Execution worker Thread 13"        [_thread_blocked, id=40932, stack(0x000000a658700000,0x000000a658800000) (1024K)]
  0x000001d963c501f0 JavaThread "Execution worker Thread 14"        [_thread_blocked, id=33964, stack(0x000000a658800000,0x000000a658900000) (1024K)]
  0x000001d963c4da90 JavaThread "Execution worker Thread 15"        [_thread_blocked, id=43772, stack(0x000000a658900000,0x000000a658a00000) (1024K)]
  0x000001d963c4cd70 JavaThread "Execution worker Thread 16"        [_thread_blocked, id=25024, stack(0x000000a658a00000,0x000000a658b00000) (1024K)]
  0x000001d963c4d400 JavaThread "Execution worker Thread 17"        [_thread_blocked, id=26364, stack(0x000000a658b00000,0x000000a658c00000) (1024K)]
  0x000001d97f89d030 JavaThread "Execution worker Thread 18"        [_thread_blocked, id=44808, stack(0x000000a658c00000,0x000000a658d00000) (1024K)]
  0x000001d97f89c9a0 JavaThread "Execution worker Thread 19"        [_thread_blocked, id=37940, stack(0x000000a658d00000,0x000000a658e00000) (1024K)]
  0x000001d97f89a8d0 JavaThread "Cache worker for execution history cache (C:\Users\AJI\develop\flutter\packages\flutter_tools\gradle\.gradle\9.1.0\executionHistory)"        [_thread_blocked, id=28248, stack(0x000000a658e00000,0x000000a658f00000) (1024K)]
  0x000001d97f89bc80 JavaThread "Unconstrained build operations Thread 58"        [_thread_blocked, id=31728, stack(0x000000a659000000,0x000000a659100000) (1024K)]
  0x000001d97f89a240 JavaThread "Unconstrained build operations Thread 59"        [_thread_blocked, id=50836, stack(0x000000a659100000,0x000000a659200000) (1024K)]
  0x000001d97f89c310 JavaThread "Unconstrained build operations Thread 60"        [_thread_blocked, id=50984, stack(0x000000a659200000,0x000000a659300000) (1024K)]
  0x000001d97f899bb0 JavaThread "Unconstrained build operations Thread 61"        [_thread_blocked, id=17680, stack(0x000000a659300000,0x000000a659400000) (1024K)]
  0x000001d97f89d6c0 JavaThread "Unconstrained build operations Thread 62"        [_thread_blocked, id=46068, stack(0x000000a659400000,0x000000a659500000) (1024K)]
  0x000001d97f89dd50 JavaThread "Unconstrained build operations Thread 63"        [_thread_blocked, id=46156, stack(0x000000a659500000,0x000000a659600000) (1024K)]
  0x000001d97f89e3e0 JavaThread "Unconstrained build operations Thread 64"        [_thread_blocked, id=67904, stack(0x000000a659600000,0x000000a659700000) (1024K)]
  0x000001d97f89af60 JavaThread "Unconstrained build operations Thread 65"        [_thread_blocked, id=78676, stack(0x000000a659700000,0x000000a659800000) (1024K)]
  0x000001d97f89ea70 JavaThread "Unconstrained build operations Thread 66"        [_thread_blocked, id=45016, stack(0x000000a659800000,0x000000a659900000) (1024K)]
  0x000001d97f89b5f0 JavaThread "Unconstrained build operations Thread 67"        [_thread_blocked, id=75924, stack(0x000000a659900000,0x000000a659a00000) (1024K)]
  0x000001d97f89f100 JavaThread "Unconstrained build operations Thread 68"        [_thread_blocked, id=67188, stack(0x000000a659a00000,0x000000a659b00000) (1024K)]
  0x000001d97f89f790 JavaThread "Unconstrained build operations Thread 69"        [_thread_blocked, id=76276, stack(0x000000a659b00000,0x000000a659c00000) (1024K)]
  0x000001d97f8a0b40 JavaThread "Unconstrained build operations Thread 70"        [_thread_blocked, id=75844, stack(0x000000a659c00000,0x000000a659d00000) (1024K)]
  0x000001d97f89fe20 JavaThread "Unconstrained build operations Thread 71"        [_thread_blocked, id=55324, stack(0x000000a659d00000,0x000000a659e00000) (1024K)]
  0x000001d97f8a04b0 JavaThread "Unconstrained build operations Thread 72"        [_thread_blocked, id=45048, stack(0x000000a659e00000,0x000000a659f00000) (1024K)]
  0x000001d97f8a11d0 JavaThread "Unconstrained build operations Thread 73"        [_thread_blocked, id=35608, stack(0x000000a659f00000,0x000000a65a000000) (1024K)]
  0x000001d965bb8190 JavaThread "Unconstrained build operations Thread 74"        [_thread_blocked, id=49868, stack(0x000000a65a000000,0x000000a65a100000) (1024K)]
  0x000001d965bb8820 JavaThread "Unconstrained build operations Thread 75"        [_thread_blocked, id=78692, stack(0x000000a65a100000,0x000000a65a200000) (1024K)]
  0x000001d965bb7b00 JavaThread "Unconstrained build operations Thread 76"        [_thread_blocked, id=37324, stack(0x000000a65a200000,0x000000a65a300000) (1024K)]
  0x000001d965bb9540 JavaThread "Unconstrained build operations Thread 77"        [_thread_blocked, id=71768, stack(0x000000a657b00000,0x000000a657c00000) (1024K)]
  0x000001d965bb8eb0 JavaThread "Unconstrained build operations Thread 78"        [_thread_blocked, id=54464, stack(0x000000a65a300000,0x000000a65a400000) (1024K)]
  0x000001d965bb9bd0 JavaThread "Unconstrained build operations Thread 79"        [_thread_blocked, id=41112, stack(0x000000a65a400000,0x000000a65a500000) (1024K)]
  0x000001d965bba260 JavaThread "Unconstrained build operations Thread 80"        [_thread_blocked, id=43544, stack(0x000000a65a500000,0x000000a65a600000) (1024K)]
  0x000001d965bbd6e0 JavaThread "Unconstrained build operations Thread 81"        [_thread_blocked, id=55948, stack(0x000000a65a600000,0x000000a65a700000) (1024K)]
  0x000001d965bbc330 JavaThread "Unconstrained build operations Thread 82"        [_thread_blocked, id=76240, stack(0x000000a65a700000,0x000000a65a800000) (1024K)]
  0x000001d965bba8f0 JavaThread "Unconstrained build operations Thread 83"        [_thread_blocked, id=28328, stack(0x000000a65a800000,0x000000a65a900000) (1024K)]
  0x000001d965bbbca0 JavaThread "Unconstrained build operations Thread 84"        [_thread_blocked, id=47308, stack(0x000000a65a900000,0x000000a65aa00000) (1024K)]
  0x000001d965bbc9c0 JavaThread "Unconstrained build operations Thread 85"        [_thread_blocked, id=34192, stack(0x000000a65aa00000,0x000000a65ab00000) (1024K)]
  0x000001d965bbd050 JavaThread "Unconstrained build operations Thread 86"        [_thread_blocked, id=32676, stack(0x000000a65ab00000,0x000000a65ac00000) (1024K)]
  0x000001d965bbdd70 JavaThread "Unconstrained build operations Thread 87"        [_thread_blocked, id=75668, stack(0x000000a65ac00000,0x000000a65ad00000) (1024K)]
  0x000001d965bbe400 JavaThread "Unconstrained build operations Thread 88"        [_thread_blocked, id=75284, stack(0x000000a65ad00000,0x000000a65ae00000) (1024K)]
  0x000001d965bbaf80 JavaThread "Unconstrained build operations Thread 89"        [_thread_blocked, id=34912, stack(0x000000a65ae00000,0x000000a65af00000) (1024K)]
  0x000001d965bbea90 JavaThread "Unconstrained build operations Thread 90"        [_thread_blocked, id=34828, stack(0x000000a65af00000,0x000000a65b000000) (1024K)]
  0x000001d965bbb610 JavaThread "Unconstrained build operations Thread 91"        [_thread_blocked, id=35704, stack(0x000000a65b000000,0x000000a65b100000) (1024K)]
  0x000001d965bbf120 JavaThread "Unconstrained build operations Thread 92"        [_thread_blocked, id=25280, stack(0x000000a65b100000,0x000000a65b200000) (1024K)]
  0x000001d964bca7a0 JavaThread "Unconstrained build operations Thread 93"        [_thread_blocked, id=37336, stack(0x000000a65b200000,0x000000a65b300000) (1024K)]
  0x000001d964bcdc20 JavaThread "Unconstrained build operations Thread 94"        [_thread_blocked, id=40808, stack(0x000000a65b300000,0x000000a65b400000) (1024K)]
  0x000001d964bcd590 JavaThread "Unconstrained build operations Thread 95"        [_thread_blocked, id=40816, stack(0x000000a65b400000,0x000000a65b500000) (1024K)]
  0x000001d964bccf00 JavaThread "Unconstrained build operations Thread 96"        [_thread_blocked, id=8268, stack(0x000000a65b500000,0x000000a65b600000) (1024K)]
  0x000001d964bcc1e0 JavaThread "Unconstrained build operations Thread 97"        [_thread_blocked, id=40080, stack(0x000000a65b600000,0x000000a65b700000) (1024K)]
  0x000001d964bce2b0 JavaThread "Unconstrained build operations Thread 98"        [_thread_blocked, id=27856, stack(0x000000a65b700000,0x000000a65b800000) (1024K)]
  0x000001d964bcae30 JavaThread "Unconstrained build operations Thread 99"        [_thread_blocked, id=5360, stack(0x000000a65b800000,0x000000a65b900000) (1024K)]
  0x000001d964bcb4c0 JavaThread "Unconstrained build operations Thread 100"        [_thread_blocked, id=31296, stack(0x000000a65b900000,0x000000a65ba00000) (1024K)]
  0x000001d964bcc870 JavaThread "Unconstrained build operations Thread 101"        [_thread_blocked, id=40700, stack(0x000000a65ba00000,0x000000a65bb00000) (1024K)]
  0x000001d964bce940 JavaThread "Unconstrained build operations Thread 102"        [_thread_blocked, id=40696, stack(0x000000a65bb00000,0x000000a65bc00000) (1024K)]
  0x000001d964bcefd0 JavaThread "Unconstrained build operations Thread 103"        [_thread_blocked, id=36056, stack(0x000000a65bc00000,0x000000a65bd00000) (1024K)]
  0x000001d964bcbb50 JavaThread "Unconstrained build operations Thread 104"        [_thread_blocked, id=37328, stack(0x000000a65bd00000,0x000000a65be00000) (1024K)]
  0x000001d964bd1dc0 JavaThread "Unconstrained build operations Thread 105"        [_thread_blocked, id=43268, stack(0x000000a65be00000,0x000000a65bf00000) (1024K)]
  0x000001d964bd2450 JavaThread "Unconstrained build operations Thread 106"        [_thread_blocked, id=57132, stack(0x000000a65bf00000,0x000000a65c000000) (1024K)]
  0x000001d964bd10a0 JavaThread "Unconstrained build operations Thread 107"        [_thread_blocked, id=37904, stack(0x000000a65c000000,0x000000a65c100000) (1024K)]
  0x000001d964bcf660 JavaThread "Unconstrained build operations Thread 108"        [_thread_blocked, id=57024, stack(0x000000a65c100000,0x000000a65c200000) (1024K)]
  0x000001d964bd3170 JavaThread "Unconstrained build operations Thread 109"        [_thread_blocked, id=52412, stack(0x000000a65c200000,0x000000a65c300000) (1024K)]
  0x000001d964bcfcf0 JavaThread "Unconstrained build operations Thread 110"        [_thread_blocked, id=59756, stack(0x000000a65c300000,0x000000a65c400000) (1024K)]
  0x000001d964bd0a10 JavaThread "Unconstrained build operations Thread 111"        [_thread_blocked, id=2076, stack(0x000000a65c400000,0x000000a65c500000) (1024K)]
  0x000001d964bd1730 JavaThread "Unconstrained build operations Thread 112"        [_thread_blocked, id=42796, stack(0x000000a65c500000,0x000000a65c600000) (1024K)]
  0x000001d964bd3800 JavaThread "Unconstrained build operations Thread 113"        [_thread_blocked, id=4204, stack(0x000000a65c600000,0x000000a65c700000) (1024K)]
  0x000001d964bd2ae0 JavaThread "Unconstrained build operations Thread 114"        [_thread_blocked, id=36972, stack(0x000000a65c700000,0x000000a65c800000) (1024K)]
  0x000001d964bd0380 JavaThread "Unconstrained build operations Thread 115"        [_thread_blocked, id=46548, stack(0x000000a65c800000,0x000000a65c900000) (1024K)]
  0x000001d964bd6c80 JavaThread "Unconstrained build operations Thread 116"        [_thread_blocked, id=75500, stack(0x000000a65c900000,0x000000a65ca00000) (1024K)]
  0x000001d964bd5f60 JavaThread "Unconstrained build operations Thread 117"        [_thread_blocked, id=74992, stack(0x000000a65ca00000,0x000000a65cb00000) (1024K)]
  0x000001d964bd3e90 JavaThread "Unconstrained build operations Thread 118"        [_thread_blocked, id=66968, stack(0x000000a65cb00000,0x000000a65cc00000) (1024K)]
  0x000001d964bd65f0 JavaThread "Unconstrained build operations Thread 119"        [_thread_blocked, id=72816, stack(0x000000a65cc00000,0x000000a65cd00000) (1024K)]
  0x000001d964bd7310 JavaThread "Unconstrained build operations Thread 120"        [_thread_blocked, id=6440, stack(0x000000a65cd00000,0x000000a65ce00000) (1024K)]
  0x000001d964bd4520 JavaThread "Unconstrained build operations Thread 121"        [_thread_blocked, id=30932, stack(0x000000a65ce00000,0x000000a65cf00000) (1024K)]
  0x000001d964bd4bb0 JavaThread "Unconstrained build operations Thread 122"        [_thread_blocked, id=61024, stack(0x000000a65cf00000,0x000000a65d000000) (1024K)]
  0x000001d964bd86c0 JavaThread "Unconstrained build operations Thread 123"        [_thread_blocked, id=30380, stack(0x000000a65d000000,0x000000a65d100000) (1024K)]
  0x000001d964bd8030 JavaThread "Unconstrained build operations Thread 124"        [_thread_blocked, id=73136, stack(0x000000a65d100000,0x000000a65d200000) (1024K)]
  0x000001d964bd79a0 JavaThread "Unconstrained build operations Thread 125"        [_thread_blocked, id=73028, stack(0x000000a65d200000,0x000000a65d300000) (1024K)]
  0x000001d964bd5240 JavaThread "Unconstrained build operations Thread 126"        [_thread_blocked, id=73192, stack(0x000000a65d300000,0x000000a65d400000) (1024K)]
  0x000001d964bd8d50 JavaThread "Unconstrained build operations Thread 127"        [_thread_blocked, id=76104, stack(0x000000a65d400000,0x000000a65d500000) (1024K)]
  0x000001d964bd58d0 JavaThread "Unconstrained build operations Thread 128"        [_thread_blocked, id=47332, stack(0x000000a65d500000,0x000000a65d600000) (1024K)]
  0x000001d964bd93e0 JavaThread "Unconstrained build operations Thread 129"        [_thread_blocked, id=76844, stack(0x000000a65d600000,0x000000a65d700000) (1024K)]
  0x000001d964bd9a70 JavaThread "Unconstrained build operations Thread 130"        [_thread_blocked, id=30920, stack(0x000000a65d700000,0x000000a65d800000) (1024K)]
  0x000001d965df6f70 JavaThread "Unconstrained build operations Thread 131"        [_thread_blocked, id=9324, stack(0x000000a658f00000,0x000000a659000000) (1024K)]
  0x000001d965df4ea0 JavaThread "Unconstrained build operations Thread 132"        [_thread_blocked, id=61196, stack(0x000000a65d800000,0x000000a65d900000) (1024K)]
  0x000001d965df5bc0 JavaThread "Unconstrained build operations Thread 133"        [_thread_blocked, id=78800, stack(0x000000a65d900000,0x000000a65da00000) (1024K)]
  0x000001d965df7600 JavaThread "Unconstrained build operations Thread 134"        [_thread_blocked, id=78796, stack(0x000000a65da00000,0x000000a65db00000) (1024K)]
  0x000001d965df4180 JavaThread "Unconstrained build operations Thread 135"        [_thread_blocked, id=61036, stack(0x000000a65db00000,0x000000a65dc00000) (1024K)]
  0x000001d965df68e0 JavaThread "Unconstrained build operations Thread 136"        [_thread_blocked, id=78744, stack(0x000000a65dc00000,0x000000a65dd00000) (1024K)]
  0x000001d965df7c90 JavaThread "Unconstrained build operations Thread 137"        [_thread_blocked, id=36040, stack(0x000000a65dd00000,0x000000a65de00000) (1024K)]
  0x000001d965df8320 JavaThread "Unconstrained build operations Thread 138"        [_thread_blocked, id=54520, stack(0x000000a65de00000,0x000000a65df00000) (1024K)]
  0x000001d965df4810 JavaThread "Unconstrained build operations Thread 139"        [_thread_blocked, id=24432, stack(0x000000a65df00000,0x000000a65e000000) (1024K)]
  0x000001d965df89b0 JavaThread "Unconstrained build operations Thread 140"        [_thread_blocked, id=48352, stack(0x000000a65e000000,0x000000a65e100000) (1024K)]
  0x000001d965df6250 JavaThread "Unconstrained build operations Thread 141"        [_thread_blocked, id=73684, stack(0x000000a65e100000,0x000000a65e200000) (1024K)]
  0x000001d965dfaa80 JavaThread "Unconstrained build operations Thread 142"        [_thread_blocked, id=54844, stack(0x000000a65e200000,0x000000a65e300000) (1024K)]
  0x000001d965df5530 JavaThread "Unconstrained build operations Thread 143"        [_thread_blocked, id=65712, stack(0x000000a65e300000,0x000000a65e400000) (1024K)]
  0x000001d965df9040 JavaThread "Unconstrained build operations Thread 144"        [_thread_blocked, id=77080, stack(0x000000a65e400000,0x000000a65e500000) (1024K)]
  0x000001d965df96d0 JavaThread "Unconstrained build operations Thread 145"        [_thread_blocked, id=57000, stack(0x000000a65e500000,0x000000a65e600000) (1024K)]
  0x000001d965dfbe30 JavaThread "Unconstrained build operations Thread 146"        [_thread_blocked, id=1868, stack(0x000000a65e600000,0x000000a65e700000) (1024K)]
  0x000001d965dfc4c0 JavaThread "Unconstrained build operations Thread 147"        [_thread_blocked, id=66260, stack(0x000000a65e700000,0x000000a65e800000) (1024K)]
  0x000001d965dfb7a0 JavaThread "Unconstrained build operations Thread 148"        [_thread_blocked, id=56808, stack(0x000000a65e800000,0x000000a65e900000) (1024K)]
  0x000001d965dfcb50 JavaThread "Unconstrained build operations Thread 149"        [_thread_blocked, id=60188, stack(0x000000a65e900000,0x000000a65ea00000) (1024K)]
  0x000001d965dfd870 JavaThread "Unconstrained build operations Thread 150"        [_thread_blocked, id=72300, stack(0x000000a65ec00000,0x000000a65ed00000) (1024K)]
  0x000001d965dfa3f0 JavaThread "Unconstrained build operations Thread 151"        [_thread_blocked, id=73352, stack(0x000000a65ed00000,0x000000a65ee00000) (1024K)]
  0x000001d965dfdf00 JavaThread "Unconstrained build operations Thread 152"        [_thread_blocked, id=66484, stack(0x000000a65ee00000,0x000000a65ef00000) (1024K)]
  0x000001d965dfe590 JavaThread "Unconstrained build operations Thread 153"        [_thread_blocked, id=78068, stack(0x000000a65ef00000,0x000000a65f000000) (1024K)]
  0x000001d965dfb110 JavaThread "Unconstrained build operations Thread 154"        [_thread_blocked, id=47532, stack(0x000000a65f000000,0x000000a65f100000) (1024K)]
  0x000001d965e00660 JavaThread "Unconstrained build operations Thread 155"        [_thread_blocked, id=62796, stack(0x000000a65f100000,0x000000a65f200000) (1024K)]
  0x000001d965e00cf0 JavaThread "Unconstrained build operations Thread 156"        [_thread_blocked, id=47356, stack(0x000000a65f200000,0x000000a65f300000) (1024K)]
  0x000001d965e01380 JavaThread "Unconstrained build operations Thread 157"        [_thread_blocked, id=39968, stack(0x000000a65f300000,0x000000a65f400000) (1024K)]
  0x000001d965e01a10 JavaThread "Unconstrained build operations Thread 158"        [_thread_blocked, id=77936, stack(0x000000a65f400000,0x000000a65f500000) (1024K)]
  0x000001d965dff940 JavaThread "Unconstrained build operations Thread 159"        [_thread_blocked, id=73696, stack(0x000000a65f500000,0x000000a65f600000) (1024K)]
  0x000001d965dfec20 JavaThread "Unconstrained build operations Thread 160"        [_thread_blocked, id=74552, stack(0x000000a65f600000,0x000000a65f700000) (1024K)]
  0x000001d965dff2b0 JavaThread "Unconstrained build operations Thread 161"        [_thread_blocked, id=53160, stack(0x000000a65f700000,0x000000a65f800000) (1024K)]
  0x000001d965e02dc0 JavaThread "Unconstrained build operations Thread 162"        [_thread_blocked, id=14788, stack(0x000000a65f800000,0x000000a65f900000) (1024K)]
  0x000001d965e03450 JavaThread "Unconstrained build operations Thread 163"        [_thread_blocked, id=71792, stack(0x000000a65f900000,0x000000a65fa00000) (1024K)]
  0x000001d965dfffd0 JavaThread "Unconstrained build operations Thread 164"        [_thread_blocked, id=72276, stack(0x000000a65fc00000,0x000000a65fd00000) (1024K)]
  0x000001d965e020a0 JavaThread "Unconstrained build operations Thread 165"        [_thread_blocked, id=77620, stack(0x000000a65fd00000,0x000000a65fe00000) (1024K)]
  0x000001d965e02730 JavaThread "Unconstrained build operations Thread 166"        [_thread_blocked, id=63964, stack(0x000000a65fe00000,0x000000a65ff00000) (1024K)]
  0x000001d97f2a1f90 JavaThread "Unconstrained build operations Thread 167"        [_thread_blocked, id=57592, stack(0x000000a65ff00000,0x000000a660000000) (1024K)]
  0x000001d9645490b0 JavaThread "Unconstrained build operations Thread 168"        [_thread_blocked, id=78612, stack(0x000000a660000000,0x000000a660100000) (1024K)]
Total: 234

Other Threads:
  0x000001d977f158e0 VMThread "VM Thread"                           [id=48856, stack(0x000000a650500000,0x000000a650600000) (1024K)]
  0x000001d977f06510 WatcherThread "VM Periodic Task Thread"        [id=48788, stack(0x000000a650400000,0x000000a650500000) (1024K)]
  0x000001d969e1d6a0 WorkerThread "GC Thread#0"                     [id=48700, stack(0x000000a64ff00000,0x000000a650000000) (1024K)]
  0x000001d97f38e710 WorkerThread "GC Thread#1"                     [id=47628, stack(0x000000a651000000,0x000000a651100000) (1024K)]
  0x000001d97f38eac0 WorkerThread "GC Thread#2"                     [id=49028, stack(0x000000a651100000,0x000000a651200000) (1024K)]
  0x000001d97f426470 WorkerThread "GC Thread#3"                     [id=48388, stack(0x000000a651200000,0x000000a651300000) (1024K)]
  0x000001d97f478f00 WorkerThread "GC Thread#4"                     [id=48380, stack(0x000000a651300000,0x000000a651400000) (1024K)]
  0x000001d97f4796c0 WorkerThread "GC Thread#5"                     [id=48396, stack(0x000000a651400000,0x000000a651500000) (1024K)]
  0x000001d962006850 WorkerThread "GC Thread#6"                     [id=7376, stack(0x000000a651a00000,0x000000a651b00000) (1024K)]
  0x000001d961fd9850 WorkerThread "GC Thread#7"                     [id=34968, stack(0x000000a651b00000,0x000000a651c00000) (1024K)]
  0x000001d961fdbef0 WorkerThread "GC Thread#8"                     [id=16804, stack(0x000000a651c00000,0x000000a651d00000) (1024K)]
  0x000001d961fdcdb0 WorkerThread "GC Thread#9"                     [id=6432, stack(0x000000a651d00000,0x000000a651e00000) (1024K)]
  0x000001d961fdd160 WorkerThread "GC Thread#10"                    [id=6424, stack(0x000000a651e00000,0x000000a651f00000) (1024K)]
  0x000001d961fdd510 WorkerThread "GC Thread#11"                    [id=35456, stack(0x000000a651f00000,0x000000a652000000) (1024K)]
  0x000001d961fdc650 WorkerThread "GC Thread#12"                    [id=43168, stack(0x000000a652000000,0x000000a652100000) (1024K)]
  0x000001d961fdbb40 WorkerThread "GC Thread#13"                    [id=11980, stack(0x000000a652100000,0x000000a652200000) (1024K)]
  0x000001d962484e80 WorkerThread "GC Thread#14"                    [id=50196, stack(0x000000a652c00000,0x000000a652d00000) (1024K)]
  0x000001d977d82b80 ConcurrentGCThread "G1 Main Marker"            [id=48760, stack(0x000000a650000000,0x000000a650100000) (1024K)]
  0x000001d977d83440 WorkerThread "G1 Conc#0"                       [id=48752, stack(0x000000a650100000,0x000000a650200000) (1024K)]
  0x000001d962485d40 WorkerThread "G1 Conc#1"                       [id=50208, stack(0x000000a652d00000,0x000000a652e00000) (1024K)]
  0x000001d962483100 WorkerThread "G1 Conc#2"                       [id=50212, stack(0x000000a652e00000,0x000000a652f00000) (1024K)]
  0x000001d962483c10 WorkerThread "G1 Conc#3"                       [id=50216, stack(0x000000a652f00000,0x000000a653000000) (1024K)]
  0x000001d977dd9370 ConcurrentGCThread "G1 Refine#0"               [id=48776, stack(0x000000a650200000,0x000000a650300000) (1024K)]
  0x000001d977dd9ba0 ConcurrentGCThread "G1 Service"                [id=48784, stack(0x000000a650300000,0x000000a650400000) (1024K)]
Total: 24

Threads with active compile tasks:
C2 CompilerThread0  302594 11253   !   4       org.gradle.internal.service.DefaultServiceRegistry$ManagedObjectServiceProvider::getInstance (47 bytes)
Total: 1

VM state: not at safepoint (normal execution)

VM Mutex/Monitor currently owned by a thread: None

Heap address: 0x0000000600000000, size: 8192 MB, Compressed Oops mode: Zero based, Oop shift amount: 3

CDS archive(s) mapped at: [0x000001d920000000-0x000001d920ba0000-0x000001d920ba0000), size 12189696, SharedBaseAddress: 0x000001d920000000, ArchiveRelocationMode: 1.
Compressed class space mapped at: 0x000001d921000000-0x000001d961000000, reserved size: 1073741824
Narrow klass base: 0x000001d920000000, Narrow klass shift: 0, Narrow klass range: 0x100000000

GC Precious Log:
 CardTable entry size: 512
 Card Set container configuration: InlinePtr #cards 4 size 8 Array Of Cards #cards 32 size 80 Howl #buckets 8 coarsen threshold 7372 Howl Bitmap #cards 1024 size 144 coarsen threshold 921 Card regions per heap region 1 cards per card region 8192
 CPUs: 20 total, 20 available
 Memory: 16068M
 Large Page Support: Disabled
 NUMA Support: Disabled
 Compressed Oops: Enabled (Zero based)
 Heap Region Size: 4M
 Heap Min Capacity: 8M
 Heap Initial Capacity: 252M
 Heap Max Capacity: 8G
 Pre-touch: Disabled
 Parallel Workers: 15
 Concurrent Workers: 4
 Concurrent Refinement Workers: 15
 Periodic GC: Disabled

Heap:
 garbage-first heap   total 139264K, used 83390K [0x0000000600000000, 0x0000000800000000)
  region size 4096K, 4 young (16384K), 2 survivors (8192K)
 Metaspace       used 72180K, committed 74304K, reserved 1114112K
  class space    used 10632K, committed 11712K, reserved 1048576K

Heap Regions: E=young(eden), S=young(survivor), O=old, HS=humongous(starts), HC=humongous(continues), CS=collection set, F=free, TAMS=top-at-mark-start, PB=parsable bottom
|   0|0x0000000600000000, 0x0000000600400000, 0x0000000600400000|100%|HS|  |TAMS 0x0000000600000000| PB 0x0000000600000000| Complete 
|   1|0x0000000600400000, 0x0000000600800000, 0x0000000600800000|100%| O|  |TAMS 0x0000000600400000| PB 0x0000000600400000| Untracked 
|   2|0x0000000600800000, 0x0000000600c00000, 0x0000000600c00000|100%| O|  |TAMS 0x0000000600800000| PB 0x0000000600800000| Untracked 
|   3|0x0000000600c00000, 0x0000000601000000, 0x0000000601000000|100%| O|  |TAMS 0x0000000600c00000| PB 0x0000000600c00000| Untracked 
|   4|0x0000000601000000, 0x0000000601400000, 0x0000000601400000|100%| O|  |TAMS 0x0000000601000000| PB 0x0000000601000000| Untracked 
|   5|0x0000000601400000, 0x0000000601800000, 0x0000000601800000|100%| O|  |TAMS 0x0000000601400000| PB 0x0000000601400000| Untracked 
|   6|0x0000000601800000, 0x0000000601c00000, 0x0000000601c00000|100%| O|  |TAMS 0x0000000601800000| PB 0x0000000601800000| Untracked 
|   7|0x0000000601c00000, 0x0000000602000000, 0x0000000602000000|100%| O|  |TAMS 0x0000000601c00000| PB 0x0000000601c00000| Untracked 
|   8|0x0000000602000000, 0x0000000602400000, 0x0000000602400000|100%| O|  |TAMS 0x0000000602000000| PB 0x0000000602000000| Untracked 
|   9|0x0000000602400000, 0x0000000602800000, 0x0000000602800000|100%| O|  |TAMS 0x0000000602400000| PB 0x0000000602400000| Untracked 
|  10|0x0000000602800000, 0x0000000602c00000, 0x0000000602c00000|100%| O|  |TAMS 0x0000000602800000| PB 0x0000000602800000| Untracked 
|  11|0x0000000602c00000, 0x0000000603000000, 0x0000000603000000|100%| O|  |TAMS 0x0000000602c00000| PB 0x0000000602c00000| Untracked 
|  12|0x0000000603000000, 0x0000000603400000, 0x0000000603400000|100%| O|  |TAMS 0x0000000603000000| PB 0x0000000603000000| Untracked 
|  13|0x0000000603400000, 0x000000060356f898, 0x0000000603800000| 35%| O|  |TAMS 0x0000000603400000| PB 0x0000000603400000| Untracked 
|  14|0x0000000603800000, 0x0000000603c00000, 0x0000000603c00000|100%| O|Cm|TAMS 0x0000000603800000| PB 0x0000000603800000| Complete 
|  15|0x0000000603c00000, 0x0000000604000000, 0x0000000604000000|100%| S|CS|TAMS 0x0000000603c00000| PB 0x0000000603c00000| Complete 
|  16|0x0000000604000000, 0x0000000604400000, 0x0000000604400000|100%| S|CS|TAMS 0x0000000604000000| PB 0x0000000604000000| Complete 
|  17|0x0000000604400000, 0x0000000604400000, 0x0000000604800000|  0%| F|  |TAMS 0x0000000604400000| PB 0x0000000604400000| Untracked 
|  18|0x0000000604800000, 0x0000000604800000, 0x0000000604c00000|  0%| F|  |TAMS 0x0000000604800000| PB 0x0000000604800000| Untracked 
|  19|0x0000000604c00000, 0x0000000604c00000, 0x0000000605000000|  0%| F|  |TAMS 0x0000000604c00000| PB 0x0000000604c00000| Untracked 
|  20|0x0000000605000000, 0x0000000605000000, 0x0000000605400000|  0%| F|  |TAMS 0x0000000605000000| PB 0x0000000605000000| Untracked 
|  21|0x0000000605400000, 0x0000000605400000, 0x0000000605800000|  0%| F|  |TAMS 0x0000000605400000| PB 0x0000000605400000| Untracked 
|  22|0x0000000605800000, 0x0000000605800000, 0x0000000605c00000|  0%| F|  |TAMS 0x0000000605800000| PB 0x0000000605800000| Untracked 
|  23|0x0000000605c00000, 0x0000000605c00000, 0x0000000606000000|  0%| F|  |TAMS 0x0000000605c00000| PB 0x0000000605c00000| Untracked 
|  24|0x0000000606000000, 0x0000000606000000, 0x0000000606400000|  0%| F|  |TAMS 0x0000000606000000| PB 0x0000000606000000| Untracked 
|  25|0x0000000606400000, 0x0000000606400000, 0x0000000606800000|  0%| F|  |TAMS 0x0000000606400000| PB 0x0000000606400000| Untracked 
|  26|0x0000000606800000, 0x0000000606800000, 0x0000000606c00000|  0%| F|  |TAMS 0x0000000606800000| PB 0x0000000606800000| Untracked 
|  27|0x0000000606c00000, 0x0000000606c00000, 0x0000000607000000|  0%| F|  |TAMS 0x0000000606c00000| PB 0x0000000606c00000| Untracked 
|  40|0x000000060a000000, 0x000000060a000000, 0x000000060a400000|  0%| F|  |TAMS 0x000000060a000000| PB 0x000000060a000000| Untracked 
|  44|0x000000060b000000, 0x000000060b2293c0, 0x000000060b400000| 54%| E|  |TAMS 0x000000060b000000| PB 0x000000060b000000| Complete 
|  62|0x000000060f800000, 0x000000060fc00000, 0x000000060fc00000|100%| E|CS|TAMS 0x000000060f800000| PB 0x000000060f800000| Complete 
|2045|0x00000007ff400000, 0x00000007ff800000, 0x00000007ff800000|100%| O|  |TAMS 0x00000007ff400000| PB 0x00000007ff400000| Untracked 
|2046|0x00000007ff800000, 0x00000007ffc00000, 0x00000007ffc00000|100%| O|  |TAMS 0x00000007ff800000| PB 0x00000007ff800000| Untracked 
|2047|0x00000007ffc00000, 0x0000000800000000, 0x0000000800000000|100%| O|  |TAMS 0x00000007ffc00000| PB 0x00000007ffc00000| Untracked 

Card table byte_map: [0x000001d96ec30000,0x000001d96fc30000] _byte_map_base: 0x000001d96bc30000

Marking Bits: (CMBitMap*) 0x000001d969e1dcc0
 Bits: [0x000001d96fc30000, 0x000001d977c30000)

Polling page: 0x000001d967bc0000

Metaspace:

Usage:
  Non-class:     60.10 MB used.
      Class:     10.38 MB used.
       Both:     70.49 MB used.

Virtual space:
  Non-class space:       64.00 MB reserved,      61.12 MB ( 96%) committed,  1 nodes.
      Class space:        1.00 GB reserved,      11.44 MB (  1%) committed,  1 nodes.
             Both:        1.06 GB reserved,      72.56 MB (  7%) committed. 

Chunk freelists:
   Non-Class:  2.08 MB
       Class:  4.42 MB
        Both:  6.50 MB

MaxMetaspaceSize: 4.00 GB
CompressedClassSpaceSize: 1.00 GB
Initial GC threshold: 21.00 MB
Current GC threshold: 120.94 MB
CDS: on
 - commit_granule_bytes: 65536.
 - commit_granule_words: 8192.
 - virtual_space_node_default_size: 8388608.
 - enlarge_chunks_in_place: 1.
 - use_allocation_guard: 0.


Internal statistics:

num_allocs_failed_limit: 12.
num_arena_births: 3842.
num_arena_deaths: 0.
num_vsnodes_births: 2.
num_vsnodes_deaths: 0.
num_space_committed: 1161.
num_space_uncommitted: 0.
num_chunks_returned_to_freelist: 12.
num_chunks_taken_from_freelist: 7407.
num_chunk_merges: 6.
num_chunk_splits: 4781.
num_chunks_enlarged: 2892.
num_inconsistent_stats: 0.

CodeHeap 'non-profiled nmethods': size=258432Kb used=4988Kb max_used=5612Kb free=253443Kb
 bounds [0x000001d9103a0000, 0x000001d910920000, 0x000001d920000000]
CodeHeap 'profiled nmethods': size=258368Kb used=17284Kb max_used=19487Kb free=241083Kb
 bounds [0x000001d900000000, 0x000001d901310000, 0x000001d90fc50000]
CodeHeap 'non-nmethods': size=7488Kb used=1940Kb max_used=3623Kb free=5547Kb
 bounds [0x000001d90fc50000, 0x000001d90ffe0000, 0x000001d9103a0000]
CodeCache: size=524288Kb, used=24212Kb, max_used=28722Kb, free=500073Kb
 total_blobs=9864, nmethods=9060, adapters=708, full_count=0
Compilation: enabled, stopped_count=0, restarted_count=0

Compilation events (20 events):
Event: 302.059 Thread 0x000001d97f021d10 nmethod 11243 0x000001d910542790 code [0x000001d910542920, 0x000001d9105429f0]
Event: 302.060 Thread 0x000001d97f01ee40 11244       4       com.google.common.cache.LocalCache::recordsAccess (5 bytes)
Event: 302.061 Thread 0x000001d97f01ee40 nmethod 11244 0x000001d91087d990 code [0x000001d91087db20, 0x000001d91087dbb8]
Event: 302.063 Thread 0x000001d97f021d10 11245       3       org.gradle.internal.operations.DefaultBuildOperationAncestryTracker::findClosestExistingAncestor (44 bytes)
Event: 302.064 Thread 0x000001d97f021d10 nmethod 11245 0x000001d9001aba90 code [0x000001d9001abce0, 0x000001d9001ac548]
Event: 302.064 Thread 0x000001d97f021d10 11246       3       org.gradle.api.internal.DefaultNamedDomainObjectCollection$UnfilteredIndex::getPending (14 bytes)
Event: 302.064 Thread 0x000001d97f021d10 nmethod 11246 0x000001d9001fe490 code [0x000001d9001fe640, 0x000001d9001fe928]
Event: 302.065 Thread 0x000001d97f021d10 11247       3       org.gradle.api.internal.tasks.DefaultTaskContainer_Decorated::getEventRegister (39 bytes)
Event: 302.065 Thread 0x000001d97f021d10 nmethod 11247 0x000001d9000c0790 code [0x000001d9000c0980, 0x000001d9000c0ec0]
Event: 302.067 Thread 0x000001d97f021d10 11248       3       org.gradle.tooling.internal.provider.runner.ClientBuildEventGenerator$Disabled::accept (20 bytes)
Event: 302.067 Thread 0x000001d97f021d10 nmethod 11248 0x000001d900238710 code [0x000001d9002388c0, 0x000001d900238af0]
Event: 302.067 Thread 0x000001d97f021d10 11250       3       org.gradle.util.Path::computeHashCode (58 bytes)
Event: 302.067 Thread 0x000001d97f021d10 nmethod 11250 0x000001d90045d490 code [0x000001d90045d640, 0x000001d90045d8a8]
Event: 302.067 Thread 0x000001d97f021d10 11249       3       org.gradle.util.Path::<init> (49 bytes)
Event: 302.068 Thread 0x000001d97f021d10 nmethod 11249 0x000001d900402a10 code [0x000001d900402bc0, 0x000001d900402de0]
Event: 302.068 Thread 0x000001d97f01ee40 11251       4       java.util.HashMap::keySet (25 bytes)
Event: 302.070 Thread 0x000001d97f01ee40 nmethod 11251 0x000001d91087d590 code [0x000001d91087d720, 0x000001d91087d900]
Event: 302.070 Thread 0x000001d97f01ee40 11252       4       org.gradle.internal.service.DefaultServiceRegistry$SingletonService::get (5 bytes)
Event: 302.343 Thread 0x000001d97f01ee40 nmethod 11252 0x000001d910519290 code [0x000001d9105198a0, 0x000001d91051e970]
Event: 302.343 Thread 0x000001d97f01ee40 11253   !   4       org.gradle.internal.service.DefaultServiceRegistry$ManagedObjectServiceProvider::getInstance (47 bytes)

GC Heap History (20 events):
Event: 282.136 GC heap before
{Heap before GC invocations=13 (full 0):
 garbage-first heap   total 110592K, used 90548K [0x0000000600000000, 0x0000000800000000)
  region size 4096K, 15 young (61440K), 2 survivors (8192K)
 Metaspace       used 51934K, committed 53824K, reserved 1114112K
  class space    used 7785K, committed 8704K, reserved 1048576K
}
Event: 282.147 GC heap after
{Heap after GC invocations=14 (full 0):
 garbage-first heap   total 110592K, used 46853K [0x0000000600000000, 0x0000000800000000)
  region size 4096K, 2 young (8192K), 2 survivors (8192K)
 Metaspace       used 51934K, committed 53824K, reserved 1114112K
  class space    used 7785K, committed 8704K, reserved 1048576K
}
Event: 283.118 GC heap before
{Heap before GC invocations=14 (full 0):
 garbage-first heap   total 110592K, used 87813K [0x0000000600000000, 0x0000000800000000)
  region size 4096K, 13 young (53248K), 2 survivors (8192K)
 Metaspace       used 57399K, committed 59392K, reserved 1114112K
  class space    used 8473K, committed 9472K, reserved 1048576K
}
Event: 283.123 GC heap after
{Heap after GC invocations=15 (full 0):
 garbage-first heap   total 110592K, used 49621K [0x0000000600000000, 0x0000000800000000)
  region size 4096K, 1 young (4096K), 1 survivors (4096K)
 Metaspace       used 57399K, committed 59392K, reserved 1114112K
  class space    used 8473K, committed 9472K, reserved 1048576K
}
Event: 283.493 GC heap before
{Heap before GC invocations=15 (full 0):
 garbage-first heap   total 110592K, used 66005K [0x0000000600000000, 0x0000000800000000)
  region size 4096K, 6 young (24576K), 1 survivors (4096K)
 Metaspace       used 58801K, committed 60736K, reserved 1114112K
  class space    used 8697K, committed 9664K, reserved 1048576K
}
Event: 283.497 GC heap after
{Heap after GC invocations=16 (full 0):
 garbage-first heap   total 110592K, used 50108K [0x0000000600000000, 0x0000000800000000)
  region size 4096K, 1 young (4096K), 1 survivors (4096K)
 Metaspace       used 58801K, committed 60736K, reserved 1114112K
  class space    used 8697K, committed 9664K, reserved 1048576K
}
Event: 284.480 GC heap before
{Heap before GC invocations=17 (full 0):
 garbage-first heap   total 110592K, used 95164K [0x0000000600000000, 0x0000000800000000)
  region size 4096K, 12 young (49152K), 1 survivors (4096K)
 Metaspace       used 61691K, committed 63680K, reserved 1114112K
  class space    used 9114K, committed 10112K, reserved 1048576K
}
Event: 284.485 GC heap after
{Heap after GC invocations=18 (full 0):
 garbage-first heap   total 135168K, used 51422K [0x0000000600000000, 0x0000000800000000)
  region size 4096K, 1 young (4096K), 1 survivors (4096K)
 Metaspace       used 61691K, committed 63680K, reserved 1114112K
  class space    used 9114K, committed 10112K, reserved 1048576K
}
Event: 286.606 GC heap before
{Heap before GC invocations=18 (full 0):
 garbage-first heap   total 135168K, used 121054K [0x0000000600000000, 0x0000000800000000)
  region size 4096K, 18 young (73728K), 1 survivors (4096K)
 Metaspace       used 65765K, committed 67776K, reserved 1114112K
  class space    used 9707K, committed 10688K, reserved 1048576K
}
Event: 286.611 GC heap after
{Heap after GC invocations=19 (full 0):
 garbage-first heap   total 135168K, used 53857K [0x0000000600000000, 0x0000000800000000)
  region size 4096K, 2 young (8192K), 2 survivors (8192K)
 Metaspace       used 65765K, committed 67776K, reserved 1114112K
  class space    used 9707K, committed 10688K, reserved 1048576K
}
Event: 292.774 GC heap before
{Heap before GC invocations=19 (full 0):
 garbage-first heap   total 135168K, used 119393K [0x0000000600000000, 0x0000000800000000)
  region size 4096K, 18 young (73728K), 2 survivors (8192K)
 Metaspace       used 69857K, committed 72000K, reserved 1114112K
  class space    used 10369K, committed 11456K, reserved 1048576K
}
Event: 292.783 GC heap after
{Heap after GC invocations=20 (full 0):
 garbage-first heap   total 135168K, used 60725K [0x0000000600000000, 0x0000000800000000)
  region size 4096K, 3 young (12288K), 3 survivors (12288K)
 Metaspace       used 69857K, committed 72000K, reserved 1114112K
  class space    used 10369K, committed 11456K, reserved 1048576K
}
Event: 296.356 GC heap before
{Heap before GC invocations=20 (full 0):
 garbage-first heap   total 135168K, used 118069K [0x0000000600000000, 0x0000000800000000)
  region size 4096K, 17 young (69632K), 3 survivors (12288K)
 Metaspace       used 70984K, committed 73088K, reserved 1114112K
  class space    used 10491K, committed 11520K, reserved 1048576K
}
Event: 296.362 GC heap after
{Heap after GC invocations=21 (full 0):
 garbage-first heap   total 139264K, used 65284K [0x0000000600000000, 0x0000000800000000)
  region size 4096K, 2 young (8192K), 2 survivors (8192K)
 Metaspace       used 70984K, committed 73088K, reserved 1114112K
  class space    used 10491K, committed 11520K, reserved 1048576K
}
Event: 296.640 GC heap before
{Heap before GC invocations=22 (full 0):
 garbage-first heap   total 139264K, used 114436K [0x0000000600000000, 0x0000000800000000)
  region size 4096K, 15 young (61440K), 2 survivors (8192K)
 Metaspace       used 71042K, committed 73152K, reserved 1114112K
  class space    used 10493K, committed 11520K, reserved 1048576K
}
Event: 296.645 GC heap after
{Heap after GC invocations=23 (full 0):
 garbage-first heap   total 139264K, used 67716K [0x0000000600000000, 0x0000000800000000)
  region size 4096K, 2 young (8192K), 2 survivors (8192K)
 Metaspace       used 71042K, committed 73152K, reserved 1114112K
  class space    used 10493K, committed 11520K, reserved 1048576K
}
Event: 296.779 GC heap before
{Heap before GC invocations=23 (full 0):
 garbage-first heap   total 139264K, used 116868K [0x0000000600000000, 0x0000000800000000)
  region size 4096K, 14 young (57344K), 2 survivors (8192K)
 Metaspace       used 71044K, committed 73152K, reserved 1114112K
  class space    used 10493K, committed 11520K, reserved 1048576K
}
Event: 296.786 GC heap after
{Heap after GC invocations=24 (full 0):
 garbage-first heap   total 139264K, used 68775K [0x0000000600000000, 0x0000000800000000)
  region size 4096K, 2 young (8192K), 2 survivors (8192K)
 Metaspace       used 71044K, committed 73152K, reserved 1114112K
  class space    used 10493K, committed 11520K, reserved 1048576K
}
Event: 301.993 GC heap before
{Heap before GC invocations=24 (full 0):
 garbage-first heap   total 139264K, used 113831K [0x0000000600000000, 0x0000000800000000)
  region size 4096K, 14 young (57344K), 2 survivors (8192K)
 Metaspace       used 72152K, committed 74304K, reserved 1114112K
  class space    used 10628K, committed 11712K, reserved 1048576K
}
Event: 301.998 GC heap after
{Heap after GC invocations=25 (full 0):
 garbage-first heap   total 139264K, used 79294K [0x0000000600000000, 0x0000000800000000)
  region size 4096K, 2 young (8192K), 2 survivors (8192K)
 Metaspace       used 72152K, committed 74304K, reserved 1114112K
  class space    used 10628K, committed 11712K, reserved 1048576K
}

Dll operation events (20 events):
Event: 0.117 Attempting to load shared library C:\Users\AJI\.vscode\extensions\redhat.java-1.56.0-win32-x64\jre\21.0.12.1-win32-x86_64\bin\nio.dll
Event: 0.118 Loaded shared library C:\Users\AJI\.vscode\extensions\redhat.java-1.56.0-win32-x64\jre\21.0.12.1-win32-x86_64\bin\nio.dll
Event: 0.122 Attempting to load shared library C:\Users\AJI\.vscode\extensions\redhat.java-1.56.0-win32-x64\jre\21.0.12.1-win32-x86_64\bin\zip.dll
Event: 0.122 Loaded shared library C:\Users\AJI\.vscode\extensions\redhat.java-1.56.0-win32-x64\jre\21.0.12.1-win32-x86_64\bin\zip.dll
Event: 0.460 Attempting to load shared library C:\Users\AJI\.vscode\extensions\redhat.java-1.56.0-win32-x64\jre\21.0.12.1-win32-x86_64\bin\jimage.dll
Event: 0.460 Loaded shared library C:\Users\AJI\.vscode\extensions\redhat.java-1.56.0-win32-x64\jre\21.0.12.1-win32-x86_64\bin\jimage.dll
Event: 0.652 Attempting to load shared library C:\Users\AJI\.vscode\extensions\redhat.java-1.56.0-win32-x64\jre\21.0.12.1-win32-x86_64\bin\verify.dll
Event: 0.652 Loaded shared library C:\Users\AJI\.vscode\extensions\redhat.java-1.56.0-win32-x64\jre\21.0.12.1-win32-x86_64\bin\verify.dll
Event: 0.686 Attempting to load shared library C:\Users\AJI\.gradle\native\1def1411415f61bf3af743bc5b6707747c0891f09f0c88961ee8f79bc544acac\windows-amd64\native-platform.dll
Event: 0.687 Loaded shared library C:\Users\AJI\.gradle\native\1def1411415f61bf3af743bc5b6707747c0891f09f0c88961ee8f79bc544acac\windows-amd64\native-platform.dll
Event: 0.700 Attempting to load shared library C:\Users\AJI\.gradle\native\0.2.8\x86_64-windows-gnu\gradle-fileevents.dll
Event: 0.700 Loaded shared library C:\Users\AJI\.gradle\native\0.2.8\x86_64-windows-gnu\gradle-fileevents.dll
Event: 2.665 Attempting to load shared library C:\Users\AJI\.vscode\extensions\redhat.java-1.56.0-win32-x64\jre\21.0.12.1-win32-x86_64\bin\management.dll
Event: 2.666 Loaded shared library C:\Users\AJI\.vscode\extensions\redhat.java-1.56.0-win32-x64\jre\21.0.12.1-win32-x86_64\bin\management.dll
Event: 2.670 Attempting to load shared library C:\Users\AJI\.vscode\extensions\redhat.java-1.56.0-win32-x64\jre\21.0.12.1-win32-x86_64\bin\management_ext.dll
Event: 2.670 Loaded shared library C:\Users\AJI\.vscode\extensions\redhat.java-1.56.0-win32-x64\jre\21.0.12.1-win32-x86_64\bin\management_ext.dll
Event: 2.912 Attempting to load shared library C:\Users\AJI\.vscode\extensions\redhat.java-1.56.0-win32-x64\jre\21.0.12.1-win32-x86_64\bin\extnet.dll
Event: 2.913 Loaded shared library C:\Users\AJI\.vscode\extensions\redhat.java-1.56.0-win32-x64\jre\21.0.12.1-win32-x86_64\bin\extnet.dll
Event: 3.125 Attempting to load shared library C:\Users\AJI\.vscode\extensions\redhat.java-1.56.0-win32-x64\jre\21.0.12.1-win32-x86_64\bin\sunmscapi.dll
Event: 3.128 Loaded shared library C:\Users\AJI\.vscode\extensions\redhat.java-1.56.0-win32-x64\jre\21.0.12.1-win32-x86_64\bin\sunmscapi.dll

Deoptimization events (20 events):
Event: 302.057 Thread 0x000001d961efc2f0 Uncommon trap: trap_request=0xffffff45 fr.pc=0x000001d9106c400c relative=0x00000000000000ec
Event: 302.057 Thread 0x000001d961efc2f0 Uncommon trap: reason=unstable_if action=reinterpret pc=0x000001d9106c400c method=com.google.common.collect.RegularImmutableMap.checkNoConflictInKeyBucket(Ljava/lang/Object;Ljava/lang/Object;Lcom/google/common/collect/ImmutableMapEntry;Z)Lcom/google/commo
Event: 302.057 Thread 0x000001d961efc2f0 DEOPT PACKING pc=0x000001d9106c400c sp=0x000000a6523fa930
Event: 302.057 Thread 0x000001d961efc2f0 DEOPT UNPACKING pc=0x000001d90fca4422 sp=0x000000a6523fa8d8 mode 2
Event: 302.058 Thread 0x000001d961efc2f0 Uncommon trap: trap_request=0xffffffde fr.pc=0x000001d910832240 relative=0x0000000000000280
Event: 302.058 Thread 0x000001d961efc2f0 Uncommon trap: reason=class_check action=maybe_recompile pc=0x000001d910832240 method=java.util.Comparator.lambda$comparing$77a9974f$1(Ljava/util/function/Function;Ljava/lang/Object;Ljava/lang/Object;)I @ 7 c2
Event: 302.058 Thread 0x000001d961efc2f0 DEOPT PACKING pc=0x000001d910832240 sp=0x000000a6523fac10
Event: 302.058 Thread 0x000001d961efc2f0 DEOPT UNPACKING pc=0x000001d90fca4422 sp=0x000000a6523fab28 mode 2
Event: 302.058 Thread 0x000001d961efc2f0 Uncommon trap: trap_request=0xffffffde fr.pc=0x000001d910832240 relative=0x0000000000000280
Event: 302.058 Thread 0x000001d961efc2f0 Uncommon trap: reason=class_check action=maybe_recompile pc=0x000001d910832240 method=java.util.Comparator.lambda$comparing$77a9974f$1(Ljava/util/function/Function;Ljava/lang/Object;Ljava/lang/Object;)I @ 7 c2
Event: 302.058 Thread 0x000001d961efc2f0 DEOPT PACKING pc=0x000001d910832240 sp=0x000000a6523fac00
Event: 302.058 Thread 0x000001d961efc2f0 DEOPT UNPACKING pc=0x000001d90fca4422 sp=0x000000a6523fab18 mode 2
Event: 302.060 Thread 0x000001d961efc2f0 Uncommon trap: trap_request=0xffffff45 fr.pc=0x000001d910559850 relative=0x00000000000000b0
Event: 302.060 Thread 0x000001d961efc2f0 Uncommon trap: reason=unstable_if action=reinterpret pc=0x000001d910559850 method=org.gradle.tooling.internal.provider.runner.ClientBuildEventGenerator$Disabled.accept(Lorg/gradle/internal/operations/BuildOperationDescriptor;)Lorg/gradle/tooling/internal/
Event: 302.060 Thread 0x000001d961efc2f0 DEOPT PACKING pc=0x000001d910559850 sp=0x000000a6523fa760
Event: 302.060 Thread 0x000001d961efc2f0 DEOPT UNPACKING pc=0x000001d90fca4422 sp=0x000000a6523fa700 mode 2
Event: 302.063 Thread 0x000001d961efc2f0 Uncommon trap: trap_request=0xffffffde fr.pc=0x000001d910832240 relative=0x0000000000000280
Event: 302.063 Thread 0x000001d961efc2f0 Uncommon trap: reason=class_check action=maybe_recompile pc=0x000001d910832240 method=java.util.Comparator.lambda$comparing$77a9974f$1(Ljava/util/function/Function;Ljava/lang/Object;Ljava/lang/Object;)I @ 7 c2
Event: 302.063 Thread 0x000001d961efc2f0 DEOPT PACKING pc=0x000001d910832240 sp=0x000000a6523f9740
Event: 302.063 Thread 0x000001d961efc2f0 DEOPT UNPACKING pc=0x000001d90fca4422 sp=0x000000a6523f9658 mode 2

Classes loaded (20 events):
Event: 286.935 Loading class java/lang/AbstractMethodError
Event: 286.935 Loading class java/lang/AbstractMethodError done
Event: 291.873 Loading class java/util/TreeMap$KeySpliterator
Event: 291.873 Loading class java/util/TreeMap$TreeMapSpliterator
Event: 291.874 Loading class java/util/TreeMap$TreeMapSpliterator done
Event: 291.874 Loading class java/util/TreeMap$KeySpliterator done
Event: 291.969 Loading class java/util/stream/ReferencePipeline$4
Event: 291.969 Loading class java/util/stream/IntPipeline$StatelessOp
Event: 291.970 Loading class java/util/stream/IntPipeline$StatelessOp done
Event: 291.970 Loading class java/util/stream/ReferencePipeline$4 done
Event: 291.970 Loading class java/util/stream/ReduceOps$6
Event: 291.970 Loading class java/util/stream/ReduceOps$6 done
Event: 291.970 Loading class java/util/stream/ReduceOps$5ReducingSink
Event: 291.970 Loading class java/util/stream/ReduceOps$5ReducingSink done
Event: 291.970 Loading class java/util/stream/ReferencePipeline$4$1
Event: 291.970 Loading class java/util/stream/ReferencePipeline$4$1 done
Event: 293.012 Loading class java/util/concurrent/ConcurrentLinkedQueue$Itr
Event: 293.012 Loading class java/util/concurrent/ConcurrentLinkedQueue$Itr done
Event: 297.187 Loading class java/io/NotSerializableException
Event: 297.187 Loading class java/io/NotSerializableException done

Classes unloaded (0 events):
No events

Classes redefined (0 events):
No events

Internal exceptions (20 events):
Event: 291.571 Thread 0x000001d961efc2f0 Exception <a 'java/lang/NoSuchMethodError'{0x00000006062ac1e8}: 'void java.lang.invoke.DirectMethodHandle$Holder.invokeStaticInit(java.lang.Object)'> (0x00000006062ac1e8) 
thrown [s\src\hotspot\share\interpreter\linkResolver.cpp, line 773]
Event: 291.787 Thread 0x000001d963c4c050 Exception <a 'java/lang/NoSuchMethodError'{0x000000060555a998}: 'java.lang.Object java.lang.invoke.DirectMethodHandle$Holder.newInvokeSpecial(java.lang.Object, java.lang.Object, int, java.lang.Object, java.lang.Object)'> (0x000000060555a998) 
thrown [s\src\hotspot\share\interpreter\linkResolver.cpp, line 773]
Event: 291.787 Thread 0x000001d963c4c050 Exception <a 'java/lang/NoSuchMethodError'{0x000000060555e7f0}: 'java.lang.Object java.lang.invoke.DirectMethodHandle$Holder.invokeSpecial(java.lang.Object, java.lang.Object, java.lang.Object, int, java.lang.Object, java.lang.Object)'> (0x000000060555e7f0) 
thrown [s\src\hotspot\share\interpreter\linkResolver.cpp, line 773]
Event: 291.859 Thread 0x000001d963c4c050 Exception <a 'java/lang/NoSuchMethodError'{0x000000060518dc58}: 'java.lang.Object java.lang.invoke.DirectMethodHandle$Holder.invokeVirtual(java.lang.Object, java.lang.Object, java.lang.Object, java.lang.Object, java.lang.Object, java.lang.Object, java.lang.Object, java.lang.Object, java.lang.Object, java.lang.Object, java.lang.Object, java.lang.Object, java.lang.Object, java.lang.Object, java.lang.Object, java.lang.Object, java.lang.Object, java.lang.Object, java.lang.Object, java.lang.Object)'> (0x0000000
Event: 291.860 Thread 0x000001d963c4c050 Exception <a 'java/lang/NoSuchMethodError'{0x00000006051937b0}: 'java.lang.Object java.lang.invoke.DirectMethodHandle$Holder.invokeSpecial(java.lang.Object, java.lang.Object, java.lang.Object, java.lang.Object, java.lang.Object, java.lang.Object, java.lang.Object, java.lang.Object, java.lang.Object, java.lang.Object, java.lang.Object, java.lang.Object, java.lang.Object, java.lang.Object, java.lang.Object, java.lang.Object, java.lang.Object, java.lang.Object, java.lang.Object, java.lang.Object, java.lang.Ob
Event: 291.861 Thread 0x000001d963c4c050 Exception <a 'java/lang/NoSuchMethodError'{0x0000000605198740}: 'java.lang.Object java.lang.invoke.DelegatingMethodHandle$Holder.reinvoke_L(java.lang.Object, java.lang.Object, java.lang.Object, java.lang.Object, java.lang.Object, java.lang.Object, java.lang.Object, java.lang.Object, java.lang.Object, java.lang.Object, java.lang.Object, java.lang.Object, java.lang.Object, java.lang.Object, java.lang.Object, java.lang.Object, java.lang.Object, java.lang.Object, java.lang.Object, java.lang.Object)'> (0x000000
Event: 291.897 Thread 0x000001d963c4b330 Exception <a 'java/lang/NoSuchMethodError'{0x00000006052ece28}: 'void java.lang.invoke.DirectMethodHandle$Holder.invokeSpecial(java.lang.Object, java.lang.Object, java.lang.Object, java.lang.Object, int, java.lang.Object, java.lang.Object)'> (0x00000006052ece28) 
thrown [s\src\hotspot\share\interpreter\linkResolver.cpp, line 773]
Event: 291.996 Thread 0x000001d963c4b330 Exception <a 'java/lang/NoSuchMethodError'{0x0000000604e00610}: 'int java.lang.invoke.DirectMethodHandle$Holder.invokeSpecial(java.lang.Object, java.lang.Object, java.lang.Object, java.lang.Object, java.lang.Object)'> (0x0000000604e00610) 
thrown [s\src\hotspot\share\interpreter\linkResolver.cpp, line 773]
Event: 292.089 Thread 0x000001d963c4b330 Exception <a 'java/lang/IncompatibleClassChangeError'{0x00000006049321b8}: Found class java.lang.Object, but interface was expected> (0x00000006049321b8) 
thrown [s\src\hotspot\share\interpreter\linkResolver.cpp, line 840]
Event: 292.562 Thread 0x000001d963c4b330 Exception <a 'java/lang/NoSuchMethodError'{0x0000000603c7ffc0}: static Ljava/lang/Object;.<clinit>()V> (0x0000000603c7ffc0) 
thrown [s\src\hotspot\share\prims\jni.cpp, line 1111]
Event: 292.871 Thread 0x000001d963c4b330 Exception <a 'java/lang/NoSuchMethodError'{0x000000060a05ad78}: 'int java.lang.invoke.DirectMethodHandle$Holder.invokeStaticInit(java.lang.Object, java.lang.Object, java.lang.Object, java.lang.Object, java.lang.Object)'> (0x000000060a05ad78) 
thrown [s\src\hotspot\share\interpreter\linkResolver.cpp, line 773]
Event: 292.940 Thread 0x000001d963c4aca0 Exception <a 'sun/nio/fs/WindowsException'{0x000000060fb85608}> (0x000000060fb85608) 
thrown [s\src\hotspot\share\prims\jni.cpp, line 520]
Event: 292.941 Thread 0x000001d963c4aca0 Exception <a 'sun/nio/fs/WindowsException'{0x000000060fb87c60}> (0x000000060fb87c60) 
thrown [s\src\hotspot\share\prims\jni.cpp, line 520]
Event: 292.942 Thread 0x000001d963c4aca0 Exception <a 'sun/nio/fs/WindowsException'{0x000000060fb89ec8}> (0x000000060fb89ec8) 
thrown [s\src\hotspot\share\prims\jni.cpp, line 520]
Event: 292.942 Thread 0x000001d963c4aca0 Exception <a 'sun/nio/fs/WindowsException'{0x000000060fb8bdf8}> (0x000000060fb8bdf8) 
thrown [s\src\hotspot\share\prims\jni.cpp, line 520]
Event: 292.950 Thread 0x000001d963c4b330 Exception <a 'sun/nio/fs/WindowsException'{0x000000060a26e5b8}> (0x000000060a26e5b8) 
thrown [s\src\hotspot\share\prims\jni.cpp, line 520]
Event: 292.951 Thread 0x000001d963c4b330 Exception <a 'sun/nio/fs/WindowsException'{0x000000060a2708a8}> (0x000000060a2708a8) 
thrown [s\src\hotspot\share\prims\jni.cpp, line 520]
Event: 292.952 Thread 0x000001d963c4b330 Exception <a 'sun/nio/fs/WindowsException'{0x000000060a272710}> (0x000000060a272710) 
thrown [s\src\hotspot\share\prims\jni.cpp, line 520]
Event: 296.524 Thread 0x000001d965e00cf0 Implicit null exception at 0x000001d91050d6ea to 0x000001d91050d79c
Event: 296.887 Thread 0x000001d961efc2f0 Implicit null exception at 0x000001d9108bf710 to 0x000001d9108bf868

ZGC Phase Switch (0 events):
No events

VM Operations (20 events):
Event: 296.779 Executing safepoint VM operation: G1CollectForAllocation (G1 Evacuation Pause)
Event: 296.786 Executing safepoint VM operation: G1CollectForAllocation (G1 Evacuation Pause) done
Event: 296.954 Executing non-safepoint VM operation: HandshakeAllThreads (Deoptimize)
Event: 296.954 Executing non-safepoint VM operation: HandshakeAllThreads (Deoptimize) done
Event: 297.964 Executing safepoint VM operation: Cleanup
Event: 297.964 Executing safepoint VM operation: Cleanup done
Event: 300.552 Executing non-safepoint VM operation: HandshakeAllThreads (HandshakeForDeflation)
Event: 300.552 Executing non-safepoint VM operation: HandshakeAllThreads (HandshakeForDeflation) done
Event: 300.552 Executing safepoint VM operation: Cleanup
Event: 300.552 Executing safepoint VM operation: Cleanup done
Event: 300.552 Executing non-safepoint VM operation: RendezvousGCThreads
Event: 300.552 Executing non-safepoint VM operation: RendezvousGCThreads done
Event: 301.559 Executing safepoint VM operation: Cleanup
Event: 301.559 Executing safepoint VM operation: Cleanup done
Event: 301.993 Executing safepoint VM operation: G1CollectForAllocation (G1 Evacuation Pause)
Event: 301.998 Executing safepoint VM operation: G1CollectForAllocation (G1 Evacuation Pause) done
Event: 302.033 Executing safepoint VM operation: G1PauseRemark
Event: 302.040 Executing safepoint VM operation: G1PauseRemark done
Event: 302.055 Executing safepoint VM operation: G1PauseCleanup
Event: 302.055 Executing safepoint VM operation: G1PauseCleanup done

Memory protections (0 events):
No events

Nmethod flushes (20 events):
Event: 302.038 Thread 0x000001d977f158e0 flushing  nmethod 0x000001d9004ac490
Event: 302.038 Thread 0x000001d977f158e0 flushing  nmethod 0x000001d9004bb510
Event: 302.038 Thread 0x000001d977f158e0 flushing  nmethod 0x000001d9006f7790
Event: 302.038 Thread 0x000001d977f158e0 flushing  nmethod 0x000001d9006f8110
Event: 302.038 Thread 0x000001d977f158e0 flushing  nmethod 0x000001d9009a5390
Event: 302.038 Thread 0x000001d977f158e0 flushing  nmethod 0x000001d9009f7110
Event: 302.038 Thread 0x000001d977f158e0 flushing  nmethod 0x000001d9009f9f90
Event: 302.038 Thread 0x000001d977f158e0 flushing  nmethod 0x000001d9009fc490
Event: 302.038 Thread 0x000001d977f158e0 flushing  nmethod 0x000001d9009fdd90
Event: 302.038 Thread 0x000001d977f158e0 flushing  nmethod 0x000001d9009fe790
Event: 302.038 Thread 0x000001d977f158e0 flushing  nmethod 0x000001d900bc3590
Event: 302.038 Thread 0x000001d977f158e0 flushing  nmethod 0x000001d900bc4e90
Event: 302.038 Thread 0x000001d977f158e0 flushing  nmethod 0x000001d900bc5e90
Event: 302.038 Thread 0x000001d977f158e0 flushing  nmethod 0x000001d900bdc010
Event: 302.038 Thread 0x000001d977f158e0 flushing  nmethod 0x000001d900c84f10
Event: 302.038 Thread 0x000001d977f158e0 flushing  nmethod 0x000001d900eaef90
Event: 302.038 Thread 0x000001d977f158e0 flushing  nmethod 0x000001d900eb6f90
Event: 302.038 Thread 0x000001d977f158e0 flushing  nmethod 0x000001d900eb7590
Event: 302.038 Thread 0x000001d977f158e0 flushing  nmethod 0x000001d900f22a90
Event: 302.038 Thread 0x000001d977f158e0 flushing  nmethod 0x000001d900f26e90

Events (20 events):
Event: 296.440 Thread 0x000001d961efc2f0 Thread added: 0x000001d965dfa3f0
Event: 296.441 Thread 0x000001d961efc2f0 Thread added: 0x000001d965dfdf00
Event: 296.441 Thread 0x000001d961efc2f0 Thread added: 0x000001d965dfe590
Event: 296.441 Thread 0x000001d961efc2f0 Thread added: 0x000001d965dfb110
Event: 296.442 Thread 0x000001d961efc2f0 Thread added: 0x000001d965e00660
Event: 296.442 Thread 0x000001d961efc2f0 Thread added: 0x000001d965e00cf0
Event: 296.443 Thread 0x000001d961efc2f0 Thread added: 0x000001d965e01380
Event: 296.444 Thread 0x000001d961efc2f0 Thread added: 0x000001d965e01a10
Event: 296.444 Thread 0x000001d961efc2f0 Thread added: 0x000001d965dff940
Event: 296.445 Thread 0x000001d961efc2f0 Thread added: 0x000001d965dfec20
Event: 296.445 Thread 0x000001d961efc2f0 Thread added: 0x000001d965dff2b0
Event: 296.446 Thread 0x000001d961efc2f0 Thread added: 0x000001d965e02dc0
Event: 296.447 Thread 0x000001d961efc2f0 Thread added: 0x000001d965e03450
Event: 296.447 Thread 0x000001d961efc2f0 Thread added: 0x000001d965dfffd0
Event: 296.447 Thread 0x000001d961efc2f0 Thread added: 0x000001d965e020a0
Event: 296.448 Thread 0x000001d961efc2f0 Thread added: 0x000001d965e02730
Event: 296.448 Thread 0x000001d961efc2f0 Thread added: 0x000001d97f2a1f90
Event: 296.448 Thread 0x000001d961efc2f0 Thread added: 0x000001d9645490b0
Event: 299.936 Thread 0x000001d965bea5e0 Thread exited: 0x000001d965bea5e0
Event: 300.024 Thread 0x000001d965be9840 Thread exited: 0x000001d965be9840


Dynamic libraries:
0x00007ff79bf90000 - 0x00007ff79bf9e000 	C:\Users\AJI\.vscode\extensions\redhat.java-1.56.0-win32-x64\jre\21.0.12.1-win32-x86_64\bin\java.exe
0x00007ffe02160000 - 0x00007ffe023c7000 	C:\WINDOWS\SYSTEM32\ntdll.dll
0x00007ffe003b0000 - 0x00007ffe0047b000 	C:\WINDOWS\System32\KERNEL32.DLL
0x00007ffdff6f0000 - 0x00007ffdffaf2000 	C:\WINDOWS\System32\KERNELBASE.dll
0x00007ffdff410000 - 0x00007ffdff55c000 	C:\WINDOWS\System32\ucrtbase.dll
0x00007ffdc0f00000 - 0x00007ffdc0f1e000 	C:\Users\AJI\.vscode\extensions\redhat.java-1.56.0-win32-x64\jre\21.0.12.1-win32-x86_64\bin\VCRUNTIME140.dll
0x00007ffd821c0000 - 0x00007ffd821d8000 	C:\Users\AJI\.vscode\extensions\redhat.java-1.56.0-win32-x64\jre\21.0.12.1-win32-x86_64\bin\jli.dll
0x00007ffe019a0000 - 0x00007ffe01b6f000 	C:\WINDOWS\System32\USER32.dll
0x00007ffdff570000 - 0x00007ffdff597000 	C:\WINDOWS\System32\win32u.dll
0x00007ffe01970000 - 0x00007ffe0199b000 	C:\WINDOWS\System32\GDI32.dll
0x00007ffdffc90000 - 0x00007ffdffdb9000 	C:\WINDOWS\System32\gdi32full.dll
0x00007ffdff360000 - 0x00007ffdff403000 	C:\WINDOWS\System32\msvcp_win.dll
0x00007ffddfe30000 - 0x00007ffde00c0000 	C:\WINDOWS\WinSxS\amd64_microsoft.windows.common-controls_6595b64144ccf1df_6.0.26100.9278_none_3e0d1ba8e3303201\COMCTL32.dll
0x00007ffe018c0000 - 0x00007ffe01969000 	C:\WINDOWS\System32\msvcrt.dll
0x00007ffe01b90000 - 0x00007ffe01bc1000 	C:\WINDOWS\System32\IMM32.DLL
0x00007ffdd7ca0000 - 0x00007ffdd7cac000 	C:\Users\AJI\.vscode\extensions\redhat.java-1.56.0-win32-x64\jre\21.0.12.1-win32-x86_64\bin\vcruntime140_1.dll
0x00007ffd7e7f0000 - 0x00007ffd7e87d000 	C:\Users\AJI\.vscode\extensions\redhat.java-1.56.0-win32-x64\jre\21.0.12.1-win32-x86_64\bin\msvcp140.dll
0x00007ffcef0f0000 - 0x00007ffcefe92000 	C:\Users\AJI\.vscode\extensions\redhat.java-1.56.0-win32-x64\jre\21.0.12.1-win32-x86_64\bin\server\jvm.dll
0x00007ffe002e0000 - 0x00007ffe0039c000 	C:\WINDOWS\System32\ADVAPI32.dll
0x00007ffe00230000 - 0x00007ffe002d9000 	C:\WINDOWS\System32\sechost.dll
0x00007ffdfff30000 - 0x00007ffe00048000 	C:\WINDOWS\System32\RPCRT4.dll
0x00007ffe01720000 - 0x00007ffe017a0000 	C:\WINDOWS\System32\WS2_32.dll
0x00007ffdff1c0000 - 0x00007ffdff21e000 	C:\WINDOWS\SYSTEM32\POWRPROF.dll
0x00007ffdf5020000 - 0x00007ffdf502b000 	C:\WINDOWS\SYSTEM32\VERSION.dll
0x00007ffdfb560000 - 0x00007ffdfb596000 	C:\WINDOWS\SYSTEM32\WINMM.dll
0x00007ffdff1a0000 - 0x00007ffdff1b5000 	C:\WINDOWS\SYSTEM32\UMPDC.dll
0x00007ffdfdf70000 - 0x00007ffdfdf8b000 	C:\WINDOWS\SYSTEM32\kernel.appcore.dll
0x00007ffdd7be0000 - 0x00007ffdd7bea000 	C:\Users\AJI\.vscode\extensions\redhat.java-1.56.0-win32-x64\jre\21.0.12.1-win32-x86_64\bin\jimage.dll
0x00007ffdfc940000 - 0x00007ffdfcb8c000 	C:\WINDOWS\SYSTEM32\DBGHELP.DLL
0x00007ffe00d20000 - 0x00007ffe010a5000 	C:\WINDOWS\System32\combase.dll
0x00007ffe011b0000 - 0x00007ffe01289000 	C:\WINDOWS\System32\OLEAUT32.dll
0x00007ffdde450000 - 0x00007ffdde48b000 	C:\WINDOWS\SYSTEM32\dbgcore.DLL
0x00007ffdffdc0000 - 0x00007ffdffe6c000 	C:\WINDOWS\System32\bcryptPrimitives.dll
0x00007ffdd70d0000 - 0x00007ffdd70df000 	C:\Users\AJI\.vscode\extensions\redhat.java-1.56.0-win32-x64\jre\21.0.12.1-win32-x86_64\bin\instrument.dll
0x00007ffd7fbb0000 - 0x00007ffd7fbd0000 	C:\Users\AJI\.vscode\extensions\redhat.java-1.56.0-win32-x64\jre\21.0.12.1-win32-x86_64\bin\java.dll
0x00007ffe00580000 - 0x00007ffe00d18000 	C:\WINDOWS\System32\SHELL32.dll
0x00007ffdfcd80000 - 0x00007ffdfd62e000 	C:\WINDOWS\SYSTEM32\windows.storage.dll
0x00007ffe01320000 - 0x00007ffe0141b000 	C:\WINDOWS\System32\SHCORE.dll
0x00007ffe010b0000 - 0x00007ffe01116000 	C:\WINDOWS\System32\shlwapi.dll
0x00007ffdff280000 - 0x00007ffdff2a9000 	C:\WINDOWS\SYSTEM32\profapi.dll
0x00007ffd7fb90000 - 0x00007ffd7fba8000 	C:\Users\AJI\.vscode\extensions\redhat.java-1.56.0-win32-x64\jre\21.0.12.1-win32-x86_64\bin\zip.dll
0x00007ffdd7b20000 - 0x00007ffdd7b30000 	C:\Users\AJI\.vscode\extensions\redhat.java-1.56.0-win32-x64\jre\21.0.12.1-win32-x86_64\bin\net.dll
0x00007ffdf8730000 - 0x00007ffdf885a000 	C:\WINDOWS\SYSTEM32\WINHTTP.dll
0x00007ffdfe5f0000 - 0x00007ffdfe65c000 	C:\WINDOWS\system32\mswsock.dll
0x00007ffd7e7d0000 - 0x00007ffd7e7e6000 	C:\Users\AJI\.vscode\extensions\redhat.java-1.56.0-win32-x64\jre\21.0.12.1-win32-x86_64\bin\nio.dll
0x00007ffdd1b60000 - 0x00007ffdd1b70000 	C:\Users\AJI\.vscode\extensions\redhat.java-1.56.0-win32-x64\jre\21.0.12.1-win32-x86_64\bin\verify.dll
0x00007ffd7fce0000 - 0x00007ffd7fd07000 	C:\Users\AJI\.gradle\native\1def1411415f61bf3af743bc5b6707747c0891f09f0c88961ee8f79bc544acac\windows-amd64\native-platform.dll
0x00007ffcf9e70000 - 0x00007ffcf9ee7000 	C:\Users\AJI\.gradle\native\0.2.8\x86_64-windows-gnu\gradle-fileevents.dll
0x00007ffdd17c0000 - 0x00007ffdd17ca000 	C:\Users\AJI\.vscode\extensions\redhat.java-1.56.0-win32-x64\jre\21.0.12.1-win32-x86_64\bin\management.dll
0x00007ffdd0ce0000 - 0x00007ffdd0cec000 	C:\Users\AJI\.vscode\extensions\redhat.java-1.56.0-win32-x64\jre\21.0.12.1-win32-x86_64\bin\management_ext.dll
0x00007ffe01b80000 - 0x00007ffe01b88000 	C:\WINDOWS\System32\PSAPI.DLL
0x00007ffdfd9b0000 - 0x00007ffdfd9e3000 	C:\WINDOWS\SYSTEM32\IPHLPAPI.DLL
0x00007ffdfff00000 - 0x00007ffdfff0a000 	C:\WINDOWS\System32\NSI.dll
0x00007ffdd0ba0000 - 0x00007ffdd0ba9000 	C:\Users\AJI\.vscode\extensions\redhat.java-1.56.0-win32-x64\jre\21.0.12.1-win32-x86_64\bin\extnet.dll
0x00007ffdfe8e0000 - 0x00007ffdfe8fb000 	C:\WINDOWS\SYSTEM32\CRYPTSP.dll
0x00007ffdfdf90000 - 0x00007ffdfdfc9000 	C:\WINDOWS\system32\rsaenh.dll
0x00007ffdfe6a0000 - 0x00007ffdfe6d4000 	C:\WINDOWS\SYSTEM32\USERENV.dll
0x00007ffdff250000 - 0x00007ffdff27a000 	C:\WINDOWS\SYSTEM32\bcrypt.dll
0x00007ffdfe900000 - 0x00007ffdfe90c000 	C:\WINDOWS\SYSTEM32\CRYPTBASE.dll
0x00007ffdd0640000 - 0x00007ffdd064e000 	C:\Users\AJI\.vscode\extensions\redhat.java-1.56.0-win32-x64\jre\21.0.12.1-win32-x86_64\bin\sunmscapi.dll
0x00007ffdffb00000 - 0x00007ffdffc7e000 	C:\WINDOWS\System32\CRYPT32.dll
0x00007ffdfeb20000 - 0x00007ffdfeb50000 	C:\WINDOWS\SYSTEM32\ncrypt.dll
0x00007ffdfead0000 - 0x00007ffdfeb0f000 	C:\WINDOWS\SYSTEM32\NTASN1.dll
0x00007ffdd4f00000 - 0x00007ffdd4f08000 	C:\WINDOWS\system32\wshunix.dll

JVMTI agents:
C:\Users\AJI\.gradle\wrapper\dists\gradle-9.1.0-all\7wzd0jkjit61aq2p43wpjgij9\gradle-9.1.0\lib\agents\gradle-instrumentation-agent-9.1.0.jar path:C:\Users\AJI\.vscode\extensions\redhat.java-1.56.0-win32-x64\jre\21.0.12.1-win32-x86_64\bin\instrument.dll, loaded, initialized, instrumentlib options:none

dbghelp: loaded successfully - version: 4.0.5 - missing functions: none
symbol engine: initialized successfully - sym options: 0x614 - pdb path: .;C:\Users\AJI\.vscode\extensions\redhat.java-1.56.0-win32-x64\jre\21.0.12.1-win32-x86_64\bin;C:\WINDOWS\SYSTEM32;C:\WINDOWS\WinSxS\amd64_microsoft.windows.common-controls_6595b64144ccf1df_6.0.26100.9278_none_3e0d1ba8e3303201;C:\Users\AJI\.vscode\extensions\redhat.java-1.56.0-win32-x64\jre\21.0.12.1-win32-x86_64\bin\server;C:\Users\AJI\.gradle\native\1def1411415f61bf3af743bc5b6707747c0891f09f0c88961ee8f79bc544acac\windows-amd64;C:\Users\AJI\.gradle\native\0.2.8\x86_64-windows-gnu

VM Arguments:
jvm_args: --add-opens=java.base/java.lang=ALL-UNNAMED --add-opens=java.base/java.lang.invoke=ALL-UNNAMED --add-opens=java.base/java.util=ALL-UNNAMED --add-opens=java.prefs/java.util.prefs=ALL-UNNAMED --add-exports=jdk.compiler/com.sun.tools.javac.api=ALL-UNNAMED --add-exports=jdk.compiler/com.sun.tools.javac.util=ALL-UNNAMED --add-opens=java.base/java.util=ALL-UNNAMED --add-opens=java.prefs/java.util.prefs=ALL-UNNAMED --add-opens=java.base/java.nio.charset=ALL-UNNAMED --add-opens=java.base/java.net=ALL-UNNAMED --add-opens=java.base/java.util.concurrent=ALL-UNNAMED --add-opens=java.base/java.util.concurrent.atomic=ALL-UNNAMED --add-opens=java.xml/javax.xml.namespace=ALL-UNNAMED --add-opens=java.base/java.time=ALL-UNNAMED -XX:MaxMetaspaceSize=4G -XX:ReservedCodeCacheSize=512m -XX:+HeapDumpOnOutOfMemoryError -Xmx8G -Dfile.encoding=UTF-8 -Duser.country=IN -Duser.language=en -Duser.variant -javaagent:C:\Users\AJI\.gradle\wrapper\dists\gradle-9.1.0-all\7wzd0jkjit61aq2p43wpjgij9\gradle-9.1.0\lib\agents\gradle-instrumentation-agent-9.1.0.jar 
java_command: org.gradle.launcher.daemon.bootstrap.GradleDaemon 9.1.0
java_class_path (initial): C:\Users\AJI\.gradle\wrapper\dists\gradle-9.1.0-all\7wzd0jkjit61aq2p43wpjgij9\gradle-9.1.0\lib\gradle-daemon-main-9.1.0.jar
Launcher Type: SUN_STANDARD

[Global flags]
     intx CICompilerCount                          = 12                                        {product} {ergonomic}
     uint ConcGCThreads                            = 4                                         {product} {ergonomic}
     uint G1ConcRefinementThreads                  = 15                                        {product} {ergonomic}
   size_t G1HeapRegionSize                         = 4194304                                   {product} {ergonomic}
    uintx GCDrainStackTargetSize                   = 64                                        {product} {ergonomic}
     bool HeapDumpOnOutOfMemoryError               = true                                   {manageable} {command line}
   size_t InitialHeapSize                          = 264241152                                 {product} {ergonomic}
   size_t MarkStackSize                            = 4194304                                   {product} {ergonomic}
   size_t MaxHeapSize                              = 8589934592                                {product} {command line}
   size_t MaxMetaspaceSize                         = 4294967296                                {product} {command line}
   size_t MaxNewSize                               = 5150605312                                {product} {ergonomic}
   size_t MinHeapDeltaBytes                        = 4194304                                   {product} {ergonomic}
   size_t MinHeapSize                              = 8388608                                   {product} {ergonomic}
    uintx NonNMethodCodeHeapSize                   = 7602480                                {pd product} {ergonomic}
    uintx NonProfiledCodeHeapSize                  = 264634216                              {pd product} {ergonomic}
    uintx ProfiledCodeHeapSize                     = 264634216                              {pd product} {ergonomic}
    uintx ReservedCodeCacheSize                    = 536870912                              {pd product} {command line}
     bool SegmentedCodeCache                       = true                                      {product} {ergonomic}
   size_t SoftMaxHeapSize                          = 8589934592                             {manageable} {ergonomic}
     bool UseCompressedOops                        = true                           {product lp64_product} {ergonomic}
     bool UseG1GC                                  = true                                      {product} {ergonomic}
     bool UseLargePagesIndividualAllocation        = false                                  {pd product} {ergonomic}

Logging:
Log output configuration:
 #0: stdout all=warning uptime,level,tags foldmultilines=false
 #1: stderr all=off uptime,level,tags foldmultilines=false

Release file:
JAVA_VERSION="21.0.12.1" 
MODULES="java.base java.compiler java.datatransfer java.xml java.prefs java.desktop java.instrument java.logging java.management java.security.sasl java.naming java.rmi java.management.rmi java.net.http java.scripting java.security.jgss java.transaction.xa java.sql java.sql.rowset java.xml.crypto java.se java.smartcardio jdk.accessibility jdk.internal.jvmstat jdk.attach jdk.charsets jdk.internal.opt jdk.zipfs jdk.compiler jdk.crypto.ec jdk.crypto.cryptoki jdk.crypto.mscapi jdk.dynalink jdk.internal.ed jdk.editpad jdk.hotspot.agent jdk.httpserver jdk.internal.le jdk.internal.vm.ci jdk.internal.vm.compiler jdk.internal.vm.compiler.management jdk.jartool jdk.javadoc jdk.jcmd jdk.management jdk.management.agent jdk.jconsole jdk.jdeps jdk.jdwp.agent jdk.jdi jdk.jfr jdk.jshell jdk.jsobject jdk.jstatd jdk.localedata jdk.management.jfr jdk.naming.dns jdk.naming.rmi jdk.net jdk.nio.mapmode jdk.random jdk.sctp jdk.security.auth jdk.security.jgss jdk.unsupported jdk.unsupported.desktop jdk.xml.dom" 

Environment Variables:
JAVA_HOME=C:\Program Files\Java\jdk-17
PATH=C:\Python314\Scripts\;C:\Python314\;C:\Program Files\Eclipse Adoptium\jdk-25.0.3.9-hotspot\bin;C:\Program Files\Microsoft\jdk-11.0.16.101-hotspot\bin;C:\WINDOWS\system32;C:\WINDOWS;C:\WINDOWS\System32\Wbem;C:\WINDOWS\System32\WindowsPowerShell\v1.0\;C:\WINDOWS\System32\OpenSSH\;C:\Program Files\dotnet\;C:\MinGW\bin;C:\ProgramData\chocolatey\bin;C:\Users\AJI\AppData\Local\Pub\Cache\bin;C:\Program Files\Java\jdk-17\bin;d:\cursor\resources\app\bin;C:\Users\AJI\develop\flutter\bin;C:\Users\AJI\.local\bin;D:\node\node_modules\npm\bin;D:\node\;C:\Program Files\nodejs\;C:\Program Files\nodejs\node_modules\npm\bin;C:\Users\AJI\Documents\MONGO\mongosh-2.9.2-win32-x64\bin;C:\xampp\php;C:\Program Files\Git\cmd;C:\Users\AJI\AppData\Local\Programs\Python\Python312\Scripts\;C:\Users\AJI\AppData\Local\Programs\Python\Python312\;C:\Users\AJI\.local\bin;C:\Users\AJI\AppData\Local\Microsoft\WindowsApps;D:\IntelliJ IDEA Community Edition 2023.1.5\bin;;C:\mingw64\bin;C:\Users\AJI\.dotnet\tools;C:\Users\AJI\Documents\flutter_windows_3.13.4-stable\flutter\bin;C:\Users\AJI\AppData\Local\Pub\Cache\bin;D:\flutter_pub_cache;C:\Users\AJI\AppData\Local\Android\Sdk;C:\Program Files\Java\jdk-17\bin;D:\rider\JetBrains Rider 2024.3.7\bin;;D:\Program Files\Microsoft VS Code\bin;D:\freelanceing\cursor\resources\app\bin;C:\Users\AJI\AppData\Local\Programs\Microsoft VS Code\bin;C:\Users\AJI\AppData\Local\Programs\cursor\resources\app\bin;C:\Users\AJI\AppData\Roaming\npm
USERNAME=AJI
OS=Windows_NT
PROCESSOR_IDENTIFIER=Intel64 Family 6 Model 154 Stepping 3, GenuineIntel
TMP=C:\Users\AJI\AppData\Local\Temp
TEMP=C:\Users\AJI\AppData\Local\Temp




Periodic native trim disabled

---------------  S Y S T E M  ---------------

OS:
 Windows 11 , 64 bit Build 26100 (10.0.26100.9444)
OS uptime: 0 days 0:14 hours
Hyper-V role detected

CPU: total 20 (initial active 20) (10 cores per cpu, 2 threads per core) family 6 model 154 stepping 3 microcode 0x43b, cx8, cmov, fxsr, ht, mmx, 3dnowpref, sse, sse2, sse3, ssse3, sse4.1, sse4.2, popcnt, lzcnt, tsc, tscinvbit, avx, avx2, aes, erms, clmul, bmi1, bmi2, adx, sha, fma, vzeroupper, clflush, clflushopt, clwb, hv, serialize, rdtscp, rdpid, fsrm, f16c, cet_ibt, cet_ss
Processor Information for processor 0
  Max Mhz: 2300, Current Mhz: 2300, Mhz Limit: 2300
Processor Information for processor 1
  Max Mhz: 2300, Current Mhz: 2300, Mhz Limit: 2300
Processor Information for processor 2
  Max Mhz: 2300, Current Mhz: 2300, Mhz Limit: 2300
Processor Information for processor 3
  Max Mhz: 2300, Current Mhz: 2300, Mhz Limit: 2300
Processor Information for processor 4
  Max Mhz: 2300, Current Mhz: 2300, Mhz Limit: 2300
Processor Information for processor 5
  Max Mhz: 2300, Current Mhz: 2300, Mhz Limit: 2300
Processor Information for processor 6
  Max Mhz: 2300, Current Mhz: 2300, Mhz Limit: 2300
Processor Information for processor 7
  Max Mhz: 2300, Current Mhz: 2300, Mhz Limit: 2300
Processor Information for processor 8
  Max Mhz: 2300, Current Mhz: 2300, Mhz Limit: 2300
Processor Information for processor 9
  Max Mhz: 2300, Current Mhz: 2300, Mhz Limit: 2300
Processor Information for processor 10
  Max Mhz: 2300, Current Mhz: 2300, Mhz Limit: 2300
Processor Information for processor 11
  Max Mhz: 2300, Current Mhz: 2300, Mhz Limit: 2300
Processor Information for processor 12
  Max Mhz: 2300, Current Mhz: 2300, Mhz Limit: 2300
Processor Information for processor 13
  Max Mhz: 2300, Current Mhz: 1488, Mhz Limit: 2300
Processor Information for processor 14
  Max Mhz: 2300, Current Mhz: 1488, Mhz Limit: 2300
Processor Information for processor 15
  Max Mhz: 2300, Current Mhz: 1488, Mhz Limit: 2300
Processor Information for processor 16
  Max Mhz: 2300, Current Mhz: 2300, Mhz Limit: 2300
Processor Information for processor 17
  Max Mhz: 2300, Current Mhz: 2300, Mhz Limit: 2300
Processor Information for processor 18
  Max Mhz: 2300, Current Mhz: 2300, Mhz Limit: 2300
Processor Information for processor 19
  Max Mhz: 2300, Current Mhz: 2300, Mhz Limit: 2300

Memory: 4k page, system-wide physical 16068M (88M free)
TotalPageFile size 65220M (AvailPageFile size 114M)
current process WorkingSet (physical memory assigned to process): 280M, peak: 324M
current process commit charge ("private bytes"): 436M, peak: 450M

vm_info: OpenJDK 64-Bit Server VM (21.0.12.1+1-LTS) for windows-amd64 JRE (21.0.12.1+1-LTS), built on 2026-08-18T00:00:00Z by "admin" with MS VC++ 17.12 (VS2022)

END.
