#
# There is insufficient memory for the Java Runtime Environment to continue.
# Native memory allocation (mmap) failed to map 65536 bytes. Error detail: Failed to commit metaspace.
# Possible reasons:
#   The system is out of physical RAM or swap space
#   This process is running with CompressedOops enabled, and the Java Heap may be blocking the growth of the native heap
# Possible solutions:
#   Reduce memory load on the system
#   Increase physical memory or swap space
#   Check if swap backing store is full
#   Decrease Java heap size (-Xmx/-Xms)
#   Decrease number of Java threads
#   Decrease Java thread stack sizes (-Xss)
#   Set larger code cache with -XX:ReservedCodeCacheSize=
#   JVM is running with Zero Based Compressed Oops mode in which the Java heap is
#     placed in the first 32GB address space. The Java Heap base address is the
#     maximum limit for the native heap growth. Please use -XX:HeapBaseMinAddress
#     to set the Java Heap base and to place the Java Heap above 32GB virtual address.
# This output file may be truncated or incomplete.
#
#  Out of Memory Error (virtualSpaceNode.cpp:113), pid=65456, tid=75708
#
# JRE version: OpenJDK Runtime Environment Temurin-21.0.12.1+1 (21.0.12.1+1) (build 21.0.12.1+1-LTS)
# Java VM: OpenJDK 64-Bit Server VM Temurin-21.0.12.1+1 (21.0.12.1+1-LTS, mixed mode, sharing, tiered, compressed oops, compressed class ptrs, g1 gc, windows-amd64)
# No core dump will be written. Minidumps are not enabled by default on client versions of Windows
#

---------------  S U M M A R Y ------------

Command Line: --add-opens=java.base/java.lang=ALL-UNNAMED --add-opens=java.base/java.lang.invoke=ALL-UNNAMED --add-opens=java.base/java.util=ALL-UNNAMED --add-opens=java.prefs/java.util.prefs=ALL-UNNAMED --add-exports=jdk.compiler/com.sun.tools.javac.api=ALL-UNNAMED --add-exports=jdk.compiler/com.sun.tools.javac.util=ALL-UNNAMED --add-opens=java.base/java.util=ALL-UNNAMED --add-opens=java.prefs/java.util.prefs=ALL-UNNAMED --add-opens=java.base/java.nio.charset=ALL-UNNAMED --add-opens=java.base/java.net=ALL-UNNAMED --add-opens=java.base/java.util.concurrent=ALL-UNNAMED --add-opens=java.base/java.util.concurrent.atomic=ALL-UNNAMED --add-opens=java.xml/javax.xml.namespace=ALL-UNNAMED --add-opens=java.base/java.time=ALL-UNNAMED -XX:MaxMetaspaceSize=4G -XX:ReservedCodeCacheSize=512m -XX:+HeapDumpOnOutOfMemoryError -Xmx8G -Dfile.encoding=UTF-8 -Duser.country=IN -Duser.language=en -Duser.variant -javaagent:C:\Users\AJI\.gradle\wrapper\dists\gradle-9.1.0-all\7wzd0jkjit61aq2p43wpjgij9\gradle-9.1.0\lib\agents\gradle-instrumentation-agent-9.1.0.jar org.gradle.launcher.daemon.bootstrap.GradleDaemon 9.1.0

Host: 12th Gen Intel(R) Core(TM) i7-12700H, 20 cores, 15G,  Windows 11 , 64 bit Build 26100 (10.0.26100.9444)
Time: Thu Sep 17 09:16:58 2026 India Standard Time elapsed time: 17.047599 seconds (0d 0h 0m 17s)

---------------  T H R E A D  ---------------

Current thread (0x000001cd00636840):  JavaThread "Daemon worker"        [_thread_in_vm, id=75708, stack(0x0000005db8100000,0x0000005db8200000) (1024K)]

Stack: [0x0000005db8100000,0x0000005db8200000]
Native frames: (J=compiled Java code, j=interpreted, Vv=VM code, C=native code)
V  [jvm.dll+0x6d83e9]
V  [jvm.dll+0x8b5736]
V  [jvm.dll+0x8b7cee]
V  [jvm.dll+0x8b83d3]
V  [jvm.dll+0x284596]
V  [jvm.dll+0x8b147e]
V  [jvm.dll+0x679ad4]
V  [jvm.dll+0x679b3a]
V  [jvm.dll+0x67c336]
V  [jvm.dll+0x67c202]
V  [jvm.dll+0x67a4ae]
V  [jvm.dll+0x26e951]
V  [jvm.dll+0x2197ee]
V  [jvm.dll+0x219be5]
V  [jvm.dll+0x21a5d8]
V  [jvm.dll+0x20f80e]
V  [jvm.dll+0x5b6a7f]
V  [jvm.dll+0x2218ae]
V  [jvm.dll+0x82ec5d]
V  [jvm.dll+0x82fc8b]
V  [jvm.dll+0x830254]
V  [jvm.dll+0x48017b]
C  [java.dll+0x1a2d]

Java frames: (J=compiled Java code, j=interpreted, Vv=VM code)
J 836  java.lang.ClassLoader.findBootstrapClass(Ljava/lang/String;)Ljava/lang/Class; java.base@21.0.12.1 (0 bytes) @ 0x000001cd1c9145aa [0x000001cd1c914540+0x000000000000006a]
J 2998 c2 java.lang.ClassLoader.loadClass(Ljava/lang/String;Z)Ljava/lang/Class; java.base@21.0.12.1 (121 bytes) @ 0x000001cd1ca24870 [0x000001cd1ca23520+0x0000000000001350]
J 3802 c2 java.lang.ClassLoader.loadClass(Ljava/lang/String;)Ljava/lang/Class; java.base@21.0.12.1 (7 bytes) @ 0x000001cd1cac15ec [0x000001cd1cac15a0+0x000000000000004c]
j  org.codehaus.groovy.reflection.GeneratedMetaMethod$DgmMethodRecord.loadDgmInfo()Ljava/util/List;+112
j  org.codehaus.groovy.runtime.metaclass.MetaClassRegistryImpl.registerMethods(Ljava/lang/Class;ZZLjava/util/Map;)V+4
j  org.codehaus.groovy.runtime.metaclass.MetaClassRegistryImpl.<init>(IZ)V+165
j  org.codehaus.groovy.runtime.metaclass.MetaClassRegistryImpl.<init>()V+3
j  groovy.lang.GroovySystem.<clinit>()V+8
v  ~StubRoutines::call_stub 0x000001cd1c17100d
j  org.codehaus.groovy.runtime.InvokerHelper.<clinit>()V+20
v  ~StubRoutines::call_stub 0x000001cd1c17100d
j  groovy.lang.GroovyObjectSupport.getDefaultMetaClass()Lgroovy/lang/MetaClass;+4
j  groovy.lang.GroovyObjectSupport.<init>()V+6
j  org.gradle.internal.extensibility.DefaultExtraPropertiesExtension.<init>()V+1
j  org.gradle.internal.extensibility.DefaultExtensionContainer.<init>(Lorg/gradle/internal/instantiation/InstanceGenerator;)V+33
j  org.gradle.internal.extensibility.ExtensibleDynamicObject.<init>(Ljava/lang/Object;Lorg/gradle/internal/metaobject/AbstractDynamicObject;Lorg/gradle/internal/instantiation/InstanceGenerator;)V+8
j  org.gradle.internal.instantiation.generator.MixInExtensibleDynamicObject.<init>(Ljava/lang/Object;Ljava/lang/Class;Lorg/gradle/internal/metaobject/DynamicObject;Lorg/gradle/internal/service/ServiceLookup;)V+13
j  org.gradle.initialization.DefaultSettings_Decorated.getAsDynamicObject()Lorg/gradle/internal/metaobject/DynamicObject;+26
j  org.gradle.initialization.DefaultSettings_Decorated.getExtensions()Lorg/gradle/api/plugins/ExtensionContainer;+1
j  org.gradle.initialization.SettingsFactory.createSettings(Lorg/gradle/api/internal/GradleInternal;Ljava/io/File;Lorg/gradle/groovy/scripts/ScriptSource;Lorg/gradle/api/internal/properties/GradleProperties;Lorg/gradle/StartParameter;Lorg/gradle/api/internal/initialization/ClassLoaderScope;)Lorg/gradle/initialization/SettingsState;+126
j  org.gradle.initialization.ScriptEvaluatingSettingsProcessor.process(Lorg/gradle/api/internal/GradleInternal;Lorg/gradle/initialization/SettingsLocation;Lorg/gradle/api/internal/initialization/ClassLoaderScope;Lorg/gradle/StartParameter;)Lorg/gradle/initialization/SettingsState;+47
j  org.gradle.initialization.SettingsEvaluatedCallbackFiringSettingsProcessor.process(Lorg/gradle/api/internal/GradleInternal;Lorg/gradle/initialization/SettingsLocation;Lorg/gradle/api/internal/initialization/ClassLoaderScope;Lorg/gradle/StartParameter;)Lorg/gradle/initialization/SettingsState;+9
j  org.gradle.initialization.RootBuildCacheControllerSettingsProcessor.process(Lorg/gradle/api/internal/GradleInternal;Lorg/gradle/initialization/SettingsLocation;Lorg/gradle/api/internal/initialization/ClassLoaderScope;Lorg/gradle/StartParameter;)Lorg/gradle/initialization/SettingsState;+9
j  org.gradle.initialization.BuildOperationSettingsProcessor$2.call(Lorg/gradle/internal/operations/BuildOperationContext;)Lorg/gradle/initialization/SettingsState;+23
j  org.gradle.initialization.BuildOperationSettingsProcessor$2.call(Lorg/gradle/internal/operations/BuildOperationContext;)Ljava/lang/Object;+2
j  org.gradle.internal.operations.DefaultBuildOperationRunner$CallableBuildOperationWorker.execute(Lorg/gradle/internal/operations/CallableBuildOperation;Lorg/gradle/internal/operations/BuildOperationContext;)V+3
j  org.gradle.internal.operations.DefaultBuildOperationRunner$CallableBuildOperationWorker.execute(Lorg/gradle/internal/operations/BuildOperation;Lorg/gradle/internal/operations/BuildOperationContext;)V+6
j  org.gradle.internal.operations.DefaultBuildOperationRunner$2.execute(Lorg/gradle/internal/operations/BuildOperationDescriptor;Lorg/gradle/internal/operations/BuildOperationState;Lorg/gradle/internal/operations/BuildOperationState;Lorg/gradle/internal/operations/DefaultBuildOperationRunner$ReadableBuildOperationContext;Lorg/gradle/internal/operations/DefaultBuildOperationRunner$BuildOperationExecutionListener;)Lorg/gradle/internal/operations/BuildOperation;+22
j  org.gradle.internal.operations.DefaultBuildOperationRunner$2.execute(Lorg/gradle/internal/operations/BuildOperationDescriptor;Lorg/gradle/internal/operations/BuildOperationState;Lorg/gradle/internal/operations/BuildOperationState;Lorg/gradle/internal/operations/DefaultBuildOperationRunner$ReadableBuildOperationContext;Lorg/gradle/internal/operations/DefaultBuildOperationRunner$BuildOperationExecutionListener;)Ljava/lang/Object;+8
j  org.gradle.internal.operations.DefaultBuildOperationRunner.execute(Lorg/gradle/internal/operations/BuildOperationDescriptor$Builder;Lorg/gradle/internal/operations/BuildOperationState;Lorg/gradle/internal/operations/DefaultBuildOperationRunner$BuildOperationExecution;)Ljava/lang/Object;+141
j  org.gradle.internal.operations.DefaultBuildOperationRunner.execute(Lorg/gradle/internal/operations/BuildOperation;Lorg/gradle/internal/operations/BuildOperationWorker;Lorg/gradle/internal/operations/BuildOperationState;)V+18
j  org.gradle.internal.operations.DefaultBuildOperationRunner.call(Lorg/gradle/internal/operations/CallableBuildOperation;)Ljava/lang/Object;+16
j  org.gradle.initialization.BuildOperationSettingsProcessor.process(Lorg/gradle/api/internal/GradleInternal;Lorg/gradle/initialization/SettingsLocation;Lorg/gradle/api/internal/initialization/ClassLoaderScope;Lorg/gradle/StartParameter;)Lorg/gradle/initialization/SettingsState;+17
j  org.gradle.initialization.DefaultSettingsLoader.findSettingsAndLoadIfAppropriate(Lorg/gradle/api/internal/GradleInternal;Lorg/gradle/StartParameter;Lorg/gradle/initialization/SettingsLocation;Lorg/gradle/api/internal/initialization/ClassLoaderScope;)Lorg/gradle/initialization/SettingsState;+9
j  org.gradle.initialization.DefaultSettingsLoader.findAndLoadSettings(Lorg/gradle/api/internal/GradleInternal;)Lorg/gradle/initialization/SettingsState;+103
j  org.gradle.initialization.SettingsAttachingSettingsLoader.findAndLoadSettings(Lorg/gradle/api/internal/GradleInternal;)Lorg/gradle/initialization/SettingsState;+5
j  org.gradle.internal.composite.CommandLineIncludedBuildSettingsLoader.findAndLoadSettings(Lorg/gradle/api/internal/GradleInternal;)Lorg/gradle/initialization/SettingsState;+5
j  org.gradle.internal.composite.ChildBuildRegisteringSettingsLoader.findAndLoadSettings(Lorg/gradle/api/internal/GradleInternal;)Lorg/gradle/initialization/SettingsState;+5
j  org.gradle.internal.composite.CompositeBuildSettingsLoader.findAndLoadSettings(Lorg/gradle/api/internal/GradleInternal;)Lorg/gradle/initialization/SettingsState;+5
j  org.gradle.initialization.InitScriptHandlingSettingsLoader.findAndLoadSettings(Lorg/gradle/api/internal/GradleInternal;)Lorg/gradle/initialization/SettingsState;+13
j  org.gradle.api.internal.initialization.CacheConfigurationsHandlingSettingsLoader.findAndLoadSettings(Lorg/gradle/api/internal/GradleInternal;)Lorg/gradle/initialization/SettingsState;+15
j  org.gradle.initialization.GradlePropertiesHandlingSettingsLoader.findAndLoadSettings(Lorg/gradle/api/internal/GradleInternal;)Lorg/gradle/initialization/SettingsState;+53
j  org.gradle.initialization.DefaultSettingsPreparer.prepareSettings(Lorg/gradle/api/internal/GradleInternal;)V+33
j  org.gradle.initialization.BuildOperationFiringSettingsPreparer$LoadBuild.doLoadBuild()V+11
j  org.gradle.initialization.BuildOperationFiringSettingsPreparer$LoadBuild.run(Lorg/gradle/internal/operations/BuildOperationContext;)V+1
j  org.gradle.internal.operations.DefaultBuildOperationRunner$1.execute(Lorg/gradle/internal/operations/RunnableBuildOperation;Lorg/gradle/internal/operations/BuildOperationContext;)V+2
j  org.gradle.internal.operations.DefaultBuildOperationRunner$1.execute(Lorg/gradle/internal/operations/BuildOperation;Lorg/gradle/internal/operations/BuildOperationContext;)V+6
j  org.gradle.internal.operations.DefaultBuildOperationRunner$2.execute(Lorg/gradle/internal/operations/BuildOperationDescriptor;Lorg/gradle/internal/operations/BuildOperationState;Lorg/gradle/internal/operations/BuildOperationState;Lorg/gradle/internal/operations/DefaultBuildOperationRunner$ReadableBuildOperationContext;Lorg/gradle/internal/operations/DefaultBuildOperationRunner$BuildOperationExecutionListener;)Lorg/gradle/internal/operations/BuildOperation;+22
j  org.gradle.internal.operations.DefaultBuildOperationRunner$2.execute(Lorg/gradle/internal/operations/BuildOperationDescriptor;Lorg/gradle/internal/operations/BuildOperationState;Lorg/gradle/internal/operations/BuildOperationState;Lorg/gradle/internal/operations/DefaultBuildOperationRunner$ReadableBuildOperationContext;Lorg/gradle/internal/operations/DefaultBuildOperationRunner$BuildOperationExecutionListener;)Ljava/lang/Object;+8
j  org.gradle.internal.operations.DefaultBuildOperationRunner.execute(Lorg/gradle/internal/operations/BuildOperationDescriptor$Builder;Lorg/gradle/internal/operations/BuildOperationState;Lorg/gradle/internal/operations/DefaultBuildOperationRunner$BuildOperationExecution;)Ljava/lang/Object;+141
j  org.gradle.internal.operations.DefaultBuildOperationRunner.execute(Lorg/gradle/internal/operations/BuildOperation;Lorg/gradle/internal/operations/BuildOperationWorker;Lorg/gradle/internal/operations/BuildOperationState;)V+18
j  org.gradle.internal.operations.DefaultBuildOperationRunner.run(Lorg/gradle/internal/operations/RunnableBuildOperation;)V+9
j  org.gradle.initialization.BuildOperationFiringSettingsPreparer.prepareSettings(Lorg/gradle/api/internal/GradleInternal;)V+31
j  org.gradle.initialization.VintageBuildModelController.lambda$prepareSettings$1()V+8
j  org.gradle.initialization.VintageBuildModelController$$Lambda+0x000001cd3c45afa0.run()V+4
j  org.gradle.internal.model.StateTransitionController.lambda$doTransition$14(Ljava/lang/Runnable;)Lorg/gradle/internal/build/ExecutionResult;+1
j  org.gradle.internal.model.StateTransitionController$$Lambda+0x000001cd3c45b3f0.get()Ljava/lang/Object;+4
j  org.gradle.internal.model.StateTransitionController.doTransition(Lorg/gradle/internal/model/StateTransitionController$State;Lorg/gradle/internal/model/StateTransitionController$State;Ljava/util/function/Supplier;)Lorg/gradle/internal/build/ExecutionResult;+24
j  org.gradle.internal.model.StateTransitionController.doTransition(Lorg/gradle/internal/model/StateTransitionController$State;Lorg/gradle/internal/model/StateTransitionController$State;Ljava/lang/Runnable;)V+9
j  org.gradle.internal.model.StateTransitionController.lambda$transitionIfNotPreviously$11(Lorg/gradle/internal/model/StateTransitionController$State;Lorg/gradle/internal/model/StateTransitionController$State;Ljava/lang/Runnable;)V+16
j  org.gradle.internal.model.StateTransitionController$$Lambda+0x000001cd3c45b1c8.run()V+16
j  org.gradle.internal.work.DefaultSynchronizer.withLock(Ljava/lang/Runnable;)V+6
j  org.gradle.internal.model.StateTransitionController.transitionIfNotPreviously(Lorg/gradle/internal/model/StateTransitionController$State;Lorg/gradle/internal/model/StateTransitionController$State;Ljava/lang/Runnable;)V+13
j  org.gradle.initialization.VintageBuildModelController.prepareSettings()V+16
j  org.gradle.initialization.VintageBuildModelController.getConfiguredModel()Lorg/gradle/api/internal/GradleInternal;+1
j  org.gradle.internal.build.DefaultBuildLifecycleController.lambda$withProjectsConfigured$1(Ljava/util/function/Function;)Ljava/lang/Object;+5
j  org.gradle.internal.build.DefaultBuildLifecycleController$$Lambda+0x000001cd3c45ab50.get()Ljava/lang/Object;+8
j  org.gradle.internal.model.StateTransitionController.lambda$notInState$3(Lorg/gradle/internal/model/StateTransitionController$State;Ljava/util/function/Supplier;)Ljava/lang/Object;+11
j  org.gradle.internal.model.StateTransitionController$$Lambda+0x000001cd3c45ad78.create()Ljava/lang/Object;+12
j  org.gradle.internal.work.DefaultSynchronizer.withLock(Lorg/gradle/internal/Factory;)Ljava/lang/Object;+6
j  org.gradle.internal.model.StateTransitionController.notInState(Lorg/gradle/internal/model/StateTransitionController$State;Ljava/util/function/Supplier;)Ljava/lang/Object;+12
j  org.gradle.internal.build.DefaultBuildLifecycleController.withProjectsConfigured(Ljava/util/function/Function;)Ljava/lang/Object;+14
j  org.gradle.internal.build.DefaultBuildToolingModelController.locateBuilderForTarget(Ljava/lang/String;Z)Lorg/gradle/tooling/provider/model/internal/ToolingModelScope;+38
j  org.gradle.internal.buildtree.DefaultBuildTreeModelCreator$DefaultBuildTreeModelController.lambda$locateBuilderForBuildTarget$0(Ljava/lang/String;ZLorg/gradle/internal/build/BuildToolingModelController;)Lorg/gradle/tooling/provider/model/internal/ToolingModelScope;+3
j  org.gradle.internal.buildtree.DefaultBuildTreeModelCreator$DefaultBuildTreeModelController$$Lambda+0x000001cd3c43a450.apply(Ljava/lang/Object;)Ljava/lang/Object;+12
j  org.gradle.internal.build.DefaultBuildLifecycleController.withToolingModels(Ljava/util/function/Function;)Ljava/lang/Object;+15
j  org.gradle.internal.build.AbstractBuildState.withToolingModels(Ljava/util/function/Function;)Ljava/lang/Object;+5
j  org.gradle.internal.buildtree.DefaultBuildTreeModelCreator$DefaultBuildTreeModelController.locateBuilderForBuildTarget(Lorg/gradle/internal/build/BuildState;Ljava/lang/String;Z)Lorg/gradle/tooling/provider/model/internal/ToolingModelScope;+8
j  org.gradle.internal.buildtree.DefaultBuildTreeModelCreator$DefaultBuildTreeModelController.locateBuilderForDefaultTarget(Ljava/lang/String;Z)Lorg/gradle/tooling/provider/model/internal/ToolingModelScope;+10
j  org.gradle.internal.buildtree.DefaultBuildTreeModelCreator$DefaultBuildTreeModelController.locateBuilderForTarget(Lorg/gradle/internal/buildtree/BuildTreeModelTarget;Ljava/lang/String;Z)Lorg/gradle/tooling/provider/model/internal/ToolingModelScope;+10
j  org.gradle.internal.buildtree.DefaultBuildTreeModelCreator$DefaultBuildTreeModelController.access$200(Lorg/gradle/internal/buildtree/DefaultBuildTreeModelCreator$DefaultBuildTreeModelController;Lorg/gradle/internal/buildtree/BuildTreeModelTarget;Ljava/lang/String;Z)Lorg/gradle/tooling/provider/model/internal/ToolingModelScope;+4
j  org.gradle.internal.buildtree.DefaultBuildTreeModelCreator$DefaultBuildTreeModelController$1.call(Lorg/gradle/internal/operations/BuildOperationContext;)Ljava/lang/Object;+24
j  org.gradle.internal.operations.DefaultBuildOperationRunner$CallableBuildOperationWorker.execute(Lorg/gradle/internal/operations/CallableBuildOperation;Lorg/gradle/internal/operations/BuildOperationContext;)V+3
j  org.gradle.internal.operations.DefaultBuildOperationRunner$CallableBuildOperationWorker.execute(Lorg/gradle/internal/operations/BuildOperation;Lorg/gradle/internal/operations/BuildOperationContext;)V+6
j  org.gradle.internal.operations.DefaultBuildOperationRunner$2.execute(Lorg/gradle/internal/operations/BuildOperationDescriptor;Lorg/gradle/internal/operations/BuildOperationState;Lorg/gradle/internal/operations/BuildOperationState;Lorg/gradle/internal/operations/DefaultBuildOperationRunner$ReadableBuildOperationContext;Lorg/gradle/internal/operations/DefaultBuildOperationRunner$BuildOperationExecutionListener;)Lorg/gradle/internal/operations/BuildOperation;+22
j  org.gradle.internal.operations.DefaultBuildOperationRunner$2.execute(Lorg/gradle/internal/operations/BuildOperationDescriptor;Lorg/gradle/internal/operations/BuildOperationState;Lorg/gradle/internal/operations/BuildOperationState;Lorg/gradle/internal/operations/DefaultBuildOperationRunner$ReadableBuildOperationContext;Lorg/gradle/internal/operations/DefaultBuildOperationRunner$BuildOperationExecutionListener;)Ljava/lang/Object;+8
j  org.gradle.internal.operations.DefaultBuildOperationRunner.execute(Lorg/gradle/internal/operations/BuildOperationDescriptor$Builder;Lorg/gradle/internal/operations/BuildOperationState;Lorg/gradle/internal/operations/DefaultBuildOperationRunner$BuildOperationExecution;)Ljava/lang/Object;+141
j  org.gradle.internal.operations.DefaultBuildOperationRunner.execute(Lorg/gradle/internal/operations/BuildOperation;Lorg/gradle/internal/operations/BuildOperationWorker;Lorg/gradle/internal/operations/BuildOperationState;)V+18
j  org.gradle.internal.operations.DefaultBuildOperationRunner.call(Lorg/gradle/internal/operations/CallableBuildOperation;)Ljava/lang/Object;+16
j  org.gradle.internal.buildtree.DefaultBuildTreeModelCreator$DefaultBuildTreeModelController.getModel(Lorg/gradle/internal/buildtree/BuildTreeModelTarget;Ljava/lang/String;Ljava/lang/Object;)Ljava/lang/Object;+18
j  org.gradle.tooling.internal.provider.runner.BuildModelActionRunner$ModelCreateAction.fromBuildModel(Lorg/gradle/internal/buildtree/BuildTreeModelController;)Ljava/lang/Object;+14
j  org.gradle.internal.buildtree.DefaultBuildTreeModelCreator.fromBuildModel(Lorg/gradle/internal/buildtree/BuildTreeModelAction;)Ljava/lang/Object;+10
j  org.gradle.internal.cc.impl.barrier.BarrierAwareBuildTreeModelCreator.fromBuildModel$lambda$1(Lorg/gradle/internal/cc/impl/barrier/BarrierAwareBuildTreeModelCreator;Lorg/gradle/internal/buildtree/BuildTreeModelAction;)Ljava/lang/Object;+5
j  org.gradle.internal.cc.impl.barrier.BarrierAwareBuildTreeModelCreator$$Lambda+0x000001cd3c3bec58.invoke()Ljava/lang/Object;+8
j  org.gradle.internal.cc.impl.barrier.VintageConfigurationTimeActionRunner.runConfigurationTimeAction(Lkotlin/jvm/functions/Function0;)Ljava/lang/Object;+25
j  org.gradle.internal.cc.impl.barrier.BarrierAwareBuildTreeModelCreator.fromBuildModel(Lorg/gradle/internal/buildtree/BuildTreeModelAction;)Ljava/lang/Object;+17
j  org.gradle.internal.buildtree.DefaultBuildTreeLifecycleController.lambda$fromBuildModel$2(Lorg/gradle/internal/buildtree/BuildTreeModelAction;Z)Lorg/gradle/internal/build/ExecutionResult;+57
j  org.gradle.internal.buildtree.DefaultBuildTreeLifecycleController$$Lambda+0x000001cd3c43ec08.get()Ljava/lang/Object;+12
j  org.gradle.internal.buildtree.DefaultBuildTreeLifecycleController.lambda$runBuild$4(Ljava/util/function/Supplier;)Ljava/lang/Object;+1
j  org.gradle.internal.buildtree.DefaultBuildTreeLifecycleController$$Lambda+0x000001cd3c43ee30.get()Ljava/lang/Object;+8
j  org.gradle.internal.model.StateTransitionController.lambda$transition$6(Ljava/util/function/Supplier;)Lorg/gradle/internal/build/ExecutionResult;+1
j  org.gradle.internal.model.StateTransitionController$$Lambda+0x000001cd3c43f280.get()Ljava/lang/Object;+4
j  org.gradle.internal.model.StateTransitionController.doTransition(Lorg/gradle/internal/model/StateTransitionController$State;Lorg/gradle/internal/model/StateTransitionController$State;Ljava/util/function/Supplier;)Lorg/gradle/internal/build/ExecutionResult;+24
j  org.gradle.internal.model.StateTransitionController.lambda$transition$7(Lorg/gradle/internal/model/StateTransitionController$State;Lorg/gradle/internal/model/StateTransitionController$State;Ljava/util/function/Supplier;)Ljava/lang/Object;+9
j  org.gradle.internal.model.StateTransitionController$$Lambda+0x000001cd3c43f058.create()Ljava/lang/Object;+16
j  org.gradle.internal.work.DefaultSynchronizer.withLock(Lorg/gradle/internal/Factory;)Ljava/lang/Object;+6
j  org.gradle.internal.model.StateTransitionController.transition(Lorg/gradle/internal/model/StateTransitionController$State;Lorg/gradle/internal/model/StateTransitionController$State;Ljava/util/function/Supplier;)Ljava/lang/Object;+13
j  org.gradle.internal.buildtree.DefaultBuildTreeLifecycleController.runBuild(Ljava/util/function/Supplier;)Ljava/lang/Object;+17
j  org.gradle.internal.buildtree.DefaultBuildTreeLifecycleController.fromBuildModel(ZLorg/gradle/internal/buildtree/BuildTreeModelAction;)Ljava/lang/Object;+9
j  org.gradle.tooling.internal.provider.runner.BuildModelActionRunner.run(Lorg/gradle/internal/invocation/BuildAction;Lorg/gradle/internal/buildtree/BuildTreeLifecycleController;)Lorg/gradle/internal/buildtree/BuildActionRunner$Result;+40
j  org.gradle.launcher.exec.ChainingBuildActionRunner.run(Lorg/gradle/internal/invocation/BuildAction;Lorg/gradle/internal/buildtree/BuildTreeLifecycleController;)Lorg/gradle/internal/buildtree/BuildActionRunner$Result;+34
j  org.gradle.internal.buildtree.ProblemReportingBuildActionRunner.run(Lorg/gradle/internal/invocation/BuildAction;Lorg/gradle/internal/buildtree/BuildTreeLifecycleController;)Lorg/gradle/internal/buildtree/BuildActionRunner$Result;+12
j  org.gradle.launcher.exec.BuildOutcomeReportingBuildActionRunner.run(Lorg/gradle/internal/invocation/BuildAction;Lorg/gradle/internal/buildtree/BuildTreeLifecycleController;)Lorg/gradle/internal/buildtree/BuildActionRunner$Result;+69
j  org.gradle.tooling.internal.provider.FileSystemWatchingBuildActionRunner.run(Lorg/gradle/internal/invocation/BuildAction;Lorg/gradle/internal/buildtree/BuildTreeLifecycleController;)Lorg/gradle/internal/buildtree/BuildActionRunner$Result;+317
j  org.gradle.launcher.exec.BuildCompletionNotifyingBuildActionRunner.run(Lorg/gradle/internal/invocation/BuildAction;Lorg/gradle/internal/buildtree/BuildTreeLifecycleController;)Lorg/gradle/internal/buildtree/BuildActionRunner$Result;+6
j  org.gradle.launcher.exec.RootBuildLifecycleBuildActionExecutor.lambda$execute$0(Lorg/gradle/internal/invocation/BuildAction;Lorg/gradle/internal/buildtree/BuildTreeLifecycleController;)Lorg/gradle/internal/buildtree/BuildActionRunner$Result;+6
j  org.gradle.launcher.exec.RootBuildLifecycleBuildActionExecutor$$Lambda+0x000001cd3c426400.apply(Ljava/lang/Object;)Ljava/lang/Object;+12
j  org.gradle.composite.internal.DefaultRootBuildState.run(Ljava/util/function/Function;)Ljava/lang/Object;+92
j  org.gradle.launcher.exec.RootBuildLifecycleBuildActionExecutor.execute(Lorg/gradle/internal/invocation/BuildAction;Lorg/gradle/internal/buildtree/BuildTreeContext;)Lorg/gradle/internal/buildtree/BuildActionRunner$Result;+119
j  org.gradle.internal.buildtree.InitDeprecationLoggingActionExecutor.execute(Lorg/gradle/internal/invocation/BuildAction;Lorg/gradle/internal/buildtree/BuildTreeContext;)Lorg/gradle/internal/buildtree/BuildActionRunner$Result;+83
j  org.gradle.internal.buildtree.InitProblems.execute(Lorg/gradle/internal/invocation/BuildAction;Lorg/gradle/internal/buildtree/BuildTreeContext;)Lorg/gradle/internal/buildtree/BuildActionRunner$Result;+13
j  org.gradle.internal.buildtree.DefaultBuildTreeContext.execute(Lorg/gradle/internal/invocation/BuildAction;)Lorg/gradle/internal/buildtree/BuildActionRunner$Result;+64
j  org.gradle.launcher.exec.BuildTreeLifecycleBuildActionExecutor.lambda$execute$0(Lorg/gradle/internal/invocation/BuildAction;Lorg/gradle/internal/buildtree/BuildTreeContext;)Lorg/gradle/internal/buildtree/BuildActionRunner$Result;+2
j  org.gradle.launcher.exec.BuildTreeLifecycleBuildActionExecutor$$Lambda+0x000001cd3c2b16b8.apply(Ljava/lang/Object;)Ljava/lang/Object;+8
j  org.gradle.internal.buildtree.BuildTreeState.run(Ljava/util/function/Function;)Ljava/lang/Object;+47
j  org.gradle.launcher.exec.BuildTreeLifecycleBuildActionExecutor.execute(Lorg/gradle/internal/invocation/BuildAction;Lorg/gradle/internal/session/BuildSessionContext;)Lorg/gradle/internal/buildtree/BuildActionRunner$Result;+74
j  org.gradle.launcher.exec.RunAsBuildOperationBuildActionExecutor$2.call(Lorg/gradle/internal/operations/BuildOperationContext;)Lorg/gradle/internal/buildtree/BuildActionRunner$Result;+25
j  org.gradle.launcher.exec.RunAsBuildOperationBuildActionExecutor$2.call(Lorg/gradle/internal/operations/BuildOperationContext;)Ljava/lang/Object;+2
j  org.gradle.internal.operations.DefaultBuildOperationRunner$CallableBuildOperationWorker.execute(Lorg/gradle/internal/operations/CallableBuildOperation;Lorg/gradle/internal/operations/BuildOperationContext;)V+3
j  org.gradle.internal.operations.DefaultBuildOperationRunner$CallableBuildOperationWorker.execute(Lorg/gradle/internal/operations/BuildOperation;Lorg/gradle/internal/operations/BuildOperationContext;)V+6
j  org.gradle.internal.operations.DefaultBuildOperationRunner$2.execute(Lorg/gradle/internal/operations/BuildOperationDescriptor;Lorg/gradle/internal/operations/BuildOperationState;Lorg/gradle/internal/operations/BuildOperationState;Lorg/gradle/internal/operations/DefaultBuildOperationRunner$ReadableBuildOperationContext;Lorg/gradle/internal/operations/DefaultBuildOperationRunner$BuildOperationExecutionListener;)Lorg/gradle/internal/operations/BuildOperation;+22
j  org.gradle.internal.operations.DefaultBuildOperationRunner$2.execute(Lorg/gradle/internal/operations/BuildOperationDescriptor;Lorg/gradle/internal/operations/BuildOperationState;Lorg/gradle/internal/operations/BuildOperationState;Lorg/gradle/internal/operations/DefaultBuildOperationRunner$ReadableBuildOperationContext;Lorg/gradle/internal/operations/DefaultBuildOperationRunner$BuildOperationExecutionListener;)Ljava/lang/Object;+8
j  org.gradle.internal.operations.DefaultBuildOperationRunner.execute(Lorg/gradle/internal/operations/BuildOperationDescriptor$Builder;Lorg/gradle/internal/operations/BuildOperationState;Lorg/gradle/internal/operations/DefaultBuildOperationRunner$BuildOperationExecution;)Ljava/lang/Object;+141
j  org.gradle.internal.operations.DefaultBuildOperationRunner.execute(Lorg/gradle/internal/operations/BuildOperation;Lorg/gradle/internal/operations/BuildOperationWorker;Lorg/gradle/internal/operations/BuildOperationState;)V+18
j  org.gradle.internal.operations.DefaultBuildOperationRunner.call(Lorg/gradle/internal/operations/CallableBuildOperation;)Ljava/lang/Object;+16
j  org.gradle.launcher.exec.RunAsBuildOperationBuildActionExecutor.execute(Lorg/gradle/internal/invocation/BuildAction;Lorg/gradle/internal/session/BuildSessionContext;)Lorg/gradle/internal/buildtree/BuildActionRunner$Result;+23
j  org.gradle.launcher.exec.RunAsWorkerThreadBuildActionExecutor.lambda$execute$0(Lorg/gradle/internal/invocation/BuildAction;Lorg/gradle/internal/session/BuildSessionContext;)Lorg/gradle/internal/buildtree/BuildActionRunner$Result;+6
j  org.gradle.launcher.exec.RunAsWorkerThreadBuildActionExecutor$$Lambda+0x000001cd3c27fbf0.create()Ljava/lang/Object;+12
j  org.gradle.internal.work.DefaultWorkerLeaseService.withLocks(Ljava/util/Collection;Lorg/gradle/internal/Factory;)Ljava/lang/Object;+28
j  org.gradle.internal.work.DefaultWorkerLeaseService.runAsWorkerThread(Lorg/gradle/internal/Factory;)Ljava/lang/Object;+33
j  org.gradle.launcher.exec.RunAsWorkerThreadBuildActionExecutor.execute(Lorg/gradle/internal/invocation/BuildAction;Lorg/gradle/internal/session/BuildSessionContext;)Lorg/gradle/internal/buildtree/BuildActionRunner$Result;+12
j  org.gradle.tooling.internal.provider.continuous.ContinuousBuildActionExecutor.execute(Lorg/gradle/internal/invocation/BuildAction;Lorg/gradle/internal/session/BuildSessionContext;)Lorg/gradle/internal/buildtree/BuildActionRunner$Result;+58
j  org.gradle.tooling.internal.provider.SubscribableBuildActionExecutor.execute(Lorg/gradle/internal/invocation/BuildAction;Lorg/gradle/internal/session/BuildSessionContext;)Lorg/gradle/internal/buildtree/BuildActionRunner$Result;+30
j  org.gradle.internal.session.DefaultBuildSessionContext.execute(Lorg/gradle/internal/invocation/BuildAction;)Lorg/gradle/internal/buildtree/BuildActionRunner$Result;+64
j  org.gradle.internal.buildprocess.execution.BuildSessionLifecycleBuildActionExecutor$ActionImpl.apply(Lorg/gradle/internal/session/BuildSessionContext;)Lorg/gradle/launcher/exec/BuildActionResult;+6
j  org.gradle.internal.buildprocess.execution.BuildSessionLifecycleBuildActionExecutor$ActionImpl.apply(Ljava/lang/Object;)Ljava/lang/Object;+5
j  org.gradle.internal.session.BuildSessionState.run(Ljava/util/function/Function;)Ljava/lang/Object;+5
j  org.gradle.internal.buildprocess.execution.BuildSessionLifecycleBuildActionExecutor.execute(Lorg/gradle/internal/invocation/BuildAction;Lorg/gradle/launcher/exec/BuildActionParameters;Lorg/gradle/initialization/BuildRequestContext;)Lorg/gradle/launcher/exec/BuildActionResult;+95
j  org.gradle.internal.buildprocess.execution.BuildSessionLifecycleBuildActionExecutor.execute(Lorg/gradle/internal/invocation/BuildAction;Ljava/lang/Object;Ljava/lang/Object;)Lorg/gradle/launcher/exec/BuildActionResult;+10
j  org.gradle.internal.buildprocess.execution.StartParamsValidatingActionExecutor.execute(Lorg/gradle/internal/invocation/BuildAction;Lorg/gradle/launcher/exec/BuildActionParameters;Lorg/gradle/initialization/BuildRequestContext;)Lorg/gradle/launcher/exec/BuildActionResult;+142
j  org.gradle.internal.buildprocess.execution.StartParamsValidatingActionExecutor.execute(Lorg/gradle/internal/invocation/BuildAction;Ljava/lang/Object;Ljava/lang/Object;)Lorg/gradle/launcher/exec/BuildActionResult;+10
j  org.gradle.internal.buildprocess.execution.SessionFailureReportingActionExecutor.execute(Lorg/gradle/internal/invocation/BuildAction;Lorg/gradle/launcher/exec/BuildActionParameters;Lorg/gradle/initialization/BuildRequestContext;)Lorg/gradle/launcher/exec/BuildActionResult;+7
j  org.gradle.internal.buildprocess.execution.SessionFailureReportingActionExecutor.execute(Lorg/gradle/internal/invocation/BuildAction;Ljava/lang/Object;Ljava/lang/Object;)Lorg/gradle/launcher/exec/BuildActionResult;+10
j  org.gradle.internal.buildprocess.execution.SetupLoggingActionExecutor.execute(Lorg/gradle/internal/invocation/BuildAction;Lorg/gradle/launcher/exec/BuildActionParameters;Lorg/gradle/initialization/BuildRequestContext;)Lorg/gradle/launcher/exec/BuildActionResult;+50
j  org.gradle.internal.buildprocess.execution.SetupLoggingActionExecutor.execute(Lorg/gradle/internal/invocation/BuildAction;Ljava/lang/Object;Ljava/lang/Object;)Lorg/gradle/launcher/exec/BuildActionResult;+10
j  org.gradle.launcher.daemon.server.exec.ExecuteBuild.doBuild(Lorg/gradle/launcher/daemon/server/api/DaemonCommandExecution;Lorg/gradle/launcher/daemon/protocol/Build;)V+147
j  org.gradle.launcher.daemon.server.exec.BuildCommandOnly.execute(Lorg/gradle/launcher/daemon/server/api/DaemonCommandExecution;)V+49
j  org.gradle.launcher.daemon.server.api.DaemonCommandExecution.proceed()Z+23
j  org.gradle.launcher.daemon.server.exec.WatchForDisconnection.execute(Lorg/gradle/launcher/daemon/server/api/DaemonCommandExecution;)V+19
j  org.gradle.launcher.daemon.server.api.DaemonCommandExecution.proceed()Z+23
j  org.gradle.launcher.daemon.server.exec.ResetDeprecationLogger.execute(Lorg/gradle/launcher/daemon/server/api/DaemonCommandExecution;)V+7
j  org.gradle.launcher.daemon.server.api.DaemonCommandExecution.proceed()Z+23
j  org.gradle.launcher.daemon.server.exec.RequestStopIfSingleUsedDaemon.execute(Lorg/gradle/launcher/daemon/server/api/DaemonCommandExecution;)V+33
j  org.gradle.launcher.daemon.server.api.DaemonCommandExecution.proceed()Z+23
j  org.gradle.launcher.daemon.server.exec.ForwardClientInput.lambda$execute$0(Lorg/gradle/launcher/daemon/server/api/DaemonCommandExecution;Lorg/gradle/internal/daemon/clientinput/StdinHandler;)Ljava/lang/Object;+11
j  org.gradle.launcher.daemon.server.exec.ForwardClientInput$$Lambda+0x000001cd3c18e9e8.apply(Ljava/lang/Object;)Ljava/lang/Object;+8
j  org.gradle.internal.daemon.clientinput.ClientInputForwarder.forwardInput(Ljava/util/function/Function;)Ljava/lang/Object;+46
j  org.gradle.launcher.daemon.server.exec.ForwardClientInput.execute(Lorg/gradle/launcher/daemon/server/api/DaemonCommandExecution;)V+10
j  org.gradle.launcher.daemon.server.api.DaemonCommandExecution.proceed()Z+23
j  org.gradle.launcher.daemon.server.exec.LogAndCheckHealth.execute(Lorg/gradle/launcher/daemon/server/api/DaemonCommandExecution;)V+51
j  org.gradle.launcher.daemon.server.api.DaemonCommandExecution.proceed()Z+23
j  org.gradle.launcher.daemon.server.exec.LogToClient.doBuild(Lorg/gradle/launcher/daemon/server/api/DaemonCommandExecution;Lorg/gradle/launcher/daemon/protocol/Build;)V+87
j  org.gradle.launcher.daemon.server.exec.BuildCommandOnly.execute(Lorg/gradle/launcher/daemon/server/api/DaemonCommandExecution;)V+49
j  org.gradle.launcher.daemon.server.api.DaemonCommandExecution.proceed()Z+23
j  org.gradle.launcher.daemon.server.exec.EstablishBuildEnvironment.doBuild(Lorg/gradle/launcher/daemon/server/api/DaemonCommandExecution;Lorg/gradle/launcher/daemon/protocol/Build;)V+356
j  org.gradle.launcher.daemon.server.exec.BuildCommandOnly.execute(Lorg/gradle/launcher/daemon/server/api/DaemonCommandExecution;)V+49
j  org.gradle.launcher.daemon.server.api.DaemonCommandExecution.proceed()Z+23
j  org.gradle.launcher.daemon.server.exec.StartBuildOrRespondWithBusy$1.run()V+44
j  org.gradle.launcher.daemon.server.DaemonStateCoordinator.lambda$runCommand$0(Ljava/lang/Runnable;)V+1
j  org.gradle.launcher.daemon.server.DaemonStateCoordinator$$Lambda+0x000001cd3c18d578.run()V+8
j  org.gradle.internal.concurrent.ExecutorPolicy$CatchAndRecordFailures.onExecute(Ljava/lang/Runnable;)V+1
j  org.gradle.internal.concurrent.AbstractManagedExecutor$1.run()V+25
j  java.util.concurrent.ThreadPoolExecutor.runWorker(Ljava/util/concurrent/ThreadPoolExecutor$Worker;)V+92 java.base@21.0.12.1
j  java.util.concurrent.ThreadPoolExecutor$Worker.run()V+5 java.base@21.0.12.1
j  java.lang.Thread.runWith(Ljava/lang/Object;Ljava/lang/Runnable;)V+5 java.base@21.0.12.1
j  java.lang.Thread.run()V+19 java.base@21.0.12.1
v  ~StubRoutines::call_stub 0x000001cd1c17100d

Compiled method (n/a) 17101  836     n 0       java.lang.ClassLoader::findBootstrapClass (native)
 total in heap  [0x000001cd1c914390,0x000001cd1c9148b8] = 1320
 relocation     [0x000001cd1c9144f0,0x000001cd1c914528] = 56
 main code      [0x000001cd1c914540,0x000001cd1c9148b6] = 886
 stub code      [0x000001cd1c9148b6,0x000001cd1c9148b8] = 2

[Constant Pool (empty)]

[MachCode]
[Entry Point]
  # {method} {0x000001cd3b434ab8} 'findBootstrapClass' '(Ljava/lang/String;)Ljava/lang/Class;' in 'java/lang/ClassLoader'
  # parm0:    rdx:rdx   = 'java/lang/String'
  #           [sp+0x70]  (sp of caller)
  0x000001cd1c914540: 448b 5208 | 49bb 0000 | 003b cd01 | 0000 4d03 | d349 3bc2 | 0f84 0600 

  0x000001cd1c914558: ;   {runtime_call ic_miss_stub}
  0x000001cd1c914558: 0000 e921 | a28a ff90 
[Verified Entry Point]
  0x000001cd1c914560: 8984 2400 | 80ff ff55 | 488b ec48 | 83ec 6090 | 4181 7f20 | 0300 0000 

  0x000001cd1c914578: ;   {runtime_call StubRoutines (final stubs)}
  0x000001cd1c914578: 7405 e861 | 1f89 ff48 | 8954 2420 | 4883 fa00 | 4c8d 4424 | 204c 0f44 

  0x000001cd1c914590: ;   {oop(a 'java/lang/Class'{0x00000006004f18f0} = 'java/lang/ClassLoader')}
  0x000001cd1c914590: 4424 2049 | bef0 184f | 0006 0000 | 004c 8974 | 2450 4c8d | 7424 5049 | 8bd6 c5f8 

  0x000001cd1c9145ac: ;   {internal_word}
  0x000001cd1c9145ac: 7749 baaa | 4591 1ccd | 0100 004d | 8997 a803 | 0000 4989 | a7a0 0300 

  0x000001cd1c9145c4: ;   {external_word}
  0x000001cd1c9145c4: 0049 ba06 | 6dd9 effc | 7f00 0041 | 803a 000f | 844a 0000 | 0052 4150 

  0x000001cd1c9145dc: ;   {metadata({method} {0x000001cd3b434ab8} 'findBootstrapClass' '(Ljava/lang/String;)Ljava/lang/Class;' in 'java/lang/ClassLoader')}
  0x000001cd1c9145dc: 48ba b04a | 433b cd01 | 0000 498b | cf48 83ec | 2040 f6c4 | 0f0f 8419 | 0000 0048 

  0x000001cd1c9145f8: ;   {runtime_call}
  0x000001cd1c9145f8: 83ec 0848 | b8e0 ea82 | effc 7f00 | 00ff d048 | 83c4 08e9 | 0c00 0000 

  0x000001cd1c914610: ;   {runtime_call}
  0x000001cd1c914610: 48b8 e0ea | 82ef fc7f | 0000 ffd0 | 4883 c420 | 4158 5a49 | 8d8f c003 | 0000 41c7 | 874c 0400 
  0x000001cd1c914630: 0004 0000 

  0x000001cd1c914634: ;   {runtime_call}
  0x000001cd1c914634: 0048 b8c0 | 19bb 7ffd | 7f00 00ff | d0c5 f877 | 41c7 874c | 0400 0005 | 0000 00f0 | 8344 24c0 
  0x000001cd1c914654: 0049 3baf | 5004 0000 | 0f87 0e00 | 0000 4183 | bf48 0400 | 0000 0f84 | 2b00 0000 | c5f8 7748 
  0x000001cd1c914674: 8945 f849 | 8bcf 4c8b | e448 83ec | 2048 83e4 

  0x000001cd1c914684: ;   {runtime_call}
  0x000001cd1c914684: f048 b800 | 584e effc | 7f00 00ff | d049 8be4 | 4d33 e448 | 8b45 f841 | c787 4c04 | 0000 0800 
  0x000001cd1c9146a4: 0000 4183 | bfc8 0400 | 0002 0f84 | d501 0000 

  0x000001cd1c9146b4: ;   {external_word}
  0x000001cd1c9146b4: 49ba 066d | d9ef fc7f | 0000 4180 | 3a00 0f84 | 4c00 0000 | 4889 45f8 

  0x000001cd1c9146cc: ;   {metadata({method} {0x000001cd3b434ab8} 'findBootstrapClass' '(Ljava/lang/String;)Ljava/lang/Class;' in 'java/lang/ClassLoader')}
  0x000001cd1c9146cc: 48ba b04a | 433b cd01 | 0000 498b | cf48 83ec | 2040 f6c4 | 0f0f 8419 | 0000 0048 

  0x000001cd1c9146e8: ;   {runtime_call}
  0x000001cd1c9146e8: 83ec 0848 | b8e0 ea82 | effc 7f00 | 00ff d048 | 83c4 08e9 | 0c00 0000 

  0x000001cd1c914700: ;   {runtime_call}
  0x000001cd1c914700: 48b8 e0ea | 82ef fc7f | 0000 ffd0 | 4883 c420 | 488b 45f8 | 49c7 87a0 | 0300 0000 | 0000 0049 
  0x000001cd1c914720: c787 a803 | 0000 0000 | 0000 c5f8 | 7748 85c0 | 0f84 3001 | 0000 a803 | 0f85 0800 | 0000 488b 
  0x000001cd1c914740: 00e9 2001 | 0000 a801 | 0f85 0900 | 0000 488b | 40fe e90f | 0100 0048 | 8b40 ff41 | 807f 4000 
  0x000001cd1c914760: 0f84 0001 | 0000 4883 | f800 0f84 | f600 0000 | 498b 4f28 | 4883 f900 | 0f84 1400 | 0000 4883 
  0x000001cd1c914780: e908 4989 | 4f28 4903 | 4f38 4889 | 01e9 d400 | 0000 4883 | ec70 4889 | 0424 4889 | 4c24 0848 
  0x000001cd1c9147a0: 8954 2410 | 4c89 4424 | 184c 894c | 2420 4c89 | 5424 284c | 895c 2430 | c5fb 1144 | 2440 c5fb 
  0x000001cd1c9147c0: 114c 2448 | c5fb 1154 | 2450 c5fb | 115c 2458 | c5fb 1164 | 2460 c5fb | 116c 2468 | 498b d748 
  0x000001cd1c9147e0: 8bc8 4883 | ec20 40f6 | c40f 0f84 | 1900 0000 | 4883 ec08 

  0x000001cd1c9147f4: ;   {runtime_call}
  0x000001cd1c9147f4: 48b8 20a4 | 41ef fc7f | 0000 ffd0 | 4883 c408 | e90c 0000 

  0x000001cd1c914808: ;   {runtime_call}
  0x000001cd1c914808: 0048 b820 | a441 effc | 7f00 00ff | d048 83c4 | 20c5 fb10 | 6c24 68c5 | fb10 6424 | 60c5 fb10 
  0x000001cd1c914828: 5c24 58c5 | fb10 5424 | 50c5 fb10 | 4c24 48c5 | fb10 4424 | 404c 8b5c | 2430 4c8b | 5424 284c 
  0x000001cd1c914848: 8b4c 2420 | 4c8b 4424 | 1848 8b54 | 2410 488b | 4c24 0848 | 8b04 2448 | 83c4 70c5 | f877 498b 
  0x000001cd1c914868: 8f30 0400 | 00c7 8100 | 0100 0000 | 0000 00c9 | 4983 7f08 | 000f 8501 | 0000 00c3 

  0x000001cd1c914884: ;   {runtime_call StubRoutines (initial stubs)}
  0x000001cd1c914884: e977 c685 | ffc5 f877 | 4889 45f8 | 4c8b e448 | 83ec 2048 

  0x000001cd1c914898: ;   {runtime_call}
  0x000001cd1c914898: 83e4 f048 | b830 2283 | effc 7f00 | 00ff d049 | 8be4 4d33 | e448 8b45 | f8e9 fefd | ffff f4f4 
[/MachCode]


Compiled method (c2) 17117 2998   !   4       java.lang.ClassLoader::loadClass (121 bytes)
 total in heap  [0x000001cd1ca22a90,0x000001cd1ca351f0] = 75616
 relocation     [0x000001cd1ca22bf0,0x000001cd1ca234f0] = 2304
 constants      [0x000001cd1ca23500,0x000001cd1ca23520] = 32
 main code      [0x000001cd1ca23520,0x000001cd1ca2e0d8] = 43960
 stub code      [0x000001cd1ca2e0d8,0x000001cd1ca2e3c0] = 744
 oops           [0x000001cd1ca2e3c0,0x000001cd1ca2e408] = 72
 metadata       [0x000001cd1ca2e408,0x000001cd1ca2e830] = 1064
 scopes data    [0x000001cd1ca2e830,0x000001cd1ca33428] = 19448
 scopes pcs     [0x000001cd1ca33428,0x000001cd1ca345c8] = 4512
 dependencies   [0x000001cd1ca345c8,0x000001cd1ca34660] = 152
 handler table  [0x000001cd1ca34660,0x000001cd1ca350f8] = 2712
 nul chk table  [0x000001cd1ca350f8,0x000001cd1ca351f0] = 248


[Constant Pool]
             Address          hex4                    hex8      
  0x000001cd1ca23500:   0x3f400000      0xf4f4f4f43f400000      
  0x000001cd1ca23504:   0xf4f4f4f4                              
  0x000001cd1ca23508:   0xf4f4f4f4      0xf4f4f4f4f4f4f4f4      
  0x000001cd1ca2350c:   0xf4f4f4f4                              
  0x000001cd1ca23510:   0xf4f4f4f4      0xf4f4f4f4f4f4f4f4      
  0x000001cd1ca23514:   0xf4f4f4f4                              
  0x000001cd1ca23518:   0xf4f4f4f4      0xf4f4f4f4f4f4f4f4      
  0x000001cd1ca2351c:   0xf4f4f4f4                              

[MachCode]
[Entry Point]
  # {method} {0x000001cd3b014398} 'loadClass' '(Ljava/lang/String;Z)Ljava/lang/Class;' in 'java/lang/ClassLoader'
  # this:     rdx:rdx   = 'java/lang/ClassLoader'
  # parm0:    r8:r8     = 'java/lang/String'
  # parm1:    r9        = boolean
  #           [sp+0x160]  (sp of caller)
  0x000001cd1ca23520: ;   {no_reloc}
  0x000001cd1ca23520: 448b 5208 | 49bb 0000 | 003b cd01 | 0000 4d03 | d349 3bc2 

  0x000001cd1ca23534: ;   {runtime_call ic_miss_stub}
  0x000001cd1ca23534: 0f85 46b2 | 79ff 6690 | 0f1f 4000 
[Verified Entry Point]
  0x000001cd1ca23540: 8984 2400 | 80ff ff55 | 4881 ec50 | 0100 0090 | 4181 7f20 | 0300 0000 | 0f85 6cab | 0000 4489 
  0x000001cd1ca23560: 4c24 304c | 8984 24b0 | 0000 0048 | 8954 2448 | 448b 5a28 | 4585 db0f | 8487 5e00 | 0049 8b87 
  0x000001cd1ca23580: b801 0000 | 4c8b d049 | 83c2 104d | 3b97 c801 | 0000 0f83 | e94a 0000 | 4d89 97b8 | 0100 0041 
  0x000001cd1ca235a0: 0f0d 8ac0 | 0000 0048 | c700 0100 

  0x000001cd1ca235ac: ;   {metadata('java/lang/Object')}
  0x000001cd1ca235ac: 0000 c740 | 0890 0e00 | 0044 8960 | 0c44 895c | 242c 488b | e844 8b5c | 242c 4b8d | 14dc 4c8b 
  0x000001cd1ca235cc: 8424 b000 | 0000 4c8b | cdbf 0100 | 0000 6690 

  0x000001cd1ca235dc: ;   {optimized virtual_call}
  0x000001cd1ca235dc: c5f8 77e8 

  0x000001cd1ca235e0: ; ImmutableOopMap {rbp=Oop [72]=Oop [176]=Oop }
                      ;*invokevirtual putVal {reexecute=0 rethrow=0 return_oop=1}
                      ; - java.util.concurrent.ConcurrentHashMap::putIfAbsent@4
                      ; - java.lang.ClassLoader::getClassLoadingLock@23
                      ; - java.lang.ClassLoader::loadClass@2
  0x000001cd1ca235e0: 3cae feff 

  0x000001cd1ca235e4: ;   {other}
  0x000001cd1ca235e4: 0f1f 8400 | 540b 0000 | 4885 c00f | 856b 4300 | 0048 896c | 2450 488d | 9c24 3001 | 0000 4c8b 
  0x000001cd1ca23604: 5c24 5049 | 8b03 a802 | 0f85 2300 | 0000 4883 | c801 4889 | 03f0 490f | b11b 0f84 | 3700 0000 
  0x000001cd1ca23624: 482b c448 | 2507 f0ff | ff48 8903 | e924 0000 | 004c 8bd0 | 4833 c0f0 | 4d0f b17a | 3e48 c703 
  0x000001cd1ca23644: 0300 0000 | 7411 4c3b | f875 1549 | ff82 8600 | 0000 4833 | c075 0949 | ff87 5005 | 0000 33c0 
  0x000001cd1ca23664: 0f85 935b | 0000 4c8b | 9424 b000 | 0000 458b | 5214 478b | 5cd4 0c45 | 85db 0f86 | a15b 0000 
  0x000001cd1ca23684: 4c8b 8424 | b000 0000 | 450f be48 | 1045 85c9 | 0f85 fe5c | 0000 c4c2 | 32f7 d341 | 3bd3 410f 
  0x000001cd1ca236a4: 4fd3 4f8d | 04d4 4f8d | 44d4 1085 | d20f 8ecd | 0000 0044 | 3bda 0f82 | 9c5b 0000 | 498b f8b8 
  0x000001cd1ca236c4: 2f00 0000 | 488b df83 | fa10 0f8c | 7900 0000 | 83fa 200f | 8c36 0000 | 00c5 f96e 

  0x000001cd1ca236e0: ;   {no_reloc}
  0x000001cd1ca236e0: c0c4 e27d | 78c0 c5ed | efd2 8bca | 83e1 e083 | e21f c5fe | 6f0b c5f5 | 74c8 c4e2 | 7d17 d10f 
  0x000001cd1ca23700: 8369 0000 | 0048 83c3 | 2083 e920 | 75e4 e90d | 0000 00c5 | f96e c0c5 | e9ef d2c4 | e279 00c2 
  0x000001cd1ca23720: 83fa 100f | 8c24 0000 | 008b ca83 | e1f0 83e2 | 0fc5 fa6f | 0bc5 f174 | c8c4 e279 | 17d1 0f83 
  0x000001cd1ca23740: 2a00 0000 | 4883 c310 | 83e9 1075 | e485 d20f | 8412 0000 | 000f b60b | 3bc1 741c | 4883 c301 
  0x000001cd1ca23760: 83ea 0174 | 02eb eebb | ffff ffff | eb0d c5fd | d7c9 0fbc | c148 03d8 | 482b df83 | fbff 0f85 
  0x000001cd1ca23780: 485c 0000 | 450f b618 | 4183 fb5b | 0f84 965c | 0000 488b | 5424 484c | 8b84 24b0 | 0000 0090 
  0x000001cd1ca237a0: ;   {optimized virtual_call}
  0x000001cd1ca237a0: c5f8 77e8 

  0x000001cd1ca237a4: ; ImmutableOopMap {[72]=Oop [80]=Oop [176]=Oop }
                      ;*invokevirtual findLoadedClass0 {reexecute=0 rethrow=0 return_oop=1}
                      ; - java.lang.ClassLoader::findLoadedClass@11
                      ; - java.lang.ClassLoader::loadClass@10
  0x000001cd1ca237a4: b872 ebff 

  0x000001cd1ca237a8: ;   {other}
  0x000001cd1ca237a8: 0f1f 8400 | 180d 0001 | 488b d848 | 85c0 0f85 | 0930 0000 | c5f8 7749 | bad0 307c | effc 7f00 
  0x000001cd1ca237c8: 0041 ffd2 

  0x000001cd1ca237cc: ;   {other}
  0x000001cd1ca237cc: 0f1f 8400 | 0000 0000 | 4889 4424 | 404c 8b54 | 2448 458b | 4218 478b | 5cc4 084f 

  0x000001cd1ca237e8: ;   {metadata('org/gradle/internal/classloader/VisitableURLClassLoader')}
  0x000001cd1ca237e8: 8d14 c441 | 81fb 083a | 0001 0f84 | ab03 0000 

  0x000001cd1ca237f8: ;   {metadata('jdk/internal/loader/ClassLoaders$PlatformClassLoader')}
  0x000001cd1ca237f8: 4181 fbf8 | 8206 000f | 85af 5c00 | 0041 8b6a | 2885 ed0f | 84d7 6700 | 0049 8b87 | b801 0000 
  0x000001cd1ca23818: 4c8b d849 | 83c3 104d | 3b9f c801 | 0000 0f83 | e548 0000 | 4d89 9fb8 | 0100 0041 | 0f0d 8bc0 
  0x000001cd1ca23838: 0000 0048 | c700 0100 

  0x000001cd1ca23840: ;   {metadata('java/lang/Object')}
  0x000001cd1ca23840: 0000 c740 | 0890 0e00 | 0044 8960 | 0c4c 8954 | 2478 4889 | 4424 2049 | 8d14 ec4c | 8b84 24b0 
  0x000001cd1ca23860: 0000 004c | 8bc8 bf01 | 0000 0049 | 8be8 6690 

  0x000001cd1ca23870: ;   {optimized virtual_call}
  0x000001cd1ca23870: c5f8 77e8 

  0x000001cd1ca23874: ; ImmutableOopMap {rbp=Oop [32]=Oop [72]=Oop [80]=Oop [120]=Oop [176]=Oop }
                      ;*invokevirtual putVal {reexecute=0 rethrow=0 return_oop=1}
                      ; - java.util.concurrent.ConcurrentHashMap::putIfAbsent@4
                      ; - java.lang.ClassLoader::getClassLoadingLock@23
                      ; - jdk.internal.loader.BuiltinClassLoader::loadClassOrNull@2
                      ; - jdk.internal.loader.BuiltinClassLoader::loadClass@3
                      ; - java.lang.ClassLoader::loadClass@38
  0x000001cd1ca23874: a8ab feff 

  0x000001cd1ca23878: ;   {other}
  0x000001cd1ca23878: 0f1f 8400 | e80d 0002 | 4885 c00f | 8559 4100 | 004c 8b54 | 2420 488d | 9c24 3801 | 0000 498b 
  0x000001cd1ca23898: 02a8 020f | 8523 0000 | 0048 83c8 | 0148 8903 | f049 0fb1 | 1a0f 8437 | 0000 0048 | 2bc4 4825 
  0x000001cd1ca238b8: 07f0 ffff | 4889 03e9 | 2400 0000 | 4c8b d848 | 33c0 f04d | 0fb1 7b3e | 48c7 0303 | 0000 0074 
  0x000001cd1ca238d8: 114c 3bf8 | 7515 49ff | 8386 0000 | 0048 33c0 | 7509 49ff | 8750 0500 | 0033 c00f | 85f7 5b00 
  0x000001cd1ca238f8: 004c 8b9c | 24b0 0000 | 0045 8b43 | 1443 8b4c | c40c 85c9 | 0f86 165c | 0000 410f | be5b 1085 
  0x000001cd1ca23918: db0f 85b5 | 6400 00c4 | e262 f7d1 | 3bd1 0f4f | d14f 8d0c | c44f 8d4c | c410 85d2 | 0f8e cc00 
  0x000001cd1ca23938: 0000 3bca | 0f82 a25c | 0000 498b | f9b8 2f00 | 0000 488b | df83 fa10 | 0f8c 7900 | 0000 83fa 
  0x000001cd1ca23958: 200f 8c36 | 0000 00c5 | f96e c8c4 | e27d 78c9 | c5ed efd2 | 8bca 83e1 | e083 e21f 

  0x000001cd1ca23974: ;   {no_reloc}
  0x000001cd1ca23974: c5fe 6f03 | c5fd 74c1 | c4e2 7d17 | d00f 8369 | 0000 0048 | 83c3 2083 | e920 75e4 | e90d 0000 
  0x000001cd1ca23994: 00c5 f96e | c8c5 e9ef | d2c4 e271 | 00ca 83fa | 100f 8c24 | 0000 008b | ca83 e1f0 | 83e2 0fc5 
  0x000001cd1ca239b4: fa6f 03c5 | f974 c1c4 | e279 17d0 | 0f83 2a00 | 0000 4883 | c310 83e9 | 1075 e485 | d20f 8412 
  0x000001cd1ca239d4: 0000 000f | b60b 3bc1 | 741c 4883 | c301 83ea | 0174 02eb | eebb ffff | ffff eb0d | c5fd d7c8 
  0x000001cd1ca239f4: 0fbc c148 | 03d8 482b | df83 fbff | 0f85 5264 | 0000 450f | b609 4183 | f95b 0f84 | 1066 0000 
  0x000001cd1ca23a14: 4c89 5424 | 6848 8b54 | 2478 4d8b | c34c 8944 | 2420 4c89 | 4424 2848 | 8b6c 2468 

  0x000001cd1ca23a30: ;   {optimized virtual_call}
  0x000001cd1ca23a30: c5f8 77e8 

  0x000001cd1ca23a34: ; ImmutableOopMap {rbp=Oop [32]=Oop [40]=Oop [72]=Oop [80]=Oop [104]=Oop [120]=Oop [176]=Oop }
                      ;*invokevirtual findLoadedClass0 {reexecute=0 rethrow=0 return_oop=1}
                      ; - java.lang.ClassLoader::findLoadedClass@11
                      ; - jdk.internal.loader.BuiltinClassLoader::loadClassOrNull@10
                      ; - jdk.internal.loader.BuiltinClassLoader::loadClass@3
                      ; - java.lang.ClassLoader::loadClass@38
  0x000001cd1ca23a34: 2870 ebff 

  0x000001cd1ca23a38: ;   {other}
  0x000001cd1ca23a38: 0f1f 8400 | a80f 0003 | 488b d848 | 85c0 0f85 | a92b 0000 | 4c8b 4424 | 2045 8b50 | 1447 8b5c 
  0x000001cd1ca23a58: d40c 4489 | 9424 8000 | 0000 450f | be40 1044 | 895c 2420 | c442 3af7 | cb45 8d59 | ff45 85c0 
  0x000001cd1ca23a78: 0f85 9663 | 0000 4b8d | 2cd4 448b | 5424 2041 | ffca 453b | d345 0f4f | d345 85d2 | 0f8c a640 
  0x000001cd1ca23a98: 0000 448b | 4424 2045 | 85c0 0f86 | b859 0000 | 453b d00f | 83af 5900 | 0045 85d2 | 0f8e d95a 
  0x000001cd1ca23ab8: 0000 418d | 4aff 49bb | 0000 1e2b | cd01 0000 | 420f be5c | 1510 83fb | 2e0f 8481 | 3e00 0041 
  0x000001cd1ca23ad8: ffca 443b | d17f e941 | 83fa 020f | 8e8c 0000 | 0045 8d42 | fe33 c941 | 83fa 0244 | 0f4c c141 
  0x000001cd1ca23af8: 81f8 a00f | 0000 b9a0 | 0f00 0044 | 0f47 c141 | 8bda 412b | d866 6690 | 4d63 c242 | 0fbe 4c05 
  0x000001cd1ca23b18: 1083 f92e | 0f84 c522 | 0000 420f | be4c 050f | 83f9 2e0f | 84be 2200 | 0041 8d7a 

  0x000001cd1ca23b34: ;   {no_reloc}
  0x000001cd1ca23b34: fe44 0fbe | 443d 1041 | 83f8 2e0f | 84a5 2200 | 0045 8d42 | fd42 0fbe | 4c05 1083 | f92e 0f84 
  0x000001cd1ca23b54: 9b22 0000 | 4183 c2fc | 443b d37f | af4d 8b87 

  0x000001cd1ca23b64: ; ImmutableOopMap {rbp=Oop [72]=Oop [80]=Oop [104]=Oop [120]=Oop [128]=NarrowOop [176]=Oop }
                      ;*goto {reexecute=1 rethrow=0 return_oop=0}
                      ; - (reexecute) java.lang.StringLatin1::lastIndexOf@35
                      ; - java.lang.String::lastIndexOf@13
                      ; - java.lang.String::lastIndexOf@8
                      ; - jdk.internal.loader.BuiltinClassLoader::findLoadedModule@3
                      ; - jdk.internal.loader.BuiltinClassLoader::loadClassOrNull@22
                      ; - jdk.internal.loader.BuiltinClassLoader::loadClass@3
                      ; - java.lang.ClassLoader::loadClass@38
  0x000001cd1ca23b64: 5804 0000 

  0x000001cd1ca23b68: ;   {poll}
  0x000001cd1ca23b68: 4185 0041 | 83fa 020f | 8f74 ffff | ff41 83fa | ff7e 2042 | 0fbe 4c15 | 1083 f92e | 0f84 f25f 
  0x000001cd1ca23b88: 0000 41ff | ca41 83fa | ff7f e849 | 8bcb e9af | 3f00 0049 | 8bcb e9a7 | 3f00 0041 | 8b6a 2885 
  0x000001cd1ca23ba8: ed0f 8445 | 5f00 0049 | 8b87 b801 | 0000 4c8b | d849 83c3 | 104d 3b9f | c801 0000 | 0f83 0145 
  0x000001cd1ca23bc8: 0000 4d89 | 9fb8 0100 | 0041 0f0d | 8bc0 0000 | 0048 c700 | 0100 0000 

  0x000001cd1ca23be0: ;   {metadata('java/lang/Object')}
  0x000001cd1ca23be0: c740 0890 | 0e00 0044 | 8960 0c44 | 8944 2428 | 4c89 9424 | b800 0000 | 4889 4424 | 2049 8d14 
  0x000001cd1ca23c00: ec4c 8b84 | 24b0 0000 | 004c 8bc8 | bf01 0000 | 0049 8be8 

  0x000001cd1ca23c14: ;   {optimized virtual_call}
  0x000001cd1ca23c14: c5f8 77e8 

  0x000001cd1ca23c18: ; ImmutableOopMap {rbp=Oop [32]=Oop [40]=NarrowOop [72]=Oop [80]=Oop [176]=Oop [184]=Oop }
                      ;*invokevirtual putVal {reexecute=0 rethrow=0 return_oop=1}
                      ; - java.util.concurrent.ConcurrentHashMap::putIfAbsent@4
                      ; - java.lang.ClassLoader::getClassLoadingLock@23
                      ; - java.lang.ClassLoader::loadClass@2
                      ; - java.lang.ClassLoader::loadClass@38
  0x000001cd1ca23c18: 04a8 feff 

  0x000001cd1ca23c1c: ;   {other}
  0x000001cd1ca23c1c: 0f1f 8400 | 8c11 0005 | 4885 c00f | 85ab 3d00 | 004c 8b5c | 2420 488d | 9c24 3801 | 0000 498b 
  0x000001cd1ca23c3c: 03a8 020f | 8523 0000 | 0048 83c8 | 0148 8903 | f049 0fb1 | 1b0f 8437 | 0000 0048 | 2bc4 4825 
  0x000001cd1ca23c5c: 07f0 ffff | 4889 03e9 | 2400 0000 | 4c8b d048 | 33c0 f04d | 0fb1 7a3e | 48c7 0303 | 0000 0074 
  0x000001cd1ca23c7c: 114c 3bf8 | 7515 49ff | 8286 0000 | 0048 33c0 | 7509 49ff | 8750 0500 | 0033 c00f | 8530 5600 
  0x000001cd1ca23c9c: 004c 8b84 | 24b0 0000 | 0045 8b50 | 1443 8b5c | d40c 85db | 0f86 4e56 | 0000 450f | be48 1045 
  0x000001cd1ca23cbc: 85c9 0f85 | 9c5d 0000 | 4c89 5c24 | 78c4 e232 | f7d3 3bd3 | 0f4f d34f | 8d1c d44f | 8d5c d410 
  0x000001cd1ca23cdc: 85d2 0f8e | cc00 0000 | 3bda 0f82 | 5856 0000 | 498b fbb8 | 2f00 0000 | 488b df83 | fa10 0f8c 
  0x000001cd1ca23cfc: 7900 0000 | 83fa 200f | 8c36 0000 | 00c5 f96e | c0c4 e27d | 78c0 c5ed | efd2 8bca 

  0x000001cd1ca23d18: ;   {no_reloc}
  0x000001cd1ca23d18: 83e1 e083 | e21f c5fe | 6f0b c5f5 | 74c8 c4e2 | 7d17 d10f | 8369 0000 | 0048 83c3 | 2083 e920 
  0x000001cd1ca23d38: 75e4 e90d | 0000 00c5 | f96e c0c5 | e9ef d2c4 | e279 00c2 | 83fa 100f | 8c24 0000 | 008b ca83 
  0x000001cd1ca23d58: e1f0 83e2 | 0fc5 fa6f | 0bc5 f174 | c8c4 e279 | 17d1 0f83 | 2a00 0000 | 4883 c310 | 83e9 1075 
  0x000001cd1ca23d78: e485 d20f | 8412 0000 | 000f b60b | 3bc1 741c | 4883 c301 | 83ea 0174 | 02eb eebb | ffff ffff 
  0x000001cd1ca23d98: eb0d c5fd | d7c9 0fbc | c148 03d8 | 482b df83 | fbff 0f85 | f45c 0000 | 450f b61b | 4183 fb5b 
  0x000001cd1ca23db8: 0f84 725d | 0000 488b | 9424 b800 | 0000 4c89 | 4424 2048 | 8b6c 2478 

  0x000001cd1ca23dd0: ;   {optimized virtual_call}
  0x000001cd1ca23dd0: c5f8 77e8 

  0x000001cd1ca23dd4: ; ImmutableOopMap {rbp=Oop [32]=Oop [40]=NarrowOop [72]=Oop [80]=Oop [120]=Oop [176]=Oop [184]=Oop }
                      ;*invokevirtual findLoadedClass0 {reexecute=0 rethrow=0 return_oop=1}
                      ; - java.lang.ClassLoader::findLoadedClass@11
                      ; - java.lang.ClassLoader::loadClass@10
                      ; - java.lang.ClassLoader::loadClass@38
  0x000001cd1ca23dd4: 886c ebff 

  0x000001cd1ca23dd8: ;   {other}
  0x000001cd1ca23dd8: 0f1f 8400 | 4813 0006 | 488b d848 | 85c0 0f85 | cd16 0000 | c5f8 7749 | bad0 307c | effc 7f00 
  0x000001cd1ca23df8: 0041 ffd2 

  0x000001cd1ca23dfc: ;   {other}
  0x000001cd1ca23dfc: 0f1f 8400 | 0000 0000 | 4889 4424 | 684c 8b94 | 24b8 0000 | 0045 8b52 | 1847 8b44 | d408 4b8d 
  0x000001cd1ca23e1c: ;   {metadata('org/gradle/internal/classloader/VisitableURLClassLoader')}
  0x000001cd1ca23e1c: 14d4 4181 | f808 3a00 | 010f 84e7 

  0x000001cd1ca23e28: ;   {metadata('jdk/internal/loader/ClassLoaders$PlatformClassLoader')}
  0x000001cd1ca23e28: 0300 0041 | 81f8 f882 | 0600 0f85 | cc5d 0000 | 4c8b da41 | 8b6b 2885 | ed0f 847d | 6f00 0049 
  0x000001cd1ca23e48: 8b87 b801 | 0000 4c8b | d049 83c2 | 104d 3b97 | c801 0000 | 0f83 3346 | 0000 4d89 | 97b8 0100 
  0x000001cd1ca23e68: 0041 0f0d | 8ac0 0000 | 0048 c700 | 0100 0000 

  0x000001cd1ca23e78: ;   {metadata('java/lang/Object')}
  0x000001cd1ca23e78: c740 0890 | 0e00 0044 | 8960 0c4c | 899c 24a0 | 0000 0048 | 8944 2420 | 498d 14ec | 4c8b 8424 
  0x000001cd1ca23e98: b000 0000 | 4c8b c8bf | 0100 0000 | 4c8b 5424 | 784c 8954 | 2458 498b | e866 6690 

  0x000001cd1ca23eb4: ;   {optimized virtual_call}
  0x000001cd1ca23eb4: c5f8 77e8 

  0x000001cd1ca23eb8: ; ImmutableOopMap {rbp=Oop [32]=Oop [40]=NarrowOop [72]=Oop [80]=Oop [88]=Oop [120]=Oop [160]=Oop [176]=Oop [184]=Oop }
                      ;*invokevirtual putVal {reexecute=0 rethrow=0 return_oop=1}
                      ; - java.util.concurrent.ConcurrentHashMap::putIfAbsent@4
                      ; - java.lang.ClassLoader::getClassLoadingLock@23
                      ; - jdk.internal.loader.BuiltinClassLoader::loadClassOrNull@2
                      ; - jdk.internal.loader.BuiltinClassLoader::loadClass@3
                      ; - java.lang.ClassLoader::loadClass@38
                      ; - java.lang.ClassLoader::loadClass@38
  0x000001cd1ca23eb8: 64a5 feff 

  0x000001cd1ca23ebc: ;   {other}
  0x000001cd1ca23ebc: 0f1f 8400 | 2c14 0007 | 4885 c00f | 853c 3c00 | 004c 8b44 | 2420 488d | 9c24 4001 | 0000 498b 
  0x000001cd1ca23edc: 00a8 020f | 8523 0000 | 0048 83c8 | 0148 8903 | f049 0fb1 | 180f 8437 | 0000 0048 | 2bc4 4825 
  0x000001cd1ca23efc: 07f0 ffff | 4889 03e9 | 2400 0000 | 4c8b d048 | 33c0 f04d | 0fb1 7a3e | 48c7 0303 | 0000 0074 
  0x000001cd1ca23f1c: 114c 3bf8 | 7515 49ff | 8286 0000 | 0048 33c0 | 7509 49ff | 8750 0500 | 0033 c00f | 8513 5d00 
  0x000001cd1ca23f3c: 004c 8b8c | 24b0 0000 | 0041 8b69 | 1445 8b54 | ec0c 4585 | d20f 8631 | 5d00 0041 | 0fbe 4910 
  0x000001cd1ca23f5c: 85c9 0f85 | 3c6d 0000 | c442 72f7 | da45 3bda | 450f 4fda | 498d 0cec | 498d 74ec | 1045 85db 
  0x000001cd1ca23f7c: 0f8e d000 | 0000 453b | d30f 82fd | 5d00 0048 | 8bfe 418b | d3b8 2f00 | 0000 488b | df83 fa10 
  0x000001cd1ca23f9c: 0f8c 7900 | 0000 83fa | 200f 8c36 | 0000 00c5 | f96e c0c4 | e27d 78c0 | c5ed efd2 

  0x000001cd1ca23fb8: ;   {no_reloc}
  0x000001cd1ca23fb8: 8bca 83e1 | e083 e21f | c5fe 6f0b | c5f5 74c8 | c4e2 7d17 | d10f 8369 | 0000 0048 | 83c3 2083 
  0x000001cd1ca23fd8: e920 75e4 | e90d 0000 | 00c5 f96e | c0c5 e9ef | d2c4 e279 | 00c2 83fa | 100f 8c24 | 0000 008b 
  0x000001cd1ca23ff8: ca83 e1f0 | 83e2 0fc5 | fa6f 0bc5 | f174 c8c4 | e279 17d1 | 0f83 2a00 | 0000 4883 | c310 83e9 
  0x000001cd1ca24018: 1075 e485 | d20f 8412 | 0000 000f | b60b 3bc1 | 741c 4883 | c301 83ea | 0174 02eb | eebb ffff 
  0x000001cd1ca24038: ffff eb0d | c5fd d7c9 | 0fbc c148 | 03d8 482b | df83 fbff | 0f85 066d | 0000 0fb6 | 2e83 fd5b 
  0x000001cd1ca24058: 0f84 ae6d | 0000 4c89 | 8424 a800 | 0000 488b | 9424 a000 | 0000 4d8b | c14c 8944 | 2420 4c8b 
  0x000001cd1ca24078: 5424 784c | 8954 2438 | 4c89 4424 | 5848 8bac | 24a8 0000 | 0066 6690 

  0x000001cd1ca24090: ;   {optimized virtual_call}
  0x000001cd1ca24090: c5f8 77e8 

  0x000001cd1ca24094: ; ImmutableOopMap {rbp=Oop [32]=Oop [40]=NarrowOop [56]=Oop [72]=Oop [80]=Oop [88]=Oop [120]=Oop [160]=Oop [168]=Oop [176]=Oop [184]=Oop }
                      ;*invokevirtual findLoadedClass0 {reexecute=0 rethrow=0 return_oop=1}
                      ; - java.lang.ClassLoader::findLoadedClass@11
                      ; - jdk.internal.loader.BuiltinClassLoader::loadClassOrNull@10
                      ; - jdk.internal.loader.BuiltinClassLoader::loadClass@3
                      ; - java.lang.ClassLoader::loadClass@38
                      ; - java.lang.ClassLoader::loadClass@38
  0x000001cd1ca24094: c869 ebff 

  0x000001cd1ca24098: ;   {other}
  0x000001cd1ca24098: 0f1f 8400 | 0816 0008 | 488b d848 | 85c0 0f85 | 7e3a 0000 | 4c8b 5424 | 2045 8b42 | 1447 8b5c 
  0x000001cd1ca240b8: c40c 4489 | 5c24 2044 | 8984 248c | 0000 0045 | 0fbe 4a10 | c442 32f7 | c345 8d50 | ff45 85c9 
  0x000001cd1ca240d8: 0f85 1e6c | 0000 448b | 9c24 8c00 | 0000 4b8d | 2cdc 448b | 5c24 2041 | ffcb 453b | da45 0f4f 
  0x000001cd1ca240f8: da45 85db | 0f8c f33a | 0000 448b | 4c24 2045 | 85c9 0f86 | 745a 0000 | 453b d90f | 836b 5a00 
  0x000001cd1ca24118: 0045 85db | 0f8e e75b | 0000 458d | 4bff 49ba | 0000 1e2b | cd01 0000 | 4c89 9424 | e000 0000 
  0x000001cd1ca24138: 420f be4c | 1d10 83f9 | 2e0f 8481 | 3800 0041 | ffcb 453b | d97f e941 | 83fb 020f | 8e8e 0000 
  0x000001cd1ca24158: 0045 8d53 | fe45 33c9 | 4183 fb02 | 450f 4cd1 | 4181 faa0 | 0f00 0041 | b9a0 0f00 | 0045 0f47 
  0x000001cd1ca24178: d141 8bcb | 412b ca90 | 4d63 d346 | 0fbe 4c15 | 1041 83f9 | 2e0f 84bc | 0000 0046 

  0x000001cd1ca24194: ;   {no_reloc}
  0x000001cd1ca24194: 0fbe 4c15 | 0f41 83f9 | 2e0f 84b1 | 0000 0045 | 8d53 fe46 | 0fbe 4c15 | 1041 83f9 | 2e0f 84a1 
  0x000001cd1ca241b4: 0000 0045 | 8d53 fd42 | 0fbe 5c15 | 1083 fb2e | 0f84 8e00 | 0000 4183 | c3fc 443b | d97f ad4d 
  0x000001cd1ca241d4: 8b97 5804 

  0x000001cd1ca241d8: ; ImmutableOopMap {rbp=Oop [40]=NarrowOop [72]=Oop [80]=Oop [120]=Oop [140]=NarrowOop [160]=Oop [168]=Oop [176]=Oop [184]=Oop }
                      ;*goto {reexecute=1 rethrow=0 return_oop=0}
                      ; - (reexecute) java.lang.StringLatin1::lastIndexOf@35
                      ; - java.lang.String::lastIndexOf@13
                      ; - java.lang.String::lastIndexOf@8
                      ; - jdk.internal.loader.BuiltinClassLoader::findLoadedModule@3
                      ; - jdk.internal.loader.BuiltinClassLoader::loadClassOrNull@22
                      ; - jdk.internal.loader.BuiltinClassLoader::loadClass@3
                      ; - java.lang.ClassLoader::loadClass@38
                      ; - java.lang.ClassLoader::loadClass@38
                      ;   {poll}
  0x000001cd1ca241d8: 0000 4185 | 0241 83fb | 020f 8f72 | ffff ff41 | 83fb ff0f | 8e16 3a00 | 0066 6690 | 460f be4c 
  0x000001cd1ca241f8: 1d10 4183 | f92e 0f84 | 606a 0000 | 41ff cb41 | 83fb ff7f | e7e9 f539 | 0000 4c8b | 4424 2045 
  0x000001cd1ca24218: 33c9 6690 

  0x000001cd1ca2421c: ;   {optimized virtual_call}
  0x000001cd1ca2421c: c5f8 77e8 

  0x000001cd1ca24220: ; ImmutableOopMap {rbp=Oop [32]=Oop [40]=NarrowOop [72]=Oop [80]=Oop [120]=Oop [176]=Oop [184]=Oop }
                      ;*invokevirtual loadClass {reexecute=0 rethrow=0 return_oop=1}
                      ; - java.lang.ClassLoader::loadClass@38
                      ; - java.lang.ClassLoader::loadClass@38
  0x000001cd1ca24220: 1cf3 ffff 

  0x000001cd1ca24224: ;   {other}
  0x000001cd1ca24224: 0f1f 8400 | 9417 000a | 488b d848 | 85c0 0f85 | 8112 0000 | 49ba 0000 | 1e2b cd01 | 0000 4c89 
  0x000001cd1ca24244: 9424 2001 | 0000 e9b6 | 0900 0045 | 8bd3 eb04 | 458d 53ff | 4585 d20f | 8c63 6c00 | 0045 3bd0 
  0x000001cd1ca24264: 0f8f ca6c | 0000 453b | d00f 8401 | 2900 0045 | 85d2 0f84 | 9639 0000 | 4489 5424 | 244d 8b9f 
  0x000001cd1ca24284: b801 0000 | 4d8b d349 | 83c2 184d | 3b97 c801 | 0000 0f83 | b542 0000 | 4d89 97b8 | 0100 0041 
  0x000001cd1ca242a4: 0f0d 8ac0 | 0000 0049 | c703 0100 

  0x000001cd1ca242b0: ;   {metadata('java/lang/String')}
  0x000001cd1ca242b0: 0000 41c7 | 4308 78e8 | 0000 4589 | 630c 4d89 | 6310 448b | 9424 8c00 | 0000 4f8d | 4cd4 1044 
  0x000001cd1ca242d0: 8b44 2424 | 443b 4424 | 200f 85d0 | 0000 004c | 894c 2438 | 4c89 9c24 | 8800 0000 | 4489 5424 
  0x000001cd1ca242f0: 2c4c 6354 | 2420 4c89 | 5424 5844 | 8b5c 2420 | 4181 fb00 | 0010 000f | 8767 4b00 | 004d 8b97 
  0x000001cd1ca24310: b801 0000 | 4c8b 5c24 | 5849 83c3 | 1749 83e3 | f84d 8bc2 | 4d03 c34d | 3b87 c801 | 0000 0f83 
  0x000001cd1ca24330: 404b 0000 | 4d89 87b8 | 0100 0041 | 0f0d 88c0 | 0000 0049 | c702 0100 | 0000 410f | 0d88 0001 
  0x000001cd1ca24350: ;   {metadata({type array byte})}
  0x000001cd1ca24350: 0000 41c7 | 4208 1823 | 0000 448b | 5c24 2045 | 895a 0c41 | 0f0d 8840 | 0100 0041 | 0f0d 8880 
  0x000001cd1ca24370: 0100 0049 | 8bd2 4883 | c210 498b | da4c 8b54 | 2458 4983 | c207 49c1 | ea03 488b | 4c24 384d 
  0x000001cd1ca24390: 8bc2 c5f8 | 7749 ba60 | 4b1a 1ccd | 0100 0041 

  0x000001cd1ca243a0: ;   {other}
  0x000001cd1ca243a0: ffd2 0f1f | 8400 0000 | 0000 e936 | 0100 0041 | 81f8 0000 | 1000 0f87 | 8c64 0000 | 4c89 4c24 
  0x000001cd1ca243c0: 384c 899c | 2488 0000 | 0044 8984 | 2480 0000 | 0045 8bc2 | 4c63 5c24 | 2444 8b4c | 2420 443b 
  0x000001cd1ca243e0: 8c24 8000 | 0000 8b8c | 2480 0000 | 0045 8bd1 | 440f 4fd1 | 4489 9424 | 8400 0000 | 443b 8c24 
  0x000001cd1ca24400: 8400 0000 | 0f82 cf64 | 0000 3b8c | 2484 0000 | 000f 82c2 | 6400 0049 | 83c3 174c | 895c 2420 
  0x000001cd1ca24420: 4d8b d349 | 83e2 f84c | 8954 2458 | 81f9 0000 | 1000 0f87 | 3349 0000 | 498b 9fb8 | 0100 004c 
  0x000001cd1ca24440: 8bd3 4c8b | 5c24 584d | 03d3 4d3b | 97c8 0100 | 000f 8314 | 4900 004d | 8997 b801 | 0000 410f 
  0x000001cd1ca24460: 0d8a c000 | 0000 48c7 | 0301 0000 | 0041 0f0d | 8a00 0100 

  0x000001cd1ca24474: ;   {metadata({type array byte})}
  0x000001cd1ca24474: 00c7 4308 | 1823 0000 | 894b 0c41 | 0f0d 8a40 | 0100 0041 | 0f0d 8a80 | 0100 0048 | 8bd3 4883 
  0x000001cd1ca24494: c210 4c8b | 5424 2049 | c1ea 038b | ac24 8400 | 0000 85ed | 0f84 bf63 | 0000 3bac | 2480 0000 
  0x000001cd1ca244b4: 000f 8c43 | 3a00 004c | 8b44 2458 | 4983 c0f0 | 49c1 e803 | 488b 4c24 | 38c5 f877 | 49ba 604b 
  0x000001cd1ca244d4: 1a1c cd01 | 0000 41ff 

  0x000001cd1ca244dc: ;   {other}
  0x000001cd1ca244dc: d20f 1f84 | 0000 0000 | 0041 807f | 4000 0f85 | 7738 0000 | 4c8b 8c24 | 8800 0000 | 4d8b d14c 
  0x000001cd1ca244fc: 8bc3 49c1 | e803 4589 | 4114 4c8b | db4d 33da | 49c1 eb16 | 4d85 db74 | 1a49 c1ea | 0948 b900 
  0x000001cd1ca2451c: 001e 2bcd | 0100 0049 | 03ca 8039 | 020f 8582 | 3800 0045 | 8861 1041 | 8b41 0c85 | c00f 84d7 
  0x000001cd1ca2453c: ;   {oop(a 'java/util/concurrent/ConcurrentHashMap'{0x00000006004f19e0})}
  0x000001cd1ca2453c: 2500 0049 | bae0 194f | 0006 0000 | 0041 8b4a | 2885 c90f | 84e3 0300 | 0045 8b44 | cc0c 4585 
  0x000001cd1ca2455c: c00f 86f1 | 6800 0044 | 8bd8 41c1 | eb10 4433 | d84d 8d14 | cc41 81e3 | ffff ff7f | 41ff c845 
  0x000001cd1ca2457c: 23c3 4d63 | c047 8b44 | 8210 4585 | c00f 84a9 | 0300 0043 | 8b6c c40c | 413b eb0f | 85eb 0200 
  0x000001cd1ca2459c: 0043 8b6c | c410 4c8b | d549 c1e2 | 034d 3bd1 | 0f84 2201 | 0000 458b | 54ec 0845 | 8beb 4d8b 
  0x000001cd1ca245bc: d94d 8d0c | ec4d 3bd9 | 0f84 0a01 

  0x000001cd1ca245c8: ;   {metadata('java/lang/String')}
  0x000001cd1ca245c8: 0000 4181 | fa78 e800 | 000f 8595 | 7e00 0041 | 0fbe 4b10 | 410f be69 | 103b cd0f | 85ef 7300 
  0x000001cd1ca245e8: 0045 8b51 | 1441 8b5b | 1447 8b4c | d40c 418b | 4cdc 0c41 | 3bc9 0f85 | bc3a 0000 | 4f8d 0cd4 
  0x000001cd1ca24608: 4b8d 74d4 | 104d 8d14 | dc49 8d7c | dc10 85c9 | 0f84 9d00 | 0000 8bc1 | 83e0 1f83 | e1e0 0f84 
  0x000001cd1ca24628: 4b00 0000 | 488d 3c0f | 488d 340e | 48f7 d9c5 | fe6f 0c0f | c5fe 6f04 | 0ec5 f5ef | c8c4 e27d 
  0x000001cd1ca24648: 17c9 0f85 | 7200 0000 | 4883 c120 | 75e1 85c0 | 0f84 5d00 | 0000 c5fe | 6f4c 07e0 | c5fe 6f44 
  0x000001cd1ca24668: 06e0 c5f5 | efc8 c4e2 | 7d17 c975 | 4deb 448b | c883 e1fc | 7419 488d | 3c0f 488d | 340e 48f7 
  0x000001cd1ca24688: d98b 1c0f | 3b1c 0e75 | 3148 83c1 | 0475 f2a8 | 0274 120f | b71f 0fb7 | 0e3b d975 | 1d48 8d7f 
  0x000001cd1ca246a8: 0248 8d76 | 02a8 0174 | 0a0f b61f | 0fb6 0e3b | d975 07b8 | 0100 0000 | eb02 33c0 | c5f5 efc9 
  0x000001cd1ca246c8: ;   {no_reloc}
  0x000001cd1ca246c8: c5fd efc0 | 85c0 0f84 | 793a 0000 | 438b 6cc4 | 1485 ed0f | 8457 0200 | 0045 8b54 

  0x000001cd1ca246e4: ;   {metadata('jdk/internal/loader/BuiltinClassLoader$LoadedModule')}
  0x000001cd1ca246e4: ec08 4181 | faa8 de16 | 000f 85f1 | 7c00 004d | 8d14 ec41 | 8b6a 0c4c | 8bdd 49c1 | e303 4c8b 
  0x000001cd1ca24704: 8424 a000 | 0000 4d3b | d80f 8405 | 3300 0045 | 8b5c ec08 

  0x000001cd1ca24718: ;   {metadata('jdk/internal/loader/ClassLoaders$BootClassLoader')}
  0x000001cd1ca24718: 4181 fb10 | 4d17 000f | 8537 6200 | 004c 8b8c | 24b0 0000 | 0041 8b69 | 1445 8b5c | ec0c 4585 
  0x000001cd1ca24738: db0f 866d | 6200 0045 | 0fbe 5110 | 4585 d20f | 855b 6e00 | 00c4 422a | f7d3 453b | d345 0f4f 
  0x000001cd1ca24758: d349 8d0c | ec49 8d74 | ec10 4585 | d20f 8ed0 | 0000 0045 | 3bda 0f82 | 9062 0000 | 488b fe41 
  0x000001cd1ca24778: 8bd2 b82f | 0000 0048 | 8bdf 83fa | 100f 8c79 | 0000 0083 | fa20 0f8c | 3600 0000 | c5f9 6ec0 
  0x000001cd1ca24798: c4e2 7d78 | c0c5 edef | d28b ca83 | e1e0 83e2 | 1fc5 fe6f | 0bc5 f574 | c8c4 e27d | 17d1 0f83 
  0x000001cd1ca247b8: 6900 0000 | 4883 c320 | 83e9 2075 | e4e9 0d00 | 0000 c5f9 | 6ec0 c5e9 | efd2 c4e2 | 7900 c283 
  0x000001cd1ca247d8: fa10 0f8c | 2400 0000 | 8bca 83e1 | f083 e20f | c5fa 6f0b | c5f1 74c8 | c4e2 7917 | d10f 832a 
  0x000001cd1ca247f8: 0000 0048 | 83c3 1083 | e910 75e4 | 85d2 0f84 | 1200 0000 | 0fb6 0b3b | c174 1c48 

  0x000001cd1ca24814: ;   {no_reloc}
  0x000001cd1ca24814: 83c3 0183 | ea01 7402 | ebee bbff | ffff ffeb | 0dc5 fdd7 | c90f bcc1 | 4803 d848 | 2bdf 83fb 
  0x000001cd1ca24834: ff0f 85c5 | 6d00 000f | b62e 83fd | 5b0f 8425 | 6e00 0049 | 8bd1 4c89 | 4c24 584c | 8b54 2478 
  0x000001cd1ca24854: 4c89 5424 | 604c 894c | 2470 488b | ac24 a800 | 0000 6690 

  0x000001cd1ca24868: ;   {static_call}
  0x000001cd1ca24868: c5f8 77e8 

  0x000001cd1ca2486c: ; ImmutableOopMap {rbp=Oop [40]=NarrowOop [72]=Oop [80]=Oop [88]=Oop [96]=Oop [112]=Oop [120]=Oop [160]=Oop [168]=Oop [176]=Oop [184]=Oop }
                      ;*invokestatic findBootstrapClass {reexecute=0 rethrow=0 return_oop=1}
                      ; - java.lang.ClassLoader::findBootstrapClassOrNull@10
                      ; - java.lang.System$2::findBootstrapClassOrNull@1
                      ; - jdk.internal.loader.ClassLoaders$BootClassLoader::loadClassOrNull@4
                      ; - jdk.internal.loader.BuiltinClassLoader::loadClassOrNull@3
                      ; - jdk.internal.loader.BuiltinClassLoader::loadClassOrNull@66
                      ; - jdk.internal.loader.BuiltinClassLoader::loadClass@3
                      ; - java.lang.ClassLoader::loadClass@38
                      ; - java.lang.ClassLoader::loadClass@38
  0x000001cd1ca2486c: f0fc eeff 

  0x000001cd1ca24870: ;   {other}
  0x000001cd1ca24870: 0f1f 8400 | e01d 000b | 488b d84c | 8b84 24e0 | 0000 00e9 | 4c02 0000 | 85ed 0f8c | c471 0000 
  0x000001cd1ca24890: 478b 54c4 | 1845 85d2 | 0f84 9a00 | 0000 4f8d | 04d4 418b | 780c 498b | 9f58 0400 

  0x000001cd1ca248ac: ; ImmutableOopMap {r8=Oop r9=Oop [40]=NarrowOop [72]=Oop [80]=Oop [120]=Oop [160]=Oop [168]=Oop [176]=Oop [184]=Oop }
                      ;*if_icmpne {reexecute=1 rethrow=0 return_oop=0}
                      ; - (reexecute) java.util.concurrent.ConcurrentHashMap::get@127
                      ; - jdk.internal.loader.BuiltinClassLoader::findLoadedModule@24
                      ; - jdk.internal.loader.BuiltinClassLoader::loadClassOrNull@22
                      ; - jdk.internal.loader.BuiltinClassLoader::loadClass@3
                      ; - java.lang.ClassLoader::loadClass@38
                      ; - java.lang.ClassLoader::loadClass@38
                      ;   {poll}
  0x000001cd1ca248ac: 0085 0341 | 3bfb 740f | 458b 4018 | 4585 c074 | 7b49 c1e0 | 03eb df41 | 8b68 104c | 8bd5 49c1 
  0x000001cd1ca248cc: e203 4d3b | d174 5985 | ed0f 84fd | 7500 004c | 8984 2488 | 0000 0044 | 895c 242c | 4c89 8c24 
  0x000001cd1ca248ec: 8000 0000 | 4d8d 04ec | 498b d148 | 8b6c 2448 | 4c8b 9424 | b000 0000 | 4c89 5424 | 2066 6690 
  0x000001cd1ca2490c: ;   {optimized virtual_call}
  0x000001cd1ca2490c: c5f8 77e8 

  0x000001cd1ca24910: ; ImmutableOopMap {rbp=Oop [32]=Oop [40]=NarrowOop [72]=Oop [80]=Oop [120]=Oop [128]=Oop [136]=Oop [160]=Oop [168]=Oop [176]=Oop [184]=Oop }
                      ;*invokevirtual equals {reexecute=0 rethrow=0 return_oop=0}
                      ; - java.util.concurrent.ConcurrentHashMap::get@149
                      ; - jdk.internal.loader.BuiltinClassLoader::findLoadedModule@24
                      ; - jdk.internal.loader.BuiltinClassLoader::loadClassOrNull@22
                      ; - jdk.internal.loader.BuiltinClassLoader::loadClass@3
                      ; - java.lang.ClassLoader::loadClass@38
                      ; - java.lang.ClassLoader::loadClass@38
  0x000001cd1ca24910: 2cb9 eaff 

  0x000001cd1ca24914: ;   {other}
  0x000001cd1ca24914: 0f1f 8400 | 841e 000d | 85c0 0f84 | 2c76 0000 | 4c8b 8424 | 8800 0000 | 418b 6814 | 85ed 0f85 
  0x000001cd1ca24934: a9fd ffff | 4c8b 8424 | a000 0000 | 418b 6854 

  0x000001cd1ca24944: ; implicit exception: dispatches to 0x000001cd1ca2d044
  0x000001cd1ca24944: 458b 54ec 

  0x000001cd1ca24948: ;   {metadata('jdk/internal/loader/ClassLoaders$BootClassLoader')}
  0x000001cd1ca24948: 0841 81fa | 104d 1700 | 0f85 c069 | 0000 4c8b | 8c24 b000 | 0000 418b | 6914 458b | 5cec 0c45 
  0x000001cd1ca24968: 85db 0f86 | 086a 0000 | 410f be49 | 1085 c90f | 851b 6e00 | 00c4 4272 | f7d3 453b | d345 0f4f 
  0x000001cd1ca24988: d349 8d0c | ec49 8d74 | ec10 4585 | d20f 8ed0 | 0000 0045 | 3bda 0f82 | 3c6a 0000 | 488b fe41 
  0x000001cd1ca249a8: 8bd2 b82f | 0000 0048 | 8bdf 83fa | 100f 8c79 | 0000 0083 | fa20 0f8c | 3600 0000 | c5f9 6ec0 
  0x000001cd1ca249c8: c4e2 7d78 | c0c5 edef | d28b ca83 | e1e0 83e2 | 1fc5 fe6f | 0bc5 f574 | c8c4 e27d | 17d1 0f83 
  0x000001cd1ca249e8: 6900 0000 | 4883 c320 | 83e9 2075 | e4e9 0d00 | 0000 c5f9 | 6ec0 c5e9 | efd2 c4e2 | 7900 c283 
  0x000001cd1ca24a08: fa10 0f8c | 2400 0000 | 8bca 83e1 | f083 e20f | c5fa 6f0b | c5f1 74c8 | c4e2 7917 | d10f 832a 
  0x000001cd1ca24a28: 0000 0048 | 83c3 1083 | e910 75e4 | 85d2 0f84 | 1200 0000 | 0fb6 0b3b | c174 1c48 | 83c3 0183 
  0x000001cd1ca24a48: ;   {no_reloc}
  0x000001cd1ca24a48: ea01 7402 | ebee bbff | ffff ffeb | 0dc5 fdd7 | c90f bcc1 | 4803 d848 | 2bdf 83fb | ff0f 85ed 
  0x000001cd1ca24a68: 6d00 000f | b62e 83fd | 5b0f 844d | 6e00 0048 | ffb4 24a0 | 0000 0048 | 8f84 2480 | 0000 0049 
  0x000001cd1ca24a88: 8bd1 488b | 6c24 484c | 894c 2460 | 4c89 8c24 | 9000 0000 

  0x000001cd1ca24a9c: ;   {static_call}
  0x000001cd1ca24a9c: c5f8 77e8 

  0x000001cd1ca24aa0: ; ImmutableOopMap {rbp=Oop [40]=NarrowOop [72]=Oop [80]=Oop [96]=Oop [120]=Oop [128]=Oop [144]=Oop [168]=Oop [176]=Oop [184]=Oop }
                      ;*invokestatic findBootstrapClass {reexecute=0 rethrow=0 return_oop=1}
                      ; - java.lang.ClassLoader::findBootstrapClassOrNull@10
                      ; - java.lang.System$2::findBootstrapClassOrNull@1
                      ; - jdk.internal.loader.ClassLoaders$BootClassLoader::loadClassOrNull@4
                      ; - jdk.internal.loader.BuiltinClassLoader::loadClassOrNull@3
                      ; - jdk.internal.loader.BuiltinClassLoader::loadClassOrNull@86
                      ; - jdk.internal.loader.BuiltinClassLoader::loadClass@3
                      ; - java.lang.ClassLoader::loadClass@38
                      ; - java.lang.ClassLoader::loadClass@38
  0x000001cd1ca24aa0: bcfa eeff 

  0x000001cd1ca24aa4: ;   {other}
  0x000001cd1ca24aa4: 0f1f 8400 | 1420 000e | 4885 c00f | 852b 6d00 | 004c 8b9c | 2480 0000 | 0045 8b43 | 5845 85c0 
  0x000001cd1ca24ac4: 0f85 5a6e | 0000 33db | 4c8b 8424 | e000 0000 | 4c8b 9c24 | a800 0000 | 488d 8424 | 4001 0000 
  0x000001cd1ca24ae4: 4883 3800 | 0f84 7900 | 0000 4d8b | 1341 f6c2 | 020f 8462 | 0000 0049 | 83ba 8600 | 0000 0074 
  0x000001cd1ca24b04: 0949 ff8a | 8600 0000 | eb4b 498b | 8296 0000 | 0049 0b82 | 8e00 0000 | 750a 49c7 | 423e 0000 
  0x000001cd1ca24b24: 0000 eb3d | 4983 ba9e | 0000 0000 | 7422 4833 | c049 c742 | 3e00 0000 | 00f0 8304 | 2400 4983 
  0x000001cd1ca24b44: ba9e 0000 | 0000 750d | f04d 0fb1 | 7a3e 7505 | 83c8 01eb | 0ca8 00eb | 084c 8b10 | f04d 0fb1 
  0x000001cd1ca24b64: 1375 0a49 | ff8f 5005 | 0000 4533 | d20f 8561 | 5100 0048 | 85db 0f85 | 3909 0000 | 498b 87b8 
  0x000001cd1ca24b84: 0100 004c | 8bd0 4983 | c228 4d3b | 97c8 0100 | 000f 837a | 3900 004d | 8997 b801 

  0x000001cd1ca24ba0: ;   {no_reloc}
  0x000001cd1ca24ba0: 0000 410f | 0d8a c000 | 0000 48c7 | 0001 0000 

  0x000001cd1ca24bb0: ;   {metadata('java/lang/ClassNotFoundException')}
  0x000001cd1ca24bb0: 00c7 4008 | 8893 0600 | 4489 600c | 4c89 6010 | 4c89 6018 | 4c89 6020 | 4c89 4424 | 2048 8bd0 
  0x000001cd1ca24bd0: 4c8b 8424 | b000 0000 | 4c89 4424 | 5848 8b6c | 2478 4889 | 5424 6090 

  0x000001cd1ca24be8: ;   {optimized virtual_call}
  0x000001cd1ca24be8: c5f8 77e8 

  0x000001cd1ca24bec: ; ImmutableOopMap {rbp=Oop [40]=NarrowOop [72]=Oop [80]=Oop [88]=Oop [96]=Oop [120]=Oop [176]=Oop [184]=Oop }
                      ;*invokespecial <init> {reexecute=0 rethrow=0 return_oop=0}
                      ; - jdk.internal.loader.BuiltinClassLoader::loadClass@16
                      ; - java.lang.ClassLoader::loadClass@38
                      ; - java.lang.ClassLoader::loadClass@38
  0x000001cd1ca24bec: 104a 0500 

  0x000001cd1ca24bf0: ;   {other}
  0x000001cd1ca24bf0: 0f1f 8400 | 6021 000f | 4c8b 4c24 | 204c 898c | 2420 0100 | 00c5 f877 | 49ba d030 | 7cef fc7f 
  0x000001cd1ca24c10: 0000 41ff 

  0x000001cd1ca24c14: ;   {other}
  0x000001cd1ca24c14: d20f 1f84 | 0000 0000 | 0048 8944 | 2470 4c8b | 9424 b800 | 0000 458b | 5a58 4585 | db0f 84dc 
  0x000001cd1ca24c34: 2e00 004b | 8d2c dc48 | 8bd5 4c8b | 5424 784c | 8954 2438 | 4c8b 9424 | b000 0000 | 4c89 5424 
  0x000001cd1ca24c54: 584c 8954 | 2460 6690 

  0x000001cd1ca24c5c: ;   {static_call}
  0x000001cd1ca24c5c: c5f8 77e8 

  0x000001cd1ca24c60: ; ImmutableOopMap {rbp=Oop [40]=NarrowOop [56]=Oop [72]=Oop [80]=Oop [88]=Oop [96]=Oop [120]=Oop [176]=Oop [184]=Oop }
                      ;*invokestatic ensureMaterializedForStackWalk {reexecute=0 rethrow=0 return_oop=0}
                      ; - java.security.AccessController::executePrivileged@5
                      ; - java.security.AccessController::doPrivileged@13
                      ; - java.net.URLClassLoader::findClass@13
                      ; - java.lang.ClassLoader::loadClass@69
                      ; - java.lang.ClassLoader::loadClass@38
  0x000001cd1ca24c60: fcc3 eeff 

  0x000001cd1ca24c64: ;   {other}
  0x000001cd1ca24c64: 0f1f 8400 | d421 0010 | 4c8b cd4c | 8b9c 24b0 | 0000 0045 | 0fbe 5310 | 4585 d20f | 853f 5400 
  0x000001cd1ca24c84: 0045 8b43 | 1447 8b54 | c40c 4585 | d20f 8626 | 0c00 0041 | 8d5a ff41 | 3bda 0f83 | 244a 0000 
  0x000001cd1ca24ca4: 418d 4afd | 4b8d 3cc4 | 4380 7cc4 | 102e 0f84 | 342d 0000 | 83f9 010f | 8e60 2f00 | 0048 897c 
  0x000001cd1ca24cc4: 2438 894c | 2424 895c | 2420 4489 | 9424 9c00 | 0000 4489 | 8424 c000 | 0000 4c89 | 8c24 8000 
  0x000001cd1ca24ce4: 0000 bd01 | 0000 0044 | 8b8c 249c | 0000 0044 | 2bcd 4183 | c1fd 448b | 5c24 2445 | 33d2 443b 
  0x000001cd1ca24d04: dd45 0f4c | ca41 81f9 | a00f 0000 | 41ba a00f | 0000 450f | 47ca 4403 | cdeb 0490 | 418b ea4c 
  0x000001cd1ca24d24: 63c5 4c8b | 5424 3847 | 0fbe 5c02 | 1041 83fb | 2e0f 8453 | 0800 0047 | 0fbe 5c02 | 1141 83fb 
  0x000001cd1ca24d44: 2e0f 843c | 0800 0047 | 0fbe 5c02 | 1241 83fb | 2e0f 8430 | 0800 0047 | 0fbe 5c02 

  0x000001cd1ca24d60: ;   {no_reloc}
  0x000001cd1ca24d60: 1341 83fb | 2e0f 8419 | 0800 0044 | 8d55 0445 | 3bd1 7cac | 4d8b 8758 | 0400 0083 

  0x000001cd1ca24d7c: ; ImmutableOopMap {[40]=NarrowOop [56]=Oop [72]=Oop [80]=Oop [120]=Oop [128]=Oop [176]=Oop [184]=Oop [192]=NarrowOop }
                      ;*if_icmpne {reexecute=1 rethrow=0 return_oop=0}
                      ; - (reexecute) java.lang.StringLatin1::replace@28
                      ; - java.lang.String::replace@18
                      ; - java.net.URLClassLoader$1::run@8
                      ; - java.net.URLClassLoader$1::run@1
                      ; - java.security.AccessController::executePrivileged@29
                      ; - java.security.AccessController::doPrivileged@13
                      ; - java.net.URLClassLoader::findClass@13
                      ; - java.lang.ClassLoader::loadClass@69
                      ; - java.lang.ClassLoader::loadClass@38
                      ;   {poll}
  0x000001cd1ca24d7c: c503 4185 | 0044 3b54 | 2424 0f8d | c02e 0000 | 418b eae9 | 57ff ffff | 418b cb44 | 8bd1 eb09 
  0x000001cd1ca24d9c: 458d 53ff | eb03 448b | d744 8b43 | 2047 8b5c | c41c 4183 | faff 0f84 | 1063 0000 | 4585 d20f 
  0x000001cd1ca24dbc: 8c6f 6200 | 0045 3bd1 | 0f8f a663 | 0000 4489 | 9c24 c800 | 0000 4889 | 9c24 a800 | 0000 453b 
  0x000001cd1ca24ddc: d10f 84fa | 1d00 0045 | 85d2 0f84 | c62e 0000 | 418b ea4d | 8b9f b801 | 0000 4d8b | d349 83c2 
  0x000001cd1ca24dfc: 184d 3b97 | c801 0000 | 0f83 7637 | 0000 4d89 | 97b8 0100 | 0041 0f0d | 8ac0 0000 | 0049 c703 
  0x000001cd1ca24e1c: 0100 0000 

  0x000001cd1ca24e20: ;   {metadata('java/lang/String')}
  0x000001cd1ca24e20: 41c7 4308 | 78e8 0000 | 4589 630c | 4d89 6310 | 448b 9424 | a400 0000 | 4f8d 44d4 | 103b 6c24 
  0x000001cd1ca24e40: 200f 85d9 | 0000 004c | 8944 2458 | 4c89 9c24 | d000 0000 | 4489 5424 | 2c4c 6354 | 2420 4c89 
  0x000001cd1ca24e60: 5424 6044 | 8b54 2420 | 4181 fa00 | 0010 000f | 8733 4000 | 004d 8b97 | b801 0000 | 4d8b da4c 
  0x000001cd1ca24e80: 8b54 2460 | 4983 c217 | 4983 e2f8 | 4d8b c34d | 03c2 4d3b | 87c8 0100 | 000f 8309 | 4000 004d 
  0x000001cd1ca24ea0: 8987 b801 | 0000 410f | 0d88 c000 | 0000 4d8b | d349 c702 | 0100 0000 | 410f 0d88 | 0001 0000 
  0x000001cd1ca24ec0: ;   {metadata({type array byte})}
  0x000001cd1ca24ec0: 41c7 4208 | 1823 0000 | 448b 5424 | 2045 8953 | 0c41 0f0d | 8840 0100 | 0041 0f0d | 8880 0100 
  0x000001cd1ca24ee0: 004d 8bd3 | 498b d248 | 83c2 1049 | 8bda 4c8b | 5424 6049 | 83c2 0749 | c1ea 0348 | 8b4c 2458 
  0x000001cd1ca24f00: 4d8b c2c5 | f877 49ba | 604b 1a1c | cd01 0000 

  0x000001cd1ca24f10: ;   {other}
  0x000001cd1ca24f10: 41ff d20f | 1f84 0000 | 0000 00e9 | 2301 0000 | 81fd 0000 | 1000 0f87 | d45b 0000 | 4c89 4424 
  0x000001cd1ca24f30: 584c 899c | 24d0 0000 | 0089 ac24 | a000 0000 | 458b ca4c | 63d5 8b6c | 2420 3bac | 24a0 0000 
  0x000001cd1ca24f50: 0044 8b9c | 24a0 0000 | 0041 0f4f | eb44 8b44 | 2420 443b | c50f 8220 | 5c00 0044 | 3bdd 0f82 
  0x000001cd1ca24f70: 175c 0000 | 4983 c217 | 4c89 5424 | 6049 83e2 | f84c 8994 | 2488 0000 | 0041 81fb | 0000 1000 
  0x000001cd1ca24f90: 0f87 0e3e | 0000 498b | 9fb8 0100 | 004c 8bdb | 4d03 da4d | 3b9f c801 | 0000 0f83 | f43d 0000 
  0x000001cd1ca24fb0: 4d89 9fb8 | 0100 0041 | 0f0d 8bc0 | 0000 0048 | c703 0100 | 0000 410f | 0d8b 0001 

  0x000001cd1ca24fcc: ;   {metadata({type array byte})}
  0x000001cd1ca24fcc: 0000 c743 | 0818 2300 | 0044 8b94 | 24a0 0000 | 0044 8953 | 0c41 0f0d | 8b40 0100 | 0041 0f0d 
  0x000001cd1ca24fec: 8b80 0100 | 0048 8bd3 | 4883 c210 | 4c8b 5424 | 6049 c1ea | 0385 ed0f | 8416 5b00 | 003b ac24 
  0x000001cd1ca2500c: a000 0000 | 0f8c 852f | 0000 4c8b | 8424 8800 | 0000 4983 | c0f0 49c1 | e803 488b | 4c24 58c5 
  0x000001cd1ca2502c: f877 49ba | 604b 1a1c | cd01 0000 

  0x000001cd1ca25038: ;   {other}
  0x000001cd1ca25038: 41ff d20f | 1f84 0000 | 0000 0041 | 807f 4000 | 0f85 ff2d | 0000 4c8b | 8424 d000 | 0000 4c8b 
  0x000001cd1ca25058: db49 c1eb | 0345 8958 | 144d 8bd0 | 4c8b db4d | 33da 49c1 | eb16 4d85 | db74 1a49 | c1ea 0948 
  0x000001cd1ca25078: b900 001e | 2bcd 0100 | 0049 03ca | 8039 020f | 850a 2e00 | 0045 8860 | 104c 8984 | 2400 0100 
  0x000001cd1ca25098: ;   {oop(a 'java/lang/Class'{0x00000006004efdb8} = 'jdk/internal/access/SharedSecrets')}
  0x000001cd1ca25098: 0049 bab8 | fd4e 0006 | 0000 0045 | 8b9a d400 | 0000 478b | 4cdc 084c | 8b94 24a8 | 0000 0045 
  0x000001cd1ca250b8: 8b42 2043 | 8b6c c418 

  0x000001cd1ca250c0: ;   {metadata('java/util/jar/JavaUtilJarAccessImpl')}
  0x000001cd1ca250c0: 4181 f9a0 | 5b31 000f | 855f 5000 | 0085 ed0f | 84db 4d00 | 004d 8d04 | ec48 8d9c | 2440 0100 
  0x000001cd1ca250e0: 0049 8b00 | a802 0f85 | 2300 0000 | 4883 c801 | 4889 03f0 | 490f b118 | 0f84 3700 | 0000 482b 
  0x000001cd1ca25100: c448 2507 | f0ff ff48 | 8903 e924 | 0000 004c | 8bd8 4833 | c0f0 4d0f | b17b 3e48 | c703 0300 
  0x000001cd1ca25120: 0000 7411 | 4c3b f875 | 1549 ff83 | 8600 0000 | 4833 c075 | 0949 ff87 | 5005 0000 | 33c0 0f85 
  0x000001cd1ca25140: 5c50 0000 | 453b 64ec | 300f 853a | 3000 0045 | 0fb6 5cec | 1245 85db | 0f85 3229 | 0000 488d 
  0x000001cd1ca25160: 8424 4001 | 0000 4883 | 3800 0f84 | 7900 0000 | 4d8b 1841 | f6c3 020f | 8462 0000 | 0049 83bb 
  0x000001cd1ca25180: 8600 0000 | 0074 0949 | ff8b 8600 | 0000 eb4b | 498b 8396 | 0000 0049 | 0b83 8e00 | 0000 750a 
  0x000001cd1ca251a0: 49c7 433e | 0000 0000 | eb3d 4983 | bb9e 0000 | 0000 7422 | 4833 c049 | c743 3e00 

  0x000001cd1ca251bc: ;   {no_reloc}
  0x000001cd1ca251bc: 0000 00f0 | 8304 2400 | 4983 bb9e | 0000 0000 | 750d f04d | 0fb1 7b3e | 7505 83c8 | 01eb 0ca8 
  0x000001cd1ca251dc: 00eb 084c | 8b18 f04d | 0fb1 1875 | 0a49 ff8f | 5005 0000 | 4533 db0f | 85ea 4f00 | 0045 8b42 
  0x000001cd1ca251fc: 2043 8b6c | c418 458b 

  0x000001cd1ca25204: ;   {metadata('java/util/jar/JarFile')}
  0x000001cd1ca25204: 5cec 0841 | 81fb 0814 | 1900 0f85 | 0050 0000 | 4d8d 1cec | 418b 5b28 | 85db 0f84 | fa19 0000 
  0x000001cd1ca25224: 418b 6cdc | 0c41 807f | 4000 0f85 | db2b 0000 

  0x000001cd1ca25234: ; implicit exception: dispatches to 0x000001cd1ca2ccc0
  0x000001cd1ca25234: 418b 4cec | 084c 8994 | 24a8 0000 | 004d 8b54 

  0x000001cd1ca25244: ;   {oop(a 'java/lang/Class'{0x00000006004efee0} = 'java/lang/ref/SoftReference')}
  0x000001cd1ca25244: dc20 49b8 | e0fe 4e00 | 0600 0000 | 4d8b 4070 | 4d3b d00f | 85a2 2800 

  0x000001cd1ca2525c: ;   {metadata('java/util/jar/Manifest')}
  0x000001cd1ca2525c: 0081 f9a0 | e104 000f | 85d3 7200 | 004d 8d14 | ec4c 8994 | 2498 0000 | 0044 8b9c | 24c8 0000 
  0x000001cd1ca2527c: 004d 8bd3 | 49c1 e203 | 4c89 5424 | 2048 8b94 | 24b8 0000 | 004c 8b84 | 2400 0100 | 004c 8b8c 
  0x000001cd1ca2529c: 2498 0000 | 0049 8bfa | 4c8b 5424 | 784c 8954 | 2438 4c8b | 9424 b000 | 0000 4c89 | 5424 5890 
  0x000001cd1ca252bc: ;   {optimized virtual_call}
  0x000001cd1ca252bc: c5f8 77e8 

  0x000001cd1ca252c0: ; ImmutableOopMap {[32]=Oop [40]=NarrowOop [56]=Oop [72]=Oop [80]=Oop [88]=Oop [120]=Oop [128]=Oop [152]=Oop [168]=Oop [176]=Oop [184]=Oop [200]=NarrowOop [256]=Oop }
                      ;*invokevirtual getAndVerifyPackage {reexecute=0 rethrow=0 return_oop=1}
                      ; - java.net.URLClassLoader::defineClass@46
                      ; - java.net.URLClassLoader$1::run@43
                      ; - java.net.URLClassLoader$1::run@1
                      ; - java.security.AccessController::executePrivileged@29
                      ; - java.security.AccessController::doPrivileged@13
                      ; - java.net.URLClassLoader::findClass@13
                      ; - java.lang.ClassLoader::loadClass@69
                      ; - java.lang.ClassLoader::loadClass@38
  0x000001cd1ca252c0: 5ccc ceef 

  0x000001cd1ca252c4: ;   {other}
  0x000001cd1ca252c4: 0f1f 8400 | 3428 0012 | 4885 c00f | 84ac 1800 | 0048 8b94 | 24a8 0000 | 004c 8b54 | 2478 4c89 
  0x000001cd1ca252e4: 5424 384c | 8b94 24b0 | 0000 004c | 8954 2458 

  0x000001cd1ca252f4: ;   {optimized virtual_call}
  0x000001cd1ca252f4: c5f8 77e8 

  0x000001cd1ca252f8: ; ImmutableOopMap {[32]=Oop [40]=NarrowOop [56]=Oop [72]=Oop [80]=Oop [88]=Oop [120]=Oop [128]=Oop [168]=Oop [176]=Oop [184]=Oop [200]=NarrowOop }
                      ;*invokevirtual getByteBuffer {reexecute=0 rethrow=0 return_oop=1}
                      ; - java.net.URLClassLoader::defineClass@132
                      ; - java.net.URLClassLoader$1::run@43
                      ; - java.net.URLClassLoader$1::run@1
                      ; - java.security.AccessController::executePrivileged@29
                      ; - java.security.AccessController::doPrivileged@13
                      ; - java.net.URLClassLoader::findClass@13
                      ; - java.lang.ClassLoader::loadClass@69
                      ; - java.lang.ClassLoader::loadClass@38
  0x000001cd1ca252f8: c409 14f0 

  0x000001cd1ca252fc: ;   {other}
  0x000001cd1ca252fc: 0f1f 8400 | 6c28 0013 | 4885 c00f | 8503 5f00 | 0048 8b94 | 24a8 0000 | 0066 6690 

  0x000001cd1ca25318: ;   {optimized virtual_call}
  0x000001cd1ca25318: c5f8 77e8 

  0x000001cd1ca2531c: ; ImmutableOopMap {[32]=Oop [40]=NarrowOop [56]=Oop [72]=Oop [80]=Oop [88]=Oop [120]=Oop [128]=Oop [168]=Oop [176]=Oop [184]=Oop [200]=NarrowOop }
                      ;*invokevirtual getBytes {reexecute=0 rethrow=0 return_oop=1}
                      ; - java.net.URLClassLoader::defineClass@179
                      ; - java.net.URLClassLoader$1::run@43
                      ; - java.net.URLClassLoader$1::run@1
                      ; - java.security.AccessController::executePrivileged@29
                      ; - java.security.AccessController::doPrivileged@13
                      ; - java.net.URLClassLoader::findClass@13
                      ; - java.lang.ClassLoader::loadClass@69
                      ; - java.lang.ClassLoader::loadClass@38
  0x000001cd1ca2531c: a024 f1ef 

  0x000001cd1ca25320: ;   {other}
  0x000001cd1ca25320: 0f1f 8400 | 9028 0014 | 4889 8424 | d000 0000 | 488b 9424 | a800 0000 

  0x000001cd1ca25338: ;   {optimized virtual_call}
  0x000001cd1ca25338: c5f8 77e8 

  0x000001cd1ca2533c: ; ImmutableOopMap {[32]=Oop [40]=NarrowOop [56]=Oop [72]=Oop [80]=Oop [88]=Oop [120]=Oop [128]=Oop [168]=Oop [176]=Oop [184]=Oop [200]=NarrowOop [208]=Oop }
                      ;*invokevirtual getCodeSigners {reexecute=0 rethrow=0 return_oop=1}
                      ; - java.net.URLClassLoader::defineClass@185
                      ; - java.net.URLClassLoader$1::run@43
                      ; - java.net.URLClassLoader$1::run@1
                      ; - java.security.AccessController::executePrivileged@29
                      ; - java.security.AccessController::doPrivileged@13
                      ; - java.net.URLClassLoader::findClass@13
                      ; - java.lang.ClassLoader::loadClass@69
                      ; - java.lang.ClassLoader::loadClass@38
  0x000001cd1ca2533c: a014 14f0 

  0x000001cd1ca25340: ;   {other}
  0x000001cd1ca25340: 0f1f 8400 | b028 0015 | 4885 c00f | 854f 4f00 | 0049 8b87 | b801 0000 | 4c8b d049 | 83c2 284d 
  0x000001cd1ca25360: 3b97 c801 | 0000 0f83 | 6d31 0000 | 4d89 97b8 | 0100 0041 | 0f0d 8ac0 | 0000 0048 | c700 0100 
  0x000001cd1ca25380: ;   {metadata('java/security/CodeSource')}
  0x000001cd1ca25380: 0000 c740 | 0828 5c00 | 0044 8960 | 0c4c 8960 | 104c 8960 | 184c 8960 | 2048 8984 | 24c8 0000 
  0x000001cd1ca253a0: 0048 8bd0 | 4c8b 4424 | 2045 33c9 | 4c8b 5424 | 784c 8954 | 2420 4c8b | 9424 b000 | 0000 4c89 
  0x000001cd1ca253c0: 5424 3890 

  0x000001cd1ca253c4: ;   {optimized virtual_call}
  0x000001cd1ca253c4: c5f8 77e8 

  0x000001cd1ca253c8: ; ImmutableOopMap {[32]=Oop [40]=NarrowOop [56]=Oop [72]=Oop [80]=Oop [120]=Oop [128]=Oop [168]=Oop [176]=Oop [184]=Oop [200]=Oop [208]=Oop }
                      ;*invokespecial <init> {reexecute=0 rethrow=0 return_oop=0}
                      ; - java.net.URLClassLoader::defineClass@198
                      ; - java.net.URLClassLoader$1::run@43
                      ; - java.net.URLClassLoader$1::run@1
                      ; - java.security.AccessController::executePrivileged@29
                      ; - java.security.AccessController::doPrivileged@13
                      ; - java.net.URLClassLoader::findClass@13
                      ; - java.lang.ClassLoader::loadClass@69
                      ; - java.lang.ClassLoader::loadClass@38
  0x000001cd1ca253c8: 5487 d1ef 

  0x000001cd1ca253cc: ;   {other}
  0x000001cd1ca253cc: 0f1f 8400 | 3c29 0016 

  0x000001cd1ca253d4: ;   {oop(a 'jdk/internal/perf/PerfCounter'{0x00000006004f1988})}
  0x000001cd1ca253d4: 48ba 8819 | 4f00 0600 | 0000 4c8b | 8424 c000 | 0000 6690 

  0x000001cd1ca253e8: ;   {optimized virtual_call}
  0x000001cd1ca253e8: c5f8 77e8 

  0x000001cd1ca253ec: ; ImmutableOopMap {[32]=Oop [40]=NarrowOop [56]=Oop [72]=Oop [80]=Oop [120]=Oop [128]=Oop [168]=Oop [176]=Oop [184]=Oop [200]=Oop [208]=Oop }
                      ;*invokevirtual addElapsedTimeFrom {reexecute=0 rethrow=0 return_oop=0}
                      ; - java.net.URLClassLoader::defineClass@207
                      ; - java.net.URLClassLoader$1::run@43
                      ; - java.net.URLClassLoader$1::run@1
                      ; - java.security.AccessController::executePrivileged@29
                      ; - java.security.AccessController::doPrivileged@13
                      ; - java.net.URLClassLoader::findClass@13
                      ; - java.lang.ClassLoader::loadClass@69
                      ; - java.lang.ClassLoader::loadClass@38
  0x000001cd1ca253ec: 50ab 0200 

  0x000001cd1ca253f0: ;   {other}
  0x000001cd1ca253f0: 0f1f 8400 | 6029 0017 | 4c8b 8c24 | d000 0000 

  0x000001cd1ca25400: ; implicit exception: dispatches to 0x000001cd1ca2cc40
  0x000001cd1ca25400: 418b 710c | 488b 9424 | b800 0000 | 4c8b 4424 | 3833 ff48 | 8b8c 24c8 | 0000 0090 

  0x000001cd1ca2541c: ;   {optimized virtual_call}
  0x000001cd1ca2541c: c5f8 77e8 

  0x000001cd1ca25420: ; ImmutableOopMap {[32]=Oop [40]=NarrowOop [56]=Oop [72]=Oop [80]=Oop [120]=Oop [128]=Oop [168]=Oop [176]=Oop [184]=Oop }
                      ;*invokevirtual defineClass {reexecute=0 rethrow=0 return_oop=1}
                      ; - java.net.URLClassLoader::defineClass@220
                      ; - java.net.URLClassLoader$1::run@43
                      ; - java.net.URLClassLoader$1::run@1
                      ; - java.security.AccessController::executePrivileged@29
                      ; - java.security.AccessController::doPrivileged@13
                      ; - java.net.URLClassLoader::findClass@13
                      ; - java.lang.ClassLoader::loadClass@69
                      ; - java.lang.ClassLoader::loadClass@38
  0x000001cd1ca25420: 3c8f d1ef 

  0x000001cd1ca25424: ;   {other}
  0x000001cd1ca25424: 0f1f 8400 | 9429 0018 | 4885 c00f | 84c4 0700 | 0048 8944 | 2420 4c8b | 4424 704c | 2b44 2468 
  0x000001cd1ca25444: 448b 5c24 | 284b 8d2c 

  0x000001cd1ca2544c: ;   {oop(a 'jdk/internal/perf/PerfCounter'{0x00000006004f1a20})}
  0x000001cd1ca2544c: dc48 ba20 | 1a4f 0006 | 0000 004c | 8b54 2478 | 4c89 5424 | 3866 6690 

  0x000001cd1ca25464: ;   {optimized virtual_call}
  0x000001cd1ca25464: c5f8 77e8 

  0x000001cd1ca25468: ; ImmutableOopMap {rbp=Oop [32]=Oop [56]=Oop [72]=Oop [80]=Oop [120]=Oop [176]=Oop }
                      ;*invokevirtual add {reexecute=0 rethrow=0 return_oop=0}
                      ; - jdk.internal.perf.PerfCounter::addTime@2
                      ; - java.lang.ClassLoader::loadClass@82
                      ; - java.lang.ClassLoader::loadClass@38
  0x000001cd1ca25468: f438 faff 

  0x000001cd1ca2546c: ;   {other}
  0x000001cd1ca2546c: 0f1f 8400 | dc29 0019 

  0x000001cd1ca25474: ;   {oop(a 'jdk/internal/perf/PerfCounter'{0x00000006004f1a38})}
  0x000001cd1ca25474: 48ba 381a | 4f00 0600 | 0000 4c8b | 4424 7090 

  0x000001cd1ca25484: ;   {optimized virtual_call}
  0x000001cd1ca25484: c5f8 77e8 

  0x000001cd1ca25488: ; ImmutableOopMap {rbp=Oop [32]=Oop [56]=Oop [72]=Oop [80]=Oop [120]=Oop [176]=Oop }
                      ;*invokevirtual addElapsedTimeFrom {reexecute=0 rethrow=0 return_oop=0}
                      ; - java.lang.ClassLoader::loadClass@90
                      ; - java.lang.ClassLoader::loadClass@38
  0x000001cd1ca25488: b4aa 0200 

  0x000001cd1ca2548c: ;   {other}
  0x000001cd1ca2548c: 0f1f 8400 | fc29 001a 

  0x000001cd1ca25494: ;   {oop(a 'jdk/internal/perf/PerfCounter'{0x00000006004f1a50})}
  0x000001cd1ca25494: 48ba 501a | 4f00 0600 | 0000 41b8 | 0100 0000 

  0x000001cd1ca254a4: ;   {optimized virtual_call}
  0x000001cd1ca254a4: c5f8 77e8 

  0x000001cd1ca254a8: ; ImmutableOopMap {rbp=Oop [32]=Oop [56]=Oop [72]=Oop [80]=Oop [120]=Oop [176]=Oop }
                      ;*invokevirtual add {reexecute=0 rethrow=0 return_oop=0}
                      ; - jdk.internal.perf.PerfCounter::increment@2
                      ; - java.lang.ClassLoader::loadClass@96
                      ; - java.lang.ClassLoader::loadClass@38
  0x000001cd1ca254a8: b438 faff 

  0x000001cd1ca254ac: ;   {other}
  0x000001cd1ca254ac: 0f1f 8400 | 1c2a 001b | 488b 5c24 | 204c 8b5c | 2478 488d | 8424 3801 | 0000 4883 | 3800 0f84 
  0x000001cd1ca254cc: 7900 0000 | 4d8b 1341 | f6c2 020f | 8462 0000 | 0049 83ba | 8600 0000 | 0074 0949 | ff8a 8600 
  0x000001cd1ca254ec: 0000 eb4b | 498b 8296 | 0000 0049 | 0b82 8e00 | 0000 750a | 49c7 423e | 0000 0000 | eb3d 4983 
  0x000001cd1ca2550c: ba9e 0000 | 0000 7422 | 4833 c049 | c742 3e00 | 0000 00f0 | 8304 2400 | 4983 ba9e | 0000 0000 
  0x000001cd1ca2552c: 750d f04d | 0fb1 7a3e | 7505 83c8 | 01eb 0ca8 | 00eb 084c | 8b10 f04d | 0fb1 1375 | 0a49 ff8f 
  0x000001cd1ca2554c: 5005 0000 | 4533 d20f | 846c 1200 | 0049 8bcb | 488d 9424 | 3801 0000 | 4d8b c7c5 | f877 49ba 
  0x000001cd1ca2556c: 40d9 82ef | fc7f 0000 

  0x000001cd1ca25574: ;   {other}
  0x000001cd1ca25574: 41ff d20f | 1f84 0000 | 0000 00e9 | 4112 0000 | 83c5 02ff | c5eb 0383 | c502 3bac | 249c 0000 
  0x000001cd1ca25594: 000f 8d0a | 0300 0044 | 8b9c 249c | 0000 0041 | 81fb 0000 | 1000 0f87 | 892d 0000 | 4d8b 87b8 
  0x000001cd1ca255b4: 0100 004c | 6394 249c | 0000 0049 | 83c2 1749 | 83e2 f84d | 8bd8 4d03 | da4d 3b9f | c801 0000 
  0x000001cd1ca255d4: 0f83 5f2d | 0000 4d89 | 9fb8 0100 | 0041 0f0d | 8bc0 0000 | 0049 c700 | 0100 0000 | 410f 0d8b 
  0x000001cd1ca255f4: 0001 0000 

  0x000001cd1ca255f8: ;   {metadata({type array byte})}
  0x000001cd1ca255f8: 41c7 4008 | 1823 0000 | 448b 9424 | 9c00 0000 | 4589 500c | 410f 0d8b | 4001 0000 | 410f 0d8b 
  0x000001cd1ca25618: 8001 0000 | 85ed 0f8e | bd00 0000 | 8d4d ff3b | 8c24 9c00 | 0000 0f83 | 6c4e 0000 | 448b 9424 
  0x000001cd1ca25638: 9c00 0000 | 4585 d20f | 865b 4e00 | 0044 8b9c | 24c0 0000 | 0047 0fbe | 5cdc 1045 | 8858 1083 
  0x000001cd1ca25658: f901 0f8e | ac4e 0000 | bfd0 0700 | 00bb 0100 | 0000 8bf5 | 2bf3 ffce | 4533 c93b | cb41 0f4c 
  0x000001cd1ca25678: f181 fed0 | 0700 000f | 47f7 03f3 | 0f1f 8400 | 0000 0000 | 6666 6690 | 4c63 d34c | 8b5c 2438 
  0x000001cd1ca25698: 470f be4c | 1310 4788 | 4c10 1047 | 0fbe 5c13 | 1147 885c | 1011 83c3 | 023b de7c | db4d 8b97 
  0x000001cd1ca256b8: ; ImmutableOopMap {r8=Oop [40]=NarrowOop [56]=Oop [72]=Oop [80]=Oop [120]=Oop [128]=Oop [176]=Oop [184]=Oop [192]=NarrowOop }
                      ;*goto {reexecute=1 rethrow=0 return_oop=0}
                      ; - (reexecute) java.lang.StringLatin1::replace@76
                      ; - java.lang.String::replace@18
                      ; - java.net.URLClassLoader$1::run@8
                      ; - java.net.URLClassLoader$1::run@1
                      ; - java.security.AccessController::executePrivileged@29
                      ; - java.security.AccessController::doPrivileged@13
                      ; - java.net.URLClassLoader::findClass@13
                      ; - java.lang.ClassLoader::loadClass@69
                      ; - java.lang.ClassLoader::loadClass@38
  0x000001cd1ca256b8: 5804 0000 

  0x000001cd1ca256bc: ;   {poll}
  0x000001cd1ca256bc: 4185 023b | d97c a73b | dd7d 1a90 | 4c63 d34c | 8b5c 2438 | 470f be5c | 1310 4788 | 5c10 10ff 
  0x000001cd1ca256dc: c33b dd7c | e73b ac24 | 9c00 0000 | 0f8d 2d24 | 0000 3bac | 249c 0000 | 000f 8378 | 4100 0044 
  0x000001cd1ca256fc: 8b54 2420 | 443b 9424 | 9c00 0000 | 0f83 6541 | 0000 448d | 5501 4c63 | dd4c 8b4c | 2438 470f 
  0x000001cd1ca2571c: be4c 1910 | 4183 f92e | 0f84 e113 | 0000 4788 | 4c18 1044 | 8d5d 0145 | 3bda 7d05 | 418b ebeb 
  0x000001cd1ca2573c: d544 3b5c | 2424 0f8d | f100 0000 | ffc5 e98e | 0000 0041 | bb2f 0000 | 0066 6666 | 0f1f 8400 
  0x000001cd1ca2575c: 0000 0000 | 4788 5c08 | 1047 0fbe | 5c0a 1141 | 83fb 2e74 | 4c47 885c | 0811 470f | be5c 0a12 
  0x000001cd1ca2577c: 4183 fb2e | 7433 4788 | 5c08 1247 | 0fbe 5c0a | 1341 83fb | 2e74 3247 | 885c 0813 | 83c5 043b 
  0x000001cd1ca2579c: e97d 2e4c | 63cd 4c8b | 5424 3847 | 0fbe 5c0a | 1041 83fb | 2e75 adeb | 9a41 bb2f 

  0x000001cd1ca257b8: ;   {no_reloc}
  0x000001cd1ca257b8: 0000 00eb | c541 bb2f | 0000 00eb | ac41 bb2f | 0000 00eb | c64d 8b97 

  0x000001cd1ca257d0: ; ImmutableOopMap {r8=Oop [40]=NarrowOop [56]=Oop [72]=Oop [80]=Oop [120]=Oop [128]=Oop [176]=Oop [184]=Oop }
                      ;*goto {reexecute=1 rethrow=0 return_oop=0}
                      ; - (reexecute) java.lang.StringLatin1::replace@113
                      ; - java.lang.String::replace@18
                      ; - java.net.URLClassLoader$1::run@8
                      ; - java.net.URLClassLoader$1::run@1
                      ; - java.security.AccessController::executePrivileged@29
                      ; - java.security.AccessController::doPrivileged@13
                      ; - java.net.URLClassLoader::findClass@13
                      ; - java.lang.ClassLoader::loadClass@69
                      ; - java.lang.ClassLoader::loadClass@38
  0x000001cd1ca257d0: 5804 0000 

  0x000001cd1ca257d4: ;   {poll}
  0x000001cd1ca257d4: 4185 023b | 6c24 247d | 5f8b 8c24 | 9c00 0000 | 2bcd 83c1 | fd44 8b5c | 2424 4533 | d244 3bdd 
  0x000001cd1ca257f4: 410f 4cca | 81f9 a00f | 0000 41ba | a00f 0000 | 410f 47ca | 03cd eb93 | 4c63 d54c | 8b4c 2438 
  0x000001cd1ca25814: 470f be5c | 1110 4183 | fb2e 0f84 | 2921 0000 | 498b d047 | 885c 1010 | ffc5 3bac | 249c 0000 
  0x000001cd1ca25834: 007c d5eb | 0f41 8beb | 3bac 249c | 0000 007c | c749 8bd0 | 498b 9fb8 | 0100 004c | 8bd3 4983 
  0x000001cd1ca25854: c218 4d3b | 97c8 0100 | 000f 830d | 2b00 004d | 8997 b801 | 0000 410f | 0d8a c000 | 0000 48c7 
  0x000001cd1ca25874: 0301 0000 

  0x000001cd1ca25878: ;   {metadata('java/lang/String')}
  0x000001cd1ca25878: 00c7 4308 | 78e8 0000 | 4489 630c | 4c89 6310 | 4c8b d249 | c1ea 0344 | 8953 144c | 8b9c 24b0 
  0x000001cd1ca25898: 0000 004c | 8b8c 2480 | 0000 00eb | 224c 8b9c | 24b0 0000 | 004c 8b8c | 2480 0000 | 0044 8b84 
  0x000001cd1ca258b8: 24c0 0000 | 0049 8bd0 | 48c1 e203 | 498b db44 | 8b52 0c45 | 85d2 0f86 | bc11 0000 | 0fbe 4b10 
  0x000001cd1ca258d8: c442 72f7 | c249 63f8 | 83f9 010f | 846b 4e00 | 0045 85c0 | 0f8c d24c | 0000 4889 | bc24 a000 
  0x000001cd1ca258f8: 0000 4489 | 8424 9000 | 0000 894c | 2420 4489 | 5424 2c48 | 899c 2498 | 0000 0048 | 8994 2488 
  0x000001cd1ca25918: 0000 004c | 898c 2480 | 0000 004c | 899c 24b0 | 0000 004c | 8d4f 0641 | 8be9 85ed | 0f8c 024d 
  0x000001cd1ca25938: 0000 4d8b | d149 c1fa | 2045 8bda | c4e2 21f7 | ed89 ac24 | 9400 0000 | 85ed 0f8c | 784e 0000 
  0x000001cd1ca25958: 81fd 0000 | 1000 0f87 | dc3d 0000 | 4c63 dd81 | fd00 0010 | 000f 870f | 2900 004d | 8b97 b801 
  0x000001cd1ca25978: ;   {no_reloc}
  0x000001cd1ca25978: 0000 4983 | c317 4983 | e3f8 4d8b | c24d 03c3 | 4d3b 87c8 | 0100 000f | 83ed 2800 | 004d 8987 
  0x000001cd1ca25998: b801 0000 | 410f 0d88 | c000 0000 | 49c7 0201 | 0000 0041 | 0f0d 8800 

  0x000001cd1ca259b0: ;   {metadata({type array byte})}
  0x000001cd1ca259b0: 0100 0041 | c742 0818 | 2300 0041 | 896a 0c41 | 0f0d 8840 | 0100 0041 | 0f0d 8880 | 0100 0044 
  0x000001cd1ca259d0: 8b9c 2490 | 0000 0041 | 83c3 0644 | 8b8c 2494 | 0000 0045 | 3bcb 0f82 | 5c3d 0000 | 4c63 9c24 
  0x000001cd1ca259f0: 9000 0000 | 8b8c 2490 | 0000 0085 | c90f 8f4d | 0100 0043 | c644 1a10 | 2e43 c644 | 1a11 6343 
  0x000001cd1ca25a10: c644 1a12 | 6c43 c644 | 1a13 6143 | c644 1a14 | 7343 c644 | 1a15 7344 | 8b44 2420 | 4585 c00f 
  0x000001cd1ca25a30: 855b 4c00 | 0044 3b4c | 242c 0f82 | 803d 0000 | 448b 5c24 | 2c45 85db | 7634 498b | d248 83c2 
  0x000001cd1ca25a50: 1049 8bda | 488b 8c24 | 8800 0000 | 4883 c110 | 4d63 c3c5 | f877 49ba | c044 1a1c | cd01 0000 
  0x000001cd1ca25a70: ;   {other}
  0x000001cd1ca25a70: 41ff d20f | 1f84 0000 | 0000 004c | 8bd3 498b | 87b8 0100 | 004c 8bd8 | 4983 c318 | 4d3b 9fc8 
  0x000001cd1ca25a90: 0100 000f | 832b 2800 | 004d 899f | b801 0000 | 410f 0d8b | c000 0000 | 48c7 0001 

  0x000001cd1ca25aac: ;   {metadata('java/lang/String')}
  0x000001cd1ca25aac: 0000 00c7 | 4008 78e8 | 0000 4489 | 600c 4489 | 6010 4d8b | da49 c1eb | 0344 8958 | 1448 8984 
  0x000001cd1ca25acc: 2498 0000 | 004c 8b9c | 24b0 0000 | 004c 8b8c | 2480 0000 | 004c 8b94 | 24b8 0000 | 0045 8b42 
  0x000001cd1ca25aec: 5445 85c0 | 0f84 6a3b | 0000 4c89 | 8c24 8000 | 0000 4c89 | 9c24 b000 | 0000 4f8d | 14c4 4c89 
  0x000001cd1ca25b0c: 5424 2044 | 8944 2434 | 498b d245 | 33c0 4c8b | 5424 784c | 8954 2438 | 4c89 5c24 | 584c 895c 
  0x000001cd1ca25b2c: 2460 6690 

  0x000001cd1ca25b30: ;   {optimized virtual_call}
  0x000001cd1ca25b30: c5f8 77e8 

  0x000001cd1ca25b34: ; ImmutableOopMap {[32]=Oop [40]=NarrowOop [52]=NarrowOop [56]=Oop [72]=Oop [80]=Oop [88]=Oop [96]=Oop [120]=Oop [128]=Oop [152]=Oop [176]=Oop [184]=Oop }
                      ;*invokevirtual getLoader {reexecute=0 rethrow=0 return_oop=1}
                      ; - jdk.internal.loader.URLClassPath::getResource@42
                      ; - java.net.URLClassLoader$1::run@26
                      ; - java.net.URLClassLoader$1::run@1
                      ; - java.security.AccessController::executePrivileged@29
                      ; - java.security.AccessController::doPrivileged@13
                      ; - java.net.URLClassLoader::findClass@13
                      ; - java.lang.ClassLoader::loadClass@69
                      ; - java.lang.ClassLoader::loadClass@38
  0x000001cd1ca25b34: c8d1 f0ff 

  0x000001cd1ca25b38: ;   {other}
  0x000001cd1ca25b38: 0f1f 8400 | a830 001e | 4885 c00f | 84b0 0000 | 0048 8bd0 | 33ed eb33 | 43c6 441a | 1573 43c6 
  0x000001cd1ca25b58: 441a 1473 | 43c6 441a | 1361 43c6 | 441a 126c | 43c6 441a | 1163 43c6 | 441a 102e | e9ae feff 
  0x000001cd1ca25b78: ff0f 1f80 | 0000 0000 | 488b d044 

  0x000001cd1ca25b84: ;   {metadata('jdk/internal/loader/URLClassPath$JarLoader')}
  0x000001cd1ca25b84: 8b52 0841 | 81fa 700c | 2100 0f85 | 1c2a 0000 | 4c8b 8424 | 9800 0000 | 4533 c94c | 8b54 2478 
  0x000001cd1ca25ba4: 4c89 5424 | 584c 8b94 | 24b0 0000 | 004c 8954 | 2460 4c89 | 9424 8800 | 0000 6690 

  0x000001cd1ca25bc0: ;   {optimized virtual_call}
  0x000001cd1ca25bc0: c5f8 77e8 

  0x000001cd1ca25bc4: ; ImmutableOopMap {[32]=Oop [40]=NarrowOop [52]=NarrowOop [72]=Oop [80]=Oop [88]=Oop [96]=Oop [120]=Oop [128]=Oop [136]=Oop [152]=Oop [176]=Oop [184]=Oop }
                      ;*invokevirtual getResource {reexecute=0 rethrow=0 return_oop=1}
                      ; - jdk.internal.loader.URLClassPath::getResource@53
                      ; - java.net.URLClassLoader$1::run@26
                      ; - java.net.URLClassLoader$1::run@1
                      ; - java.security.AccessController::executePrivileged@29
                      ; - java.security.AccessController::doPrivileged@13
                      ; - java.net.URLClassLoader::findClass@13
                      ; - java.lang.ClassLoader::loadClass@69
                      ; - java.lang.ClassLoader::loadClass@38
  0x000001cd1ca25bc4: d83c f0ff 

  0x000001cd1ca25bc8: ;   {other}
  0x000001cd1ca25bc8: 0f1f 8400 | 3831 001f | 4885 c00f | 85b6 0c00 | 00ff c548 | 8b54 2420 | 448b c590 

  0x000001cd1ca25be4: ;   {optimized virtual_call}
  0x000001cd1ca25be4: c5f8 77e8 

  0x000001cd1ca25be8: ; ImmutableOopMap {[32]=Oop [40]=NarrowOop [52]=NarrowOop [72]=Oop [80]=Oop [88]=Oop [96]=Oop [120]=Oop [128]=Oop [152]=Oop [176]=Oop [184]=Oop }
                      ;*invokevirtual getLoader {reexecute=0 rethrow=0 return_oop=1}
                      ; - jdk.internal.loader.URLClassPath::getResource@42
                      ; - java.net.URLClassLoader$1::run@26
                      ; - java.net.URLClassLoader$1::run@1
                      ; - java.security.AccessController::executePrivileged@29
                      ; - java.security.AccessController::doPrivileged@13
                      ; - java.net.URLClassLoader::findClass@13
                      ; - java.lang.ClassLoader::loadClass@69
                      ; - java.lang.ClassLoader::loadClass@38
  0x000001cd1ca25be8: 14d1 f0ff 

  0x000001cd1ca25bec: ;   {other}
  0x000001cd1ca25bec: 0f1f 8400 | 5c31 0020 | 4885 c075 | 8749 8b87 | b801 0000 | 4c8b d049 | 83c2 284d | 3b97 c801 
  0x000001cd1ca25c0c: 0000 0f83 | f326 0000 | 4d89 97b8 | 0100 0041 | 0f0d 8ac0 | 0000 0048 | c700 0100 

  0x000001cd1ca25c28: ;   {metadata('java/lang/ClassNotFoundException')}
  0x000001cd1ca25c28: 0000 c740 | 0888 9306 | 0044 8960 | 0c4c 8960 | 104c 8960 | 184c 8960 | 2048 8be8 | 488b d54c 
  0x000001cd1ca25c48: 8b84 24b0 | 0000 004c | 8b54 2478 | 4c89 5424 | 2866 6690 

  0x000001cd1ca25c5c: ;   {optimized virtual_call}
  0x000001cd1ca25c5c: c5f8 77e8 

  0x000001cd1ca25c60: ; ImmutableOopMap {rbp=Oop [40]=Oop [72]=Oop [80]=Oop [120]=Oop [176]=Oop [184]=Oop }
                      ;*invokespecial <init> {reexecute=0 rethrow=0 return_oop=0}
                      ; - java.net.URLClassLoader::findClass@41
                      ; - java.lang.ClassLoader::loadClass@69
                      ; - java.lang.ClassLoader::loadClass@38
  0x000001cd1ca25c60: 9c39 0500 

  0x000001cd1ca25c64: ;   {other}
  0x000001cd1ca25c64: 0f1f 8400 | d431 0021 | 4c8b 5c24 | 7848 8d84 | 2438 0100 | 0048 8338 | 000f 8479 | 0000 004d 
  0x000001cd1ca25c84: 8b13 41f6 | c202 0f84 | 6200 0000 | 4983 ba86 | 0000 0000 | 7409 49ff | 8a86 0000 | 00eb 4b49 
  0x000001cd1ca25ca4: 8b82 9600 | 0000 490b | 828e 0000 | 0075 0a49 | c742 3e00 | 0000 00eb | 3d49 83ba | 9e00 0000 
  0x000001cd1ca25cc4: 0074 2248 | 33c0 49c7 | 423e 0000 | 0000 f083 | 0424 0049 | 83ba 9e00 | 0000 0075 | 0df0 4d0f 
  0x000001cd1ca25ce4: b17a 3e75 | 0583 c801 | eb0c a800 | eb08 4c8b | 10f0 4d0f | b113 750a | 49ff 8f50 | 0500 0045 
  0x000001cd1ca25d04: 33d2 0f85 | 3c3b 0000 | 448b 5508 | 49bb 0000 | 003b cd01 | 0000 4d03 | da4d 8b53 

  0x000001cd1ca25d20: ;   {metadata('java/lang/ClassNotFoundException')}
  0x000001cd1ca25d20: 5049 bb88 | 9306 3bcd | 0100 004d | 3bd3 0f84 | d009 0000 | 488d 8424 | 3001 0000 | 4c8b 5c24 
  0x000001cd1ca25d40: 5048 8338 | 000f 8479 | 0000 004d | 8b13 41f6 | c202 0f84 | 6200 0000 | 4983 ba86 | 0000 0000 
  0x000001cd1ca25d60: 7409 49ff | 8a86 0000 | 00eb 4b49 | 8b82 9600 | 0000 490b | 828e 0000 | 0075 0a49 | c742 3e00 
  0x000001cd1ca25d80: 0000 00eb | 3d49 83ba | 9e00 0000 | 0074 2248 | 33c0 49c7 | 423e 0000 | 0000 f083 | 0424 0049 
  0x000001cd1ca25da0: 83ba 9e00 | 0000 0075 | 0df0 4d0f | b17a 3e75 | 0583 c801 | eb0c a800 | eb08 4c8b | 10f0 4d0f 
  0x000001cd1ca25dc0: b113 750a | 49ff 8f50 | 0500 0045 | 33d2 0f85 | 4459 0000 | 488b d5c5 | f877 4881 | c450 0100 
  0x000001cd1ca25de0: ;   {runtime_call _rethrow_Java}
  0x000001cd1ca25de0: 005d e999 | 5686 ff41 | 8bfa 448b | c7eb 0445 | 8d42 ff49 | 8bcb 4585 | c00f 8ce9 | 4500 0045 
  0x000001cd1ca25e00: 3bc1 0f8f | 2c46 0000 | 453b c10f | 84ed 0c00 | 0045 85c0 | 0f84 3b1d | 0000 4d8b | 8fb8 0100 
  0x000001cd1ca25e20: 004d 8bd1 | 4983 c218 | 4d3b 97c8 | 0100 000f | 8309 2400 | 004d 8997 | b801 0000 | 410f 0d8a 
  0x000001cd1ca25e40: c000 0000 | 49c7 0101 

  0x000001cd1ca25e48: ;   {metadata('java/lang/String')}
  0x000001cd1ca25e48: 0000 0041 | c741 0878 | e800 0045 | 8961 0c4d | 8961 1044 | 8b94 2480 | 0000 004b | 8d5c d410 
  0x000001cd1ca25e68: 443b 4424 | 200f 85c4 | 0000 004c | 6344 2420 | 448b 5c24 | 2041 81fb | 0000 1000 | 0f87 562f 
  0x000001cd1ca25e88: 0000 4c89 | 4424 5848 | 895c 2438 | 4c89 4c24 | 7044 8954 | 242c 4889 | 4c24 2049 | 8b9f b801 
  0x000001cd1ca25ea8: 0000 4d8d | 5017 4983 | e2f8 4c8b | c34d 03c2 | 4d3b 87c8 | 0100 000f | 8334 2f00 | 004d 8987 
  0x000001cd1ca25ec8: b801 0000 | 410f 0d88 | c000 0000 | 48c7 0301 | 0000 0041 | 0f0d 8800 

  0x000001cd1ca25ee0: ;   {metadata({type array byte})}
  0x000001cd1ca25ee0: 0100 00c7 | 4308 1823 | 0000 4489 | 5b0c 410f | 0d88 4001 | 0000 410f | 0d88 8001 | 0000 488b 
  0x000001cd1ca25f00: d348 83c2 | 104c 8b44 | 2458 4983 | c007 49c1 | e803 488b | 4c24 38c5 | f877 49ba | 604b 1a1c 
  0x000001cd1ca25f20: cd01 0000 

  0x000001cd1ca25f24: ;   {other}
  0x000001cd1ca25f24: 41ff d20f | 1f84 0000 | 0000 004c | 8bd3 e921 | 0100 0041 | 81f8 0000 | 1000 0f87 | 8c39 0000 
  0x000001cd1ca25f44: 4963 d08b | 7c24 2041 | 3bf8 448b | df45 0f4f | d844 895c | 2434 413b | fb0f 82e1 | 3900 0045 
  0x000001cd1ca25f64: 3bc3 0f82 | d839 0000 | 4883 c217 | 4c8b d249 | 83e2 f841 | 81f8 0000 | 1000 0f87 | b724 0000 
  0x000001cd1ca25f84: 4c89 5424 | 6048 8954 | 2458 4889 | 5c24 384c | 894c 2470 | 4489 4424 | 2848 894c | 2420 4d8b 
  0x000001cd1ca25fa4: 97b8 0100 | 004d 8bc2 | 4c8b 5c24 | 604d 03c3 | 4d3b 87c8 | 0100 000f | 8398 2400 | 004d 8987 
  0x000001cd1ca25fc4: b801 0000 | 410f 0d88 | c000 0000 | 49c7 0201 | 0000 0041 | 0f0d 8800 

  0x000001cd1ca25fdc: ;   {metadata({type array byte})}
  0x000001cd1ca25fdc: 0100 0041 | c742 0818 | 2300 0044 | 8b5c 2428 | 4589 5a0c | 410f 0d88 | 4001 0000 | 410f 0d88 
  0x000001cd1ca25ffc: 8001 0000 | 498b d248 | 83c2 104c | 8b44 2458 | 49c1 e803 | 8b6c 2434 | 85ed 0f84 | bc38 0000 
  0x000001cd1ca2601c: 413b eb0f | 8c9c 1c00 | 0049 8bda | 4c8b 5424 | 6049 83c2 | f049 c1ea | 0348 8b4c | 2438 4d8b 
  0x000001cd1ca2603c: c2c5 f877 | 49ba 604b | 1a1c cd01 | 0000 41ff 

  0x000001cd1ca2604c: ;   {other}
  0x000001cd1ca2604c: d20f 1f84 | 0000 0000 | 004c 8bd3 | 4180 7f40 | 000f 8501 | 1b00 0048 | 8b5c 2470 | 4c8b db4d 
  0x000001cd1ca2606c: 8bca 49c1 | e903 4489 | 4b14 4d33 | d349 c1ea | 164d 85d2 | 7416 49c1 | eb09 4c8b | 4424 204d 
  0x000001cd1ca2608c: 03c3 4180 | 3802 0f85 | 081b 0000 | 4488 6310 | 4c8b c38b | 430c 85c0 | 0f84 8b09 

  0x000001cd1ca260a8: ;   {oop(a 'java/util/concurrent/ConcurrentHashMap'{0x00000006004f19e0})}
  0x000001cd1ca260a8: 0000 49ba | e019 4f00 | 0600 0000 | 418b 4a28 | 85c9 0f84 | b803 0000 | 458b 4ccc | 0c45 85c9 
  0x000001cd1ca260c8: 0f86 aa3f | 0000 448b | d041 c1ea | 1044 33d0 | 4d8d 1ccc | 4181 e2ff | ffff 7f41 | ffc9 4523 
  0x000001cd1ca260e8: ca4d 63c9 | 478b 5c8b | 1045 85db | 0f84 7e03 | 0000 438b | 6cdc 0c41 | 3bea 0f85 | c402 0000 
  0x000001cd1ca26108: 438b 6cdc | 104c 8bcd | 49c1 e103 | 4d3b c80f | 841a 0100 | 0045 8b4c | ec08 498d | 0cec 4c3b 
  0x000001cd1ca26128: c10f 8408 

  0x000001cd1ca2612c: ;   {metadata('java/lang/String')}
  0x000001cd1ca2612c: 0100 0041 | 81f9 78e8 | 0000 0f85 | a863 0000 | 410f be58 | 100f be69 | 103b dd0f | 856f 5500 
  0x000001cd1ca2614c: 0044 8b49 | 1441 8b78 | 1443 8b5c | cc0c 418b | 4cfc 0c3b | cb0f 856d | 0200 004b | 8d1c cc4b 
  0x000001cd1ca2616c: 8d74 cc10 | 4d8d 0cfc | 498d 7cfc | 1085 c90f | 849d 0000 | 008b c183 | e01f 83e1 | e00f 844b 
  0x000001cd1ca2618c: 0000 0048 | 8d3c 0f48 | 8d34 0e48 | f7d9 c5fe | 6f04 0fc5 | fe6f 0c0e | c5fd efc1 | c4e2 7d17 
  0x000001cd1ca261ac: c00f 8572 | 0000 0048 | 83c1 2075 | e185 c00f | 845d 0000 | 00c5 fe6f | 4407 e0c5 | fe6f 4c06 
  0x000001cd1ca261cc: e0c5 fdef | c1c4 e27d | 17c0 754d | eb44 8bc8 | 83e1 fc74 | 1948 8d3c | 0f48 8d34 | 0e48 f7d9 
  0x000001cd1ca261ec: 8b1c 0f3b | 1c0e 7531 | 4883 c104 | 75f2 a802 | 7412 0fb7 | 1f0f b70e | 3bd9 751d | 488d 7f02 
  0x000001cd1ca2620c: 488d 7602 | a801 740a | 0fb6 1f0f | b60e 3bd9 | 7507 b801 | 0000 00eb | 0233 c0c5 | fdef c0c5 
  0x000001cd1ca2622c: ;   {no_reloc}
  0x000001cd1ca2622c: f5ef c985 | c00f 849d | 0100 0043 | 8b6c dc14 | 85ed 0f84 | 3402 0000 | 458b 54ec 

  0x000001cd1ca26248: ;   {metadata('jdk/internal/loader/BuiltinClassLoader$LoadedModule')}
  0x000001cd1ca26248: 0841 81fa | a8de 1600 | 0f85 de61 | 0000 4d8d | 14ec 418b | 6a0c 4c8b | dd49 c1e3 | 034c 8b44 
  0x000001cd1ca26268: 2478 4d3b | d80f 84f7 | 1600 0045 | 8b5c ec08 

  0x000001cd1ca26278: ;   {metadata('jdk/internal/loader/ClassLoaders$BootClassLoader')}
  0x000001cd1ca26278: 4181 fb10 | 4d17 000f | 8523 3700 | 0048 8bb4 | 24b0 0000 | 008b 6e14 

  0x000001cd1ca26290: ; implicit exception: dispatches to 0x000001cd1ca2c830
  0x000001cd1ca26290: 458b 54ec | 0c45 85d2 | 0f86 4237 | 0000 440f | be5e 1045 | 85db 0f85 | bc47 0000 | c442 22f7 
  0x000001cd1ca262b0: da45 3bda | 450f 4fda | 4d8d 0cec | 4d8d 4cec | 1045 85db | 0f8e d000 | 0000 453b | d30f 8249 
  0x000001cd1ca262d0: 3700 0049 | 8bf9 418b | d3b8 2f00 | 0000 488b | df83 fa10 | 0f8c 7900 | 0000 83fa | 200f 8c36 
  0x000001cd1ca262f0: 0000 00c5 | f96e d0c4 | e27d 78d2 | c5fd efc0 | 8bca 83e1 | e083 e21f | c5fe 6f0b | c5f5 74ca 
  0x000001cd1ca26310: c4e2 7d17 | c10f 8369 | 0000 0048 | 83c3 2083 | e920 75e4 | e90d 0000 | 00c5 f96e | d0c5 f9ef 
  0x000001cd1ca26330: c0c4 e269 | 00d0 83fa | 100f 8c24 | 0000 008b | ca83 e1f0 | 83e2 0fc5 | fa6f 0bc5 | f174 cac4 
  0x000001cd1ca26350: e279 17c1 | 0f83 2a00 | 0000 4883 | c310 83e9 | 1075 e485 | d20f 8412 | 0000 000f | b60b 3bc1 
  0x000001cd1ca26370: 741c 4883 

  0x000001cd1ca26374: ;   {no_reloc}
  0x000001cd1ca26374: c301 83ea | 0174 02eb | eebb ffff | ffff eb0d | c5fd d7c9 | 0fbc c148 | 03d8 482b | df83 fbff 
  0x000001cd1ca26394: 0f85 1647 | 0000 410f | b629 83fd | 5b0f 84c5 | 4800 0048 | 8bd6 4889 | 5424 3848 | 8b6c 2468 
  0x000001cd1ca263b4: ;   {static_call}
  0x000001cd1ca263b4: c5f8 77e8 

  0x000001cd1ca263b8: ; ImmutableOopMap {rbp=Oop [56]=Oop [72]=Oop [80]=Oop [104]=Oop [120]=Oop [176]=Oop }
                      ;*invokestatic findBootstrapClass {reexecute=0 rethrow=0 return_oop=1}
                      ; - java.lang.ClassLoader::findBootstrapClassOrNull@10
                      ; - java.lang.System$2::findBootstrapClassOrNull@1
                      ; - jdk.internal.loader.ClassLoaders$BootClassLoader::loadClassOrNull@4
                      ; - jdk.internal.loader.BuiltinClassLoader::loadClassOrNull@3
                      ; - jdk.internal.loader.BuiltinClassLoader::loadClassOrNull@66
                      ; - jdk.internal.loader.BuiltinClassLoader::loadClass@3
                      ; - java.lang.ClassLoader::loadClass@38
  0x000001cd1ca263b8: a4e1 eeff 

  0x000001cd1ca263bc: ;   {other}
  0x000001cd1ca263bc: 0f1f 8400 | 2c39 0022 | 488b d8e9 | 2902 0000 | 85ed 0f8c | 7153 0000 | 478b 5cdc | 1845 85db 
  0x000001cd1ca263dc: 0f84 9600 | 0000 4f8d | 0cdc 418b | 510c 498b | 8f58 0400 

  0x000001cd1ca263f0: ; ImmutableOopMap {r8=Oop r9=Oop [72]=Oop [80]=Oop [104]=Oop [120]=Oop [176]=Oop }
                      ;*if_icmpne {reexecute=1 rethrow=0 return_oop=0}
                      ; - (reexecute) java.util.concurrent.ConcurrentHashMap::get@127
                      ; - jdk.internal.loader.BuiltinClassLoader::findLoadedModule@24
                      ; - jdk.internal.loader.BuiltinClassLoader::loadClassOrNull@22
                      ; - jdk.internal.loader.BuiltinClassLoader::loadClass@3
                      ; - java.lang.ClassLoader::loadClass@38
                      ;   {poll}
  0x000001cd1ca263f0: 0085 0141 | 3bd2 740f | 458b 4918 | 4585 c974 | 7749 c1e1 | 03eb df41 | 8b69 104c | 8bdd 49c1 
  0x000001cd1ca26410: e303 4d3b | d874 5585 | ed0f 84ad | 5600 004c | 898c 2480 | 0000 0044 | 8954 242c | 4c89 4424 
  0x000001cd1ca26430: 704d 8d04 | ec48 8b54 | 2470 488b | 6c24 484c | 8b94 24b0 | 0000 004c | 8954 2420 

  0x000001cd1ca2644c: ;   {optimized virtual_call}
  0x000001cd1ca2644c: c5f8 77e8 

  0x000001cd1ca26450: ; ImmutableOopMap {rbp=Oop [32]=Oop [72]=Oop [80]=Oop [104]=Oop [112]=Oop [120]=Oop [128]=Oop [176]=Oop }
                      ;*invokevirtual equals {reexecute=0 rethrow=0 return_oop=0}
                      ; - java.util.concurrent.ConcurrentHashMap::get@149
                      ; - jdk.internal.loader.BuiltinClassLoader::findLoadedModule@24
                      ; - jdk.internal.loader.BuiltinClassLoader::loadClassOrNull@22
                      ; - jdk.internal.loader.BuiltinClassLoader::loadClass@3
                      ; - java.lang.ClassLoader::loadClass@38
  0x000001cd1ca26450: 2c86 79ff 

  0x000001cd1ca26454: ;   {other}
  0x000001cd1ca26454: 0f1f 8400 | c439 0024 | 85c0 0f84 | bc56 0000 | 4c8b 8c24 | 8000 0000 | 418b 6914 | 85ed 0f85 
  0x000001cd1ca26474: ccfd ffff | 488b 7424 | 788b 6e54 

  0x000001cd1ca26480: ; implicit exception: dispatches to 0x000001cd1ca2cfb8
  0x000001cd1ca26480: 458b 54ec 

  0x000001cd1ca26484: ;   {metadata('jdk/internal/loader/ClassLoaders$BootClassLoader')}
  0x000001cd1ca26484: 0841 81fa | 104d 1700 | 0f85 aa40 | 0000 4c8b | 8424 b000 | 0000 418b | 6814 458b | 54ec 0c45 
  0x000001cd1ca264a4: 85d2 0f86 | d040 0000 | 450f be48 | 1045 85c9 | 0f85 a24f | 0000 c442 | 32f7 da45 | 3bda 450f 
  0x000001cd1ca264c4: 4fda 4d8d | 0cec 4d8d | 4cec 1045 | 85db 0f8e | d000 0000 | 453b d30f | 822f 4200 | 0049 8bf9 
  0x000001cd1ca264e4: 418b d3b8 | 2f00 0000 | 488b df83 | fa10 0f8c | 7900 0000 | 83fa 200f | 8c36 0000 | 00c5 f96e 
  0x000001cd1ca26504: c8c4 e27d | 78c9 c5ed | efd2 8bca | 83e1 e083 | e21f c5fe | 6f03 c5fd | 74c1 c4e2 | 7d17 d00f 
  0x000001cd1ca26524: 8369 0000 | 0048 83c3 | 2083 e920 | 75e4 e90d | 0000 00c5 | f96e c8c5 | e9ef d2c4 | e271 00ca 
  0x000001cd1ca26544: 83fa 100f | 8c24 0000 | 008b ca83 | e1f0 83e2 | 0fc5 fa6f | 03c5 f974 | c1c4 e279 | 17d0 0f83 
  0x000001cd1ca26564: 2a00 0000 | 4883 c310 | 83e9 1075 | e485 d20f | 8412 0000 | 000f b60b | 3bc1 741c | 4883 c301 
  0x000001cd1ca26584: ;   {no_reloc}
  0x000001cd1ca26584: 83ea 0174 | 02eb eebb | ffff ffff | eb0d c5fd | d7c8 0fbc | c148 03d8 | 482b df83 | fbff 0f85 
  0x000001cd1ca265a4: 444f 0000 | 410f b629 | 83fd 5b0f | 847f 4f00 | 0049 8bd0 | 4c89 4424 | 204c 8944 | 2428 488b 
  0x000001cd1ca265c4: 6c24 6890 

  0x000001cd1ca265c8: ;   {static_call}
  0x000001cd1ca265c8: c5f8 77e8 

  0x000001cd1ca265cc: ; ImmutableOopMap {rbp=Oop [32]=Oop [40]=Oop [72]=Oop [80]=Oop [104]=Oop [120]=Oop [176]=Oop }
                      ;*invokestatic findBootstrapClass {reexecute=0 rethrow=0 return_oop=1}
                      ; - java.lang.ClassLoader::findBootstrapClassOrNull@10
                      ; - java.lang.System$2::findBootstrapClassOrNull@1
                      ; - jdk.internal.loader.ClassLoaders$BootClassLoader::loadClassOrNull@4
                      ; - jdk.internal.loader.BuiltinClassLoader::loadClassOrNull@3
                      ; - jdk.internal.loader.BuiltinClassLoader::loadClassOrNull@86
                      ; - jdk.internal.loader.BuiltinClassLoader::loadClass@3
                      ; - java.lang.ClassLoader::loadClass@38
  0x000001cd1ca265cc: 90df eeff 

  0x000001cd1ca265d0: ;   {other}
  0x000001cd1ca265d0: 0f1f 8400 | 403b 0025 | 4885 c00f | 85c3 4e00 | 004c 8b44 | 2478 458b | 5858 4585 | db0f 8581 
  0x000001cd1ca265f0: 4f00 0033 | db4c 8b5c | 2468 488d | 8424 3801 | 0000 4883 | 3800 0f84 | 7900 0000 | 4d8b 1341 
  0x000001cd1ca26610: f6c2 020f | 8462 0000 | 0049 83ba | 8600 0000 | 0074 0949 | ff8a 8600 | 0000 eb4b | 498b 8296 
  0x000001cd1ca26630: 0000 0049 | 0b82 8e00 | 0000 750a | 49c7 423e | 0000 0000 | eb3d 4983 | ba9e 0000 | 0000 7422 
  0x000001cd1ca26650: 4833 c049 | c742 3e00 | 0000 00f0 | 8304 2400 | 4983 ba9e | 0000 0000 | 750d f04d | 0fb1 7a3e 
  0x000001cd1ca26670: 7505 83c8 | 01eb 0ca8 | 00eb 084c | 8b10 f04d | 0fb1 1375 | 0a49 ff8f | 5005 0000 | 4533 d20f 
  0x000001cd1ca26690: 85d3 2e00 | 0048 85db | 0f85 2701 | 0000 498b | 87b8 0100 | 004c 8bd0 | 4983 c228 | 4d3b 97c8 
  0x000001cd1ca266b0: 0100 000f | 839f 1a00 | 004d 8997 | b801 0000 | 410f 0d8a | c000 0000 | 48c7 0001 

  0x000001cd1ca266cc: ;   {metadata('java/lang/ClassNotFoundException')}
  0x000001cd1ca266cc: 0000 00c7 | 4008 8893 | 0600 4489 | 600c 4c89 | 6010 4c89 | 6018 4c89 | 6020 488b | d04c 8b84 
  0x000001cd1ca266ec: 24b0 0000 | 0048 8bea 

  0x000001cd1ca266f4: ;   {optimized virtual_call}
  0x000001cd1ca266f4: c5f8 77e8 

  0x000001cd1ca266f8: ; ImmutableOopMap {rbp=Oop [72]=Oop [80]=Oop [176]=Oop }
                      ;*invokespecial <init> {reexecute=0 rethrow=0 return_oop=0}
                      ; - jdk.internal.loader.BuiltinClassLoader::loadClass@16
                      ; - java.lang.ClassLoader::loadClass@38
  0x000001cd1ca266f8: 042f 0500 

  0x000001cd1ca266fc: ;   {other}
  0x000001cd1ca266fc: 0f1f 8400 | 6c3c 0026 | c5f8 7749 | bad0 307c | effc 7f00 | 0041 ffd2 

  0x000001cd1ca26714: ;   {other}
  0x000001cd1ca26714: 0f1f 8400 | 0000 0000 | 4889 4424 | 2848 8b54 | 2448 448b 

  0x000001cd1ca26728: ;   {metadata('org/gradle/internal/classloader/VisitableURLClassLoader')}
  0x000001cd1ca26728: 5a08 4181 | fb08 3a00 | 010f 85bb | 0400 0048 | 8954 2420 | 4c8b 8424 | b000 0000 

  0x000001cd1ca26744: ;   {optimized virtual_call}
  0x000001cd1ca26744: c5f8 77e8 

  0x000001cd1ca26748: ; ImmutableOopMap {[32]=Oop [72]=Oop [80]=Oop }
                      ;*invokevirtual findClass {reexecute=0 rethrow=0 return_oop=1}
                      ; - java.lang.ClassLoader::loadClass@69
  0x000001cd1ca26748: b4df 0300 

  0x000001cd1ca2674c: ;   {other}
  0x000001cd1ca2674c: 0f1f 8400 | bc3c 0027 | 4889 4424 | 204c 8b44 | 2428 4c2b 

  0x000001cd1ca26760: ;   {oop(a 'jdk/internal/perf/PerfCounter'{0x00000006004f1a20})}
  0x000001cd1ca26760: 4424 4048 | ba20 1a4f | 0006 0000 | 0066 6690 

  0x000001cd1ca26770: ;   {optimized virtual_call}
  0x000001cd1ca26770: c5f8 77e8 

  0x000001cd1ca26774: ; ImmutableOopMap {[32]=Oop [72]=Oop [80]=Oop }
                      ;*invokevirtual add {reexecute=0 rethrow=0 return_oop=0}
                      ; - jdk.internal.perf.PerfCounter::addTime@2
                      ; - java.lang.ClassLoader::loadClass@82
  0x000001cd1ca26774: e825 faff 

  0x000001cd1ca26778: ;   {other}
  0x000001cd1ca26778: 0f1f 8400 | e83c 0028 

  0x000001cd1ca26780: ;   {oop(a 'jdk/internal/perf/PerfCounter'{0x00000006004f1a38})}
  0x000001cd1ca26780: 48ba 381a | 4f00 0600 | 0000 4c8b | 4424 2890 

  0x000001cd1ca26790: ;   {optimized virtual_call}
  0x000001cd1ca26790: c5f8 77e8 

  0x000001cd1ca26794: ; ImmutableOopMap {[32]=Oop [72]=Oop [80]=Oop }
                      ;*invokevirtual addElapsedTimeFrom {reexecute=0 rethrow=0 return_oop=0}
                      ; - java.lang.ClassLoader::loadClass@90
  0x000001cd1ca26794: a897 0200 

  0x000001cd1ca26798: ;   {other}
  0x000001cd1ca26798: 0f1f 8400 | 083d 0029 

  0x000001cd1ca267a0: ;   {oop(a 'jdk/internal/perf/PerfCounter'{0x00000006004f1a50})}
  0x000001cd1ca267a0: 48ba 501a | 4f00 0600 | 0000 41b8 | 0100 0000 

  0x000001cd1ca267b0: ;   {optimized virtual_call}
  0x000001cd1ca267b0: c5f8 77e8 

  0x000001cd1ca267b4: ; ImmutableOopMap {[32]=Oop [72]=Oop [80]=Oop }
                      ;*invokevirtual add {reexecute=0 rethrow=0 return_oop=0}
                      ; - jdk.internal.perf.PerfCounter::increment@2
                      ; - java.lang.ClassLoader::loadClass@96
  0x000001cd1ca267b4: a825 faff 

  0x000001cd1ca267b8: ;   {other}
  0x000001cd1ca267b8: 0f1f 8400 | 283d 002a | 488b 5c24 | 2044 8b54 | 2430 4585 | d20f 856d | 2e00 0048 | 8d84 2430 
  0x000001cd1ca267d8: 0100 004c | 8b5c 2450 | 4883 3800 | 0f84 7900 | 0000 4d8b | 1341 f6c2 | 020f 8462 | 0000 0049 
  0x000001cd1ca267f8: 83ba 8600 | 0000 0074 | 0949 ff8a | 8600 0000 | eb4b 498b | 8296 0000 | 0049 0b82 | 8e00 0000 
  0x000001cd1ca26818: 750a 49c7 | 423e 0000 | 0000 eb3d | 4983 ba9e | 0000 0000 | 7422 4833 | c049 c742 | 3e00 0000 
  0x000001cd1ca26838: 00f0 8304 | 2400 4983 | ba9e 0000 | 0000 750d | f04d 0fb1 | 7a3e 7505 | 83c8 01eb | 0ca8 00eb 
  0x000001cd1ca26858: 084c 8b10 | f04d 0fb1 | 1375 0a49 | ff8f 5005 | 0000 4533 | d20f 852d | 2a00 0048 | 8bc3 c5f8 
  0x000001cd1ca26878: 7748 81c4 | 5001 0000 

  0x000001cd1ca26880: ;   {poll_return}
  0x000001cd1ca26880: 5d49 3ba7 | 5004 0000 | 0f87 2678 | 0000 c348 | 8bd8 c5f8 | 7749 bad0 | 307c effc | 7f00 0041 
  0x000001cd1ca268a0: ;   {other}
  0x000001cd1ca268a0: ffd2 0f1f | 8400 0000 | 0000 4889 | 8424 c000 | 0000 4c8b | 5424 6045 | 8b5a 1444 | 899c 24a4 
  0x000001cd1ca268c0: 0000 0047 | 8b54 dc0c | 4489 5424 | 204c 8b54 | 2460 450f | be42 10c4 | 623a f74c | 2420 458d 
  0x000001cd1ca268e0: 51ff 4585 | c00f 85e5 | 4600 0044 | 8b5c 2420 | 41ff cb45 | 3bda 450f | 4fda 448b | 9424 a400 
  0x000001cd1ca26900: 0000 49c1 | e203 4c89 | 5424 3845 | 85db 0f8c | 1601 0000 | 448b 4424 | 2045 85c0 | 0f86 2636 
  0x000001cd1ca26920: 0000 453b | d80f 831d | 3600 0045 | 85db 0f8e | 143a 0000 | 458d 53ff | 4c8b 4424 | 3847 0fbe 
  0x000001cd1ca26940: 4418 1041 | 83f8 2e0f | 8483 1000 | 0041 ffcb | 453b da7f | e341 83fb | 020f 8ea6 | 0000 0045 
  0x000001cd1ca26960: 8d43 fe45 | 33d2 4183 | fb02 450f | 4cc2 4181 | f8a0 0f00 | 00b9 a00f | 0000 440f | 47c1 458b 
  0x000001cd1ca26980: d345 2bd0 | 0f1f 8400 | 0000 0000 | 6666 6690 | 4963 cb4c | 8b44 2438 | 450f be44 | 0810 4183 
  0x000001cd1ca269a0: ;   {no_reloc}
  0x000001cd1ca269a0: f82e 0f84 | ece3 ffff | 4c8b 4424 | 3841 0fbe | 4c08 0f83 | f92e 0f84 | e0e3 ffff | 418d 4bfe 
  0x000001cd1ca269c0: 450f be44 | 0810 4183 | f82e 0f84 | c7e3 ffff | 418d 7bfd | 4c8b 4424 | 3841 0fbe | 4c38 1083 
  0x000001cd1ca269e0: f92e 0f84 | bae3 ffff | 4183 c3fc | 453b da7f | 9f4d 8b97 

  0x000001cd1ca269f4: ; ImmutableOopMap {r8=Oop rbx=Oop [40]=NarrowOop [56]=Oop [72]=Oop [80]=Oop [120]=Oop [128]=Oop [164]=NarrowOop [176]=Oop [184]=Oop }
                      ;*goto {reexecute=1 rethrow=0 return_oop=0}
                      ; - (reexecute) java.lang.StringLatin1::lastIndexOf@35
                      ; - java.lang.String::lastIndexOf@13
                      ; - java.lang.String::lastIndexOf@8
                      ; - java.net.URLClassLoader::defineClass@7
                      ; - java.net.URLClassLoader$1::run@43
                      ; - java.net.URLClassLoader$1::run@1
                      ; - java.security.AccessController::executePrivileged@29
                      ; - java.security.AccessController::doPrivileged@13
                      ; - java.net.URLClassLoader::findClass@13
                      ; - java.lang.ClassLoader::loadClass@69
                      ; - java.lang.ClassLoader::loadClass@38
  0x000001cd1ca269f4: 5804 0000 

  0x000001cd1ca269f8: ;   {poll}
  0x000001cd1ca269f8: 4185 0241 | 83fb 020f | 8f5a ffff | ff41 83fb | ff7e 1f90 | 4c8b 5424 | 3847 0fbe | 441a 1041 
  0x000001cd1ca26a18: 83f8 2e0f | 849b 4300 | 0041 ffcb | 4183 fbff | 7fe2 41ba | ffff ffff | e970 e3ff | ff44 0fb6 
  0x000001cd1ca26a38: 5311 4585 | d20f 85c5 | 1300 0044 | 0fbe 5310 | 4585 d20f | 8533 4f00 | 0048 8beb | 448b 5314 
  0x000001cd1ca26a58: 498b d248 | c1e2 034c | 8b94 24b0 | 0000 004c | 8954 2428 

  0x000001cd1ca26a6c: ;   {static_call}
  0x000001cd1ca26a6c: c5f8 77e8 

  0x000001cd1ca26a70: ; ImmutableOopMap {rbp=Oop [40]=Oop [72]=Oop [80]=Oop [104]=Oop [120]=Oop [176]=Oop }
                      ;*invokestatic hashCode {reexecute=0 rethrow=0 return_oop=0}
                      ; - java.lang.String::hashCode@27
                      ; - java.util.concurrent.ConcurrentHashMap::get@1
                      ; - jdk.internal.loader.BuiltinClassLoader::findLoadedModule@24
                      ; - jdk.internal.loader.BuiltinClassLoader::loadClassOrNull@22
                      ; - jdk.internal.loader.BuiltinClassLoader::loadClass@3
                      ; - java.lang.ClassLoader::loadClass@38
  0x000001cd1ca26a70: 4c53 ecff 

  0x000001cd1ca26a74: ;   {other}
  0x000001cd1ca26a74: 0f1f 8400 | e43f 002c | 85c0 0f84 | 2d16 0000 | 4c8b c541 | 8940 0ce9 | 1af6 ffff | 498b 87b8 
  0x000001cd1ca26a94: 0100 004c | 8bd0 4983 | c218 4d3b | 97c8 0100 | 000f 8381 | 2300 004d | 8997 b801 | 0000 410f 
  0x000001cd1ca26ab4: 0d8a c000 | 0000 48c7 | 0001 0000 

  0x000001cd1ca26ac0: ;   {metadata('java/lang/String')}
  0x000001cd1ca26ac0: 00c7 4008 | 78e8 0000 | 4489 600c | 4489 6010 

  0x000001cd1ca26ad0: ;   {oop([B{0x00000006004efb48})}
  0x000001cd1ca26ad0: c740 1469 

  0x000001cd1ca26ad4: ;   {oop(".class"{0x00000006004ef908})}
  0x000001cd1ca26ad4: df09 c049 | ba08 f94e | 0006 0000 | 0041 8b4a | 0c89 480c | 450f b652 | 1144 8850 | 1148 8984 
  0x000001cd1ca26af4: 2498 0000 | 00e9 e3ef | ffff 488b | 9c24 b000 | 0000 e991 | f5ff ff41 | b92f 0000 | 00e9 14ec 
  0x000001cd1ca26b14: ffff 450f | b651 1145 | 85d2 0f85 | 1415 0000 | 450f be51 | 1045 85d2 | 0f85 4250 | 0000 498b 
  0x000001cd1ca26b34: e945 8b51 | 1449 8bd2 | 48c1 e203 | 4c8b 9424 | b000 0000 | 4c89 5424 | 3866 6690 

  0x000001cd1ca26b50: ;   {static_call}
  0x000001cd1ca26b50: c5f8 77e8 

  0x000001cd1ca26b54: ; ImmutableOopMap {rbp=Oop [40]=NarrowOop [56]=Oop [72]=Oop [80]=Oop [120]=Oop [160]=Oop [168]=Oop [176]=Oop [184]=Oop }
                      ;*invokestatic hashCode {reexecute=0 rethrow=0 return_oop=0}
                      ; - java.lang.String::hashCode@27
                      ; - java.util.concurrent.ConcurrentHashMap::get@1
                      ; - jdk.internal.loader.BuiltinClassLoader::findLoadedModule@24
                      ; - jdk.internal.loader.BuiltinClassLoader::loadClassOrNull@22
                      ; - jdk.internal.loader.BuiltinClassLoader::loadClass@3
                      ; - java.lang.ClassLoader::loadClass@38
                      ; - java.lang.ClassLoader::loadClass@38
  0x000001cd1ca26b54: 6852 ecff 

  0x000001cd1ca26b58: ;   {other}
  0x000001cd1ca26b58: 0f1f 8400 | c840 002d | 85c0 0f84 | 9017 0000 | 4c8b cd41 | 8941 0ce9 | cbd9 ffff | 4c8b 8c24 
  0x000001cd1ca26b78: b000 0000 | e9b2 d9ff 

  0x000001cd1ca26b80: ;   {metadata('java/lang/IllegalArgumentException')}
  0x000001cd1ca26b80: ff48 bdc0 | 9a06 3bcd | 0100 004c | 8b94 2498 | 0000 004d | 85d2 0f84 | a314 0000 | 48ff b424 
  0x000001cd1ca26ba0: 9800 0000 | 488f 4424 | 3848 8b94 | 24b8 0000 | 004c 8b84 | 2400 0100 | 004c 8b8c | 2498 0000 
  0x000001cd1ca26bc0: 0048 8b7c | 2420 6690 

  0x000001cd1ca26bc8: ;   {optimized virtual_call}
  0x000001cd1ca26bc8: c5f8 77e8 

  0x000001cd1ca26bcc: ; ImmutableOopMap {[32]=Oop [40]=NarrowOop [56]=Oop [72]=Oop [80]=Oop [88]=Oop [120]=Oop [128]=Oop [168]=Oop [176]=Oop [184]=Oop [200]=NarrowOop [256]=Oop }
                      ;*invokevirtual definePackage {reexecute=0 rethrow=0 return_oop=1}
                      ; - java.net.URLClassLoader::defineClass@64
                      ; - java.net.URLClassLoader$1::run@43
                      ; - java.net.URLClassLoader$1::run@1
                      ; - java.security.AccessController::executePrivileged@29
                      ; - java.security.AccessController::doPrivileged@13
                      ; - java.net.URLClassLoader::findClass@13
                      ; - java.lang.ClassLoader::loadClass@69
                      ; - java.lang.ClassLoader::loadClass@38
  0x000001cd1ca26bcc: 5096 06f0 

  0x000001cd1ca26bd0: ;   {other}
  0x000001cd1ca26bd0: 0f1f 8400 | 4041 002e | e9f8 e6ff | ff4c 8b94 | 24b0 0000 | 004c 8994 | 2400 0100 | 00e9 a7e4 
  0x000001cd1ca26bf0: ffff 4c8b | 8424 b000 | 0000 c5f8 | 7748 b830 | 650a 3ccd 

  0x000001cd1ca26c04: ;   {virtual_call}
  0x000001cd1ca26c04: 0100 00e8 

  0x000001cd1ca26c08: ; ImmutableOopMap {[72]=Oop [80]=Oop }
                      ;*invokevirtual findClass {reexecute=0 rethrow=0 return_oop=1}
                      ; - java.lang.ClassLoader::loadClass@69
  0x000001cd1ca26c08: 5484 15f0 

  0x000001cd1ca26c0c: ;   {other}
  0x000001cd1ca26c0c: 0f1f 8400 | 7c41 002f | 4889 4424 | 20e9 3bfb | ffff 4c89 | 5c24 204c | 8994 24a8 | 0000 0049 
  0x000001cd1ca26c2c: 8bd3 4c8b | 5424 784c | 8954 2458 | 4c8b 9424 | b000 0000 | 4c89 5424 | 604c 8b94 | 24a8 0000 
  0x000001cd1ca26c4c: 004c 8994 | 2498 0000 | 0066 6690 

  0x000001cd1ca26c58: ;   {optimized virtual_call}
  0x000001cd1ca26c58: c5f8 77e8 

  0x000001cd1ca26c5c: ; ImmutableOopMap {[32]=Oop [40]=NarrowOop [72]=Oop [80]=Oop [88]=Oop [96]=Oop [120]=Oop [128]=Oop [152]=Oop [168]=Oop [176]=Oop [184]=Oop [200]=NarrowOop [256]=Oop }
                      ;*invokevirtual getManEntry {reexecute=0 rethrow=0 return_oop=1}
                      ; - java.util.jar.JarFile::getManifestFromReference@27
                      ; - java.util.jar.JarFile::getManifest@1
                      ; - jdk.internal.loader.URLClassPath$JarLoader$2::getManifest@22
                      ; - java.net.URLClassLoader::defineClass@34
                      ; - java.net.URLClassLoader$1::run@43
                      ; - java.net.URLClassLoader$1::run@1
                      ; - java.security.AccessController::executePrivileged@29
                      ; - java.security.AccessController::doPrivileged@13
                      ; - java.net.URLClassLoader::findClass@13
                      ; - java.lang.ClassLoader::loadClass@69
                      ; - java.lang.ClassLoader::loadClass@38
  0x000001cd1ca26c5c: 20ff d4ef 

  0x000001cd1ca26c60: ;   {other}
  0x000001cd1ca26c60: 0f1f 8400 | d041 0030 | 4885 c00f | 847d 1200 | 004c 8b44 | 2420 450f | b650 1245 | 85d2 0f85 
  0x000001cd1ca26c80: 0901 0000 | 4c89 8424 | d800 0000 | 498b d04c | 8bc0 488b | 6c24 484c | 8b54 2460 | 4c89 5424 
  0x000001cd1ca26ca0: 2066 6690 

  0x000001cd1ca26ca4: ;   {optimized virtual_call}
  0x000001cd1ca26ca4: c5f8 77e8 

  0x000001cd1ca26ca8: ; ImmutableOopMap {rbp=Oop [32]=Oop [40]=NarrowOop [72]=Oop [80]=Oop [120]=Oop [128]=Oop [152]=Oop [168]=Oop [176]=Oop [184]=Oop [200]=NarrowOop [216]=Oop [256]=Oop }
                      ;*invokespecial getInputStream {reexecute=0 rethrow=0 return_oop=1}
                      ; - java.util.jar.JarFile::getManifestFromReference@130
                      ; - java.util.jar.JarFile::getManifest@1
                      ; - jdk.internal.loader.URLClassPath$JarLoader$2::getManifest@22
                      ; - java.net.URLClassLoader::defineClass@34
                      ; - java.net.URLClassLoader$1::run@43
                      ; - java.net.URLClassLoader$1::run@1
                      ; - java.security.AccessController::executePrivileged@29
                      ; - java.security.AccessController::doPrivileged@13
                      ; - java.net.URLClassLoader::findClass@13
                      ; - java.lang.ClassLoader::loadClass@69
                      ; - java.lang.ClassLoader::loadClass@38
  0x000001cd1ca26ca8: 1410 c3ef 

  0x000001cd1ca26cac: ;   {other}
  0x000001cd1ca26cac: 0f1f 8400 | 1c42 0031 | 488b e849 | 8b87 b801 | 0000 4c8b | d049 83c2 | 184d 3b97 | c801 0000 
  0x000001cd1ca26ccc: 0f83 ff24 | 0000 4d89 | 97b8 0100 | 0041 0f0d | 8ac0 0000 | 0048 c700 | 0100 0000 

  0x000001cd1ca26ce8: ;   {metadata('java/util/jar/Manifest')}
  0x000001cd1ca26ce8: c740 08a0 | e104 0044 | 8960 0c4c | 8960 104c | 8bd0 4c89 | 9424 d000 | 0000 4c8b | 9424 d800 
  0x000001cd1ca26d08: 0000 458b | 5214 4d8b | ca49 c1e1 | 0348 8b94 | 24d0 0000 | 004c 8bc5 | 4c8b 9424 | b000 0000 
  0x000001cd1ca26d28: 4c89 5424 | 3866 6690 

  0x000001cd1ca26d30: ;   {optimized virtual_call}
  0x000001cd1ca26d30: c5f8 77e8 

  0x000001cd1ca26d34: ; ImmutableOopMap {rbp=Oop [40]=NarrowOop [56]=Oop [72]=Oop [80]=Oop [120]=Oop [128]=Oop [152]=Oop [168]=Oop [176]=Oop [184]=Oop [200]=NarrowOop [208]=Oop [216]=Oop [256]=Oop }
                      ;*invokespecial <init> {reexecute=0 rethrow=0 return_oop=0}
                      ; - java.util.jar.JarFile::getManifestFromReference@143
                      ; - java.util.jar.JarFile::getManifest@1
                      ; - jdk.internal.loader.URLClassPath$JarLoader$2::getManifest@22
                      ; - java.net.URLClassLoader::defineClass@34
                      ; - java.net.URLClassLoader$1::run@43
                      ; - java.net.URLClassLoader$1::run@1
                      ; - java.security.AccessController::executePrivileged@29
                      ; - java.security.AccessController::doPrivileged@13
                      ; - java.net.URLClassLoader::findClass@13
                      ; - java.lang.ClassLoader::loadClass@69
                      ; - java.lang.ClassLoader::loadClass@38
  0x000001cd1ca26d34: bc75 0000 

  0x000001cd1ca26d38: ;   {other}
  0x000001cd1ca26d38: 0f1f 8400 | a842 0032 | 4c8b dd45 

  0x000001cd1ca26d44: ;   {metadata('java/util/zip/ZipFile$ZipFileInflaterInputStream')}
  0x000001cd1ca26d44: 8b53 0841 | 81fa c0a4 | 3100 0f85 | 6c52 0000 | 498b d348 | 8b6c 2448 | 4c8b 5424 | 384c 8954 
  0x000001cd1ca26d64: 2420 6690 

  0x000001cd1ca26d68: ;   {optimized virtual_call}
  0x000001cd1ca26d68: c5f8 77e8 

  0x000001cd1ca26d6c: ; ImmutableOopMap {rbp=Oop [32]=Oop [40]=NarrowOop [72]=Oop [80]=Oop [120]=Oop [128]=Oop [152]=Oop [168]=Oop [176]=Oop [184]=Oop [200]=NarrowOop [208]=Oop [216]=Oop [256]=Oop }
                      ;*invokevirtual close {reexecute=0 rethrow=0 return_oop=0}
                      ; - java.util.jar.JarFile::getManifestFromReference@152
                      ; - java.util.jar.JarFile::getManifest@1
                      ; - jdk.internal.loader.URLClassPath$JarLoader$2::getManifest@22
                      ; - java.net.URLClassLoader::defineClass@34
                      ; - java.net.URLClassLoader$1::run@43
                      ; - java.net.URLClassLoader$1::run@1
                      ; - java.security.AccessController::executePrivileged@29
                      ; - java.security.AccessController::doPrivileged@13
                      ; - java.net.URLClassLoader::findClass@13
                      ; - java.lang.ClassLoader::loadClass@69
                      ; - java.lang.ClassLoader::loadClass@38
  0x000001cd1ca26d6c: 90e6 beef 

  0x000001cd1ca26d70: ;   {other}
  0x000001cd1ca26d70: 0f1f 8400 | e042 0033 | 4c8b 9424 | d000 0000 | 4c89 9424 | e800 0000 | e9e8 0a00 | 0048 8944 
  0x000001cd1ca26d90: 2420 498b | e849 8bd0 | 4c8b c04c | 8b54 2460 | 4c89 5424 | 5866 6690 

  0x000001cd1ca26da8: ;   {optimized virtual_call}
  0x000001cd1ca26da8: c5f8 77e8 

  0x000001cd1ca26dac: ; ImmutableOopMap {rbp=Oop [32]=Oop [40]=NarrowOop [72]=Oop [80]=Oop [88]=Oop [120]=Oop [128]=Oop [168]=Oop [176]=Oop [184]=Oop [200]=NarrowOop [256]=Oop }
                      ;*invokevirtual getBytes {reexecute=0 rethrow=0 return_oop=1}
                      ; - java.util.jar.JarFile::getManifestFromReference@44
                      ; - java.util.jar.JarFile::getManifest@1
                      ; - jdk.internal.loader.URLClassPath$JarLoader$2::getManifest@22
                      ; - java.net.URLClassLoader::defineClass@34
                      ; - java.net.URLClassLoader$1::run@43
                      ; - java.net.URLClassLoader$1::run@1
                      ; - java.security.AccessController::executePrivileged@29
                      ; - java.security.AccessController::doPrivileged@13
                      ; - java.net.URLClassLoader::findClass@13
                      ; - java.lang.ClassLoader::loadClass@69
                      ; - java.lang.ClassLoader::loadClass@38
  0x000001cd1ca26dac: d07c 79ff 

  0x000001cd1ca26db0: ;   {other}
  0x000001cd1ca26db0: 0f1f 8400 | 2043 0034 | 4889 8424 | d000 0000 | 4c8b dd41 | 0fb6 6b11 | 85ed 0f85 | b452 0000 
  0x000001cd1ca26dd0: 4c89 9c24 | d800 0000 | 498b d348 | 8b6c 2448 | 4c8b 5424 | 584c 8954 | 2438 6690 

  0x000001cd1ca26dec: ;   {optimized virtual_call}
  0x000001cd1ca26dec: c5f8 77e8 

  0x000001cd1ca26df0: ; ImmutableOopMap {rbp=Oop [32]=Oop [40]=NarrowOop [56]=Oop [72]=Oop [80]=Oop [120]=Oop [128]=Oop [168]=Oop [176]=Oop [184]=Oop [200]=NarrowOop [208]=Oop [216]=Oop [256]=Oop }
                      ;*invokevirtual getManifestNum {reexecute=0 rethrow=0 return_oop=0}
                      ; - java.util.zip.ZipFile$1::getManifestNum@1
                      ; - java.util.jar.JarFile::getManifestFromReference@59
                      ; - java.util.jar.JarFile::getManifest@1
                      ; - jdk.internal.loader.URLClassPath$JarLoader$2::getManifest@22
                      ; - java.net.URLClassLoader::defineClass@34
                      ; - java.net.URLClassLoader$1::run@43
                      ; - java.net.URLClassLoader$1::run@1
                      ; - java.security.AccessController::executePrivileged@29
                      ; - java.security.AccessController::doPrivileged@13
                      ; - java.net.URLClassLoader::findClass@13
                      ; - java.lang.ClassLoader::loadClass@69
                      ; - java.lang.ClassLoader::loadClass@38
  0x000001cd1ca26df0: 8c7c 79ff 

  0x000001cd1ca26df4: ;   {other}
  0x000001cd1ca26df4: 0f1f 8400 | 6443 0035 | 83f8 010f | 8527 5300 | 004d 8b87 | b801 0000 | 4d8b d049 | 83c2 404d 
  0x000001cd1ca26e14: 3b97 c801 | 0000 0f83 | 1521 0000 | 4d89 97b8 | 0100 0041 | 0f0d 8ac0 | 0000 0049 | c700 0100 
  0x000001cd1ca26e34: ;   {metadata('java/util/jar/JarVerifier')}
  0x000001cd1ca26e34: 0000 41c7 | 4008 789e | 1600 4589 | 600c 4d89 | 6010 4d89 | 6018 4d89 | 6020 4d89 | 6028 4d89 
  0x000001cd1ca26e54: 6030 4d89 | 6038 4c8b | 5424 2045 

  0x000001cd1ca26e60: ;   {metadata('java/util/jar/JarFile$JarFileEntry')}
  0x000001cd1ca26e60: 8b5a 0841 | 81fb d032 | 3100 0f85 | 784d 0000 | 41c6 400e | 0145 8b52 | 6045 8950 | 3041 c640 
  0x000001cd1ca26e80: 0d01 498b | d84d 8bda | 49c1 e303 | 4d33 d84c | 8b8c 24d0 | 0000 0049 | 8bf1 48c1 | ee03 49c1 
  0x000001cd1ca26ea0: eb16 4d85 | db74 1f45 | 85d2 741a | 49c1 e809 | 48b9 0000 | 1e2b cd01 | 0000 4903 | c880 3902 
  0x000001cd1ca26ec0: 0f85 fe1d | 0000 4180 | 7f40 000f | 853b 1700 | 004c 8bc3 | 4189 702c | 4c8b 8c24 | d000 0000 
  0x000001cd1ca26ee0: 4d8b d14d | 8bd8 4d33 | d349 c1ea | 164d 85d2 | 741f 4d85 | c974 1a49 | c1eb 0948 | b900 001e 
  0x000001cd1ca26f00: 2bcd 0100 | 0049 03cb | 8039 020f | 8504 1e00 | 0049 8baf | b801 0000 | 4c8b d549 | 83c2 304d 
  0x000001cd1ca26f20: 3b97 c801 | 0000 0f83 | 2c20 0000 | 4d89 97b8 | 0100 0041 | 0f0d 8ac0 | 0000 0048 | c745 0001 
  0x000001cd1ca26f40: ;   {metadata('java/util/Hashtable')}
  0x000001cd1ca26f40: 0000 00c7 | 4508 b8d3 | 0000 4489 | 650c 4c89 | 6510 4c89 | 6518 4c89 | 6520 4c89 | 6528 4c89 
  0x000001cd1ca26f60: 8c24 d000 | 0000 4c89 | 8424 e000 

  0x000001cd1ca26f6c: ;   {section_word}
  0x000001cd1ca26f6c: 0000 c5fa | 1005 8ac5 | ffff 4c8b | 9424 b000 | 0000 4c89 | 5424 3890 

  0x000001cd1ca26f84: ;   {static_call}
  0x000001cd1ca26f84: c5f8 77e8 

  0x000001cd1ca26f88: ; ImmutableOopMap {rbp=Oop [40]=NarrowOop [56]=Oop [72]=Oop [80]=Oop [120]=Oop [128]=Oop [168]=Oop [176]=Oop [184]=Oop [200]=NarrowOop [208]=Oop [216]=Oop [224]=Oop [256]=Oop }
                      ;*invokestatic isNaN {reexecute=0 rethrow=0 return_oop=0}
                      ; - java.util.Hashtable::<init>@47
                      ; - java.util.Hashtable::<init>@5
                      ; - java.util.jar.JarVerifier::<init>@39
                      ; - java.util.jar.JarFile::getManifestFromReference@78
                      ; - java.util.jar.JarFile::getManifest@1
                      ; - jdk.internal.loader.URLClassPath$JarLoader$2::getManifest@22
                      ; - java.net.URLClassLoader::defineClass@34
                      ; - java.net.URLClassLoader$1::run@43
                      ; - java.net.URLClassLoader$1::run@1
                      ; - java.security.AccessController::executePrivileged@29
                      ; - java.security.AccessController::doPrivileged@13
                      ; - java.net.URLClassLoader::findClass@13
                      ; - java.lang.ClassLoader::loadClass@69
                      ; - java.lang.ClassLoader::loadClass@38
  0x000001cd1ca26f88: f480 79ff 

  0x000001cd1ca26f8c: ;   {other}
  0x000001cd1ca26f8c: 0f1f 8400 | fc44 0036 | 85c0 0f85 | 344d 0000 | c745 1400 | 0040 3f4d | 8b97 b801 | 0000 4d8b 
  0x000001cd1ca26fac: da49 83c3 | 404d 3b9f | c801 0000 | 0f83 de1f | 0000 4d89 | 9fb8 0100 | 0041 0f0d | 8bc0 0000 
  0x000001cd1ca26fcc: 0049 c702 | 0100 0000 | 410f 0d8b | 0001 0000 

  0x000001cd1ca26fdc: ;   {metadata('java/util/Hashtable$Entry'[])}
  0x000001cd1ca26fdc: 41c7 4208 | a87f 1300 | 410f 0d8b | 4001 0000 | 41c7 420c | 0b00 0000 | 410f 0d8b | 8001 0000 
  0x000001cd1ca26ffc: 4d89 6210 | 4d89 6218 | 4d89 6220 | 4d89 6228 | 4d89 6230 | 4d89 6238 | 498b da41 | 807f 4000 
  0x000001cd1ca2701c: 0f85 6616 | 0000 4c8b | d349 c1ea | 0344 8955 | 1c4c 8bd3 | 4c8b dd4d | 33d3 488b | fd48 c1ef 
  0x000001cd1ca2703c: 0349 c1ea | 164d 85d2 | 741a 49c1 | eb09 48b9 | 0000 1e2b | cd01 0000 | 4903 cb80 | 3902 0f85 
  0x000001cd1ca2705c: e418 0000 | 4180 7f40 | 000f 85de | 1500 004c | 8b94 24e0 | 0000 0041 | 897a 14c7 | 4510 0800 
  0x000001cd1ca2707c: 0000 4c8b | d54c 8b9c | 24e0 0000 | 004d 33d3 | 49c1 ea16 | 4d85 d274 | 1a49 c1eb | 0948 b900 
  0x000001cd1ca2709c: 001e 2bcd | 0100 0049 | 03cb 8039 | 020f 8544 | 1800 0049 | 8baf b801 | 0000 4c8b | d549 83c2 
  0x000001cd1ca270bc: 304d 3b97 | c801 0000 | 0f83 fa1e | 0000 4d89 | 97b8 0100 | 0041 0f0d | 8ac0 0000 

  0x000001cd1ca270d8: ;   {no_reloc}
  0x000001cd1ca270d8: 0048 c745 | 0001 0000 

  0x000001cd1ca270e0: ;   {metadata('java/util/Hashtable')}
  0x000001cd1ca270e0: 00c7 4508 | b8d3 0000 | 4489 650c | 4c89 6510 | 4c89 6518 | 4c89 6520 | 4c89 6528 

  0x000001cd1ca270fc: ;   {section_word}
  0x000001cd1ca270fc: c5fa 1005 | fcc3 ffff | 4c8b 9424 | b000 0000 | 4c89 5424 | 3866 6690 

  0x000001cd1ca27114: ;   {static_call}
  0x000001cd1ca27114: c5f8 77e8 

  0x000001cd1ca27118: ; ImmutableOopMap {rbp=Oop [40]=NarrowOop [56]=Oop [72]=Oop [80]=Oop [120]=Oop [128]=Oop [168]=Oop [176]=Oop [184]=Oop [200]=NarrowOop [208]=Oop [216]=Oop [224]=Oop [256]=Oop }
                      ;*invokestatic isNaN {reexecute=0 rethrow=0 return_oop=0}
                      ; - java.util.Hashtable::<init>@47
                      ; - java.util.Hashtable::<init>@5
                      ; - java.util.jar.JarVerifier::<init>@50
                      ; - java.util.jar.JarFile::getManifestFromReference@78
                      ; - java.util.jar.JarFile::getManifest@1
                      ; - jdk.internal.loader.URLClassPath$JarLoader$2::getManifest@22
                      ; - java.net.URLClassLoader::defineClass@34
                      ; - java.net.URLClassLoader$1::run@43
                      ; - java.net.URLClassLoader$1::run@1
                      ; - java.security.AccessController::executePrivileged@29
                      ; - java.security.AccessController::doPrivileged@13
                      ; - java.net.URLClassLoader::findClass@13
                      ; - java.lang.ClassLoader::loadClass@69
                      ; - java.lang.ClassLoader::loadClass@38
  0x000001cd1ca27118: 647f 79ff 

  0x000001cd1ca2711c: ;   {other}
  0x000001cd1ca2711c: 0f1f 8400 | 8c46 0037 | 85c0 0f85 | 444c 0000 | c745 1400 | 0040 3f4d | 8b97 b801 | 0000 4d8b 
  0x000001cd1ca2713c: da49 83c3 | 404d 3b9f | c801 0000 | 0f83 de1e | 0000 4d89 | 9fb8 0100 | 0041 0f0d | 8bc0 0000 
  0x000001cd1ca2715c: 0049 c702 | 0100 0000 | 410f 0d8b | 0001 0000 

  0x000001cd1ca2716c: ;   {metadata('java/util/Hashtable$Entry'[])}
  0x000001cd1ca2716c: 41c7 4208 | a87f 1300 | 410f 0d8b | 4001 0000 | 41c7 420c | 0b00 0000 | 410f 0d8b | 8001 0000 
  0x000001cd1ca2718c: 4d89 6210 | 4d89 6218 | 4d89 6220 | 4d89 6228 | 4d89 6230 | 4d89 6238 | 498b fa41 | 807f 4000 
  0x000001cd1ca271ac: 0f85 4c15 | 0000 488b | dd48 c1eb | 034c 8bd5 | 4c8b df49 | c1eb 0344 | 895d 1c4c | 8bdf 4d33 
  0x000001cd1ca271cc: da49 c1eb | 164d 85db | 741a 49c1 | ea09 48b9 | 0000 1e2b | cd01 0000 | 4903 ca80 | 3902 0f85 
  0x000001cd1ca271ec: f617 0000 | 4180 7f40 | 000f 85c4 | 1400 004c | 8b94 24e0 | 0000 0041 | 895a 10c7 | 4510 0800 
  0x000001cd1ca2720c: 0000 4c8b | d54c 8b9c | 24e0 0000 | 004d 33d3 | 49c1 ea16 | 4d85 d274 | 1a49 c1eb | 0948 b900 
  0x000001cd1ca2722c: 001e 2bcd | 0100 0049 | 03cb 8039 | 020f 8556 | 1700 0049 | 8baf b801 | 0000 4c8b | d549 83c2 
  0x000001cd1ca2724c: 304d 3b97 | c801 0000 | 0f83 9e1d | 0000 4d89 | 97b8 0100 | 0041 0f0d | 8ac0 0000 

  0x000001cd1ca27268: ;   {no_reloc}
  0x000001cd1ca27268: 0048 c745 | 0001 0000 

  0x000001cd1ca27270: ;   {metadata('java/util/Hashtable')}
  0x000001cd1ca27270: 00c7 4508 | b8d3 0000 | 4489 650c | 4c89 6510 | 4c89 6518 | 4c89 6520 | 4c89 6528 

  0x000001cd1ca2728c: ;   {section_word}
  0x000001cd1ca2728c: c5fa 1005 | 6cc2 ffff | 4c8b 9424 | b000 0000 | 4c89 5424 | 3866 6690 

  0x000001cd1ca272a4: ;   {static_call}
  0x000001cd1ca272a4: c5f8 77e8 

  0x000001cd1ca272a8: ; ImmutableOopMap {rbp=Oop [40]=NarrowOop [56]=Oop [72]=Oop [80]=Oop [120]=Oop [128]=Oop [168]=Oop [176]=Oop [184]=Oop [200]=NarrowOop [208]=Oop [216]=Oop [224]=Oop [256]=Oop }
                      ;*invokestatic isNaN {reexecute=0 rethrow=0 return_oop=0}
                      ; - java.util.Hashtable::<init>@47
                      ; - java.util.Hashtable::<init>@4
                      ; - java.util.jar.JarVerifier::<init>@63
                      ; - java.util.jar.JarFile::getManifestFromReference@78
                      ; - java.util.jar.JarFile::getManifest@1
                      ; - jdk.internal.loader.URLClassPath$JarLoader$2::getManifest@22
                      ; - java.net.URLClassLoader::defineClass@34
                      ; - java.net.URLClassLoader$1::run@43
                      ; - java.net.URLClassLoader$1::run@1
                      ; - java.security.AccessController::executePrivileged@29
                      ; - java.security.AccessController::doPrivileged@13
                      ; - java.net.URLClassLoader::findClass@13
                      ; - java.lang.ClassLoader::loadClass@69
                      ; - java.lang.ClassLoader::loadClass@38
  0x000001cd1ca272a8: d47d 79ff 

  0x000001cd1ca272ac: ;   {other}
  0x000001cd1ca272ac: 0f1f 8400 | 1c48 0038 | 85c0 0f85 | 544b 0000 | c745 1400 | 0040 3f4d | 8b97 b801 | 0000 4d8b 
  0x000001cd1ca272cc: da49 83c3 | 404d 3b9f | c801 0000 | 0f83 a71d | 0000 4d89 | 9fb8 0100 | 0041 0f0d | 8bc0 0000 
  0x000001cd1ca272ec: 0049 c702 | 0100 0000 | 410f 0d8b | 0001 0000 

  0x000001cd1ca272fc: ;   {metadata('java/util/Hashtable$Entry'[])}
  0x000001cd1ca272fc: 41c7 4208 | a87f 1300 | 410f 0d8b | 4001 0000 | 41c7 420c | 0b00 0000 | 410f 0d8b | 8001 0000 
  0x000001cd1ca2731c: 4d89 6210 | 4d89 6218 | 4d89 6220 | 4d89 6228 | 4d89 6230 | 4d89 6238 | 4180 7f40 | 000f 85b5 
  0x000001cd1ca2733c: 1400 0049 | 8bda 4c8b | d54c 8bdb | 4d33 da4c | 8bcb 49c1 | e903 4489 | 4d1c 49c1 | eb16 488b 
  0x000001cd1ca2735c: fd48 c1ef | 034d 85db | 741a 49c1 | ea09 48b9 | 0000 1e2b | cd01 0000 | 4903 ca80 | 3902 0f85 
  0x000001cd1ca2737c: 0917 0000 | 4180 7f40 | 000f 852a | 1400 004c | 8b84 24e0 | 0000 0041 | 8978 18c7 | 4510 0800 
  0x000001cd1ca2739c: 0000 4d8b | d04c 8bdd | 4d33 da49 | c1eb 164d | 85db 741a | 49c1 ea09 | 48b9 0000 | 1e2b cd01 
  0x000001cd1ca273bc: 0000 4903 | ca80 3902 | 0f85 6d16 | 0000 4d8b | 8fb8 0100 | 004d 8bd1 | 4983 c218 | 4d3b 97c8 
  0x000001cd1ca273dc: 0100 000f | 8330 1d00 | 004d 8997 | b801 0000 | 410f 0d8a | c000 0000 | 49c7 0101 

  0x000001cd1ca273f8: ;   {metadata('java/util/ArrayList')}
  0x000001cd1ca273f8: 0000 0041 | c741 08d0 | 890b 0045 | 8961 0c45 

  0x000001cd1ca27408: ;   {oop(a 'java/lang/Object'[0] {0x00000006004effe0})}
  0x000001cd1ca27408: 8961 1041 | c741 14fc | df09 c041 | 807f 4000 | 0f85 5413 | 0000 4d8b | d949 c1eb | 0345 8958 
  0x000001cd1ca27428: 1c4d 8bd0 | 4d8b d94d | 33da 49c1 | eb16 4d85 | db74 1a49 | c1ea 0948 | b900 001e | 2bcd 0100 
  0x000001cd1ca27448: 0049 03ca | 8039 020f | 8526 1700 | 004d 8b9f | b801 0000 | 4d8b d349 | 83c2 184d | 3b97 c801 
  0x000001cd1ca27468: 0000 0f83 | 401c 0000 | 4d89 97b8 | 0100 0041 | 0f0d 8ac0 | 0000 0049 | c703 0100 

  0x000001cd1ca27484: ;   {metadata('java/io/ByteArrayOutputStream')}
  0x000001cd1ca27484: 0000 41c7 | 4308 a000 | 2200 4589 | 630c 4d89 | 6310 498b | 87b8 0100 | 004c 8bd0 | 4983 c230 
  0x000001cd1ca274a4: 4d3b 97c8 | 0100 000f | 832a 1c00 | 004d 8997 | b801 0000 | 410f 0d8a | c000 0000 | 48c7 0001 
  0x000001cd1ca274c4: 0000 0041 | 0f0d 8a00 

  0x000001cd1ca274cc: ;   {metadata({type array byte})}
  0x000001cd1ca274cc: 0100 00c7 | 4008 1823 | 0000 410f | 0d8a 4001 | 0000 c740 | 0c20 0000 | 0041 0f0d | 8a80 0100 
  0x000001cd1ca274ec: 004c 8960 | 104c 8960 | 184c 8960 | 204c 8960 | 2849 8be8 | 4c89 5c24 | 204c 8b54 | 2420 498b 
  0x000001cd1ca2750c: da48 c1eb | 034c 8bd0 | 49c1 ea03 | 4c8b 5c24 | 2045 8953 | 104c 8bd0 | 4d33 d349 | c1ea 164d 
  0x000001cd1ca2752c: 85d2 741a | 49c1 eb09 | 48b9 0000 | 1e2b cd01 | 0000 4903 | cb80 3902 | 0f85 9015 | 0000 4180 
  0x000001cd1ca2754c: 7f40 000f | 85e0 1100 | 004c 8bc5 | 4189 5824 | 4d8b d04c | 8b5c 2420 | 4d33 da49 | c1eb 164d 
  0x000001cd1ca2756c: 85db 741a | 49c1 ea09 | 48b9 0000 | 1e2b cd01 | 0000 4903 | ca80 3902 | 0f85 a115 | 0000 498b 
  0x000001cd1ca2758c: 87b8 0100 | 004c 8bd0 | 4983 c218 | 4d3b 97c8 | 0100 000f | 83af 1a00 | 004d 8997 | b801 0000 
  0x000001cd1ca275ac: 410f 0d8a | c000 0000 | 48c7 0001 

  0x000001cd1ca275b8: ;   {metadata('java/util/ArrayList')}
  0x000001cd1ca275b8: 0000 00c7 | 4008 d089 | 0b00 4489 | 600c 4c89 | 6010 498b | e84c 8bd0 | 4c89 5424 | 2049 8bd2 
  0x000001cd1ca275d8: 4c8b 9424 | b000 0000 | 4c89 5424 | 5866 6690 

  0x000001cd1ca275e8: ;   {optimized virtual_call}
  0x000001cd1ca275e8: c5f8 77e8 

  0x000001cd1ca275ec: ; ImmutableOopMap {rbp=Oop [32]=Oop [40]=NarrowOop [72]=Oop [80]=Oop [88]=Oop [120]=Oop [128]=Oop [168]=Oop [176]=Oop [184]=Oop [200]=NarrowOop [208]=Oop [216]=Oop [256]=Oop }
                      ;*invokespecial <init> {reexecute=0 rethrow=0 return_oop=0}
                      ; - java.util.jar.JarVerifier::<init>@96
                      ; - java.util.jar.JarFile::getManifestFromReference@78
                      ; - java.util.jar.JarFile::getManifest@1
                      ; - jdk.internal.loader.URLClassPath$JarLoader$2::getManifest@22
                      ; - java.net.URLClassLoader::defineClass@34
                      ; - java.net.URLClassLoader$1::run@43
                      ; - java.net.URLClassLoader$1::run@1
                      ; - java.security.AccessController::executePrivileged@29
                      ; - java.security.AccessController::doPrivileged@13
                      ; - java.net.URLClassLoader::findClass@13
                      ; - java.lang.ClassLoader::loadClass@69
                      ; - java.lang.ClassLoader::loadClass@38
  0x000001cd1ca275ec: 9074 79ff 

  0x000001cd1ca275f0: ;   {other}
  0x000001cd1ca275f0: 0f1f 8400 | 604b 0039 | 4180 7f40 | 000f 852b | 1200 004c | 8bc5 4d8b | d049 8be8 | 4c8b 5c24 
  0x000001cd1ca27610: 204d 33da | 4c8b 4424 | 204d 8bc8 | 49c1 e903 | 4c8b c545 | 8948 3449 | c1eb 164d | 85db 741a 
  0x000001cd1ca27630: 49c1 ea09 | 48b9 0000 | 1e2b cd01 | 0000 4903 | ca80 3902 | 0f85 8115 | 0000 498b | 87b8 0100 
  0x000001cd1ca27650: 004c 8bd0 | 4983 c230 | 4d3b 97c8 | 0100 000f | 83da 1a00 | 004d 8997 | b801 0000 | 410f 0d8a 
  0x000001cd1ca27670: c000 0000 | 48c7 0001 

  0x000001cd1ca27678: ;   {metadata('java/util/HashMap')}
  0x000001cd1ca27678: 0000 00c7 | 4008 68a9 | 0800 4489 | 600c 4c89 | 6010 4c89 | 6018 4c89 | 6020 4c89 | 6028 4c8b 
  0x000001cd1ca27698: d04c 8954 | 2420 498b | d24c 8b94 | 24b0 0000 | 004c 8954 | 2458 6690 

  0x000001cd1ca276b0: ;   {optimized virtual_call}
  0x000001cd1ca276b0: c5f8 77e8 

  0x000001cd1ca276b4: ; ImmutableOopMap {rbp=Oop [32]=Oop [40]=NarrowOop [72]=Oop [80]=Oop [88]=Oop [120]=Oop [128]=Oop [168]=Oop [176]=Oop [184]=Oop [200]=NarrowOop [208]=Oop [216]=Oop [256]=Oop }
                      ;*invokespecial <init> {reexecute=0 rethrow=0 return_oop=0}
                      ; - java.util.jar.JarVerifier::<init>@107
                      ; - java.util.jar.JarFile::getManifestFromReference@78
                      ; - java.util.jar.JarFile::getManifest@1
                      ; - jdk.internal.loader.URLClassPath$JarLoader$2::getManifest@22
                      ; - java.net.URLClassLoader::defineClass@34
                      ; - java.net.URLClassLoader$1::run@43
                      ; - java.net.URLClassLoader$1::run@1
                      ; - java.security.AccessController::executePrivileged@29
                      ; - java.security.AccessController::doPrivileged@13
                      ; - java.net.URLClassLoader::findClass@13
                      ; - java.lang.ClassLoader::loadClass@69
                      ; - java.lang.ClassLoader::loadClass@38
  0x000001cd1ca276b4: c873 79ff 

  0x000001cd1ca276b8: ;   {other}
  0x000001cd1ca276b8: 0f1f 8400 | 284c 003a | 4180 7f40 | 000f 85e8 | 1100 004c | 8bc5 4d8b | d049 8bd8 | 4c8b 5c24 
  0x000001cd1ca276d8: 204d 33da | 4c8b 4424 | 204d 8bc8 | 49c1 e903 | 4c8b c345 | 8948 3849 | c1eb 1649 | 8bf8 48c1 
  0x000001cd1ca276f8: ef03 4d85 | db74 1a49 | c1ea 0948 | b900 001e | 2bcd 0100 | 0049 03ca | 8039 020f | 855a 1500 
  0x000001cd1ca27718: 0041 807f | 4000 0f85 | 4a11 0000 | 4c8b 8424 | d800 0000 | 4189 7830 | 4c8b d34d | 8bd8 4d33 
  0x000001cd1ca27738: d349 c1ea | 164d 85d2 | 741a 49c1 | eb09 48b9 | 0000 1e2b | cd01 0000 | 4903 cb80 | 3902 0f85 
  0x000001cd1ca27758: c014 0000 | 498b 87b8 | 0100 004c | 8bd0 4983 | c218 4d3b | 97c8 0100 | 000f 83f2 | 1900 004d 
  0x000001cd1ca27778: 8997 b801 | 0000 410f | 0d8a c000 | 0000 48c7 | 0001 0000 

  0x000001cd1ca2778c: ;   {metadata('java/util/jar/Manifest')}
  0x000001cd1ca2778c: 00c7 4008 | a0e1 0400 | 4489 600c | 4c89 6010 | 4c8b d841 | 8b68 3049 | 8b87 b801 | 0000 4c8b 
  0x000001cd1ca277ac: d049 83c2 | 204d 3b97 | c801 0000 | 0f83 da19 | 0000 4d89 | 97b8 0100 | 0041 0f0d | 8ac0 0000 
  0x000001cd1ca277cc: 0048 c700 | 0100 0000 

  0x000001cd1ca277d4: ;   {metadata('java/io/ByteArrayInputStream')}
  0x000001cd1ca277d4: c740 08a0 | 2305 0044 | 8960 0c4c | 8960 104c | 8960 184c | 8984 24d8 | 0000 004c | 895c 2420 
  0x000001cd1ca277f4: 4c8b d04c | 8954 2438 | 498b d24c | 8b84 24d0 | 0000 004c | 8b94 24b0 | 0000 004c | 8954 2458 
  0x000001cd1ca27814: ;   {optimized virtual_call}
  0x000001cd1ca27814: c5f8 77e8 

  0x000001cd1ca27818: ; ImmutableOopMap {rbp=NarrowOop [32]=Oop [40]=NarrowOop [56]=Oop [72]=Oop [80]=Oop [88]=Oop [120]=Oop [128]=Oop [168]=Oop [176]=Oop [184]=Oop [200]=NarrowOop [216]=Oop [256]=Oop }
                      ;*invokespecial <init> {reexecute=0 rethrow=0 return_oop=0}
                      ; - java.util.jar.JarFile::getManifestFromReference@114
                      ; - java.util.jar.JarFile::getManifest@1
                      ; - jdk.internal.loader.URLClassPath$JarLoader$2::getManifest@22
                      ; - java.net.URLClassLoader::defineClass@34
                      ; - java.net.URLClassLoader$1::run@43
                      ; - java.net.URLClassLoader$1::run@1
                      ; - java.security.AccessController::executePrivileged@29
                      ; - java.security.AccessController::doPrivileged@13
                      ; - java.net.URLClassLoader::findClass@13
                      ; - java.lang.ClassLoader::loadClass@69
                      ; - java.lang.ClassLoader::loadClass@38
  0x000001cd1ca27818: 6472 79ff 

  0x000001cd1ca2781c: ;   {other}
  0x000001cd1ca2781c: 0f1f 8400 | 8c4d 003b | 4c8b 9424 | d800 0000 | 458b 5a14 | 4c8b c549 | c1e0 0349 | 8bfb 48c1 
  0x000001cd1ca2783c: e703 488b | 5424 204c | 8b4c 2438 | 488b 6c24 | 484c 8b54 | 2458 4c89 | 5424 3890 

  0x000001cd1ca27858: ;   {optimized virtual_call}
  0x000001cd1ca27858: c5f8 77e8 

  0x000001cd1ca2785c: ; ImmutableOopMap {rbp=Oop [32]=Oop [40]=NarrowOop [56]=Oop [72]=Oop [80]=Oop [120]=Oop [128]=Oop [168]=Oop [176]=Oop [184]=Oop [200]=NarrowOop [216]=Oop [256]=Oop }
                      ;*invokespecial <init> {reexecute=0 rethrow=0 return_oop=0}
                      ; - java.util.jar.JarFile::getManifestFromReference@121
                      ; - java.util.jar.JarFile::getManifest@1
                      ; - jdk.internal.loader.URLClassPath$JarLoader$2::getManifest@22
                      ; - java.net.URLClassLoader::defineClass@34
                      ; - java.net.URLClassLoader$1::run@43
                      ; - java.net.URLClassLoader$1::run@1
                      ; - java.security.AccessController::executePrivileged@29
                      ; - java.security.AccessController::doPrivileged@13
                      ; - java.net.URLClassLoader::findClass@13
                      ; - java.lang.ClassLoader::loadClass@69
                      ; - java.lang.ClassLoader::loadClass@38
  0x000001cd1ca2785c: 2072 79ff 

  0x000001cd1ca27860: ;   {other}
  0x000001cd1ca27860: 0f1f 8400 | d04d 003c | 4c8b 5424 | 204c 8994 | 24e8 0000 | 0049 8b87 | b801 0000 | 4c8b d049 
  0x000001cd1ca27880: 83c2 284d | 3b97 c801 | 0000 0f83 | 7416 0000 | 4d89 97b8 | 0100 0041 | 0f0d 8ac0 | 0000 0048 
  0x000001cd1ca278a0: c700 0100 

  0x000001cd1ca278a4: ;   {metadata('java/lang/ref/SoftReference')}
  0x000001cd1ca278a4: 0000 c740 | 0890 df03 | 0044 8960 | 0c4c 8960 | 104c 8960 | 184c 8960 | 204c 8bd0 | 498b ea49 
  0x000001cd1ca278c4: 8bd2 4c8b | 8424 e800 | 0000 4c8b | 9424 b000 | 0000 4c89 | 5424 3890 

  0x000001cd1ca278dc: ;   {optimized virtual_call}
  0x000001cd1ca278dc: c5f8 77e8 

  0x000001cd1ca278e0: ; ImmutableOopMap {rbp=Oop [40]=NarrowOop [56]=Oop [72]=Oop [80]=Oop [120]=Oop [128]=Oop [168]=Oop [176]=Oop [184]=Oop [200]=NarrowOop [216]=Oop [232]=Oop [256]=Oop }
                      ;*invokespecial <init> {reexecute=0 rethrow=0 return_oop=0}
                      ; - java.util.jar.JarFile::getManifestFromReference@189
                      ; - java.util.jar.JarFile::getManifest@1
                      ; - jdk.internal.loader.URLClassPath$JarLoader$2::getManifest@22
                      ; - java.net.URLClassLoader::defineClass@34
                      ; - java.net.URLClassLoader$1::run@43
                      ; - java.net.URLClassLoader$1::run@1
                      ; - java.security.AccessController::executePrivileged@29
                      ; - java.security.AccessController::doPrivileged@13
                      ; - java.net.URLClassLoader::findClass@13
                      ; - java.lang.ClassLoader::loadClass@69
                      ; - java.lang.ClassLoader::loadClass@38
  0x000001cd1ca278e0: 1c88 d2ef 

  0x000001cd1ca278e4: ;   {other}
  0x000001cd1ca278e4: 0f1f 8400 | 544e 003d | 4180 7f40 | 000f 85b0 | 0a00 004c | 8b84 24d8 | 0000 004d | 8bd0 4c8b 
  0x000001cd1ca27904: cd4d 8bd9 | 49c1 eb03 | 4589 5828 | 4d8b d94d | 33da 49c1 | eb16 4d85 | db74 1949 | c1ea 094c 
  0x000001cd1ca27924: 8b84 2420 | 0100 004d | 03c2 4180 | 3802 0f85 | ae0a 0000 | 4c8b 9424 | e800 0000 | 4c89 9424 
  0x000001cd1ca27944: 9800 0000 | e928 d9ff | ff41 bb2f | 0000 00e9 | ccde ffff | 458b c2e9 | 93e4 ffff | 4889 4424 
  0x000001cd1ca27964: 50e9 90bc | ffff 4c89 | 5424 2048 | 8b6c 2478 | 4c8b 9424 | b000 0000 | 4c89 5424 | 3866 6690 
  0x000001cd1ca27984: ;   {static_call}
  0x000001cd1ca27984: c5f8 77e8 

  0x000001cd1ca27988: ; ImmutableOopMap {rbp=Oop [32]=Oop [56]=Oop [72]=Oop [80]=Oop [104]=Oop [176]=Oop }
                      ;*invokestatic isModuleSystemInited {reexecute=0 rethrow=0 return_oop=0}
                      ; - jdk.internal.loader.BuiltinClassLoader::loadClassOrNull@45
                      ; - jdk.internal.loader.BuiltinClassLoader::loadClass@3
                      ; - java.lang.ClassLoader::loadClass@38
  0x000001cd1ca27988: f476 79ff 

  0x000001cd1ca2798c: ;   {other}
  0x000001cd1ca2798c: 0f1f 8400 | fc4e 003e | 85c0 0f84 | 8701 0000 | 488b d54c | 8b44 2420 | 4c8b 4c24 | 384c 894c 
  0x000001cd1ca279ac: 2460 6690 

  0x000001cd1ca279b0: ;   {optimized virtual_call}
  0x000001cd1ca279b0: c5f8 77e8 

  0x000001cd1ca279b4: ; ImmutableOopMap {rbp=Oop [72]=Oop [80]=Oop [96]=Oop [104]=Oop [176]=Oop }
                      ;*invokevirtual findClassInModuleOrNull {reexecute=0 rethrow=0 return_oop=1}
                      ; - jdk.internal.loader.BuiltinClassLoader::loadClassOrNull@55
                      ; - jdk.internal.loader.BuiltinClassLoader::loadClass@3
                      ; - java.lang.ClassLoader::loadClass@38
  0x000001cd1ca279b4: c870 79ff 

  0x000001cd1ca279b8: ;   {other}
  0x000001cd1ca279b8: 0f1f 8400 | 284f 003f | 488b d8e9 | 2dec ffff | 458b d3e9 | 88c8 ffff | 458b d3e9 | cdd3 ffff 
  0x000001cd1ca279d8: 4889 4424 | 20e9 4bc2 | ffff 4889 | 4424 20e9 | 9dbe ffff | 4889 7c24 | 3889 4c24 | 2489 5c24 
  0x000001cd1ca279f8: 2044 8994 | 249c 0000 | 0044 8984 | 24c0 0000 | 004c 898c | 2480 0000 | 0033 ede9 | 76db ffff 
  0x000001cd1ca27a18: 4c89 5424 | 2048 8bac | 24a0 0000 | 004c 8b94 | 24b0 0000 | 004c 8954 | 2458 6690 

  0x000001cd1ca27a34: ;   {static_call}
  0x000001cd1ca27a34: c5f8 77e8 

  0x000001cd1ca27a38: ; ImmutableOopMap {rbp=Oop [32]=Oop [40]=NarrowOop [72]=Oop [80]=Oop [88]=Oop [120]=Oop [168]=Oop [176]=Oop [184]=Oop }
                      ;*invokestatic isModuleSystemInited {reexecute=0 rethrow=0 return_oop=0}
                      ; - jdk.internal.loader.BuiltinClassLoader::loadClassOrNull@45
                      ; - jdk.internal.loader.BuiltinClassLoader::loadClass@3
                      ; - java.lang.ClassLoader::loadClass@38
                      ; - java.lang.ClassLoader::loadClass@38
  0x000001cd1ca27a38: 4476 79ff 

  0x000001cd1ca27a3c: ;   {other}
  0x000001cd1ca27a3c: 0f1f 8400 | ac4f 0040 | 85c0 0f84 | ed00 0000 | 488b d54c | 8b44 2420 | 4c8b 4c24 | 584c 894c 
  0x000001cd1ca27a5c: 2470 4c89 | 8c24 8800 | 0000 4c8b | 9424 a800 | 0000 4c89 | 9424 9800 | 0000 6690 

  0x000001cd1ca27a78: ;   {optimized virtual_call}
  0x000001cd1ca27a78: c5f8 77e8 

  0x000001cd1ca27a7c: ; ImmutableOopMap {rbp=Oop [40]=NarrowOop [72]=Oop [80]=Oop [112]=Oop [120]=Oop [136]=Oop [152]=Oop [168]=Oop [176]=Oop [184]=Oop }
                      ;*invokevirtual findClassInModuleOrNull {reexecute=0 rethrow=0 return_oop=1}
                      ; - jdk.internal.loader.BuiltinClassLoader::loadClassOrNull@55
                      ; - jdk.internal.loader.BuiltinClassLoader::loadClass@3
                      ; - java.lang.ClassLoader::loadClass@38
                      ; - java.lang.ClassLoader::loadClass@38
  0x000001cd1ca27a7c: 0070 79ff 

  0x000001cd1ca27a80: ;   {other}
  0x000001cd1ca27a80: 0f1f 8400 | f04f 0041 | 488b d8e9 | ebcd ffff | 4c89 4424 | 204c 8994 | 24a8 0000 | 0049 8bd0 
  0x000001cd1ca27aa0: 41b8 0100 | 0000 4c8b | 9424 b000 | 0000 4c89 | 5424 584c | 8b94 24a8 | 0000 004c | 8994 24a0 
  0x000001cd1ca27ac0: 0000 0090 

  0x000001cd1ca27ac4: ;   {optimized virtual_call}
  0x000001cd1ca27ac4: c5f8 77e8 

  0x000001cd1ca27ac8: ; ImmutableOopMap {rbp=NarrowOop [32]=Oop [40]=NarrowOop [72]=Oop [80]=Oop [88]=Oop [120]=Oop [128]=Oop [160]=Oop [168]=Oop [176]=Oop [184]=Oop [200]=NarrowOop [256]=Oop }
                      ;*invokevirtual getManifestName {reexecute=0 rethrow=0 return_oop=1}
                      ; - java.util.zip.ZipFile$1::getManifestName@2
                      ; - java.util.jar.JarFile::maybeInstantiateVerifier@20
                      ; - java.util.jar.JarFile::ensureInitialization@1
                      ; - java.util.jar.JavaUtilJarAccessImpl::ensureInitialization@1
                      ; - jdk.internal.loader.URLClassPath$JarLoader$2::getManifest@10
                      ; - java.net.URLClassLoader::defineClass@34
                      ; - java.net.URLClassLoader$1::run@43
                      ; - java.net.URLClassLoader$1::run@1
                      ; - java.security.AccessController::executePrivileged@29
                      ; - java.security.AccessController::doPrivileged@13
                      ; - java.net.URLClassLoader::findClass@13
                      ; - java.lang.ClassLoader::loadClass@69
                      ; - java.lang.ClassLoader::loadClass@38
  0x000001cd1ca27ac8: 3473 d6ef 

  0x000001cd1ca27acc: ;   {other}
  0x000001cd1ca27acc: 0f1f 8400 | 3c50 0042 | 4885 c00f | 85a1 4800 | 0045 8864 | ec12 453b | 64ec 300f | 85ff 1300 
  0x000001cd1ca27aec: 004c 8b94 | 24a0 0000 | 004c 8b44 | 2420 e95f | d6ff ff4d | 8944 dc20 | e954 d7ff | ff48 8944 
  0x000001cd1ca27b0c: 2420 e9ba | c3ff ff45 | 33c9 e954 | d1ff ff49 | 8bd0 e925 | ddff ff33 | dbe9 cbea | ffff 49b8 
  0x000001cd1ca27b2c: 0000 1e2b | cd01 0000 | e99b cfff | ff33 dbe9 | 3bcd ffff | 48b9 0000 | 1e2b cd01 | 0000 41b8 
  0x000001cd1ca27b4c: ffff ffff | e9a1 e2ff 

  0x000001cd1ca27b54: ;   {oop(""{0x00000006004efcf0})}
  0x000001cd1ca27b54: ff48 bbf0 | fc4e 0006 | 0000 00e9 | 38e5 ffff | 488b 5c24 | 7044 8b5b | 1445 85db | 0f84 f2e4 
  0x000001cd1ca27b74: ffff 4d8b | 4728 498b | cb48 c1e1 | 034d 85c0 | 0f84 8c29 | 0000 4d8b | 5f38 4b89 | 4c03 f849 
  0x000001cd1ca27b94: 83c0 f84d | 8947 28e9 | c8e4 ffff | 4d8b 5748 | 4d8b 5f58 | f083 4424 | c000 4180 | 3800 0f84 
  0x000001cd1ca27bb4: e0e4 ffff | 4588 204d | 85d2 7523 | 498b c849 | 8bd7 c5f8 | 7749 ba00 | a441 effc | 7f00 0041 
  0x000001cd1ca27bd4: ;   {other}
  0x000001cd1ca27bd4: ffd2 0f1f | 8400 0000 | 0000 e9b5 | e4ff ff4f | 8944 13f8 | 4983 c2f8 | 4d89 5748 | e9a3 e4ff 
  0x000001cd1ca27bf4: ff49 ba00 | 001e 2bcd | 0100 004c | 8994 24e0 | 0000 0041 | baff ffff | ffe9 46c6 

  0x000001cd1ca27c10: ;   {oop(""{0x00000006004efcf0})}
  0x000001cd1ca27c10: ffff 49b9 | f0fc 4e00 | 0600 0000 | e912 c9ff | ff48 897c | 2438 894c | 2424 895c | 2420 4489 
  0x000001cd1ca27c30: 9424 9c00 | 0000 4489 | 8424 c000 | 0000 4c89 | 8c24 8000 | 0000 41ba | 0100 0000 | 443b 9424 
  0x000001cd1ca27c50: 9c00 0000 | 7d3f 4c8b | 5c24 3847 | 0fbe 4413 | 1041 83f8 | 2e0f 8479 | 1200 0041 | ffc2 443b 
  0x000001cd1ca27c70: 9424 9c00 | 0000 7cde | 4c8b 9c24 | b000 0000 | 4c8b 8c24 | 8000 0000 | 448b 8424 | c000 0000 
  0x000001cd1ca27c90: e928 dcff | ff4c 8b9c | 24b0 0000 | 004c 8b8c | 2480 0000 | 0044 8b84 | 24c0 0000 | 00e9 0bdc 
  0x000001cd1ca27cb0: ;   {oop(""{0x00000006004efcf0})}
  0x000001cd1ca27cb0: ffff 49b8 | f0fc 4e00 | 0600 0000 | e9d0 d3ff | ff49 8bda | 4d8b d04c | 63c5 4d8d | 4810 498b 
  0x000001cd1ca27cd0: c948 83e1 | f848 8bfb | 4803 f949 | c1e9 034d | 2bd1 498b | ca48 33c0 | 4883 f908 | 7f10 48ff 
  0x000001cd1ca27cf0: c978 4f48 | 8904 cf48 | ffc9 7df7 | eb44 c5fd | efc0 e90d | 0000 00c5 | fe7f 07c5 | fe7f 4720 
  0x000001cd1ca27d10: 4883 c740 | 4883 e908 | 7ded 4883 | c104 7c0c | c5fe 7f07 | 4883 c720 | 4883 e904 | 4883 c104 
  0x000001cd1ca27d30: 7e10 48ff | c9c5 f9d6 | 0748 83c7 | 0848 ffc9 | 7df3 488b | 4c24 38c5 | f877 49ba | c044 1a1c 
  0x000001cd1ca27d50: cd01 0000 

  0x000001cd1ca27d54: ;   {other}
  0x000001cd1ca27d54: 41ff d20f | 1f84 0000 | 0000 004c | 8bd3 e9f1 | e2ff ff4c | 8b8c 2488 | 0000 0045 | 8b51 1445 
  0x000001cd1ca27d74: 85d2 0f84 | 7cc7 ffff | 4d8b 5f28 | 498b ca48 | c1e1 034d | 85db 0f84 | 3835 0000 | 488b bc24 
  0x000001cd1ca27d94: 8800 0000 | 4d8b 5738 | 4b89 4c1a | f849 83c3 | f84d 895f | 284c 8bcf | e947 c7ff | ff4d 8b57 
  0x000001cd1ca27db4: 484d 8b5f | 58f0 8344 | 24c0 0080 | 3900 0f84 | 67c7 ffff | 4488 214d | 85d2 7526 | 498b d949 
  0x000001cd1ca27dd4: 8bd7 c5f8 | 7749 ba00 | a441 effc | 7f00 0041 

  0x000001cd1ca27de4: ;   {other}
  0x000001cd1ca27de4: ffd2 0f1f | 8400 0000 | 0000 4c8b | cbe9 39c7 | ffff 4b89 | 4c13 f849 | 83c2 f84d | 8957 48e9 
  0x000001cd1ca27e04: 27c7 ffff | 33c0 e99b | e2ff ff85 | ed0f 841d | d4ff ff4d | 8b47 2848 | 8bcd 48c1 | e103 4d85 
  0x000001cd1ca27e24: c00f 84c5 | 3400 0049 | 8bf3 498b | fa4d 8b57 | 384b 894c | 02f8 4983 | c0f8 4d89 | 4728 4c8b 
  0x000001cd1ca27e44: d74c 8bde | e9e7 d3ff | ff4c 8b84 | 24d0 0000 | 0045 8b50 | 1445 85d2 | 0f84 f4d1 | ffff 4d8b 
  0x000001cd1ca27e64: 5f28 498b | ca48 c1e1 | 034d 85db | 0f84 be35 | 0000 488b | bc24 d000 | 0000 4d8b | 5738 4b89 
  0x000001cd1ca27e84: 4c1a f849 | 83c3 f84d | 895f 284c | 8bc7 e9bf | d1ff ff4d | 8b57 584d | 8b5f 48f0 | 8344 24c0 
  0x000001cd1ca27ea4: 0080 3900 | 0f84 dfd1 | ffff 4488 | 214d 85db | 7526 498b | d849 8bd7 | c5f8 7749 | ba00 a441 
  0x000001cd1ca27ec4: effc 7f00 | 0041 ffd2 

  0x000001cd1ca27ecc: ;   {other}
  0x000001cd1ca27ecc: 0f1f 8400 | 0000 0000 | 4c8b c3e9 | b1d1 ffff | 4b89 4c1a | f849 83c3 | f84d 895f | 48e9 9fd1 
  0x000001cd1ca27eec: ffff 4533 | d24c 8994 | 2498 0000 | 00e9 77d3 | ffff 4c63 | c54d 8d58 | 104d 8bcb | 4983 e1f8 
  0x000001cd1ca27f0c: 488b fb49 | 03f9 49c1 | eb03 4d2b | d349 8bca | 4833 c048 | 83f9 087f | 1048 ffc9 | 784f 4889 
  0x000001cd1ca27f2c: 04cf 48ff | c97d f7eb | 44c5 fdef | c0e9 0d00 | 0000 c5fe | 7f07 c5fe | 7f47 2048 | 83c7 4048 
  0x000001cd1ca27f4c: 83e9 087d | ed48 83c1 | 047c 0cc5 | fe7f 0748 | 83c7 2048 | 83e9 0448 | 83c1 047e | 1048 ffc9 
  0x000001cd1ca27f6c: c5f9 d607 | 4883 c708 | 48ff c97d | f348 8b4c | 2438 c5f8 | 7749 bac0 | 441a 1ccd | 0100 0041 
  0x000001cd1ca27f8c: ;   {other}
  0x000001cd1ca27f8c: ffd2 0f1f | 8400 0000 | 0000 e94a | c5ff ff4c | 63c5 4d8d | 4810 4d8b | d949 83e3 | f848 8bfb 
  0x000001cd1ca27fac: 4903 fb49 | c1e9 034d | 2bd1 498b | ca48 33c0 | 4883 f908 | 7f10 48ff | c978 4f48 | 8904 cf48 
  0x000001cd1ca27fcc: ffc9 7df7 | eb44 c5fd | efc0 e90d | 0000 00c5 | fe7f 07c5 | fe7f 4720 | 4883 c740 | 4883 e908 
  0x000001cd1ca27fec: 7ded 4883 | c104 7c0c | c5fe 7f07 | 4883 c720 | 4883 e904 | 4883 c104 | 7e10 48ff | c9c5 f9d6 
  0x000001cd1ca2800c: 0748 83c7 | 0848 ffc9 | 7df3 488b | 4c24 58c5 | f877 49ba | c044 1a1c | cd01 0000 

  0x000001cd1ca28028: ;   {other}
  0x000001cd1ca28028: 41ff d20f | 1f84 0000 | 0000 00e9 | 0bd0 ffff | 33c0 e900 | c5ff ff48 | 8b94 24b8 | 0000 004c 
  0x000001cd1ca28048: 8b84 2400 | 0100 0045 | 33c9 33ff | 33f6 33c9 | 4533 d24c | 8914 244c | 8954 2408 | 4c89 5424 
  0x000001cd1ca28068: 1066 6690 

  0x000001cd1ca2806c: ;   {optimized virtual_call}
  0x000001cd1ca2806c: c5f8 77e8 

  0x000001cd1ca28070: ; ImmutableOopMap {[32]=Oop [40]=NarrowOop [72]=Oop [80]=Oop [88]=Oop [120]=Oop [128]=Oop [168]=Oop [176]=Oop [184]=Oop [200]=NarrowOop [256]=Oop }
                      ;*invokevirtual definePackage {reexecute=0 rethrow=0 return_oop=1}
                      ; - java.net.URLClassLoader::defineClass@81
                      ; - java.net.URLClassLoader$1::run@43
                      ; - java.net.URLClassLoader$1::run@1
                      ; - java.security.AccessController::executePrivileged@29
                      ; - java.security.AccessController::doPrivileged@13
                      ; - java.net.URLClassLoader::findClass@13
                      ; - java.lang.ClassLoader::loadClass@69
                      ; - java.lang.ClassLoader::loadClass@38
  0x000001cd1ca28070: 0c6a 79ff 

  0x000001cd1ca28074: ;   {other}
  0x000001cd1ca28074: 0f1f 8400 | e455 0043 | e954 d2ff | ff44 895c 

  0x000001cd1ca28084: ;   {metadata('java/lang/Object')}
  0x000001cd1ca28084: 242c 48ba | 900e 003b | cd01 0000 | 488b 6c24 | 484c 8944 | 2440 6690 

  0x000001cd1ca2809c: ;   {runtime_call _new_instance_Java}
  0x000001cd1ca2809c: c5f8 77e8 

  0x000001cd1ca280a0: ; ImmutableOopMap {rbp=Oop [44]=NarrowOop [64]=Oop [72]=Oop [176]=Oop }
                      ;*new {reexecute=0 rethrow=0 return_oop=1}
                      ; - java.lang.ClassLoader::getClassLoadingLock@9
                      ; - java.lang.ClassLoader::loadClass@2
  0x000001cd1ca280a0: dce3 85ff 

  0x000001cd1ca280a4: ;   {other}
  0x000001cd1ca280a4: 0f1f 8400 | 1456 0044 | e90d b5ff | ff4c 8bc5 | 41c6 4011 | 0133 c0e9 | eadf ffff | 4d8b cb45 
  0x000001cd1ca280c4: 8bdd e9c5 | c7ff ff4c | 8994 24b8 | 0000 0044 | 8944 2428 

  0x000001cd1ca280d8: ;   {metadata('java/lang/Object')}
  0x000001cd1ca280d8: 48ba 900e | 003b cd01 | 0000 4c8b | 9424 b000 | 0000 4c89 | 5424 384c | 8b94 24b8 | 0000 004c 
  0x000001cd1ca280f8: 8954 2460 

  0x000001cd1ca280fc: ;   {runtime_call _new_instance_Java}
  0x000001cd1ca280fc: c5f8 77e8 

  0x000001cd1ca28100: ; ImmutableOopMap {rbp=NarrowOop [40]=NarrowOop [56]=Oop [72]=Oop [80]=Oop [96]=Oop [176]=Oop [184]=Oop }
                      ;*new {reexecute=0 rethrow=0 return_oop=1}
                      ; - java.lang.ClassLoader::getClassLoadingLock@9
                      ; - java.lang.ClassLoader::loadClass@2
                      ; - java.lang.ClassLoader::loadClass@38
  0x000001cd1ca28100: 7ce3 85ff 

  0x000001cd1ca28104: ;   {other}
  0x000001cd1ca28104: 0f1f 8400 | 7456 0045 | e9e7 baff | ff4c 8954 

  0x000001cd1ca28114: ;   {metadata('java/lang/Object')}
  0x000001cd1ca28114: 2478 48ba | 900e 003b | cd01 0000 | 4c8b 9424 | b000 0000 | 4c89 5424 | 284c 8b54 | 2478 4c89 
  0x000001cd1ca28134: 5424 6890 

  0x000001cd1ca28138: ;   {runtime_call _new_instance_Java}
  0x000001cd1ca28138: c5f8 77e8 

  0x000001cd1ca2813c: ; ImmutableOopMap {rbp=NarrowOop [40]=Oop [72]=Oop [80]=Oop [104]=Oop [120]=Oop [176]=Oop }
                      ;*new {reexecute=0 rethrow=0 return_oop=1}
                      ; - java.lang.ClassLoader::getClassLoadingLock@9
                      ; - jdk.internal.loader.BuiltinClassLoader::loadClassOrNull@2
                      ; - jdk.internal.loader.BuiltinClassLoader::loadClass@3
                      ; - java.lang.ClassLoader::loadClass@38
  0x000001cd1ca2813c: 40e3 85ff 

  0x000001cd1ca28140: ;   {other}
  0x000001cd1ca28140: 0f1f 8400 | b056 0046 | e905 b7ff | ff4d 8bcb | 458b dde9 | 38c7 ffff 

  0x000001cd1ca28158: ;   {metadata('java/lang/ClassNotFoundException')}
  0x000001cd1ca28158: 48ba 8893 | 063b cd01 | 0000 488b | 6c24 484c | 8b94 24b0 | 0000 004c | 8954 2420 

  0x000001cd1ca28174: ;   {runtime_call _new_instance_Java}
  0x000001cd1ca28174: c5f8 77e8 

  0x000001cd1ca28178: ; ImmutableOopMap {rbp=Oop [32]=Oop [72]=Oop [80]=Oop [176]=Oop }
                      ;*new {reexecute=0 rethrow=0 return_oop=1}
                      ; - jdk.internal.loader.BuiltinClassLoader::loadClass@11
                      ; - java.lang.ClassLoader::loadClass@38
  0x000001cd1ca28178: 04e3 85ff 

  0x000001cd1ca2817c: ;   {other}
  0x000001cd1ca2817c: 0f1f 8400 | ec56 0047 | e95d e5ff | ff45 0fb6 | 5cec 1145 | 85db 0f85 | c6cf ffff | 4c89 4424 
  0x000001cd1ca2819c: 204c 8994 | 24a8 0000 | 004c 8b94 | 24b0 0000 | 004c 8954 | 2458 4c8b | 9424 a800 | 0000 4c89 
  0x000001cd1ca281bc: 9424 a000 | 0000 6690 

  0x000001cd1ca281c4: ;   {static_call}
  0x000001cd1ca281c4: c5f8 77e8 

  0x000001cd1ca281c8: ; ImmutableOopMap {rbp=NarrowOop [32]=Oop [40]=NarrowOop [72]=Oop [80]=Oop [88]=Oop [120]=Oop [128]=Oop [160]=Oop [168]=Oop [176]=Oop [184]=Oop [200]=NarrowOop [256]=Oop }
                      ;*invokestatic beginInit {reexecute=0 rethrow=0 return_oop=1}
                      ; - java.util.jar.JarFile::ensureInitialization@31
                      ; - java.util.jar.JavaUtilJarAccessImpl::ensureInitialization@1
                      ; - jdk.internal.loader.URLClassPath$JarLoader$2::getManifest@10
                      ; - java.net.URLClassLoader::defineClass@34
                      ; - java.net.URLClassLoader$1::run@43
                      ; - java.net.URLClassLoader$1::run@1
                      ; - java.security.AccessController::executePrivileged@29
                      ; - java.security.AccessController::doPrivileged@13
                      ; - java.net.URLClassLoader::findClass@13
                      ; - java.lang.ClassLoader::loadClass@69
                      ; - java.lang.ClassLoader::loadClass@38
  0x000001cd1ca281c8: b46e 79ff 

  0x000001cd1ca281cc: ;   {other}
  0x000001cd1ca281cc: 0f1f 8400 | 3c57 0048 | 4889 4424 | 3848 8b54 | 2420 6690 

  0x000001cd1ca281e0: ;   {optimized virtual_call}
  0x000001cd1ca281e0: c5f8 77e8 

  0x000001cd1ca281e4: ; ImmutableOopMap {rbp=NarrowOop [32]=Oop [40]=NarrowOop [56]=Oop [72]=Oop [80]=Oop [88]=Oop [120]=Oop [128]=Oop [160]=Oop [168]=Oop [176]=Oop [184]=Oop [200]=NarrowOop [256]=Oop }
                      ;*invokevirtual initializeVerifier {reexecute=0 rethrow=0 return_oop=0}
                      ; - java.util.jar.JarFile::ensureInitialization@36
                      ; - java.util.jar.JavaUtilJarAccessImpl::ensureInitialization@1
                      ; - jdk.internal.loader.URLClassPath$JarLoader$2::getManifest@10
                      ; - java.net.URLClassLoader::defineClass@34
                      ; - java.net.URLClassLoader$1::run@43
                      ; - java.net.URLClassLoader$1::run@1
                      ; - java.security.AccessController::executePrivileged@29
                      ; - java.security.AccessController::doPrivileged@13
                      ; - java.net.URLClassLoader::findClass@13
                      ; - java.lang.ClassLoader::loadClass@69
                      ; - java.lang.ClassLoader::loadClass@38
  0x000001cd1ca281e4: 9868 79ff 

  0x000001cd1ca281e8: ;   {other}
  0x000001cd1ca281e8: 0f1f 8400 | 5857 0049 | 41c6 44ec | 1101 488b | 5424 3848 | 8b6c 2448 | 4c8b 5424 | 584c 8954 
  0x000001cd1ca28208: 2438 4c8b | 9424 a000 | 0000 4c89 | 9424 9800 | 0000 6690 

  0x000001cd1ca2821c: ;   {static_call}
  0x000001cd1ca2821c: c5f8 77e8 

  0x000001cd1ca28220: ; ImmutableOopMap {rbp=Oop [32]=Oop [40]=NarrowOop [56]=Oop [72]=Oop [80]=Oop [120]=Oop [128]=Oop [152]=Oop [168]=Oop [176]=Oop [184]=Oop [200]=NarrowOop [256]=Oop }
                      ;*invokestatic endInit {reexecute=0 rethrow=0 return_oop=0}
                      ; - java.util.jar.JarFile::ensureInitialization@45
                      ; - java.util.jar.JavaUtilJarAccessImpl::ensureInitialization@1
                      ; - jdk.internal.loader.URLClassPath$JarLoader$2::getManifest@10
                      ; - java.net.URLClassLoader::defineClass@34
                      ; - java.net.URLClassLoader$1::run@43
                      ; - java.net.URLClassLoader$1::run@1
                      ; - java.security.AccessController::executePrivileged@29
                      ; - java.security.AccessController::doPrivileged@13
                      ; - java.net.URLClassLoader::findClass@13
                      ; - java.lang.ClassLoader::loadClass@69
                      ; - java.lang.ClassLoader::loadClass@38
  0x000001cd1ca28220: 5c6e 79ff 

  0x000001cd1ca28224: ;   {other}
  0x000001cd1ca28224: 0f1f 8400 | 9457 004a | 4c8b 9424 | 9800 0000 | 4c8b 4424 | 20e9 20cf | ffff 4489 | 4424 2448 
  0x000001cd1ca28244: 894c 2428 

  0x000001cd1ca28248: ;   {metadata('java/lang/String')}
  0x000001cd1ca28248: 48ba 78e8 | 003b cd01 | 0000 4c8b | 9424 b000 | 0000 4c89 | 5424 5890 

  0x000001cd1ca28260: ;   {runtime_call _new_instance_Java}
  0x000001cd1ca28260: c5f8 77e8 

  0x000001cd1ca28264: ; ImmutableOopMap {rbp=Oop [72]=Oop [80]=Oop [88]=Oop [104]=Oop [120]=Oop [128]=NarrowOop [176]=Oop }
                      ;*new {reexecute=0 rethrow=0 return_oop=1}
                      ; - java.lang.StringLatin1::newString@7
                      ; - java.lang.String::substring@41
                      ; - jdk.internal.loader.BuiltinClassLoader::findLoadedModule@16
                      ; - jdk.internal.loader.BuiltinClassLoader::loadClassOrNull@22
                      ; - jdk.internal.loader.BuiltinClassLoader::loadClass@3
                      ; - java.lang.ClassLoader::loadClass@38
  0x000001cd1ca28264: 18e2 85ff 

  0x000001cd1ca28268: ;   {other}
  0x000001cd1ca28268: 0f1f 8400 | d857 004b | 488b 4c24 | 2844 8b44 | 2424 4c8b | c8e9 d9db 

  0x000001cd1ca28280: ;   {metadata({type array byte})}
  0x000001cd1ca28280: ffff 48ba | 1823 003b | cd01 0000 | 448b c548 | 8b6c 2448 | 4c8b 9424 | b000 0000 | 4c89 5424 
  0x000001cd1ca282a0: 384c 898c | 24c0 0000 | 0066 6690 

  0x000001cd1ca282ac: ;   {runtime_call _new_array_Java}
  0x000001cd1ca282ac: c5f8 77e8 

  0x000001cd1ca282b0: ; ImmutableOopMap {rbp=Oop [40]=NarrowOop [56]=Oop [72]=Oop [80]=Oop [120]=Oop [128]=Oop [136]=Oop [152]=Oop [176]=Oop [184]=Oop }
                      ;*invokevirtual allocateUninitializedArray0 {reexecute=0 rethrow=0 return_oop=1}
                      ; - jdk.internal.misc.Unsafe::allocateUninitializedArray@51
                      ; - java.lang.StringConcatHelper::newArray@33
                      ; - java.lang.StringConcatHelper::simpleConcat@61
                      ; - java.lang.String::concat@11
                      ; - java.net.URLClassLoader$1::run@13
                      ; - java.net.URLClassLoader$1::run@1
                      ; - java.security.AccessController::executePrivileged@29
                      ; - java.security.AccessController::doPrivileged@13
                      ; - java.net.URLClassLoader::findClass@13
                      ; - java.lang.ClassLoader::loadClass@69
                      ; - java.lang.ClassLoader::loadClass@38
  0x000001cd1ca282b0: 4cb8 85ff 

  0x000001cd1ca282b4: ;   {other}
  0x000001cd1ca282b4: 0f1f 8400 | 2458 004c | 4c8b d0e9 | 0bd7 ffff 

  0x000001cd1ca282c4: ;   {metadata('java/lang/String')}
  0x000001cd1ca282c4: 498b ea48 | ba78 e800 | 3bcd 0100 | 004c 8b94 | 24b0 0000 | 004c 8954 | 2438 6690 

  0x000001cd1ca282e0: ;   {runtime_call _new_instance_Java}
  0x000001cd1ca282e0: c5f8 77e8 

  0x000001cd1ca282e4: ; ImmutableOopMap {rbp=Oop [40]=NarrowOop [56]=Oop [72]=Oop [80]=Oop [120]=Oop [128]=Oop [176]=Oop [184]=Oop }
                      ;*new {reexecute=0 rethrow=0 return_oop=1}
                      ; - java.lang.StringConcatHelper::newString@6
                      ; - java.lang.StringConcatHelper::simpleConcat@90
                      ; - java.lang.String::concat@11
                      ; - java.net.URLClassLoader$1::run@13
                      ; - java.net.URLClassLoader$1::run@1
                      ; - java.security.AccessController::executePrivileged@29
                      ; - java.security.AccessController::doPrivileged@13
                      ; - java.net.URLClassLoader::findClass@13
                      ; - java.lang.ClassLoader::loadClass@69
                      ; - java.lang.ClassLoader::loadClass@38
  0x000001cd1ca282e4: 98e1 85ff 

  0x000001cd1ca282e8: ;   {other}
  0x000001cd1ca282e8: 0f1f 8400 | 5858 004d | 4c8b d5e9 | c6d7 ffff | 4c8b cd41 | c641 1101 | 33c0 e938 

  0x000001cd1ca28304: ;   {metadata('java/lang/ClassNotFoundException')}
  0x000001cd1ca28304: c2ff ff48 | ba88 9306 | 3bcd 0100 | 0048 8b6c | 2448 4c8b | 9424 b000 | 0000 4c89 | 5424 2090 
  0x000001cd1ca28324: ;   {runtime_call _new_instance_Java}
  0x000001cd1ca28324: c5f8 77e8 

  0x000001cd1ca28328: ; ImmutableOopMap {rbp=Oop [32]=Oop [72]=Oop [80]=Oop [120]=Oop [176]=Oop [184]=Oop }
                      ;*new {reexecute=0 rethrow=0 return_oop=1}
                      ; - java.net.URLClassLoader::findClass@36
                      ; - java.lang.ClassLoader::loadClass@69
                      ; - java.lang.ClassLoader::loadClass@38
  0x000001cd1ca28328: 54e1 85ff 

  0x000001cd1ca2832c: ;   {other}
  0x000001cd1ca2832c: 0f1f 8400 | 9c58 004e | e908 d9ff 

  0x000001cd1ca28338: ;   {metadata({type array byte})}
  0x000001cd1ca28338: ff48 ba18 | 2300 3bcd | 0100 0044 | 8b84 249c | 0000 004c | 8b94 24b0 | 0000 004c | 8954 2458 
  0x000001cd1ca28358: ;   {runtime_call _new_array_Java}
  0x000001cd1ca28358: c5f8 77e8 

  0x000001cd1ca2835c: ; ImmutableOopMap {[40]=NarrowOop [56]=Oop [72]=Oop [80]=Oop [88]=Oop [120]=Oop [128]=Oop [176]=Oop [184]=Oop [192]=NarrowOop }
                      ;*invokevirtual allocateUninitializedArray0 {reexecute=0 rethrow=0 return_oop=1}
                      ; - jdk.internal.misc.Unsafe::allocateUninitializedArray@51
                      ; - java.lang.StringConcatHelper::newArray@33
                      ; - java.lang.StringLatin1::replace@49
                      ; - java.lang.String::replace@18
                      ; - java.net.URLClassLoader$1::run@8
                      ; - java.net.URLClassLoader$1::run@1
                      ; - java.security.AccessController::executePrivileged@29
                      ; - java.security.AccessController::doPrivileged@13
                      ; - java.net.URLClassLoader::findClass@13
                      ; - java.lang.ClassLoader::loadClass@69
                      ; - java.lang.ClassLoader::loadClass@38
  0x000001cd1ca2835c: a0b7 85ff 

  0x000001cd1ca28360: ;   {other}
  0x000001cd1ca28360: 0f1f 8400 | d058 004f | 4c8b c0e9 | acd2 ffff 

  0x000001cd1ca28370: ;   {metadata('java/lang/String')}
  0x000001cd1ca28370: 488b ea48 | ba78 e800 | 3bcd 0100 | 004c 8b94 | 24b0 0000 | 004c 8954 | 2438 6690 

  0x000001cd1ca2838c: ;   {runtime_call _new_instance_Java}
  0x000001cd1ca2838c: c5f8 77e8 

  0x000001cd1ca28390: ; ImmutableOopMap {rbp=Oop [40]=NarrowOop [56]=Oop [72]=Oop [80]=Oop [120]=Oop [128]=Oop [176]=Oop [184]=Oop }
                      ;*new {reexecute=0 rethrow=0 return_oop=1}
                      ; - java.lang.StringLatin1::replace@116
                      ; - java.lang.String::replace@18
                      ; - java.net.URLClassLoader$1::run@8
                      ; - java.net.URLClassLoader$1::run@1
                      ; - java.security.AccessController::executePrivileged@29
                      ; - java.security.AccessController::doPrivileged@13
                      ; - java.net.URLClassLoader::findClass@13
                      ; - java.lang.ClassLoader::loadClass@69
                      ; - java.lang.ClassLoader::loadClass@38
  0x000001cd1ca28390: ece0 85ff 

  0x000001cd1ca28394: ;   {other}
  0x000001cd1ca28394: 0f1f 8400 | 0459 0050 | 488b d548 | 8bd8 e9e1 | d4ff ff4c | 8b84 24d8 | 0000 0045 | 8b58 2845 
  0x000001cd1ca283b4: 85db 0f84 | 43f5 ffff | 4d8b 5728 | 498b cb48 | c1e1 034d | 85d2 0f84 | e03a 0000 | 4d8b 5f38 
  0x000001cd1ca283d4: 4b89 4c13 | f849 83c2 | f84d 8957 | 28e9 19f5 | ffff 4d8b | 5748 4d8b | 5f58 f083 | 4424 c000 
  0x000001cd1ca283f4: 4180 3800 | 0f84 3af5 | ffff 4588 | 204d 85d2 | 7523 498b | c849 8bd7 | c5f8 7749 | ba00 a441 
  0x000001cd1ca28414: effc 7f00 | 0041 ffd2 

  0x000001cd1ca2841c: ;   {other}
  0x000001cd1ca2841c: 0f1f 8400 | 0000 0000 | e90f f5ff | ff4f 8944 | 13f8 4983 | c2f8 4d89 | 5748 e9fd | f4ff ff48 
  0x000001cd1ca2843c: 894c 2420 | 4489 4424 | 284c 894c | 2470 4889 | 5c24 3848 | 8954 2458 | 4c89 5424 

  0x000001cd1ca28458: ;   {metadata({type array byte})}
  0x000001cd1ca28458: 6048 ba18 | 2300 3bcd | 0100 0044 | 8b44 2428 | 4c8b 9424 | b000 0000 | 4c89 9424 | 8000 0000 
  0x000001cd1ca28478: ;   {runtime_call _new_array_nozero_Java}
  0x000001cd1ca28478: c5f8 77e8 

  0x000001cd1ca2847c: ; ImmutableOopMap {rbp=Oop [56]=Derived_oop_rbp [72]=Oop [80]=Oop [104]=Oop [112]=Oop [120]=Oop [128]=Oop [176]=Oop }
                      ;*newarray {reexecute=0 rethrow=0 return_oop=1}
                      ; - java.util.Arrays::copyOfRangeByte@10
                      ; - java.util.Arrays::copyOfRange@13
                      ; - java.lang.StringLatin1::newString@16
                      ; - java.lang.String::substring@41
                      ; - jdk.internal.loader.BuiltinClassLoader::findLoadedModule@16
                      ; - jdk.internal.loader.BuiltinClassLoader::loadClassOrNull@22
                      ; - jdk.internal.loader.BuiltinClassLoader::loadClass@3
                      ; - java.lang.ClassLoader::loadClass@38
  0x000001cd1ca2847c: 80b3 85ff 

  0x000001cd1ca28480: ;   {other}
  0x000001cd1ca28480: 0f1f 8400 | f059 0051 | 448b 5c24 | 284c 8bd0 | e96b dbff | ff4c 899c | 24a0 0000 

  0x000001cd1ca2849c: ;   {metadata('java/lang/Object')}
  0x000001cd1ca2849c: 0048 ba90 | 0e00 3bcd | 0100 004c | 8b94 24b0 | 0000 004c | 8954 2438 | 4c8b 9424 | a000 0000 
  0x000001cd1ca284bc: 4c89 9424 | 9000 0000 

  0x000001cd1ca284c4: ;   {runtime_call _new_instance_Java}
  0x000001cd1ca284c4: c5f8 77e8 

  0x000001cd1ca284c8: ; ImmutableOopMap {rbp=NarrowOop [40]=NarrowOop [56]=Oop [72]=Oop [80]=Oop [120]=Oop [144]=Oop [160]=Oop [176]=Oop [184]=Oop }
                      ;*new {reexecute=0 rethrow=0 return_oop=1}
                      ; - java.lang.ClassLoader::getClassLoadingLock@9
                      ; - jdk.internal.loader.BuiltinClassLoader::loadClassOrNull@2
                      ; - jdk.internal.loader.BuiltinClassLoader::loadClass@3
                      ; - java.lang.ClassLoader::loadClass@38
                      ; - java.lang.ClassLoader::loadClass@38
  0x000001cd1ca284c8: b4df 85ff 

  0x000001cd1ca284cc: ;   {other}
  0x000001cd1ca284cc: 0f1f 8400 | 3c5a 0052 | e9b2 b9ff 

  0x000001cd1ca284d8: ;   {metadata('java/security/CodeSource')}
  0x000001cd1ca284d8: ff48 ba28 | 5c00 3bcd | 0100 0048 | 8b6c 2448 | 4c8b 5424 | 584c 8954 | 2438 448b | 9424 c800 
  0x000001cd1ca284f8: 0000 4489 | 5424 3490 

  0x000001cd1ca28500: ;   {runtime_call _new_instance_Java}
  0x000001cd1ca28500: c5f8 77e8 

  0x000001cd1ca28504: ; ImmutableOopMap {rbp=Oop [32]=Oop [40]=NarrowOop [52]=NarrowOop [56]=Oop [72]=Oop [80]=Oop [120]=Oop [128]=Oop [168]=Oop [176]=Oop [184]=Oop [208]=Oop }
                      ;*new {reexecute=0 rethrow=0 return_oop=1}
                      ; - java.net.URLClassLoader::defineClass@190
                      ; - java.net.URLClassLoader$1::run@43
                      ; - java.net.URLClassLoader$1::run@1
                      ; - java.security.AccessController::executePrivileged@29
                      ; - java.security.AccessController::doPrivileged@13
                      ; - java.net.URLClassLoader::findClass@13
                      ; - java.lang.ClassLoader::loadClass@69
                      ; - java.lang.ClassLoader::loadClass@38
  0x000001cd1ca28504: 78df 85ff 

  0x000001cd1ca28508: ;   {other}
  0x000001cd1ca28508: 0f1f 8400 | 785a 0053 | e984 ceff | ff4c 8944 

  0x000001cd1ca28518: ;   {metadata('java/lang/ClassNotFoundException')}
  0x000001cd1ca28518: 2420 48ba | 8893 063b | cd01 0000 | 4c8b 5424 | 4849 8bea | 4c8b 9424 | b000 0000 | 4c89 5424 
  0x000001cd1ca28538: 3866 6690 

  0x000001cd1ca2853c: ;   {runtime_call _new_instance_Java}
  0x000001cd1ca2853c: c5f8 77e8 

  0x000001cd1ca28540: ; ImmutableOopMap {rbp=Oop [40]=NarrowOop [56]=Oop [72]=Oop [80]=Oop [120]=Oop [176]=Oop [184]=Oop }
                      ;*new {reexecute=0 rethrow=0 return_oop=1}
                      ; - jdk.internal.loader.BuiltinClassLoader::loadClass@11
                      ; - java.lang.ClassLoader::loadClass@38
                      ; - java.lang.ClassLoader::loadClass@38
  0x000001cd1ca28540: 3cdf 85ff 

  0x000001cd1ca28544: ;   {other}
  0x000001cd1ca28544: 0f1f 8400 | b45a 0054 | e97c c6ff 

  0x000001cd1ca28550: ;   {metadata('java/lang/String')}
  0x000001cd1ca28550: ff48 ba78 | e800 3bcd | 0100 004c | 8b94 24b0 | 0000 004c | 8954 2458 

  0x000001cd1ca28568: ;   {runtime_call _new_instance_Java}
  0x000001cd1ca28568: c5f8 77e8 

  0x000001cd1ca2856c: ; ImmutableOopMap {rbp=Oop [40]=NarrowOop [72]=Oop [80]=Oop [88]=Oop [120]=Oop [140]=NarrowOop [160]=Oop [168]=Oop [176]=Oop [184]=Oop }
                      ;*new {reexecute=0 rethrow=0 return_oop=1}
                      ; - java.lang.StringLatin1::newString@7
                      ; - java.lang.String::substring@41
                      ; - jdk.internal.loader.BuiltinClassLoader::findLoadedModule@16
                      ; - jdk.internal.loader.BuiltinClassLoader::loadClassOrNull@22
                      ; - jdk.internal.loader.BuiltinClassLoader::loadClass@3
                      ; - java.lang.ClassLoader::loadClass@38
                      ; - java.lang.ClassLoader::loadClass@38
  0x000001cd1ca2856c: 10df 85ff 

  0x000001cd1ca28570: ;   {other}
  0x000001cd1ca28570: 0f1f 8400 | e05a 0055 | 4c8b d8e9 | 42bd ffff 

  0x000001cd1ca28580: ;   {metadata('java/lang/String')}
  0x000001cd1ca28580: 48ba 78e8 | 003b cd01 | 0000 4c8b | 9424 b000 | 0000 4c89 | 5424 5890 

  0x000001cd1ca28598: ;   {runtime_call _new_instance_Java}
  0x000001cd1ca28598: c5f8 77e8 

  0x000001cd1ca2859c: ; ImmutableOopMap {[40]=NarrowOop [56]=Oop [72]=Oop [80]=Oop [88]=Oop [120]=Oop [128]=Oop [164]=NarrowOop [168]=Oop [176]=Oop [184]=Oop [200]=NarrowOop }
                      ;*new {reexecute=0 rethrow=0 return_oop=1}
                      ; - java.lang.StringLatin1::newString@7
                      ; - java.lang.String::substring@41
                      ; - java.net.URLClassLoader::defineClass@28
                      ; - java.net.URLClassLoader$1::run@43
                      ; - java.net.URLClassLoader$1::run@1
                      ; - java.security.AccessController::executePrivileged@29
                      ; - java.security.AccessController::doPrivileged@13
                      ; - java.net.URLClassLoader::findClass@13
                      ; - java.lang.ClassLoader::loadClass@69
                      ; - java.lang.ClassLoader::loadClass@38
  0x000001cd1ca2859c: e0de 85ff 

  0x000001cd1ca285a0: ;   {other}
  0x000001cd1ca285a0: 0f1f 8400 | 105b 0056 | 4c8b d8e9 | 80c8 ffff | 4c8b 5424 | 484c 8954 | 2420 4c8b | 9424 b000 
  0x000001cd1ca285c0: 0000 4c89 | 5424 284c | 8b54 2450 | 4c89 5424 | 484c 8b54 | 2478 4c89 | 5424 584c | 8b54 2468 
  0x000001cd1ca285e0: 4c89 5424 | 604c 8b54 | 2470 4c89 | 5424 6848 | 8994 2490 | 0000 00ba | deff ffff 

  0x000001cd1ca285fc: ;   {runtime_call UncommonTrapBlob}
  0x000001cd1ca285fc: c5f8 77e8 

  0x000001cd1ca28600: ; ImmutableOopMap {[32]=Oop [40]=Oop [52]=NarrowOop [72]=Oop [88]=Oop [128]=Oop [144]=Oop [152]=Oop [184]=Oop }
                      ;*invokevirtual getResource {reexecute=0 rethrow=0 return_oop=0}
                      ; - jdk.internal.loader.URLClassPath::getResource@53
                      ; - java.net.URLClassLoader$1::run@26
                      ; - java.net.URLClassLoader$1::run@1
                      ; - java.security.AccessController::executePrivileged@29
                      ; - java.security.AccessController::doPrivileged@13
                      ; - java.net.URLClassLoader::findClass@13
                      ; - java.lang.ClassLoader::loadClass@69
                      ; - java.lang.ClassLoader::loadClass@38
  0x000001cd1ca28600: 7cbd 79ff 

  0x000001cd1ca28604: ;   {other}
  0x000001cd1ca28604: 0f1f 8400 | 745b 0057 | 4c8b c345 | 8b50 2c45 | 85d2 0f84 | b8e8 ffff | 4d8b 5f28 | 498b ca48 
  0x000001cd1ca28624: c1e1 034d | 85db 0f84 | c83b 0000 | 4d8b 5738 | 4b89 4c1a | f849 83c3 | f84d 895f | 284c 8bc3 
  0x000001cd1ca28644: e98b e8ff | ff4c 8b94 | 24e0 0000 | 0045 8b52 | 1445 85d2 | 0f84 0dea | ffff 4d8b | 5f28 498b 
  0x000001cd1ca28664: ca48 c1e1 | 034d 85db | 0f84 c63b | 0000 4d8b | 5738 4b89 | 4c1a f849 | 83c3 f84d | 895f 28e9 
  0x000001cd1ca28684: e3e9 ffff | 448b 5d1c | 4585 db0f | 848d e9ff | ff4d 8b57 | 2849 8bcb | 48c1 e103 | 4d85 d20f 
  0x000001cd1ca286a4: 846f 3b00 | 004d 8b5f | 384b 894c | 13f8 4983 | c2f8 4d89 | 5728 e963 | e9ff ff4c | 8b94 24e0 
  0x000001cd1ca286c4: 0000 0045 | 8b5a 1045 | 85db 0f84 | 27eb ffff | 4d8b 5728 | 498b cb48 | c1e1 034d | 85d2 0f84 
  0x000001cd1ca286e4: 903b 0000 | 4d8b 5f38 | 4b89 4c13 | f849 83c2 | f84d 8957 | 28e9 fdea | ffff 448b 

  0x000001cd1ca28700: ;   {no_reloc}
  0x000001cd1ca28700: 551c 4585 | d20f 84a7 | eaff ff4d | 8b5f 2849 | 8bca 48c1 | e103 4d85 | db0f 8439 | 3b00 004d 
  0x000001cd1ca28720: 8b57 384b | 894c 1af8 | 4983 c3f8 | 4d89 5f28 | e97d eaff | ff4c 8bc5 | 448b 5d24 | 4585 db0f 
  0x000001cd1ca28740: 8413 eeff | ff4d 8b57 | 2849 8bcb | 48c1 e103 | 4d85 d20f | 845f 3b00 | 004d 8b5f | 384b 894c 
  0x000001cd1ca28760: 13f8 4983 | c2f8 4d89 | 5728 4c8b | c5e9 e6ed | ffff 458b | 501c 4585 | d20f 849f | ecff ff49 
  0x000001cd1ca28780: 8bf9 498b | d84d 8b5f | 2849 8bca | 48c1 e103 | 4d85 db0f | 84ff 3a00 | 004d 8b57 | 384b 894c 
  0x000001cd1ca287a0: 1af8 4983 | c3f8 4d89 | 5f28 4c8b | c34c 8bcf | e969 ecff | ff4c 8b94 | 24e0 0000 | 0045 8b52 
  0x000001cd1ca287c0: 1845 85d2 | 0f84 c1eb | ffff 4d8b | 5f28 498b | ca48 c1e1 | 034d 85db | 0f84 1a3b | 0000 4d8b 
  0x000001cd1ca287e0: 5738 4b89 | 4c1a f849 | 83c3 f84d | 895f 28e9 | 97eb ffff | 498b da44 | 8b5d 1c45 | 85db 0f84 
  0x000001cd1ca28800: ;   {no_reloc}
  0x000001cd1ca28800: 3eeb ffff | 4d8b 5728 | 498b cb48 | c1e1 034d | 85d2 0f84 | c03a 0000 | 4d8b 5f38 | 4b89 4c13 
  0x000001cd1ca28820: f849 83c2 | f84d 8957 | 28e9 14eb | ffff 4c8b | c544 8b5d | 3445 85db | 0f84 c8ed | ffff 4d8b 
  0x000001cd1ca28840: 5728 498b | cb48 c1e1 | 034d 85d2 | 0f84 c63a | 0000 488b | dd4d 8b5f | 384b 894c | 13f8 4983 
  0x000001cd1ca28860: c2f8 4d89 | 5728 4c8b | c3e9 98ed | ffff 4c8b | 8424 d800 | 0000 458b | 5030 4585 | d20f 84a9 
  0x000001cd1ca28880: eeff ff49 | 8bf0 4d8b | 5f28 498b | ca48 c1e1 | 034d 85db | 0f84 c43a | 0000 4d8b | 5738 4b89 
  0x000001cd1ca288a0: 4c1a f849 | 83c3 f84d | 895f 284c | 8bc6 e979 | eeff ff4c | 8bc5 458b | 5838 4585 | db0f 840b 
  0x000001cd1ca288c0: eeff ff4d | 8b57 2849 | 8bcb 48c1 | e103 4d85 | d20f 8464 | 3a00 0049 | 8bd8 4d8b | 5f38 4b89 
  0x000001cd1ca288e0: 4c13 f849 | 83c2 f84d | 8957 284c | 8bc3 e9db | edff ff4d | 8b57 484d | 8b5f 58f0 | 8344 24c0 
  0x000001cd1ca28900: ;   {no_reloc}
  0x000001cd1ca28900: 0080 3900 | 0f84 a5e7 | ffff 4488 | 214d 85d2 | 7520 498b | d7c5 f877 | 49ba 00a4 | 41ef fc7f 
  0x000001cd1ca28920: 0000 41ff 

  0x000001cd1ca28924: ;   {other}
  0x000001cd1ca28924: d20f 1f84 | 0000 0000 | 00e9 7de7 | ffff 4b89 | 4c13 f849 | 83c2 f84d | 8957 48e9 | 6be7 ffff 
  0x000001cd1ca28944: 4d8b 5758 | 4d8b 5f48 | f083 4424 | c000 8039 | 000f 8405 | e7ff ff44 | 8821 4d85 | db75 2049 
  0x000001cd1ca28964: 8bd7 c5f8 | 7749 ba00 | a441 effc | 7f00 0041 

  0x000001cd1ca28974: ;   {other}
  0x000001cd1ca28974: ffd2 0f1f | 8400 0000 | 0000 e9dd | e6ff ff4b | 894c 1af8 | 4983 c3f8 | 4d89 5f48 | e9cb e6ff 
  0x000001cd1ca28994: ff4d 8b57 | 584d 8b5f | 48f0 8344 | 24c0 0080 | 3900 0f84 | 93e8 ffff | 4488 214d | 85db 7520 
  0x000001cd1ca289b4: 498b d7c5 | f877 49ba | 00a4 41ef | fc7f 0000 

  0x000001cd1ca289c4: ;   {other}
  0x000001cd1ca289c4: 41ff d20f | 1f84 0000 | 0000 00e9 | 6be8 ffff | 4b89 4c1a | f849 83c3 | f84d 895f | 48e9 59e8 
  0x000001cd1ca289e4: ffff 4d8b | 5758 4d8b | 5f48 f083 | 4424 c000 | 8039 000f | 84f3 e7ff | ff44 8821 | 4d85 db75 
  0x000001cd1ca28a04: 2049 8bd7 | c5f8 7749 | ba00 a441 | effc 7f00 | 0041 ffd2 

  0x000001cd1ca28a18: ;   {other}
  0x000001cd1ca28a18: 0f1f 8400 | 0000 0000 | e9cb e7ff | ff4b 894c | 1af8 4983 | c3f8 4d89 | 5f48 e9b9 | e7ff ff4d 
  0x000001cd1ca28a38: 8b57 484d | 8b5f 58f0 | 8344 24c0 | 0080 3900 | 7432 4488 | 214d 85d2 | 740f 4b89 | 4c13 f849 
  0x000001cd1ca28a58: 83c2 f84d | 8957 48eb | 1b49 8bd7 | c5f8 7749 | ba00 a441 | effc 7f00 | 0041 ffd2 

  0x000001cd1ca28a74: ;   {other}
  0x000001cd1ca28a74: 0f1f 8400 | 0000 0000 | 4c8b 8424 | e000 0000 | e941 e9ff | ff4d 8b57 | 484d 8b5f | 58f0 8344 
  0x000001cd1ca28a94: 24c0 0080 | 3900 0f84 | e0e8 ffff | 4488 214d | 85d2 7520 | 498b d7c5 | f877 49ba | 00a4 41ef 
  0x000001cd1ca28ab4: fc7f 0000 

  0x000001cd1ca28ab8: ;   {other}
  0x000001cd1ca28ab8: 41ff d20f | 1f84 0000 | 0000 00e9 | b8e8 ffff | 4b89 4c13 | f849 83c2 | f84d 8957 | 48e9 a6e8 
  0x000001cd1ca28ad8: ffff 4d8b | 5758 4d8b | 5f48 f083 | 4424 c000 | 8039 000f | 8459 eaff | ff44 8821 | 4d85 db75 
  0x000001cd1ca28af8: 2049 8bd7 | c5f8 7749 | ba00 a441 | effc 7f00 | 0041 ffd2 

  0x000001cd1ca28b0c: ;   {other}
  0x000001cd1ca28b0c: 0f1f 8400 | 0000 0000 | e931 eaff | ff4b 894c | 1af8 4983 | c3f8 4d89 | 5f48 e91f | eaff ff49 
  0x000001cd1ca28b2c: 8bd8 4d8b | 5758 4d8b | 5f48 f083 | 4424 c000 | 8039 0074 | 3244 8821 | 4d85 db74 | 0f4b 894c 
  0x000001cd1ca28b4c: 1af8 4983 | c3f8 4d89 | 5f48 eb1b | 498b d7c5 | f877 49ba | 00a4 41ef | fc7f 0000 

  0x000001cd1ca28b68: ;   {other}
  0x000001cd1ca28b68: 41ff d20f | 1f84 0000 | 0000 004c | 8bc3 e90f | eaff ff49 | 8bd8 4d8b | 5758 4d8b | 5f48 f083 
  0x000001cd1ca28b88: 4424 c000 | 8039 0074 | 3244 8821 | 4d85 db74 | 0f4b 894c | 1af8 4983 | c3f8 4d89 | 5f48 eb1b 
  0x000001cd1ca28ba8: 498b d7c5 | f877 49ba | 00a4 41ef | fc7f 0000 

  0x000001cd1ca28bb8: ;   {other}
  0x000001cd1ca28bb8: 41ff d20f | 1f84 0000 | 0000 004c | 8bc3 e98a | e8ff ff4d | 8b57 484d | 8b5f 58f0 | 8344 24c0 
  0x000001cd1ca28bd8: 0080 3900 | 0f84 68ea | ffff 4488 | 214d 85d2 | 7520 498b | d7c5 f877 | 49ba 00a4 | 41ef fc7f 
  0x000001cd1ca28bf8: 0000 41ff 

  0x000001cd1ca28bfc: ;   {other}
  0x000001cd1ca28bfc: d20f 1f84 | 0000 0000 | 00e9 40ea | ffff 4b89 | 4c13 f849 | 83c2 f84d | 8957 48e9 | 2eea ffff 
  0x000001cd1ca28c1c: 4d8b 5748 | 4d8b 5f58 | f083 4424 | c000 8039 | 000f 8429 | ebff ff44 | 8821 4d85 | d275 2649 
  0x000001cd1ca28c3c: 8bd8 498b | d7c5 f877 | 49ba 00a4 | 41ef fc7f | 0000 41ff 

  0x000001cd1ca28c50: ;   {other}
  0x000001cd1ca28c50: d20f 1f84 | 0000 0000 | 004c 8bc3 | e9fb eaff | ff4b 894c | 13f8 4983 | c2f8 4d89 | 5748 e9e9 
  0x000001cd1ca28c70: eaff ff4d | 8b57 484d | 8b5f 58f0 | 8344 24c0 | 0080 3900 | 0f84 8fea | ffff 4488 | 214d 85d2 
  0x000001cd1ca28c90: 7520 498b | d7c5 f877 | 49ba 00a4 | 41ef fc7f | 0000 41ff 

  0x000001cd1ca28ca4: ;   {other}
  0x000001cd1ca28ca4: d20f 1f84 | 0000 0000 | 00e9 67ea | ffff 4b89 | 4c13 f849 | 83c2 f84d | 8957 48e9 | 55ea ffff 
  0x000001cd1ca28cc4: 4d8b 5758 | 4d8b 5f48 | f083 4424 | c000 8039 | 000f 84eb | e1ff ff44 | 8821 4d85 | db75 2049 
  0x000001cd1ca28ce4: 8bd7 c5f8 | 7749 ba00 | a441 effc | 7f00 0041 

  0x000001cd1ca28cf4: ;   {other}
  0x000001cd1ca28cf4: ffd2 0f1f | 8400 0000 | 0000 e9c3 | e1ff ff4b | 894c 1af8 | 4983 c3f8 | 4d89 5f48 | e9b1 e1ff 
  0x000001cd1ca28d14: ff49 8bf8 | 498b d94d | 8b57 584d | 8b5f 48f0 | 8344 24c0 | 0080 3900 | 7432 4488 | 214d 85db 
  0x000001cd1ca28d34: 740f 4b89 | 4c1a f849 | 83c3 f84d | 895f 48eb | 1b49 8bd7 | c5f8 7749 | ba00 a441 | effc 7f00 
  0x000001cd1ca28d54: 0041 ffd2 

  0x000001cd1ca28d58: ;   {other}
  0x000001cd1ca28d58: 0f1f 8400 | 0000 0000 | 4c8b cb4c | 8bc7 e9a6 

  0x000001cd1ca28d68: ;   {metadata({type array byte})}
  0x000001cd1ca28d68: e1ff ff48 | ba18 2300 | 3bcd 0100 | 0044 8b84 | 2480 0000 | 004c 8b94 | 24b0 0000 | 004c 8954 
  0x000001cd1ca28d88: 2460 6690 

  0x000001cd1ca28d8c: ;   {runtime_call _new_array_nozero_Java}
  0x000001cd1ca28d8c: c5f8 77e8 

  0x000001cd1ca28d90: ; ImmutableOopMap {rbp=Oop [56]=Derived_oop_rbp [40]=NarrowOop [72]=Oop [80]=Oop [96]=Oop [120]=Oop [136]=Oop [160]=Oop [168]=Oop [176]=Oop [184]=Oop }
                      ;*newarray {reexecute=0 rethrow=0 return_oop=1}
                      ; - java.util.Arrays::copyOfRangeByte@10
                      ; - java.util.Arrays::copyOfRange@13
                      ; - java.lang.StringLatin1::newString@16
                      ; - java.lang.String::substring@41
                      ; - jdk.internal.loader.BuiltinClassLoader::findLoadedModule@16
                      ; - jdk.internal.loader.BuiltinClassLoader::loadClassOrNull@22
                      ; - jdk.internal.loader.BuiltinClassLoader::loadClass@3
                      ; - java.lang.ClassLoader::loadClass@38
                      ; - java.lang.ClassLoader::loadClass@38
  0x000001cd1ca28d90: 6caa 85ff 

  0x000001cd1ca28d94: ;   {other}
  0x000001cd1ca28d94: 0f1f 8400 | 0463 0058 | 488b d8e9 | ebb6 ffff 

  0x000001cd1ca28da4: ;   {metadata({type array byte})}
  0x000001cd1ca28da4: 48ba 1823 | 003b cd01 | 0000 448b | 8424 a000 | 0000 4c8b | 9424 b000 | 0000 4c89 | 9424 9000 
  0x000001cd1ca28dc4: 0000 6690 

  0x000001cd1ca28dc8: ;   {runtime_call _new_array_nozero_Java}
  0x000001cd1ca28dc8: c5f8 77e8 

  0x000001cd1ca28dcc: ; ImmutableOopMap {[40]=NarrowOop [56]=Oop [88]=Derived_oop_[56] [72]=Oop [80]=Oop [120]=Oop [128]=Oop [144]=Oop [168]=Oop [176]=Oop [184]=Oop [200]=NarrowOop [208]=Oop }
                      ;*newarray {reexecute=0 rethrow=0 return_oop=1}
                      ; - java.util.Arrays::copyOfRangeByte@10
                      ; - java.util.Arrays::copyOfRange@13
                      ; - java.lang.StringLatin1::newString@16
                      ; - java.lang.String::substring@41
                      ; - java.net.URLClassLoader::defineClass@28
                      ; - java.net.URLClassLoader$1::run@43
                      ; - java.net.URLClassLoader$1::run@1
                      ; - java.security.AccessController::executePrivileged@29
                      ; - java.security.AccessController::doPrivileged@13
                      ; - java.net.URLClassLoader::findClass@13
                      ; - java.lang.ClassLoader::loadClass@69
                      ; - java.lang.ClassLoader::loadClass@38
  0x000001cd1ca28dcc: 30aa 85ff 

  0x000001cd1ca28dd0: ;   {other}
  0x000001cd1ca28dd0: 0f1f 8400 | 4063 0059 | 488b d8e9 | 11c2 ffff | 4889 4c24 | 2044 8954 | 242c 4c89 | 4c24 7048 
  0x000001cd1ca28df0: 895c 2438 | 4c89 4424 

  0x000001cd1ca28df8: ;   {metadata({type array byte})}
  0x000001cd1ca28df8: 5848 ba18 | 2300 3bcd | 0100 0045 | 8bc3 4c8b | 9424 b000 | 0000 4c89 | 5424 6090 

  0x000001cd1ca28e14: ;   {runtime_call _new_array_nozero_Java}
  0x000001cd1ca28e14: c5f8 77e8 

  0x000001cd1ca28e18: ; ImmutableOopMap {rbp=Oop [56]=Derived_oop_rbp [44]=NarrowOop [72]=Oop [80]=Oop [96]=Oop [104]=Oop [112]=Oop [120]=Oop [176]=Oop }
                      ;*invokevirtual clone {reexecute=1 rethrow=0 return_oop=1}
                      ; - (reexecute) java.util.Arrays::copyOfRange@18
                      ; - java.lang.StringLatin1::newString@16
                      ; - java.lang.String::substring@41
                      ; - jdk.internal.loader.BuiltinClassLoader::findLoadedModule@16
                      ; - jdk.internal.loader.BuiltinClassLoader::loadClassOrNull@22
                      ; - jdk.internal.loader.BuiltinClassLoader::loadClass@3
                      ; - java.lang.ClassLoader::loadClass@38
  0x000001cd1ca28e18: e4a9 85ff 

  0x000001cd1ca28e1c: ;   {other}
  0x000001cd1ca28e1c: 0f1f 8400 | 8c63 005a | 488b d8e9 | d2d0 ffff | 498b e94c | 899c 24b0 

  0x000001cd1ca28e34: ;   {metadata('java/lang/String')}
  0x000001cd1ca28e34: 0000 0048 | ba78 e800 | 3bcd 0100 | 004c 899c | 2488 0000 | 004c 899c | 2490 0000 | 0066 6690 
  0x000001cd1ca28e54: ;   {runtime_call _new_instance_Java}
  0x000001cd1ca28e54: c5f8 77e8 

  0x000001cd1ca28e58: ; ImmutableOopMap {rbp=Oop [40]=NarrowOop [72]=Oop [80]=Oop [120]=Oop [136]=Oop [144]=Oop [176]=Oop [184]=Oop }
                      ;*new {reexecute=0 rethrow=0 return_oop=1}
                      ; - java.lang.StringConcatHelper::simpleConcat@17
                      ; - java.lang.String::concat@11
                      ; - java.net.URLClassLoader$1::run@13
                      ; - java.net.URLClassLoader$1::run@1
                      ; - java.security.AccessController::executePrivileged@29
                      ; - java.security.AccessController::doPrivileged@13
                      ; - java.net.URLClassLoader::findClass@13
                      ; - java.lang.ClassLoader::loadClass@69
                      ; - java.lang.ClassLoader::loadClass@38
  0x000001cd1ca28e58: 24d6 85ff 

  0x000001cd1ca28e5c: ;   {other}
  0x000001cd1ca28e5c: 0f1f 8400 | cc63 005b | 4c8b 9c24 | 8800 0000 | 4c8b cde9 | 5cdc ffff 

  0x000001cd1ca28e74: ;   {metadata({type array byte})}
  0x000001cd1ca28e74: 48ba 1823 | 003b cd01 | 0000 448b | 4424 204c | 8b94 24b0 | 0000 004c | 8954 2460 

  0x000001cd1ca28e90: ;   {runtime_call _new_array_nozero_Java}
  0x000001cd1ca28e90: c5f8 77e8 

  0x000001cd1ca28e94: ; ImmutableOopMap {rbp=Oop [56]=Derived_oop_rbp [40]=NarrowOop [44]=NarrowOop [72]=Oop [80]=Oop [96]=Oop [120]=Oop [136]=Oop [160]=Oop [168]=Oop [176]=Oop [184]=Oop }
                      ;*invokevirtual clone {reexecute=1 rethrow=0 return_oop=1}
                      ; - (reexecute) java.util.Arrays::copyOfRange@18
                      ; - java.lang.StringLatin1::newString@16
                      ; - java.lang.String::substring@41
                      ; - jdk.internal.loader.BuiltinClassLoader::findLoadedModule@16
                      ; - jdk.internal.loader.BuiltinClassLoader::loadClassOrNull@22
                      ; - jdk.internal.loader.BuiltinClassLoader::loadClass@3
                      ; - java.lang.ClassLoader::loadClass@38
                      ; - java.lang.ClassLoader::loadClass@38
  0x000001cd1ca28e94: 68a9 85ff 

  0x000001cd1ca28e98: ;   {other}
  0x000001cd1ca28e98: 0f1f 8400 | 0864 005c | 4c8b d0e9 | cbb4 ffff 

  0x000001cd1ca28ea8: ;   {metadata({type array byte})}
  0x000001cd1ca28ea8: 48ba 1823 | 003b cd01 | 0000 488b | 6c24 3844 | 8b44 2420 | 4c8b 9424 | b000 0000 | 4c89 9424 
  0x000001cd1ca28ec8: 8800 0000 

  0x000001cd1ca28ecc: ;   {runtime_call _new_array_nozero_Java}
  0x000001cd1ca28ecc: c5f8 77e8 

  0x000001cd1ca28ed0: ; ImmutableOopMap {rbp=Oop [88]=Derived_oop_rbp [40]=NarrowOop [44]=NarrowOop [72]=Oop [80]=Oop [120]=Oop [128]=Oop [136]=Oop [168]=Oop [176]=Oop [184]=Oop [200]=NarrowOop [208]=Oop }
                      ;*invokevirtual clone {reexecute=1 rethrow=0 return_oop=1}
                      ; - (reexecute) java.util.Arrays::copyOfRange@18
                      ; - java.lang.StringLatin1::newString@16
                      ; - java.lang.String::substring@41
                      ; - java.net.URLClassLoader::defineClass@28
                      ; - java.net.URLClassLoader$1::run@43
                      ; - java.net.URLClassLoader$1::run@1
                      ; - java.security.AccessController::executePrivileged@29
                      ; - java.security.AccessController::doPrivileged@13
                      ; - java.net.URLClassLoader::findClass@13
                      ; - java.lang.ClassLoader::loadClass@69
                      ; - java.lang.ClassLoader::loadClass@38
  0x000001cd1ca28ed0: 2ca9 85ff 

  0x000001cd1ca28ed4: ;   {other}
  0x000001cd1ca28ed4: 0f1f 8400 | 4464 005d | 4c8b d8e9 | fdbf ffff | 418b eae9 | a2c6 ffff | 450f b65c | ec11 4c8b 
  0x000001cd1ca28ef4: 9424 a000 | 0000 4c8b | 4424 20e9 | 8bf2 ffff 

  0x000001cd1ca28f04: ;   {metadata('java/lang/ref/SoftReference')}
  0x000001cd1ca28f04: 48ba 90df | 033b cd01 | 0000 488b | 6c24 484c | 8b94 24b0 | 0000 004c | 8954 2420 

  0x000001cd1ca28f20: ;   {runtime_call _new_instance_Java}
  0x000001cd1ca28f20: c5f8 77e8 

  0x000001cd1ca28f24: ; ImmutableOopMap {rbp=Oop [32]=Oop [40]=NarrowOop [72]=Oop [80]=Oop [120]=Oop [128]=Oop [168]=Oop [176]=Oop [184]=Oop [200]=NarrowOop [216]=Oop [232]=Oop [256]=Oop }
                      ;*new {reexecute=0 rethrow=0 return_oop=1}
                      ; - java.util.jar.JarFile::getManifestFromReference@184
                      ; - java.util.jar.JarFile::getManifest@1
                      ; - jdk.internal.loader.URLClassPath$JarLoader$2::getManifest@22
                      ; - java.net.URLClassLoader::defineClass@34
                      ; - java.net.URLClassLoader$1::run@43
                      ; - java.net.URLClassLoader$1::run@1
                      ; - java.security.AccessController::executePrivileged@29
                      ; - java.security.AccessController::doPrivileged@13
                      ; - java.net.URLClassLoader::findClass@13
                      ; - java.lang.ClassLoader::loadClass@69
                      ; - java.lang.ClassLoader::loadClass@38
  0x000001cd1ca28f24: 58d5 85ff 

  0x000001cd1ca28f28: ;   {other}
  0x000001cd1ca28f28: 0f1f 8400 | 9864 005e | e988 e9ff 

  0x000001cd1ca28f34: ;   {metadata('java/util/jar/JarVerifier')}
  0x000001cd1ca28f34: ff48 ba78 | 9e16 3bcd | 0100 0090 

  0x000001cd1ca28f40: ;   {runtime_call _new_instance_Java}
  0x000001cd1ca28f40: c5f8 77e8 

  0x000001cd1ca28f44: ; ImmutableOopMap {rbp=Oop [32]=Oop [40]=NarrowOop [56]=Oop [72]=Oop [80]=Oop [120]=Oop [128]=Oop [168]=Oop [176]=Oop [184]=Oop [200]=NarrowOop [208]=Oop [216]=Oop [256]=Oop }
                      ;*new {reexecute=0 rethrow=0 return_oop=1}
                      ; - java.util.jar.JarFile::getManifestFromReference@69
                      ; - java.util.jar.JarFile::getManifest@1
                      ; - jdk.internal.loader.URLClassPath$JarLoader$2::getManifest@22
                      ; - java.net.URLClassLoader::defineClass@34
                      ; - java.net.URLClassLoader$1::run@43
                      ; - java.net.URLClassLoader$1::run@1
                      ; - java.security.AccessController::executePrivileged@29
                      ; - java.security.AccessController::doPrivileged@13
                      ; - java.net.URLClassLoader::findClass@13
                      ; - java.lang.ClassLoader::loadClass@69
                      ; - java.lang.ClassLoader::loadClass@38
  0x000001cd1ca28f44: 38d5 85ff 

  0x000001cd1ca28f48: ;   {other}
  0x000001cd1ca28f48: 0f1f 8400 | b864 005f | 4c8b c0e9 | 02df ffff | 4c89 8424 | e000 0000 | 4c89 8c24 | d000 0000 
  0x000001cd1ca28f68: ;   {metadata('java/util/Hashtable')}
  0x000001cd1ca28f68: 48ba b8d3 | 003b cd01 | 0000 488b | 6c24 484c | 8b54 2438 | 4c89 5424 | 2066 6690 

  0x000001cd1ca28f84: ;   {runtime_call _new_instance_Java}
  0x000001cd1ca28f84: c5f8 77e8 

  0x000001cd1ca28f88: ; ImmutableOopMap {rbp=Oop [32]=Oop [40]=NarrowOop [72]=Oop [80]=Oop [120]=Oop [128]=Oop [168]=Oop [176]=Oop [184]=Oop [200]=NarrowOop [208]=Oop [216]=Oop [224]=Oop [256]=Oop }
                      ;*new {reexecute=0 rethrow=0 return_oop=1}
                      ; - java.util.jar.JarVerifier::<init>@35
                      ; - java.util.jar.JarFile::getManifestFromReference@78
                      ; - java.util.jar.JarFile::getManifest@1
                      ; - jdk.internal.loader.URLClassPath$JarLoader$2::getManifest@22
                      ; - java.net.URLClassLoader::defineClass@34
                      ; - java.net.URLClassLoader$1::run@43
                      ; - java.net.URLClassLoader$1::run@1
                      ; - java.security.AccessController::executePrivileged@29
                      ; - java.security.AccessController::doPrivileged@13
                      ; - java.net.URLClassLoader::findClass@13
                      ; - java.lang.ClassLoader::loadClass@69
                      ; - java.lang.ClassLoader::loadClass@38
  0x000001cd1ca28f88: f4d4 85ff 

  0x000001cd1ca28f8c: ;   {other}
  0x000001cd1ca28f8c: 0f1f 8400 | fc64 0060 | 488b e8e9 | d2df ffff 

  0x000001cd1ca28f9c: ;   {metadata('java/util/Hashtable$Entry'[])}
  0x000001cd1ca28f9c: 48ba a87f | 133b cd01 | 0000 41b8 | 0b00 0000 

  0x000001cd1ca28fac: ;   {runtime_call _new_array_Java}
  0x000001cd1ca28fac: c5f8 77e8 

  0x000001cd1ca28fb0: ; ImmutableOopMap {rbp=Oop [40]=NarrowOop [56]=Oop [72]=Oop [80]=Oop [120]=Oop [128]=Oop [168]=Oop [176]=Oop [184]=Oop [200]=NarrowOop [208]=Oop [216]=Oop [224]=Oop [256]=Oop }
                      ;*anewarray {reexecute=0 rethrow=0 return_oop=1}
                      ; - java.util.Hashtable::<init>@93
                      ; - java.util.Hashtable::<init>@5
                      ; - java.util.jar.JarVerifier::<init>@39
                      ; - java.util.jar.JarFile::getManifestFromReference@78
                      ; - java.util.jar.JarFile::getManifest@1
                      ; - jdk.internal.loader.URLClassPath$JarLoader$2::getManifest@22
                      ; - java.net.URLClassLoader::defineClass@34
                      ; - java.net.URLClassLoader$1::run@43
                      ; - java.net.URLClassLoader$1::run@1
                      ; - java.security.AccessController::executePrivileged@29
                      ; - java.security.AccessController::doPrivileged@13
                      ; - java.net.URLClassLoader::findClass@13
                      ; - java.lang.ClassLoader::loadClass@69
                      ; - java.lang.ClassLoader::loadClass@38
  0x000001cd1ca28fb0: 4cab 85ff 

  0x000001cd1ca28fb4: ;   {other}
  0x000001cd1ca28fb4: 0f1f 8400 | 2465 0061 | 4c8b d0e9 | 50e0 ffff 

  0x000001cd1ca28fc4: ;   {metadata('java/util/Hashtable')}
  0x000001cd1ca28fc4: 48ba b8d3 | 003b cd01 | 0000 488b | 6c24 484c | 8b54 2438 | 4c89 5424 | 2066 6690 

  0x000001cd1ca28fe0: ;   {runtime_call _new_instance_Java}
  0x000001cd1ca28fe0: c5f8 77e8 

  0x000001cd1ca28fe4: ; ImmutableOopMap {rbp=Oop [32]=Oop [40]=NarrowOop [72]=Oop [80]=Oop [120]=Oop [128]=Oop [168]=Oop [176]=Oop [184]=Oop [200]=NarrowOop [208]=Oop [216]=Oop [224]=Oop [256]=Oop }
                      ;*new {reexecute=0 rethrow=0 return_oop=1}
                      ; - java.util.jar.JarVerifier::<init>@46
                      ; - java.util.jar.JarFile::getManifestFromReference@78
                      ; - java.util.jar.JarFile::getManifest@1
                      ; - jdk.internal.loader.URLClassPath$JarLoader$2::getManifest@22
                      ; - java.net.URLClassLoader::defineClass@34
                      ; - java.net.URLClassLoader$1::run@43
                      ; - java.net.URLClassLoader$1::run@1
                      ; - java.security.AccessController::executePrivileged@29
                      ; - java.security.AccessController::doPrivileged@13
                      ; - java.net.URLClassLoader::findClass@13
                      ; - java.lang.ClassLoader::loadClass@69
                      ; - java.lang.ClassLoader::loadClass@38
  0x000001cd1ca28fe4: 98d4 85ff 

  0x000001cd1ca28fe8: ;   {other}
  0x000001cd1ca28fe8: 0f1f 8400 | 5865 0062 | 488b e8e9 | 04e1 ffff 

  0x000001cd1ca28ff8: ;   {metadata('java/util/Hashtable')}
  0x000001cd1ca28ff8: 48ba b8d3 | 003b cd01 | 0000 488b | 6c24 484c | 8b54 2438 | 4c89 5424 | 2066 6690 

  0x000001cd1ca29014: ;   {runtime_call _new_instance_Java}
  0x000001cd1ca29014: c5f8 77e8 

  0x000001cd1ca29018: ; ImmutableOopMap {rbp=Oop [32]=Oop [40]=NarrowOop [72]=Oop [80]=Oop [120]=Oop [128]=Oop [168]=Oop [176]=Oop [184]=Oop [200]=NarrowOop [208]=Oop [216]=Oop [224]=Oop [256]=Oop }
                      ;*new {reexecute=0 rethrow=0 return_oop=1}
                      ; - java.util.jar.JarVerifier::<init>@57
                      ; - java.util.jar.JarFile::getManifestFromReference@78
                      ; - java.util.jar.JarFile::getManifest@1
                      ; - jdk.internal.loader.URLClassPath$JarLoader$2::getManifest@22
                      ; - java.net.URLClassLoader::defineClass@34
                      ; - java.net.URLClassLoader$1::run@43
                      ; - java.net.URLClassLoader$1::run@1
                      ; - java.security.AccessController::executePrivileged@29
                      ; - java.security.AccessController::doPrivileged@13
                      ; - java.net.URLClassLoader::findClass@13
                      ; - java.lang.ClassLoader::loadClass@69
                      ; - java.lang.ClassLoader::loadClass@38
  0x000001cd1ca29018: 64d4 85ff 

  0x000001cd1ca2901c: ;   {other}
  0x000001cd1ca2901c: 0f1f 8400 | 8c65 0063 | 488b e8e9 | 60e2 ffff 

  0x000001cd1ca2902c: ;   {metadata('java/util/Hashtable$Entry'[])}
  0x000001cd1ca2902c: 48ba a87f | 133b cd01 | 0000 41b8 | 0b00 0000 

  0x000001cd1ca2903c: ;   {runtime_call _new_array_Java}
  0x000001cd1ca2903c: c5f8 77e8 

  0x000001cd1ca29040: ; ImmutableOopMap {rbp=Oop [40]=NarrowOop [56]=Oop [72]=Oop [80]=Oop [120]=Oop [128]=Oop [168]=Oop [176]=Oop [184]=Oop [200]=NarrowOop [208]=Oop [216]=Oop [224]=Oop [256]=Oop }
                      ;*anewarray {reexecute=0 rethrow=0 return_oop=1}
                      ; - java.util.Hashtable::<init>@93
                      ; - java.util.Hashtable::<init>@5
                      ; - java.util.jar.JarVerifier::<init>@50
                      ; - java.util.jar.JarFile::getManifestFromReference@78
                      ; - java.util.jar.JarFile::getManifest@1
                      ; - jdk.internal.loader.URLClassPath$JarLoader$2::getManifest@22
                      ; - java.net.URLClassLoader::defineClass@34
                      ; - java.net.URLClassLoader$1::run@43
                      ; - java.net.URLClassLoader$1::run@1
                      ; - java.security.AccessController::executePrivileged@29
                      ; - java.security.AccessController::doPrivileged@13
                      ; - java.net.URLClassLoader::findClass@13
                      ; - java.lang.ClassLoader::loadClass@69
                      ; - java.lang.ClassLoader::loadClass@38
  0x000001cd1ca29040: bcaa 85ff 

  0x000001cd1ca29044: ;   {other}
  0x000001cd1ca29044: 0f1f 8400 | b465 0064 | 4c8b d0e9 | 50e1 ffff 

  0x000001cd1ca29054: ;   {metadata('java/util/ArrayList')}
  0x000001cd1ca29054: 498b e848 | bad0 890b | 3bcd 0100 | 004c 8b94 | 24b0 0000 | 004c 8954 | 2438 6690 

  0x000001cd1ca29070: ;   {runtime_call _new_instance_Java}
  0x000001cd1ca29070: c5f8 77e8 

  0x000001cd1ca29074: ; ImmutableOopMap {rbp=Oop [40]=NarrowOop [56]=Oop [72]=Oop [80]=Oop [120]=Oop [128]=Oop [168]=Oop [176]=Oop [184]=Oop [200]=NarrowOop [208]=Oop [216]=Oop [256]=Oop }
                      ;*new {reexecute=0 rethrow=0 return_oop=1}
                      ; - java.util.jar.JarVerifier::<init>@92
                      ; - java.util.jar.JarFile::getManifestFromReference@78
                      ; - java.util.jar.JarFile::getManifest@1
                      ; - jdk.internal.loader.URLClassPath$JarLoader$2::getManifest@22
                      ; - java.net.URLClassLoader::defineClass@34
                      ; - java.net.URLClassLoader$1::run@43
                      ; - java.net.URLClassLoader$1::run@1
                      ; - java.security.AccessController::executePrivileged@29
                      ; - java.security.AccessController::doPrivileged@13
                      ; - java.net.URLClassLoader::findClass@13
                      ; - java.lang.ClassLoader::loadClass@69
                      ; - java.lang.ClassLoader::loadClass@38
  0x000001cd1ca29074: 08d4 85ff 

  0x000001cd1ca29078: ;   {other}
  0x000001cd1ca29078: 0f1f 8400 | e865 0065 | e948 e5ff 

  0x000001cd1ca29084: ;   {metadata('java/util/Hashtable$Entry'[])}
  0x000001cd1ca29084: ff48 baa8 | 7f13 3bcd | 0100 0041 | b80b 0000 | 0066 6690 

  0x000001cd1ca29098: ;   {runtime_call _new_array_Java}
  0x000001cd1ca29098: c5f8 77e8 

  0x000001cd1ca2909c: ; ImmutableOopMap {rbp=Oop [40]=NarrowOop [56]=Oop [72]=Oop [80]=Oop [120]=Oop [128]=Oop [168]=Oop [176]=Oop [184]=Oop [200]=NarrowOop [208]=Oop [216]=Oop [224]=Oop [256]=Oop }
                      ;*anewarray {reexecute=0 rethrow=0 return_oop=1}
                      ; - java.util.Hashtable::<init>@93
                      ; - java.util.Hashtable::<init>@4
                      ; - java.util.jar.JarVerifier::<init>@63
                      ; - java.util.jar.JarFile::getManifestFromReference@78
                      ; - java.util.jar.JarFile::getManifest@1
                      ; - jdk.internal.loader.URLClassPath$JarLoader$2::getManifest@22
                      ; - java.net.URLClassLoader::defineClass@34
                      ; - java.net.URLClassLoader$1::run@43
                      ; - java.net.URLClassLoader$1::run@1
                      ; - java.security.AccessController::executePrivileged@29
                      ; - java.security.AccessController::doPrivileged@13
                      ; - java.net.URLClassLoader::findClass@13
                      ; - java.lang.ClassLoader::loadClass@69
                      ; - java.lang.ClassLoader::loadClass@38
  0x000001cd1ca2909c: 60aa 85ff 

  0x000001cd1ca290a0: ;   {other}
  0x000001cd1ca290a0: 0f1f 8400 | 1066 0066 | 4c8b d0e9 | 84e2 ffff 

  0x000001cd1ca290b0: ;   {metadata('java/io/ByteArrayOutputStream')}
  0x000001cd1ca290b0: 498b e848 | baa0 0022 | 3bcd 0100 | 0066 6690 

  0x000001cd1ca290c0: ;   {runtime_call _new_instance_Java}
  0x000001cd1ca290c0: c5f8 77e8 

  0x000001cd1ca290c4: ; ImmutableOopMap {rbp=Oop [40]=NarrowOop [56]=Oop [72]=Oop [80]=Oop [120]=Oop [128]=Oop [168]=Oop [176]=Oop [184]=Oop [200]=NarrowOop [208]=Oop [216]=Oop [256]=Oop }
                      ;*new {reexecute=0 rethrow=0 return_oop=1}
                      ; - java.util.jar.JarVerifier::<init>@81
                      ; - java.util.jar.JarFile::getManifestFromReference@78
                      ; - java.util.jar.JarFile::getManifest@1
                      ; - jdk.internal.loader.URLClassPath$JarLoader$2::getManifest@22
                      ; - java.net.URLClassLoader::defineClass@34
                      ; - java.net.URLClassLoader$1::run@43
                      ; - java.net.URLClassLoader$1::run@1
                      ; - java.security.AccessController::executePrivileged@29
                      ; - java.security.AccessController::doPrivileged@13
                      ; - java.net.URLClassLoader::findClass@13
                      ; - java.lang.ClassLoader::loadClass@69
                      ; - java.lang.ClassLoader::loadClass@38
  0x000001cd1ca290c4: b8d3 85ff 

  0x000001cd1ca290c8: ;   {other}
  0x000001cd1ca290c8: 0f1f 8400 | 3866 0067 | 4c8b c54c | 8bd8 e9bb | e3ff ff4c | 895c 2420 

  0x000001cd1ca290e0: ;   {metadata({type array byte})}
  0x000001cd1ca290e0: 498b e848 | ba18 2300 | 3bcd 0100 | 0041 b820 | 0000 004c | 8b94 24b0 | 0000 004c | 8954 2458 
  0x000001cd1ca29100: ;   {runtime_call _new_array_Java}
  0x000001cd1ca29100: c5f8 77e8 

  0x000001cd1ca29104: ; ImmutableOopMap {rbp=Oop [32]=Oop [40]=NarrowOop [72]=Oop [80]=Oop [88]=Oop [120]=Oop [128]=Oop [168]=Oop [176]=Oop [184]=Oop [200]=NarrowOop [208]=Oop [216]=Oop [256]=Oop }
                      ;*newarray {reexecute=0 rethrow=0 return_oop=1}
                      ; - java.io.ByteArrayOutputStream::<init>@37
                      ; - java.io.ByteArrayOutputStream::<init>@3
                      ; - java.util.jar.JarVerifier::<init>@85
                      ; - java.util.jar.JarFile::getManifestFromReference@78
                      ; - java.util.jar.JarFile::getManifest@1
                      ; - jdk.internal.loader.URLClassPath$JarLoader$2::getManifest@22
                      ; - java.net.URLClassLoader::defineClass@34
                      ; - java.net.URLClassLoader$1::run@43
                      ; - java.net.URLClassLoader$1::run@1
                      ; - java.security.AccessController::executePrivileged@29
                      ; - java.security.AccessController::doPrivileged@13
                      ; - java.net.URLClassLoader::findClass@13
                      ; - java.lang.ClassLoader::loadClass@69
                      ; - java.lang.ClassLoader::loadClass@38
  0x000001cd1ca29104: f8a9 85ff 

  0x000001cd1ca29108: ;   {other}
  0x000001cd1ca29108: 0f1f 8400 | 7866 0068 | e9f0 e3ff | ff49 8be8 

  0x000001cd1ca29118: ;   {metadata('java/util/ArrayList')}
  0x000001cd1ca29118: 48ba d089 | 0b3b cd01 | 0000 6690 

  0x000001cd1ca29124: ;   {runtime_call _new_instance_Java}
  0x000001cd1ca29124: c5f8 77e8 

  0x000001cd1ca29128: ; ImmutableOopMap {rbp=Oop [40]=NarrowOop [56]=Oop [72]=Oop [80]=Oop [120]=Oop [128]=Oop [168]=Oop [176]=Oop [184]=Oop [200]=NarrowOop [208]=Oop [216]=Oop [256]=Oop }
                      ;*new {reexecute=0 rethrow=0 return_oop=1}
                      ; - java.util.jar.JarVerifier::<init>@70
                      ; - java.util.jar.JarFile::getManifestFromReference@78
                      ; - java.util.jar.JarFile::getManifest@1
                      ; - jdk.internal.loader.URLClassPath$JarLoader$2::getManifest@22
                      ; - java.net.URLClassLoader::defineClass@34
                      ; - java.net.URLClassLoader$1::run@43
                      ; - java.net.URLClassLoader$1::run@1
                      ; - java.security.AccessController::executePrivileged@29
                      ; - java.security.AccessController::doPrivileged@13
                      ; - java.net.URLClassLoader::findClass@13
                      ; - java.lang.ClassLoader::loadClass@69
                      ; - java.lang.ClassLoader::loadClass@38
  0x000001cd1ca29128: 54d3 85ff 

  0x000001cd1ca2912c: ;   {other}
  0x000001cd1ca2912c: 0f1f 8400 | 9c66 0069 | 4c8b c54c | 8bc8 e9cc 

  0x000001cd1ca2913c: ;   {metadata('java/util/HashMap')}
  0x000001cd1ca2913c: e2ff ff48 | ba68 a908 | 3bcd 0100 | 004c 8b54 | 2458 4c89 | 5424 3890 

  0x000001cd1ca29154: ;   {runtime_call _new_instance_Java}
  0x000001cd1ca29154: c5f8 77e8 

  0x000001cd1ca29158: ; ImmutableOopMap {rbp=Oop [40]=NarrowOop [56]=Oop [72]=Oop [80]=Oop [120]=Oop [128]=Oop [168]=Oop [176]=Oop [184]=Oop [200]=NarrowOop [208]=Oop [216]=Oop [256]=Oop }
                      ;*new {reexecute=0 rethrow=0 return_oop=1}
                      ; - java.util.jar.JarVerifier::<init>@103
                      ; - java.util.jar.JarFile::getManifestFromReference@78
                      ; - java.util.jar.JarFile::getManifest@1
                      ; - jdk.internal.loader.URLClassPath$JarLoader$2::getManifest@22
                      ; - java.net.URLClassLoader::defineClass@34
                      ; - java.net.URLClassLoader$1::run@43
                      ; - java.net.URLClassLoader$1::run@1
                      ; - java.security.AccessController::executePrivileged@29
                      ; - java.security.AccessController::doPrivileged@13
                      ; - java.net.URLClassLoader::findClass@13
                      ; - java.lang.ClassLoader::loadClass@69
                      ; - java.lang.ClassLoader::loadClass@38
  0x000001cd1ca29158: 24d3 85ff 

  0x000001cd1ca2915c: ;   {other}
  0x000001cd1ca2915c: 0f1f 8400 | cc66 006a | e92d e5ff | ff49 8be8 

  0x000001cd1ca2916c: ;   {metadata('java/util/jar/Manifest')}
  0x000001cd1ca2916c: 48ba a0e1 | 043b cd01 | 0000 4c8b | 5424 584c | 8954 2438 

  0x000001cd1ca29180: ;   {runtime_call _new_instance_Java}
  0x000001cd1ca29180: c5f8 77e8 

  0x000001cd1ca29184: ; ImmutableOopMap {rbp=Oop [40]=NarrowOop [56]=Oop [72]=Oop [80]=Oop [120]=Oop [128]=Oop [168]=Oop [176]=Oop [184]=Oop [200]=NarrowOop [208]=Oop [256]=Oop }
                      ;*new {reexecute=0 rethrow=0 return_oop=1}
                      ; - java.util.jar.JarFile::getManifestFromReference@101
                      ; - java.util.jar.JarFile::getManifest@1
                      ; - jdk.internal.loader.URLClassPath$JarLoader$2::getManifest@22
                      ; - java.net.URLClassLoader::defineClass@34
                      ; - java.net.URLClassLoader$1::run@43
                      ; - java.net.URLClassLoader$1::run@1
                      ; - java.security.AccessController::executePrivileged@29
                      ; - java.security.AccessController::doPrivileged@13
                      ; - java.net.URLClassLoader::findClass@13
                      ; - java.lang.ClassLoader::loadClass@69
                      ; - java.lang.ClassLoader::loadClass@38
  0x000001cd1ca29184: f8d2 85ff 

  0x000001cd1ca29188: ;   {other}
  0x000001cd1ca29188: 0f1f 8400 | f866 006b | 4c8b c5e9 | 04e6 ffff | 4c89 5c24 | 204c 8984 | 24d8 0000 

  0x000001cd1ca291a4: ;   {metadata('java/io/ByteArrayInputStream')}
  0x000001cd1ca291a4: 0048 baa0 | 2305 3bcd | 0100 004c | 8b94 24b0 | 0000 004c | 8954 2458 

  0x000001cd1ca291bc: ;   {runtime_call _new_instance_Java}
  0x000001cd1ca291bc: c5f8 77e8 

  0x000001cd1ca291c0: ; ImmutableOopMap {rbp=NarrowOop [32]=Oop [40]=NarrowOop [72]=Oop [80]=Oop [88]=Oop [120]=Oop [128]=Oop [168]=Oop [176]=Oop [184]=Oop [200]=NarrowOop [208]=Oop [216]=Oop [256]=Oop }
                      ;*new {reexecute=0 rethrow=0 return_oop=1}
                      ; - java.util.jar.JarFile::getManifestFromReference@109
                      ; - java.util.jar.JarFile::getManifest@1
                      ; - jdk.internal.loader.URLClassPath$JarLoader$2::getManifest@22
                      ; - java.net.URLClassLoader::defineClass@34
                      ; - java.net.URLClassLoader$1::run@43
                      ; - java.net.URLClassLoader$1::run@1
                      ; - java.security.AccessController::executePrivileged@29
                      ; - java.security.AccessController::doPrivileged@13
                      ; - java.net.URLClassLoader::findClass@13
                      ; - java.lang.ClassLoader::loadClass@69
                      ; - java.lang.ClassLoader::loadClass@38
  0x000001cd1ca291c0: bcd2 85ff 

  0x000001cd1ca291c4: ;   {other}
  0x000001cd1ca291c4: 0f1f 8400 | 3467 006c | e923 e6ff 

  0x000001cd1ca291d0: ;   {metadata('java/util/jar/Manifest')}
  0x000001cd1ca291d0: ff48 baa0 | e104 3bcd | 0100 004c | 8b94 24b0 | 0000 004c | 8954 2438 

  0x000001cd1ca291e8: ;   {runtime_call _new_instance_Java}
  0x000001cd1ca291e8: c5f8 77e8 

  0x000001cd1ca291ec: ; ImmutableOopMap {rbp=Oop [40]=NarrowOop [56]=Oop [72]=Oop [80]=Oop [120]=Oop [128]=Oop [152]=Oop [168]=Oop [176]=Oop [184]=Oop [200]=NarrowOop [216]=Oop [256]=Oop }
                      ;*new {reexecute=0 rethrow=0 return_oop=1}
                      ; - java.util.jar.JarFile::getManifestFromReference@134
                      ; - java.util.jar.JarFile::getManifest@1
                      ; - jdk.internal.loader.URLClassPath$JarLoader$2::getManifest@22
                      ; - java.net.URLClassLoader::defineClass@34
                      ; - java.net.URLClassLoader$1::run@43
                      ; - java.net.URLClassLoader$1::run@1
                      ; - java.security.AccessController::executePrivileged@29
                      ; - java.security.AccessController::doPrivileged@13
                      ; - java.net.URLClassLoader::findClass@13
                      ; - java.lang.ClassLoader::loadClass@69
                      ; - java.lang.ClassLoader::loadClass@38
  0x000001cd1ca291ec: 90d2 85ff 

  0x000001cd1ca291f0: ;   {other}
  0x000001cd1ca291f0: 0f1f 8400 | 6067 006d | e9fa daff | ff48 8b54 | 2450 4c8d | 8424 3001 | 0000 488b | 6c24 4890 
  0x000001cd1ca29210: ;   {runtime_call _complete_monitor_locking_Java}
  0x000001cd1ca29210: c5f8 77e8 

  0x000001cd1ca29214: ; ImmutableOopMap {rbp=Oop [72]=Oop [80]=Oop [176]=Oop }
                      ;*monitorenter {reexecute=0 rethrow=0 return_oop=0}
                      ; - java.lang.ClassLoader::loadClass@7
  0x000001cd1ca29214: 6819 86ff 

  0x000001cd1ca29218: ;   {other}
  0x000001cd1ca29218: 0f1f 8400 | 8867 006e | e945 a4ff | ff33 ed45 | 85db 400f | 96c5 ba45 | ffff ff4c | 8b94 24b0 
  0x000001cd1ca29238: 0000 004c | 8954 2428 | 4c8b 5424 | 504c 8954 | 2440 6690 

  0x000001cd1ca2924c: ;   {runtime_call UncommonTrapBlob}
  0x000001cd1ca2924c: c5f8 77e8 

  0x000001cd1ca29250: ; ImmutableOopMap {[40]=Oop [64]=Oop [72]=Oop }
                      ;*ifeq {reexecute=1 rethrow=0 return_oop=0}
                      ; - (reexecute) java.lang.ClassLoader::checkName@8
                      ; - java.lang.ClassLoader::findLoadedClass@1
                      ; - java.lang.ClassLoader::loadClass@10
  0x000001cd1ca29250: 2cb1 79ff 

  0x000001cd1ca29254: ;   {other}
  0x000001cd1ca29254: 0f1f 8400 | c467 006f | 488b 6c24 | 484c 8b9c | 24b0 0000 | 004c 895c | 2420 448b | 5c24 3044 
  0x000001cd1ca29274: 895c 2428 | 4c8b 5c24 | 504c 895c | 2438 4489 | 5424 2c89 | 5424 58ba | ceff ffff 

  0x000001cd1ca29290: ;   {runtime_call UncommonTrapBlob}
  0x000001cd1ca29290: c5f8 77e8 

  0x000001cd1ca29294: ; ImmutableOopMap {rbp=Oop [32]=Oop [44]=NarrowOop [56]=Oop }
                      ;*invokestatic indexOfChar {reexecute=0 rethrow=0 return_oop=0}
                      ; - java.lang.StringLatin1::indexOf@33
                      ; - java.lang.String::indexOf@17
                      ; - java.lang.String::indexOf@3
                      ; - java.lang.ClassLoader::checkName@16
                      ; - java.lang.ClassLoader::findLoadedClass@1
                      ; - java.lang.ClassLoader::loadClass@10
  0x000001cd1ca29294: e8b0 79ff 

  0x000001cd1ca29298: ;   {other}
  0x000001cd1ca29298: 0f1f 8400 | 0868 0070 | 488b 4c24 | 5048 8d94 | 2430 0100 | 004d 8bc7 | c5f8 7749 | ba40 d982 
  0x000001cd1ca292b8: effc 7f00 | 0041 ffd2 

  0x000001cd1ca292c0: ;   {other}
  0x000001cd1ca292c0: 0f1f 8400 | 0000 0000 | e9a6 d5ff | ff48 8b6c | 2420 488b | 5424 204c | 8d84 2438 | 0100 004c 
  0x000001cd1ca292e0: 8b94 24b0 | 0000 004c | 8954 2438 

  0x000001cd1ca292ec: ;   {runtime_call _complete_monitor_locking_Java}
  0x000001cd1ca292ec: c5f8 77e8 

  0x000001cd1ca292f0: ; ImmutableOopMap {rbp=Oop [40]=NarrowOop [56]=Oop [72]=Oop [80]=Oop [176]=Oop [184]=Oop }
                      ;*monitorenter {reexecute=0 rethrow=0 return_oop=0}
                      ; - java.lang.ClassLoader::loadClass@7
                      ; - java.lang.ClassLoader::loadClass@38
  0x000001cd1ca292f0: 8c18 86ff 

  0x000001cd1ca292f4: ;   {other}
  0x000001cd1ca292f4: 0f1f 8400 | 6468 0071 | 4c8b dde9 | 99a9 ffff | 33ed 85db | 400f 96c5 | ba45 ffff | ff4c 8b54 
  0x000001cd1ca29314: 2448 4c89 | 5424 204c | 8b54 2450 | 4c89 5424 | 484c 8944 | 2458 4c89 | 5c24 684c | 8944 2478 
  0x000001cd1ca29334: ;   {runtime_call UncommonTrapBlob}
  0x000001cd1ca29334: c5f8 77e8 

  0x000001cd1ca29338: ; ImmutableOopMap {[32]=Oop [72]=Oop [88]=Oop [104]=Oop [120]=Oop [184]=Oop }
                      ;*ifeq {reexecute=1 rethrow=0 return_oop=0}
                      ; - (reexecute) java.lang.ClassLoader::checkName@8
                      ; - java.lang.ClassLoader::findLoadedClass@1
                      ; - java.lang.ClassLoader::loadClass@10
                      ; - java.lang.ClassLoader::loadClass@38
  0x000001cd1ca29338: 44b0 79ff 

  0x000001cd1ca2933c: ;   {other}
  0x000001cd1ca2933c: 0f1f 8400 | ac68 0072 | 488b 6c24 | 484c 8944 | 2420 448b | 4424 3044 | 8944 2428 | 4c8b 5c24 
  0x000001cd1ca2935c: 404c 895c | 2438 4c8b | 5c24 504c | 895c 2440 | 4c8b 5c24 | 784c 895c | 2460 4489 | 5424 2c89 
  0x000001cd1ca2937c: 9424 8000 | 0000 bace | ffff ff90 

  0x000001cd1ca29388: ;   {runtime_call UncommonTrapBlob}
  0x000001cd1ca29388: c5f8 77e8 

  0x000001cd1ca2938c: ; ImmutableOopMap {rbp=Oop [32]=Oop [44]=NarrowOop [64]=Oop [96]=Oop [184]=Oop }
                      ;*invokestatic indexOfChar {reexecute=0 rethrow=0 return_oop=0}
                      ; - java.lang.StringLatin1::indexOf@33
                      ; - java.lang.String::indexOf@17
                      ; - java.lang.String::indexOf@3
                      ; - java.lang.ClassLoader::checkName@16
                      ; - java.lang.ClassLoader::findLoadedClass@1
                      ; - java.lang.ClassLoader::loadClass@10
                      ; - java.lang.ClassLoader::loadClass@38
  0x000001cd1ca2938c: f0af 79ff 

  0x000001cd1ca29390: ;   {other}
  0x000001cd1ca29390: 0f1f 8400 | 0069 0073 | 33ed 4585 | c940 0f94 | c5ba 45ff | ffff 4c8b | 5424 504c | 8954 2440 
  0x000001cd1ca293b0: 4c89 4424 | 504c 8944 | 2458 6690 

  0x000001cd1ca293bc: ;   {runtime_call UncommonTrapBlob}
  0x000001cd1ca293bc: c5f8 77e8 

  0x000001cd1ca293c0: ; ImmutableOopMap {[64]=Oop [72]=Oop [80]=Oop [88]=Oop }
                      ;*ifeq {reexecute=1 rethrow=0 return_oop=0}
                      ; - (reexecute) java.lang.String::indexOf@4
                      ; - java.lang.String::indexOf@3
                      ; - java.lang.ClassLoader::checkName@16
                      ; - java.lang.ClassLoader::findLoadedClass@1
                      ; - java.lang.ClassLoader::loadClass@10
  0x000001cd1ca293c0: bcaf 79ff 

  0x000001cd1ca293c4: ;   {other}
  0x000001cd1ca293c4: 0f1f 8400 | 3469 0074 | ba45 ffff | ff48 8b6c | 2448 4c8b | 9424 b000 | 0000 4c89 | 5424 2044 
  0x000001cd1ca293e4: 8b5c 2430 | 4489 5c24 | 2889 5c24 | 2c66 6690 

  0x000001cd1ca293f4: ;   {runtime_call UncommonTrapBlob}
  0x000001cd1ca293f4: c5f8 77e8 

  0x000001cd1ca293f8: ; ImmutableOopMap {rbp=Oop [32]=Oop [80]=Oop }
                      ;*if_icmpne {reexecute=1 rethrow=0 return_oop=0}
                      ; - (reexecute) java.lang.ClassLoader::checkName@20
                      ; - java.lang.ClassLoader::findLoadedClass@1
                      ; - java.lang.ClassLoader::loadClass@10
  0x000001cd1ca293f8: 84af 79ff 

  0x000001cd1ca293fc: ;   {other}
  0x000001cd1ca293fc: 0f1f 8400 | 6c69 0075 | ba45 ffff | ff48 8b6c | 2448 4489 | 4c24 2844 | 895c 242c 

  0x000001cd1ca29418: ;   {runtime_call UncommonTrapBlob}
  0x000001cd1ca29418: c5f8 77e8 

  0x000001cd1ca2941c: ; ImmutableOopMap {rbp=Oop [44]=NarrowOop [176]=Oop }
                      ;*ifnull {reexecute=1 rethrow=0 return_oop=0}
                      ; - (reexecute) java.lang.ClassLoader::getClassLoadingLock@6
                      ; - java.lang.ClassLoader::loadClass@2
  0x000001cd1ca2941c: 60af 79ff 

  0x000001cd1ca29420: ;   {other}
  0x000001cd1ca29420: 0f1f 8400 | 9069 0076 | ba45 ffff | ff48 8b6c | 2448 4c8b | 9424 b000 | 0000 4c89 | 5424 2044 
  0x000001cd1ca29440: 8b54 2430 | 4489 5424 | 2844 895c | 242c 6690 

  0x000001cd1ca29450: ;   {runtime_call UncommonTrapBlob}
  0x000001cd1ca29450: c5f8 77e8 

  0x000001cd1ca29454: ; ImmutableOopMap {rbp=Oop [32]=Oop [80]=Oop }
                      ;*if_icmpne {reexecute=1 rethrow=0 return_oop=0}
                      ; - (reexecute) java.lang.ClassLoader::checkName@30
                      ; - java.lang.ClassLoader::findLoadedClass@1
                      ; - java.lang.ClassLoader::loadClass@10
  0x000001cd1ca29454: 28af 79ff 

  0x000001cd1ca29458: ;   {other}
  0x000001cd1ca29458: 0f1f 8400 | c869 0077 | ba76 ffff | ff48 8b6c | 2448 4c8b | 5c24 284c | 895c 2420 | 448b 4424 
  0x000001cd1ca29478: 3044 8944 | 2428 4c8b | 5c24 404c | 895c 2438 | 4c8b 5c24 | 504c 895c | 2440 4c8b | 5c24 784c 
  0x000001cd1ca29498: 895c 2450 | 4489 5424 | 7866 6690 

  0x000001cd1ca294a4: ;   {runtime_call UncommonTrapBlob}
  0x000001cd1ca294a4: c5f8 77e8 

  0x000001cd1ca294a8: ; ImmutableOopMap {rbp=Oop [32]=Oop [64]=Oop [80]=Oop [104]=Oop [128]=NarrowOop }
                      ;*iflt {reexecute=1 rethrow=0 return_oop=0}
                      ; - (reexecute) java.lang.StringLatin1::lastIndexOf@19
                      ; - java.lang.String::lastIndexOf@13
                      ; - java.lang.String::lastIndexOf@8
                      ; - jdk.internal.loader.BuiltinClassLoader::findLoadedModule@3
                      ; - jdk.internal.loader.BuiltinClassLoader::loadClassOrNull@22
                      ; - jdk.internal.loader.BuiltinClassLoader::loadClass@3
                      ; - java.lang.ClassLoader::loadClass@38
  0x000001cd1ca294a8: d4ae 79ff 

  0x000001cd1ca294ac: ;   {other}
  0x000001cd1ca294ac: 0f1f 8400 | 1c6a 0078 | bac6 ffff | ff48 8b6c | 2448 4c8b | 9424 b000 | 0000 4c89 | 5424 2044 
  0x000001cd1ca294cc: 8b54 2430 | 4489 5424 | 2848 8944 | 2438 4489 | 4424 2c90 

  0x000001cd1ca294e0: ;   {runtime_call UncommonTrapBlob}
  0x000001cd1ca294e0: c5f8 77e8 

  0x000001cd1ca294e4: ; ImmutableOopMap {rbp=Oop [32]=Oop [44]=NarrowOop [80]=Oop }
                      ;*invokevirtual loadClass {reexecute=0 rethrow=0 return_oop=0}
                      ; - java.lang.ClassLoader::loadClass@38
  0x000001cd1ca294e4: 98ae 79ff 

  0x000001cd1ca294e8: ;   {other}
  0x000001cd1ca294e8: 0f1f 8400 | 586a 0079 | 488b 6c24 | 2048 8b54 | 2420 4c8d | 8424 3801 | 0000 4c8b | 9424 b000 
  0x000001cd1ca29508: 0000 4c89 | 5424 2890 

  0x000001cd1ca29510: ;   {runtime_call _complete_monitor_locking_Java}
  0x000001cd1ca29510: c5f8 77e8 

  0x000001cd1ca29514: ; ImmutableOopMap {rbp=Oop [40]=Oop [72]=Oop [80]=Oop [120]=Oop [176]=Oop }
                      ;*monitorenter {reexecute=0 rethrow=0 return_oop=0}
                      ; - jdk.internal.loader.BuiltinClassLoader::loadClassOrNull@7
                      ; - jdk.internal.loader.BuiltinClassLoader::loadClass@3
                      ; - java.lang.ClassLoader::loadClass@38
  0x000001cd1ca29514: 6816 86ff 

  0x000001cd1ca29518: ;   {other}
  0x000001cd1ca29518: 0f1f 8400 | 886a 007a | 4c8b d5e9 | d1a3 ffff | 33ed 85c9 | 400f 96c5 | ba45 ffff | ff4c 8b44 
  0x000001cd1ca29538: 2448 4c89 | 4424 204c | 8b44 2450 | 4c89 4424 | 484c 895c | 2450 4c89 | 5c24 604c | 8954 2470 
  0x000001cd1ca29558: ;   {runtime_call UncommonTrapBlob}
  0x000001cd1ca29558: c5f8 77e8 

  0x000001cd1ca2955c: ; ImmutableOopMap {[32]=Oop [72]=Oop [80]=Oop [96]=Oop [112]=Oop [120]=Oop }
                      ;*ifeq {reexecute=1 rethrow=0 return_oop=0}
                      ; - (reexecute) java.lang.ClassLoader::checkName@8
                      ; - java.lang.ClassLoader::findLoadedClass@1
                      ; - jdk.internal.loader.BuiltinClassLoader::loadClassOrNull@10
                      ; - jdk.internal.loader.BuiltinClassLoader::loadClass@3
                      ; - java.lang.ClassLoader::loadClass@38
  0x000001cd1ca2955c: 20ae 79ff 

  0x000001cd1ca29560: ;   {other}
  0x000001cd1ca29560: 0f1f 8400 | d06a 007b | 498b cb48 | 8d94 2438 | 0100 004d | 8bc7 c5f8 | 7749 ba40 | d982 effc 
  0x000001cd1ca29580: 7f00 0041 

  0x000001cd1ca29584: ;   {other}
  0x000001cd1ca29584: ffd2 0f1f | 8400 0000 | 0000 e902 | d1ff ffba | 6eff ffff | 488b 6c24 | 484c 8b5c | 2428 4c89 
  0x000001cd1ca295a4: 5c24 2044 | 8b5c 2430 | 4489 5c24 | 284c 8b5c | 2440 4c89 | 5c24 384c | 8b5c 2450 | 4c89 5c24 
  0x000001cd1ca295c4: 404c 8b5c | 2478 4c89 | 5c24 5044 | 8954 2478 

  0x000001cd1ca295d4: ;   {runtime_call UncommonTrapBlob}
  0x000001cd1ca295d4: c5f8 77e8 

  0x000001cd1ca295d8: ; ImmutableOopMap {rbp=Oop [32]=Oop [64]=Oop [80]=Oop [104]=Oop [128]=NarrowOop }
                      ;*iflt {reexecute=1 rethrow=0 return_oop=0}
                      ; - (reexecute) java.lang.StringLatin1::lastIndexOf@19
                      ; - java.lang.String::lastIndexOf@13
                      ; - java.lang.String::lastIndexOf@8
                      ; - jdk.internal.loader.BuiltinClassLoader::findLoadedModule@3
                      ; - jdk.internal.loader.BuiltinClassLoader::loadClassOrNull@22
                      ; - jdk.internal.loader.BuiltinClassLoader::loadClass@3
                      ; - java.lang.ClassLoader::loadClass@38
  0x000001cd1ca295d8: a4ad 79ff 

  0x000001cd1ca295dc: ;   {other}
  0x000001cd1ca295dc: 0f1f 8400 | 4c6b 007c | 488b 6c24 | 488b 4c24 | 3089 4c24 | 284c 8b4c | 2440 4c89 | 4c24 384c 
  0x000001cd1ca295fc: 8b4c 2450 | 4c89 4c24 | 404c 895c | 2448 4c8b | 4c24 784c | 895c 2458 | 4c89 5424 | 684c 894c 
  0x000001cd1ca2961c: 2470 4489 | 4424 2c89 | 9424 8800 | 0000 bace | ffff ff90 

  0x000001cd1ca29630: ;   {runtime_call UncommonTrapBlob}
  0x000001cd1ca29630: c5f8 77e8 

  0x000001cd1ca29634: ; ImmutableOopMap {rbp=Oop [44]=NarrowOop [64]=Oop [72]=Oop [88]=Oop [104]=Oop [112]=Oop }
                      ;*invokestatic indexOfChar {reexecute=0 rethrow=0 return_oop=0}
                      ; - java.lang.StringLatin1::indexOf@33
                      ; - java.lang.String::indexOf@17
                      ; - java.lang.String::indexOf@3
                      ; - java.lang.ClassLoader::checkName@16
                      ; - java.lang.ClassLoader::findLoadedClass@1
                      ; - jdk.internal.loader.BuiltinClassLoader::loadClassOrNull@10
                      ; - jdk.internal.loader.BuiltinClassLoader::loadClass@3
                      ; - java.lang.ClassLoader::loadClass@38
  0x000001cd1ca29634: 48ad 79ff 

  0x000001cd1ca29638: ;   {other}
  0x000001cd1ca29638: 0f1f 8400 | a86b 007d | ba45 ffff | ff48 8b6c | 2448 4889 | 5c24 2890 

  0x000001cd1ca29650: ;   {runtime_call UncommonTrapBlob}
  0x000001cd1ca29650: c5f8 77e8 

  0x000001cd1ca29654: ; ImmutableOopMap {rbp=Oop [40]=Oop [80]=Oop }
                      ;*ifeq {reexecute=1 rethrow=0 return_oop=0}
                      ; - (reexecute) java.lang.ClassLoader::loadClass@100
  0x000001cd1ca29654: 28ad 79ff 

  0x000001cd1ca29658: ;   {other}
  0x000001cd1ca29658: 0f1f 8400 | c86b 007e | baf6 ffff | ff48 8b6c | 2448 8b4c | 2430 894c | 2428 4c8b | 4424 404c 
  0x000001cd1ca29678: 8944 2438 | 4c8b 4424 | 504c 8944 | 2440 4c8b | 4424 784c | 8944 2450 | 4c8b 4424 | 684c 8944 
  0x000001cd1ca29698: 2458 4c8b | 4424 704c | 8944 2460 | 4c89 5c24 | 704c 894c | 2478 4c89 | 9c24 8800 | 0000 6690 
  0x000001cd1ca296b8: ;   {runtime_call UncommonTrapBlob}
  0x000001cd1ca296b8: c5f8 77e8 

  0x000001cd1ca296bc: ; ImmutableOopMap {rbp=Oop [64]=Oop [80]=Oop [112]=Oop [120]=Oop [136]=Oop [152]=Oop [184]=Oop }
                      ;*invokevirtual getResource {reexecute=0 rethrow=0 return_oop=0}
                      ; - java.net.URLClassLoader$1::run@26
                      ; - java.net.URLClassLoader$1::run@1
                      ; - java.security.AccessController::executePrivileged@29
                      ; - java.security.AccessController::doPrivileged@13
                      ; - java.net.URLClassLoader::findClass@13
                      ; - java.lang.ClassLoader::loadClass@69
                      ; - java.lang.ClassLoader::loadClass@38
  0x000001cd1ca296bc: c0ac 79ff 

  0x000001cd1ca296c0: ;   {other}
  0x000001cd1ca296c0: 0f1f 8400 | 306c 007f | ba76 ffff | ff48 8b6c | 2448 8b4c | 2430 894c | 2428 488b | 4c24 4048 
  0x000001cd1ca296e0: 894c 2438 | 488b 4c24 | 5048 894c | 2440 488b | 4c24 7848 | 894c 2450 | 488b 4c24 | 6848 894c 
  0x000001cd1ca29700: 2458 488b | 4c24 7048 | 894c 2460 | 4c89 5c24 | 704c 894c | 2478 4c89 | 9c24 8000 | 0000 4489 
  0x000001cd1ca29720: 9424 8800 | 0000 4489 | 8424 8c00 | 0000 6690 

  0x000001cd1ca29730: ;   {runtime_call UncommonTrapBlob}
  0x000001cd1ca29730: c5f8 77e8 

  0x000001cd1ca29734: ; ImmutableOopMap {rbp=Oop [64]=Oop [80]=Oop [112]=Oop [120]=Oop [128]=Oop [140]=NarrowOop [184]=Oop }
                      ;*if_icmpge {reexecute=1 rethrow=0 return_oop=0}
                      ; - (reexecute) java.lang.StringLatin1::replace@19
                      ; - java.lang.String::replace@18
                      ; - java.net.URLClassLoader$1::run@8
                      ; - java.net.URLClassLoader$1::run@1
                      ; - java.security.AccessController::executePrivileged@29
                      ; - java.security.AccessController::doPrivileged@13
                      ; - java.net.URLClassLoader::findClass@13
                      ; - java.lang.ClassLoader::loadClass@69
                      ; - java.lang.ClassLoader::loadClass@38
  0x000001cd1ca29734: 48ac 79ff 

  0x000001cd1ca29738: ;   {other}
  0x000001cd1ca29738: 0f1f 8400 | a86c 0080 | 4c63 dde9 | 1fc2 ffff | bacc ffff | ff48 8b6c | 2448 4c8b | 9c24 b000 
  0x000001cd1ca29758: 0000 4c89 | 5c24 2044 | 8b5c 2430 | 4489 5c24 | 284c 8b5c | 2440 4c89 | 5c24 384c | 8b5c 2450 
  0x000001cd1ca29778: 4c89 5c24 | 404c 8b5c | 2478 4c89 | 5c24 504c | 8b5c 2468 | 4c89 5c24 | 584c 8b5c | 2470 4c89 
  0x000001cd1ca29798: 5c24 604c | 8b9c 2480 | 0000 004c | 895c 2478 | 4c89 9424 | b000 0000 

  0x000001cd1ca297b0: ;   {runtime_call UncommonTrapBlob}
  0x000001cd1ca297b0: c5f8 77e8 

  0x000001cd1ca297b4: ; ImmutableOopMap {rbp=Oop [32]=Oop [64]=Oop [80]=Oop [120]=Oop [152]=Oop [176]=Oop [184]=Oop }
                      ;*invokestatic arraycopy {reexecute=0 rethrow=0 return_oop=0}
                      ; - java.lang.String::getBytes@22
                      ; - java.lang.StringConcatHelper::prepend@21
                      ; - java.lang.StringConcatHelper::simpleConcat@71
                      ; - java.lang.String::concat@11
                      ; - java.net.URLClassLoader$1::run@13
                      ; - java.net.URLClassLoader$1::run@1
                      ; - java.security.AccessController::executePrivileged@29
                      ; - java.security.AccessController::doPrivileged@13
                      ; - java.net.URLClassLoader::findClass@13
                      ; - java.lang.ClassLoader::loadClass@69
                      ; - java.lang.ClassLoader::loadClass@38
  0x000001cd1ca297b4: c8ab 79ff 

  0x000001cd1ca297b8: ;   {other}
  0x000001cd1ca297b8: 0f1f 8400 | 286d 0081 | bacc ffff | ff48 8b6c | 2448 4c8b | 9c24 b000 | 0000 4c89 | 5c24 2044 
  0x000001cd1ca297d8: 8b5c 2430 | 4489 5c24 | 284c 8b5c | 2440 4c89 | 5c24 384c | 8b5c 2450 | 4c89 5c24 | 404c 8b5c 
  0x000001cd1ca297f8: 2478 4c89 | 5c24 504c | 8b5c 2468 | 4c89 5c24 | 584c 8b5c | 2470 4c89 | 5c24 604c | 8b9c 2480 
  0x000001cd1ca29818: 0000 004c | 895c 2478 | 4c8b 9c24 | 8800 0000 | 4c89 9c24 | 8000 0000 | 4c89 9424 | a000 0000 
  0x000001cd1ca29838: ;   {runtime_call UncommonTrapBlob}
  0x000001cd1ca29838: c5f8 77e8 

  0x000001cd1ca2983c: ; ImmutableOopMap {rbp=Oop [32]=Oop [64]=Oop [80]=Oop [120]=Oop [128]=Oop [160]=Oop [184]=Oop }
                      ;*invokestatic arraycopy {reexecute=0 rethrow=0 return_oop=0}
                      ; - java.lang.String::getBytes@22
                      ; - java.lang.StringConcatHelper::prepend@21
                      ; - java.lang.StringConcatHelper::simpleConcat@81
                      ; - java.lang.String::concat@11
                      ; - java.net.URLClassLoader$1::run@13
                      ; - java.net.URLClassLoader$1::run@1
                      ; - java.security.AccessController::executePrivileged@29
                      ; - java.security.AccessController::doPrivileged@13
                      ; - java.net.URLClassLoader::findClass@13
                      ; - java.lang.ClassLoader::loadClass@69
                      ; - java.lang.ClassLoader::loadClass@38
  0x000001cd1ca2983c: 40ab 79ff 

  0x000001cd1ca29840: ;   {other}
  0x000001cd1ca29840: 0f1f 8400 | b06d 0082 | 498b cb48 | 8d94 2438 | 0100 004d | 8bc7 c5f8 | 7749 ba40 | d982 effc 
  0x000001cd1ca29860: 7f00 0041 

  0x000001cd1ca29864: ;   {other}
  0x000001cd1ca29864: ffd2 0f1f | 8400 0000 | 0000 e999 | c4ff ffba | 76ff ffff | 4c8b 5424 | 484c 8954 | 2420 4c8b 
  0x000001cd1ca29884: 9424 b000 | 0000 4c89 | 5424 284c | 8b54 2450 | 4c89 5424 | 484c 8b54 | 2478 4c89 | 5424 584c 
  0x000001cd1ca298a4: 8b54 2468 | 4c89 5424 | 604c 8b54 | 2470 4c89 | 5424 684c | 8984 2490 | 0000 0090 

  0x000001cd1ca298c0: ;   {runtime_call UncommonTrapBlob}
  0x000001cd1ca298c0: c5f8 77e8 

  0x000001cd1ca298c4: ; ImmutableOopMap {[32]=Oop [40]=Oop [72]=Oop [88]=Oop [128]=Oop [144]=Oop [184]=Oop [192]=NarrowOop }
                      ;*if_icmpge {reexecute=1 rethrow=0 return_oop=0}
                      ; - (reexecute) java.lang.StringLatin1::replace@82
                      ; - java.lang.String::replace@18
                      ; - java.net.URLClassLoader$1::run@8
                      ; - java.net.URLClassLoader$1::run@1
                      ; - java.security.AccessController::executePrivileged@29
                      ; - java.security.AccessController::doPrivileged@13
                      ; - java.net.URLClassLoader::findClass@13
                      ; - java.lang.ClassLoader::loadClass@69
                      ; - java.lang.ClassLoader::loadClass@38
  0x000001cd1ca298c4: b8aa 79ff 

  0x000001cd1ca298c8: ;   {other}
  0x000001cd1ca298c8: 0f1f 8400 | 386e 0083 | 4963 d0e9 | 6fc6 ffff | 4983 c0fe | 498b c848 | 8bfa 4833 | c048 83f9 
  0x000001cd1ca298e8: 087f 1048 | ffc9 784f | 4889 04cf | 48ff c97d | f7eb 44c5 | fdef c0e9 | 0d00 0000 | c5fe 7f07 
  0x000001cd1ca29908: c5fe 7f47 | 2048 83c7 | 4048 83e9 | 087d ed48 | 83c1 047c | 0cc5 fe7f | 0748 83c7 | 2048 83e9 
  0x000001cd1ca29928: 0448 83c1 | 047e 1048 | ffc9 c5f9 | d607 4883 | c708 48ff | c97d f3e9 | 14c7 ffff | bacc ffff 
  0x000001cd1ca29948: ff48 8b6c | 2448 4c8b | 9c24 b000 | 0000 4c89 | 5c24 2044 | 8b5c 2430 | 4489 5c24 | 284c 8b5c 
  0x000001cd1ca29968: 2440 4c89 | 5c24 384c | 8b5c 2450 | 4c89 5c24 | 404c 8b5c | 2478 4c89 | 5c24 5044 | 8944 2470 
  0x000001cd1ca29988: 4c89 8c24 | 8000 0000 | 4489 5424 | 7466 6690 

  0x000001cd1ca29998: ;   {runtime_call UncommonTrapBlob}
  0x000001cd1ca29998: c5f8 77e8 

  0x000001cd1ca2999c: ; ImmutableOopMap {rbp=Oop [32]=Oop [64]=Oop [80]=Oop [104]=Oop [116]=NarrowOop [128]=Oop }
                      ;*newarray {reexecute=1 rethrow=0 return_oop=0}
                      ; - (reexecute) java.util.Arrays::copyOfRangeByte@10
                      ; - java.util.Arrays::copyOfRange@13
                      ; - java.lang.StringLatin1::newString@16
                      ; - java.lang.String::substring@41
                      ; - jdk.internal.loader.BuiltinClassLoader::findLoadedModule@16
                      ; - jdk.internal.loader.BuiltinClassLoader::loadClassOrNull@22
                      ; - jdk.internal.loader.BuiltinClassLoader::loadClass@3
                      ; - java.lang.ClassLoader::loadClass@38
  0x000001cd1ca2999c: e0a9 79ff 

  0x000001cd1ca299a0: ;   {other}
  0x000001cd1ca299a0: 0f1f 8400 | 106f 0084 | bade ffff | ff4c 8b54 | 2448 4c89 | 5424 204c | 8b94 24b0 | 0000 004c 
  0x000001cd1ca299c0: 8954 2428 | 4c8b 5424 | 504c 8954 | 2448 6690 

  0x000001cd1ca299d0: ;   {runtime_call UncommonTrapBlob}
  0x000001cd1ca299d0: c5f8 77e8 

  0x000001cd1ca299d4: ; ImmutableOopMap {rbp=NarrowOop [32]=Oop [40]=Oop [72]=Oop [104]=Oop [120]=Oop }
                      ;*invokevirtual loadClassOrNull {reexecute=0 rethrow=0 return_oop=0}
                      ; - jdk.internal.loader.BuiltinClassLoader::loadClassOrNull@3
                      ; - jdk.internal.loader.BuiltinClassLoader::loadClassOrNull@66
                      ; - jdk.internal.loader.BuiltinClassLoader::loadClass@3
                      ; - java.lang.ClassLoader::loadClass@38
  0x000001cd1ca299d4: a8a9 79ff 

  0x000001cd1ca299d8: ;   {other}
  0x000001cd1ca299d8: 0f1f 8400 | 486f 0085 | 33ed 4585 | d240 0f96 | c5ba 45ff | ffff 4c8b | 5424 484c | 8954 2420 
  0x000001cd1ca299f8: 4c8b 5424 | 504c 8954 | 2448 4889 | 7424 5048 | 8974 2470 

  0x000001cd1ca29a0c: ;   {runtime_call UncommonTrapBlob}
  0x000001cd1ca29a0c: c5f8 77e8 

  0x000001cd1ca29a10: ; ImmutableOopMap {[32]=Oop [72]=Oop [80]=Oop [104]=Oop [112]=Oop [120]=Oop }
                      ;*ifeq {reexecute=1 rethrow=0 return_oop=0}
                      ; - (reexecute) java.lang.ClassLoader::checkName@8
                      ; - java.lang.ClassLoader::findBootstrapClassOrNull@1
                      ; - java.lang.System$2::findBootstrapClassOrNull@1
                      ; - jdk.internal.loader.ClassLoaders$BootClassLoader::loadClassOrNull@4
                      ; - jdk.internal.loader.BuiltinClassLoader::loadClassOrNull@3
                      ; - jdk.internal.loader.BuiltinClassLoader::loadClassOrNull@66
                      ; - jdk.internal.loader.BuiltinClassLoader::loadClass@3
                      ; - java.lang.ClassLoader::loadClass@38
  0x000001cd1ca29a10: 6ca9 79ff 

  0x000001cd1ca29a14: ;   {other}
  0x000001cd1ca29a14: 0f1f 8400 | 846f 0086 | bace ffff | ff4c 8b54 | 2448 4c89 | 5424 204c | 8b54 2450 | 4c89 5424 
  0x000001cd1ca29a34: 4848 8974 | 2450 48ff | 7424 7848 | 8f44 2458 | 4889 7424 | 7044 895c | 2434 6690 

  0x000001cd1ca29a50: ;   {runtime_call UncommonTrapBlob}
  0x000001cd1ca29a50: c5f8 77e8 

  0x000001cd1ca29a54: ; ImmutableOopMap {rbp=NarrowOop [32]=Oop [72]=Oop [80]=Oop [88]=Oop [104]=Oop [112]=Oop }
                      ;*invokestatic indexOfChar {reexecute=0 rethrow=0 return_oop=0}
                      ; - java.lang.StringLatin1::indexOf@33
                      ; - java.lang.String::indexOf@17
                      ; - java.lang.String::indexOf@3
                      ; - java.lang.ClassLoader::checkName@16
                      ; - java.lang.ClassLoader::findBootstrapClassOrNull@1
                      ; - java.lang.System$2::findBootstrapClassOrNull@1
                      ; - jdk.internal.loader.ClassLoaders$BootClassLoader::loadClassOrNull@4
                      ; - jdk.internal.loader.BuiltinClassLoader::loadClassOrNull@3
                      ; - jdk.internal.loader.BuiltinClassLoader::loadClassOrNull@66
                      ; - jdk.internal.loader.BuiltinClassLoader::loadClass@3
                      ; - java.lang.ClassLoader::loadClass@38
  0x000001cd1ca29a54: 28a9 79ff 

  0x000001cd1ca29a58: ;   {other}
  0x000001cd1ca29a58: 0f1f 8400 | c86f 0087 | 33ed 4585 | c940 0f94 | c5ba 45ff | ffff 4c8b | 5424 484c | 8954 2420 
  0x000001cd1ca29a78: 4c8b 5424 | 504c 8954 | 2448 4c89 | 4424 584c | 895c 2468 | 4c89 4424 | 7866 6690 

  0x000001cd1ca29a94: ;   {runtime_call UncommonTrapBlob}
  0x000001cd1ca29a94: c5f8 77e8 

  0x000001cd1ca29a98: ; ImmutableOopMap {[32]=Oop [72]=Oop [88]=Oop [104]=Oop [120]=Oop [184]=Oop }
                      ;*ifeq {reexecute=1 rethrow=0 return_oop=0}
                      ; - (reexecute) java.lang.String::indexOf@4
                      ; - java.lang.String::indexOf@3
                      ; - java.lang.ClassLoader::checkName@16
                      ; - java.lang.ClassLoader::findLoadedClass@1
                      ; - java.lang.ClassLoader::loadClass@10
                      ; - java.lang.ClassLoader::loadClass@38
  0x000001cd1ca29a98: e4a8 79ff 

  0x000001cd1ca29a9c: ;   {other}
  0x000001cd1ca29a9c: 0f1f 8400 | 0c70 0088 | ba45 ffff | ff48 8b6c | 2448 448b | 5424 3044 | 8954 2428 | 4c8b 5424 
  0x000001cd1ca29abc: 404c 8954 | 2438 4c8b | 5424 504c | 8954 2440 | 4c89 4424 | 504c 8b54 | 2478 4c89 | 5424 604c 
  0x000001cd1ca29adc: 8944 2470 | 895c 242c 

  0x000001cd1ca29ae4: ;   {runtime_call UncommonTrapBlob}
  0x000001cd1ca29ae4: c5f8 77e8 

  0x000001cd1ca29ae8: ; ImmutableOopMap {rbp=Oop [64]=Oop [80]=Oop [96]=Oop [112]=Oop [120]=Oop [184]=Oop }
                      ;*if_icmpne {reexecute=1 rethrow=0 return_oop=0}
                      ; - (reexecute) java.lang.ClassLoader::checkName@20
                      ; - java.lang.ClassLoader::findLoadedClass@1
                      ; - java.lang.ClassLoader::loadClass@10
                      ; - java.lang.ClassLoader::loadClass@38
  0x000001cd1ca29ae8: 94a8 79ff 

  0x000001cd1ca29aec: ;   {other}
  0x000001cd1ca29aec: 0f1f 8400 | 5c70 0089 | ba45 ffff | ff4c 8b5c | 2448 4c89 | 5c24 204c | 8b9c 24b0 | 0000 004c 
  0x000001cd1ca29b0c: 895c 2428 | 4c8b 5c24 | 504c 895c | 2448 4c89 | 5424 6090 

  0x000001cd1ca29b20: ;   {runtime_call UncommonTrapBlob}
  0x000001cd1ca29b20: c5f8 77e8 

  0x000001cd1ca29b24: ; ImmutableOopMap {rbp=NarrowOop [32]=Oop [40]=Oop [72]=Oop [96]=Oop }
                      ;*ifnull {reexecute=1 rethrow=0 return_oop=0}
                      ; - (reexecute) java.lang.ClassLoader::getClassLoadingLock@6
                      ; - java.lang.ClassLoader::loadClass@2
                      ; - java.lang.ClassLoader::loadClass@38
  0x000001cd1ca29b24: 58a8 79ff 

  0x000001cd1ca29b28: ;   {other}
  0x000001cd1ca29b28: 0f1f 8400 | 9870 008a | ba45 ffff | ff48 8b6c | 2448 4c89 | 4424 2044 | 8b44 2430 | 4489 4424 
  0x000001cd1ca29b48: 284c 8b54 | 2440 4c89 | 5424 384c | 8b54 2450 | 4c89 5424 | 404c 8b54 | 2478 4c89 | 5424 6044 
  0x000001cd1ca29b68: 895c 242c 

  0x000001cd1ca29b6c: ;   {runtime_call UncommonTrapBlob}
  0x000001cd1ca29b6c: c5f8 77e8 

  0x000001cd1ca29b70: ; ImmutableOopMap {rbp=Oop [32]=Oop [64]=Oop [96]=Oop [120]=Oop [184]=Oop }
                      ;*if_icmpne {reexecute=1 rethrow=0 return_oop=0}
                      ; - (reexecute) java.lang.ClassLoader::checkName@30
                      ; - java.lang.ClassLoader::findLoadedClass@1
                      ; - java.lang.ClassLoader::loadClass@10
                      ; - java.lang.ClassLoader::loadClass@38
  0x000001cd1ca29b70: 0ca8 79ff 

  0x000001cd1ca29b74: ;   {other}
  0x000001cd1ca29b74: 0f1f 8400 | e470 008b | 458b c2e9 | 6fc2 ffff | ba76 ffff | ff48 8b6c | 2448 4c8b | 5424 584c 
  0x000001cd1ca29b94: 8954 2420 | 448b 5424 | 3044 8954 | 2428 4c8b | 5424 404c | 8954 2438 | 4c8b 5424 | 504c 8954 
  0x000001cd1ca29bb4: 2440 4c8b | 5424 784c | 8954 2458 | 4c8b 5424 | 684c 8954 | 2460 4489 | 9c24 8800 | 0000 4c8b 
  0x000001cd1ca29bd4: 9424 a000 | 0000 4c89 | 9424 9000 | 0000 4c8b | 9424 a800 | 0000 4c89 | 9424 a000 | 0000 6690 
  0x000001cd1ca29bf4: ;   {runtime_call UncommonTrapBlob}
  0x000001cd1ca29bf4: c5f8 77e8 

  0x000001cd1ca29bf8: ; ImmutableOopMap {rbp=Oop [32]=Oop [64]=Oop [88]=Oop [140]=NarrowOop [144]=Oop [160]=Oop [168]=Oop [184]=Oop }
                      ;*iflt {reexecute=1 rethrow=0 return_oop=0}
                      ; - (reexecute) java.lang.StringLatin1::lastIndexOf@19
                      ; - java.lang.String::lastIndexOf@13
                      ; - java.lang.String::lastIndexOf@8
                      ; - jdk.internal.loader.BuiltinClassLoader::findLoadedModule@3
                      ; - jdk.internal.loader.BuiltinClassLoader::loadClassOrNull@22
                      ; - jdk.internal.loader.BuiltinClassLoader::loadClass@3
                      ; - java.lang.ClassLoader::loadClass@38
                      ; - java.lang.ClassLoader::loadClass@38
  0x000001cd1ca29bf8: 84a7 79ff 

  0x000001cd1ca29bfc: ;   {other}
  0x000001cd1ca29bfc: 0f1f 8400 | 6c71 008c | bac6 ffff | ff48 8b6c | 2448 448b | 5c24 3044 | 895c 2428 | 4c8b 5c24 
  0x000001cd1ca29c1c: 404c 895c | 2438 4c8b | 5c24 504c | 895c 2440 | 4c8b 5c24 | 784c 895c | 2458 4889 | 4424 6044 
  0x000001cd1ca29c3c: 8954 242c 

  0x000001cd1ca29c40: ;   {runtime_call UncommonTrapBlob}
  0x000001cd1ca29c40: c5f8 77e8 

  0x000001cd1ca29c44: ; ImmutableOopMap {rbp=Oop [32]=Oop [44]=NarrowOop [64]=Oop [88]=Oop [184]=Oop }
                      ;*invokevirtual loadClass {reexecute=0 rethrow=0 return_oop=0}
                      ; - java.lang.ClassLoader::loadClass@38
                      ; - java.lang.ClassLoader::loadClass@38
  0x000001cd1ca29c44: 38a7 79ff 

  0x000001cd1ca29c48: ;   {other}
  0x000001cd1ca29c48: 0f1f 8400 | b871 008d | 488b 6c24 | 2048 8b54 | 2420 4c8d | 8424 4001 | 0000 4c8b | 9424 b000 
  0x000001cd1ca29c68: 0000 4c89 | 5424 3890 

  0x000001cd1ca29c70: ;   {runtime_call _complete_monitor_locking_Java}
  0x000001cd1ca29c70: c5f8 77e8 

  0x000001cd1ca29c74: ; ImmutableOopMap {rbp=Oop [40]=NarrowOop [56]=Oop [72]=Oop [80]=Oop [120]=Oop [160]=Oop [176]=Oop [184]=Oop }
                      ;*monitorenter {reexecute=0 rethrow=0 return_oop=0}
                      ; - jdk.internal.loader.BuiltinClassLoader::loadClassOrNull@7
                      ; - jdk.internal.loader.BuiltinClassLoader::loadClass@3
                      ; - java.lang.ClassLoader::loadClass@38
                      ; - java.lang.ClassLoader::loadClass@38
  0x000001cd1ca29c74: 080f 86ff 

  0x000001cd1ca29c78: ;   {other}
  0x000001cd1ca29c78: 0f1f 8400 | e871 008e | 4c8b c5e9 | b5a2 ffff | 33ed 4585 | d240 0f96 | c5ba 45ff | ffff 4c8b 
  0x000001cd1ca29c98: 5424 484c | 8954 2420 | 4c8b 5424 | 504c 8954 | 2448 4c89 | 4c24 584c | 8b54 2478 | 4c89 5424 
  0x000001cd1ca29cb8: 704c 894c | 2478 4c89 | 8424 a800 | 0000 6690 

  0x000001cd1ca29cc8: ;   {runtime_call UncommonTrapBlob}
  0x000001cd1ca29cc8: c5f8 77e8 

  0x000001cd1ca29ccc: ; ImmutableOopMap {[32]=Oop [72]=Oop [88]=Oop [112]=Oop [120]=Oop [160]=Oop [168]=Oop [184]=Oop }
                      ;*ifeq {reexecute=1 rethrow=0 return_oop=0}
                      ; - (reexecute) java.lang.ClassLoader::checkName@8
                      ; - java.lang.ClassLoader::findLoadedClass@1
                      ; - jdk.internal.loader.BuiltinClassLoader::loadClassOrNull@10
                      ; - jdk.internal.loader.BuiltinClassLoader::loadClass@3
                      ; - java.lang.ClassLoader::loadClass@38
                      ; - java.lang.ClassLoader::loadClass@38
  0x000001cd1ca29ccc: b0a6 79ff 

  0x000001cd1ca29cd0: ;   {other}
  0x000001cd1ca29cd0: 0f1f 8400 | 4072 008f | 498b f849 | 8bcb 488d | 9424 4001 | 0000 4d8b | c7c5 f877 | 49ba 40d9 
  0x000001cd1ca29cf0: 82ef fc7f | 0000 41ff 

  0x000001cd1ca29cf8: ;   {other}
  0x000001cd1ca29cf8: d20f 1f84 | 0000 0000 | 004c 8bc7 | e96e aeff | ffba 6eff | ffff 488b | 6c24 484c | 8b54 2458 
  0x000001cd1ca29d18: 4c89 5424 | 2044 8b44 | 2430 4489 | 4424 284c | 8b54 2440 | 4c89 5424 | 384c 8b54 | 2450 4c89 
  0x000001cd1ca29d38: 5424 404c | 8b54 2478 | 4c89 5424 | 584c 8b54 | 2468 4c89 | 5424 6044 | 899c 2488 | 0000 004c 
  0x000001cd1ca29d58: 8b94 24a0 | 0000 004c | 8994 2490 | 0000 004c | 8b94 24a8 | 0000 004c | 8994 24a0 | 0000 0090 
  0x000001cd1ca29d78: ;   {runtime_call UncommonTrapBlob}
  0x000001cd1ca29d78: c5f8 77e8 

  0x000001cd1ca29d7c: ; ImmutableOopMap {rbp=Oop [32]=Oop [64]=Oop [88]=Oop [140]=NarrowOop [144]=Oop [160]=Oop [168]=Oop [184]=Oop }
                      ;*iflt {reexecute=1 rethrow=0 return_oop=0}
                      ; - (reexecute) java.lang.StringLatin1::lastIndexOf@19
                      ; - java.lang.String::lastIndexOf@13
                      ; - java.lang.String::lastIndexOf@8
                      ; - jdk.internal.loader.BuiltinClassLoader::findLoadedModule@3
                      ; - jdk.internal.loader.BuiltinClassLoader::loadClassOrNull@22
                      ; - jdk.internal.loader.BuiltinClassLoader::loadClass@3
                      ; - java.lang.ClassLoader::loadClass@38
                      ; - java.lang.ClassLoader::loadClass@38
  0x000001cd1ca29d7c: 00a6 79ff 

  0x000001cd1ca29d80: ;   {other}
  0x000001cd1ca29d80: 0f1f 8400 | f072 0090 | bace ffff | ff4c 8b54 | 2448 4c89 | 5424 204c | 8b54 2450 | 4c89 5424 
  0x000001cd1ca29da0: 484c 894c | 2458 4c8b | 5424 784c | 8954 2470 | 4c89 4c24 | 784c 8984 | 24b0 0000 | 0044 895c 
  0x000001cd1ca29dc0: 2434 6690 

  0x000001cd1ca29dc4: ;   {runtime_call UncommonTrapBlob}
  0x000001cd1ca29dc4: c5f8 77e8 

  0x000001cd1ca29dc8: ; ImmutableOopMap {rbp=NarrowOop [32]=Oop [72]=Oop [88]=Oop [112]=Oop [120]=Oop [160]=Oop [176]=Oop [184]=Oop }
                      ;*invokestatic indexOfChar {reexecute=0 rethrow=0 return_oop=0}
                      ; - java.lang.StringLatin1::indexOf@33
                      ; - java.lang.String::indexOf@17
                      ; - java.lang.String::indexOf@3
                      ; - java.lang.ClassLoader::checkName@16
                      ; - java.lang.ClassLoader::findLoadedClass@1
                      ; - jdk.internal.loader.BuiltinClassLoader::loadClassOrNull@10
                      ; - jdk.internal.loader.BuiltinClassLoader::loadClass@3
                      ; - java.lang.ClassLoader::loadClass@38
                      ; - java.lang.ClassLoader::loadClass@38
  0x000001cd1ca29dc8: b4a5 79ff 

  0x000001cd1ca29dcc: ;   {other}
  0x000001cd1ca29dcc: 0f1f 8400 | 3c73 0091 | 33ed 85db | 400f 94c5 | ba45 ffff | ff4c 8b44 | 2448 4c89 | 4424 204c 
  0x000001cd1ca29dec: 8b44 2450 | 4c89 4424 | 484c 895c | 2450 4c89 | 5c24 604c | 8954 2470 

  0x000001cd1ca29e04: ;   {runtime_call UncommonTrapBlob}
  0x000001cd1ca29e04: c5f8 77e8 

  0x000001cd1ca29e08: ; ImmutableOopMap {[32]=Oop [72]=Oop [80]=Oop [96]=Oop [112]=Oop [120]=Oop }
                      ;*ifeq {reexecute=1 rethrow=0 return_oop=0}
                      ; - (reexecute) java.lang.String::indexOf@4
                      ; - java.lang.String::indexOf@3
                      ; - java.lang.ClassLoader::checkName@16
                      ; - java.lang.ClassLoader::findLoadedClass@1
                      ; - jdk.internal.loader.BuiltinClassLoader::loadClassOrNull@10
                      ; - jdk.internal.loader.BuiltinClassLoader::loadClass@3
                      ; - java.lang.ClassLoader::loadClass@38
  0x000001cd1ca29e08: 74a5 79ff 

  0x000001cd1ca29e0c: ;   {other}
  0x000001cd1ca29e0c: 0f1f 8400 | 7c73 0092 | 33ed 4585 | c040 0f94 | c5ba 45ff | ffff 4c8b | 5424 484c | 8954 2420 
  0x000001cd1ca29e2c: 4c8b 5424 | 504c 8954 | 2448 4c8b | 5424 784c | 8954 2458 | 4489 5c24 | 3466 6690 

  0x000001cd1ca29e48: ;   {runtime_call UncommonTrapBlob}
  0x000001cd1ca29e48: c5f8 77e8 

  0x000001cd1ca29e4c: ; ImmutableOopMap {[32]=Oop [40]=Oop [72]=Oop [88]=Oop [104]=Oop }
                      ;*ifeq {reexecute=1 rethrow=0 return_oop=0}
                      ; - (reexecute) java.lang.String::lastIndexOf@4
                      ; - java.lang.String::lastIndexOf@8
                      ; - jdk.internal.loader.BuiltinClassLoader::findLoadedModule@3
                      ; - jdk.internal.loader.BuiltinClassLoader::loadClassOrNull@22
                      ; - jdk.internal.loader.BuiltinClassLoader::loadClass@3
                      ; - java.lang.ClassLoader::loadClass@38
  0x000001cd1ca29e4c: 30a5 79ff 

  0x000001cd1ca29e50: ;   {other}
  0x000001cd1ca29e50: 0f1f 8400 | c073 0093 | ba45 ffff | ff48 8b6c | 2448 448b | 4424 3044 | 8944 2428 | 4c8b 4424 
  0x000001cd1ca29e70: 404c 8944 | 2438 4c8b | 4424 504c | 8944 2440 | 4c89 5c24 | 484c 8b44 | 2478 4c89 | 5c24 584c 
  0x000001cd1ca29e90: 8954 2468 | 4c89 4424 | 7089 5c24 | 2c66 6690 

  0x000001cd1ca29ea0: ;   {runtime_call UncommonTrapBlob}
  0x000001cd1ca29ea0: c5f8 77e8 

  0x000001cd1ca29ea4: ; ImmutableOopMap {rbp=Oop [64]=Oop [72]=Oop [88]=Oop [104]=Oop [112]=Oop }
                      ;*if_icmpne {reexecute=1 rethrow=0 return_oop=0}
                      ; - (reexecute) java.lang.ClassLoader::checkName@20
                      ; - java.lang.ClassLoader::findLoadedClass@1
                      ; - jdk.internal.loader.BuiltinClassLoader::loadClassOrNull@10
                      ; - jdk.internal.loader.BuiltinClassLoader::loadClass@3
                      ; - java.lang.ClassLoader::loadClass@38
  0x000001cd1ca29ea4: d8a4 79ff 

  0x000001cd1ca29ea8: ;   {other}
  0x000001cd1ca29ea8: 0f1f 8400 | 1874 0094 | baf6 ffff | ff48 8b6c | 2448 4c8b | 9c24 b000 | 0000 4c89 | 5c24 2044 
  0x000001cd1ca29ec8: 8b5c 2430 | 4489 5c24 | 284c 8b5c | 2440 4c89 | 5c24 384c | 8b5c 2450 | 4c89 5c24 | 404c 8b5c 
  0x000001cd1ca29ee8: 2478 4c89 | 5c24 504c | 8b5c 2468 | 4c89 5c24 | 584c 8b5c | 2470 4c89 | 5c24 604c | 8b9c 2480 
  0x000001cd1ca29f08: 0000 004c | 895c 2478 | 4c8b 9c24 | b800 0000 | 4c89 9c24 | 8800 0000 | 4c89 9424 | 9800 0000 
  0x000001cd1ca29f28: 4c8b 9424 | b800 0000 | 4c89 9424 | a800 0000 

  0x000001cd1ca29f38: ;   {runtime_call UncommonTrapBlob}
  0x000001cd1ca29f38: c5f8 77e8 

  0x000001cd1ca29f3c: ; ImmutableOopMap {rbp=Oop [32]=Oop [64]=Oop [80]=Oop [120]=Oop [136]=Oop [152]=Oop [168]=Oop [200]=NarrowOop [256]=Oop }
                      ;*invokevirtual ensureInitialization {reexecute=0 rethrow=0 return_oop=0}
                      ; - java.util.jar.JavaUtilJarAccessImpl::ensureInitialization@1
                      ; - jdk.internal.loader.URLClassPath$JarLoader$2::getManifest@10
                      ; - java.net.URLClassLoader::defineClass@34
                      ; - java.net.URLClassLoader$1::run@43
                      ; - java.net.URLClassLoader$1::run@1
                      ; - java.security.AccessController::executePrivileged@29
                      ; - java.security.AccessController::doPrivileged@13
                      ; - java.net.URLClassLoader::findClass@13
                      ; - java.lang.ClassLoader::loadClass@69
                      ; - java.lang.ClassLoader::loadClass@38
  0x000001cd1ca29f3c: 40a4 79ff 

  0x000001cd1ca29f40: ;   {other}
  0x000001cd1ca29f40: 0f1f 8400 | b074 0095 | ba76 ffff | ff48 8b6c | 2448 4c8b | 5424 604c | 8954 2420 | 448b 5424 
  0x000001cd1ca29f60: 3044 8954 | 2428 4c8b | 5424 404c | 8954 2438 | 4c8b 5424 | 504c 8954 | 2440 4c8b | 5424 584c 
  0x000001cd1ca29f80: 8954 2450 | 4c8b 5424 | 684c 8954 | 2458 4c8b | 5424 704c | 8954 2460 | 4c8b 9424 | 8000 0000 
  0x000001cd1ca29fa0: 4c89 5424 | 784c 8b94 | 24b8 0000 | 004c 8994 | 2488 0000 | 0048 899c | 2498 0000 | 0044 899c 
  0x000001cd1ca29fc0: 24a0 0000 | 004c 8b94 | 24b8 0000 | 004c 8994 | 24b0 0000 | 0066 6690 

  0x000001cd1ca29fd8: ;   {runtime_call UncommonTrapBlob}
  0x000001cd1ca29fd8: c5f8 77e8 

  0x000001cd1ca29fdc: ; ImmutableOopMap {rbp=Oop [32]=Oop [64]=Oop [80]=Oop [120]=Oop [136]=Oop [152]=Oop [164]=NarrowOop [176]=Oop }
                      ;*iflt {reexecute=1 rethrow=0 return_oop=0}
                      ; - (reexecute) java.lang.StringLatin1::lastIndexOf@19
                      ; - java.lang.String::lastIndexOf@13
                      ; - java.lang.String::lastIndexOf@8
                      ; - java.net.URLClassLoader::defineClass@7
                      ; - java.net.URLClassLoader$1::run@43
                      ; - java.net.URLClassLoader$1::run@1
                      ; - java.security.AccessController::executePrivileged@29
                      ; - java.security.AccessController::doPrivileged@13
                      ; - java.net.URLClassLoader::findClass@13
                      ; - java.lang.ClassLoader::loadClass@69
                      ; - java.lang.ClassLoader::loadClass@38
  0x000001cd1ca29fdc: a0a3 79ff 

  0x000001cd1ca29fe0: ;   {other}
  0x000001cd1ca29fe0: 0f1f 8400 | 5075 0096 | ba45 ffff | ff4c 8b5c | 2448 4c89 | 5c24 204c | 8b9c 24b0 | 0000 004c 
  0x000001cd1ca2a000: 895c 2428 | 4c8b 5c24 | 504c 895c | 2448 4c89 | 5424 6890 

  0x000001cd1ca2a014: ;   {runtime_call UncommonTrapBlob}
  0x000001cd1ca2a014: c5f8 77e8 

  0x000001cd1ca2a018: ; ImmutableOopMap {rbp=NarrowOop [32]=Oop [40]=Oop [72]=Oop [104]=Oop }
                      ;*ifnull {reexecute=1 rethrow=0 return_oop=0}
                      ; - (reexecute) java.lang.ClassLoader::getClassLoadingLock@6
                      ; - jdk.internal.loader.BuiltinClassLoader::loadClassOrNull@2
                      ; - jdk.internal.loader.BuiltinClassLoader::loadClass@3
                      ; - java.lang.ClassLoader::loadClass@38
  0x000001cd1ca2a018: 64a3 79ff 

  0x000001cd1ca2a01c: ;   {other}
  0x000001cd1ca2a01c: 0f1f 8400 | 8c75 0097 | ba45 ffff | ff48 8b6c | 2448 8b4c | 2430 894c | 2428 4c8b | 4424 404c 
  0x000001cd1ca2a03c: 8944 2438 | 4c8b 4424 | 504c 8944 | 2440 4c89 | 5c24 484c | 8b44 2478 | 4c89 5c24 | 584c 8954 
  0x000001cd1ca2a05c: 2468 4c89 | 4424 7044 | 894c 242c 

  0x000001cd1ca2a068: ;   {runtime_call UncommonTrapBlob}
  0x000001cd1ca2a068: c5f8 77e8 

  0x000001cd1ca2a06c: ; ImmutableOopMap {rbp=Oop [64]=Oop [72]=Oop [88]=Oop [104]=Oop [112]=Oop }
                      ;*if_icmpne {reexecute=1 rethrow=0 return_oop=0}
                      ; - (reexecute) java.lang.ClassLoader::checkName@30
                      ; - java.lang.ClassLoader::findLoadedClass@1
                      ; - jdk.internal.loader.BuiltinClassLoader::loadClassOrNull@10
                      ; - jdk.internal.loader.BuiltinClassLoader::loadClass@3
                      ; - java.lang.ClassLoader::loadClass@38
  0x000001cd1ca2a06c: 10a3 79ff 

  0x000001cd1ca2a070: ;   {other}
  0x000001cd1ca2a070: 0f1f 8400 | e075 0098 | ba45 ffff | ff48 8b6c | 2448 4c8b | 9424 b000 | 0000 4c89 | 5424 2044 
  0x000001cd1ca2a090: 8b5c 2430 | 4489 5c24 | 284c 8b54 | 2440 4c89 | 5424 384c | 8b54 2450 | 4c89 5424 | 4044 894c 
  0x000001cd1ca2a0b0: 242c 6690 

  0x000001cd1ca2a0b4: ;   {runtime_call UncommonTrapBlob}
  0x000001cd1ca2a0b4: c5f8 77e8 

  0x000001cd1ca2a0b8: ; ImmutableOopMap {rbp=Oop [32]=Oop [64]=Oop [104]=Oop [120]=Oop }
                      ;*ifle {reexecute=1 rethrow=0 return_oop=0}
                      ; - (reexecute) java.util.concurrent.ConcurrentHashMap::get@23
                      ; - jdk.internal.loader.BuiltinClassLoader::findLoadedModule@24
                      ; - jdk.internal.loader.BuiltinClassLoader::loadClassOrNull@22
                      ; - jdk.internal.loader.BuiltinClassLoader::loadClass@3
                      ; - java.lang.ClassLoader::loadClass@38
  0x000001cd1ca2a0b8: c4a2 79ff 

  0x000001cd1ca2a0bc: ;   {other}
  0x000001cd1ca2a0bc: 0f1f 8400 | 2c76 0099 | 33ed 4585 | d240 0f94 | c5ba 45ff | ffff 4c8b | 5424 484c | 8954 2420 
  0x000001cd1ca2a0dc: 4c8b 5424 | 504c 8954 | 2448 4c8b | 5424 784c | 8954 2458 | 4c8b 5424 | 684c 8954 | 2460 4c8b 
  0x000001cd1ca2a0fc: 5424 704c | 8954 2468 | 4c89 5c24 | 784c 898c | 2480 0000 | 004c 899c | 2488 0000 | 0066 6690 
  0x000001cd1ca2a11c: ;   {runtime_call UncommonTrapBlob}
  0x000001cd1ca2a11c: c5f8 77e8 

  0x000001cd1ca2a120: ; ImmutableOopMap {[32]=Oop [72]=Oop [88]=Oop [120]=Oop [128]=Oop [136]=Oop [184]=Oop }
                      ;*ifeq {reexecute=1 rethrow=0 return_oop=0}
                      ; - (reexecute) java.lang.String::replace@9
                      ; - java.net.URLClassLoader$1::run@8
                      ; - java.net.URLClassLoader$1::run@1
                      ; - java.security.AccessController::executePrivileged@29
                      ; - java.security.AccessController::doPrivileged@13
                      ; - java.net.URLClassLoader::findClass@13
                      ; - java.lang.ClassLoader::loadClass@69
                      ; - java.lang.ClassLoader::loadClass@38
  0x000001cd1ca2a120: 5ca2 79ff 

  0x000001cd1ca2a124: ;   {other}
  0x000001cd1ca2a124: 0f1f 8400 | 9476 009a | bade ffff | ff4c 8b44 | 2448 4c89 | 4424 204c | 8b84 24b0 | 0000 004c 
  0x000001cd1ca2a144: 8944 2428 | 4c8b 4424 | 504c 8944 | 2448 4c8b | 4424 784c | 8944 2458 | 4c8b 4424 | 684c 8944 
  0x000001cd1ca2a164: 2460 4c8b | 4424 704c | 8944 2468 | 4c89 9424 | a000 0000 | 448b 9424 | c800 0000 | 4489 5424 
  0x000001cd1ca2a184: 3444 899c | 24d0 0000 | 0066 6690 

  0x000001cd1ca2a190: ;   {runtime_call UncommonTrapBlob}
  0x000001cd1ca2a190: c5f8 77e8 

  0x000001cd1ca2a194: ; ImmutableOopMap {rbp=NarrowOop [32]=Oop [40]=Oop [52]=NarrowOop [72]=Oop [88]=Oop [128]=Oop [160]=Oop [168]=Oop [184]=Oop [208]=NarrowOop [256]=Oop }
                      ;*invokeinterface ensureInitialization {reexecute=0 rethrow=0 return_oop=0}
                      ; - jdk.internal.loader.URLClassPath$JarLoader$2::getManifest@10
                      ; - java.net.URLClassLoader::defineClass@34
                      ; - java.net.URLClassLoader$1::run@43
                      ; - java.net.URLClassLoader$1::run@1
                      ; - java.security.AccessController::executePrivileged@29
                      ; - java.security.AccessController::doPrivileged@13
                      ; - java.net.URLClassLoader::findClass@13
                      ; - java.lang.ClassLoader::loadClass@69
                      ; - java.lang.ClassLoader::loadClass@38
  0x000001cd1ca2a194: e8a1 79ff 

  0x000001cd1ca2a198: ;   {other}
  0x000001cd1ca2a198: 0f1f 8400 | 0877 009b | 4c89 4424 | 384c 8954 | 2420 498b | d04c 8d84 | 2440 0100 | 004c 8b94 
  0x000001cd1ca2a1b8: 24b0 0000 | 004c 8954 | 2458 6690 

  0x000001cd1ca2a1c4: ;   {runtime_call _complete_monitor_locking_Java}
  0x000001cd1ca2a1c4: c5f8 77e8 

  0x000001cd1ca2a1c8: ; ImmutableOopMap {rbp=NarrowOop [32]=Oop [40]=NarrowOop [56]=Oop [72]=Oop [80]=Oop [88]=Oop [120]=Oop [128]=Oop [176]=Oop [184]=Oop [200]=NarrowOop [256]=Oop }
                      ;*synchronization entry
                      ; - java.util.jar.JarFile::ensureInitialization@-1
                      ; - java.util.jar.JavaUtilJarAccessImpl::ensureInitialization@1
                      ; - jdk.internal.loader.URLClassPath$JarLoader$2::getManifest@10
                      ; - java.net.URLClassLoader::defineClass@34
                      ; - java.net.URLClassLoader$1::run@43
                      ; - java.net.URLClassLoader$1::run@1
                      ; - java.security.AccessController::executePrivileged@29
                      ; - java.security.AccessController::doPrivileged@13
                      ; - java.net.URLClassLoader::findClass@13
                      ; - java.lang.ClassLoader::loadClass@69
                      ; - java.lang.ClassLoader::loadClass@38
  0x000001cd1ca2a1c8: b409 86ff 

  0x000001cd1ca2a1cc: ;   {other}
  0x000001cd1ca2a1cc: 0f1f 8400 | 3c77 009c | 4c8b 5424 | 204c 8b44 | 2438 e961 | afff ff49 | 8bda 498b | c848 8d94 
  0x000001cd1ca2a1ec: 2440 0100 | 004d 8bc7 | c5f8 7749 | ba40 d982 | effc 7f00 | 0041 ffd2 

  0x000001cd1ca2a204: ;   {other}
  0x000001cd1ca2a204: 0f1f 8400 | 0000 0000 | 4c8b d3e9 | e5af ffff | bade ffff | ff4c 8b5c | 2448 4c89 | 5c24 204c 
  0x000001cd1ca2a224: 8b9c 24b0 | 0000 004c | 895c 2428 | 4c8b 5c24 | 504c 895c | 2448 4c8b | 5c24 784c | 895c 2458 
  0x000001cd1ca2a244: 4c8b 5c24 | 684c 895c | 2460 4c8b | 5c24 704c | 895c 2468 | 4c8b 9c24 | b800 0000 | 4c89 9c24 
  0x000001cd1ca2a264: 9000 0000 | 4c89 9424 | a000 0000 | 4c8b 9424 | b800 0000 | 4c89 9424 | b000 0000 | 4c8b 9424 
  0x000001cd1ca2a284: c000 0000 | 4c89 9424 | b800 0000 

  0x000001cd1ca2a290: ;   {runtime_call UncommonTrapBlob}
  0x000001cd1ca2a290: c5f8 77e8 

  0x000001cd1ca2a294: ; ImmutableOopMap {rbp=NarrowOop [32]=Oop [40]=Oop [72]=Oop [88]=Oop [128]=Oop [144]=Oop [160]=Oop [176]=Oop [200]=NarrowOop [256]=Oop }
                      ;*invokevirtual getManifest {reexecute=0 rethrow=0 return_oop=0}
                      ; - jdk.internal.loader.URLClassPath$JarLoader$2::getManifest@22
                      ; - java.net.URLClassLoader::defineClass@34
                      ; - java.net.URLClassLoader$1::run@43
                      ; - java.net.URLClassLoader$1::run@1
                      ; - java.security.AccessController::executePrivileged@29
                      ; - java.security.AccessController::doPrivileged@13
                      ; - java.net.URLClassLoader::findClass@13
                      ; - java.lang.ClassLoader::loadClass@69
                      ; - java.lang.ClassLoader::loadClass@38
  0x000001cd1ca2a294: e8a0 79ff 

  0x000001cd1ca2a298: ;   {other}
  0x000001cd1ca2a298: 0f1f 8400 | 0878 009d | baec ffff | ff48 8b6c | 2448 4c8b | 5424 584c | 8954 2420 | 448b 5424 
  0x000001cd1ca2a2b8: 3044 8954 | 2428 4c8b | 5424 404c | 8954 2438 | 4c8b 5424 | 504c 8954 | 2440 4c8b | 5424 784c 
  0x000001cd1ca2a2d8: 8954 2450 | 4c8b 5424 | 684c 8954 | 2458 4c8b | 5424 704c | 8954 2460 | 4c8b 9424 | 8000 0000 
  0x000001cd1ca2a2f8: 4c89 5424 | 784c 8b94 | 24a8 0000 | 004c 8994 | 2480 0000 | 004c 8b94 | 24b8 0000 | 004c 8994 
  0x000001cd1ca2a318: 2488 0000 | 004c 8b94 | 24b8 0000 | 004c 8994 | 24a0 0000 | 0048 8984 | 24b8 0000 | 0066 6690 
  0x000001cd1ca2a338: ;   {runtime_call UncommonTrapBlob}
  0x000001cd1ca2a338: c5f8 77e8 

  0x000001cd1ca2a33c: ; ImmutableOopMap {rbp=Oop [32]=Oop [64]=Oop [80]=Oop [120]=Oop [128]=Oop [136]=Oop [160]=Oop [184]=Oop [200]=NarrowOop [208]=Oop }
                      ;*astore {reexecute=0 rethrow=0 return_oop=0}
                      ; - java.net.URLClassLoader::defineClass@188
                      ; - java.net.URLClassLoader$1::run@43
                      ; - java.net.URLClassLoader$1::run@1
                      ; - java.security.AccessController::executePrivileged@29
                      ; - java.security.AccessController::doPrivileged@13
                      ; - java.net.URLClassLoader::findClass@13
                      ; - java.lang.ClassLoader::loadClass@69
                      ; - java.lang.ClassLoader::loadClass@38
  0x000001cd1ca2a33c: 40a0 79ff 

  0x000001cd1ca2a340: ;   {other}
  0x000001cd1ca2a340: 0f1f 8400 | b078 009e | ba6e ffff | ff48 8b6c | 2448 4c8b | 5424 604c | 8954 2420 | 448b 4424 
  0x000001cd1ca2a360: 3044 8944 | 2428 4c8b | 5424 404c | 8954 2438 | 4c8b 5424 | 504c 8954 | 2440 4c8b | 5424 584c 
  0x000001cd1ca2a380: 8954 2450 | 4c8b 5424 | 684c 8954 | 2458 4c8b | 5424 704c | 8954 2460 | 4c8b 9424 | 8000 0000 
  0x000001cd1ca2a3a0: 4c89 5424 | 784c 8b94 | 24b8 0000 | 004c 8994 | 2488 0000 | 0048 899c | 2498 0000 | 0044 899c 
  0x000001cd1ca2a3c0: 24a0 0000 | 004c 8b94 | 24b8 0000 | 004c 8994 | 24b0 0000 | 0066 6690 

  0x000001cd1ca2a3d8: ;   {runtime_call UncommonTrapBlob}
  0x000001cd1ca2a3d8: c5f8 77e8 

  0x000001cd1ca2a3dc: ; ImmutableOopMap {rbp=Oop [32]=Oop [64]=Oop [80]=Oop [120]=Oop [136]=Oop [152]=Oop [164]=NarrowOop [176]=Oop }
                      ;*iflt {reexecute=1 rethrow=0 return_oop=0}
                      ; - (reexecute) java.lang.StringLatin1::lastIndexOf@19
                      ; - java.lang.String::lastIndexOf@13
                      ; - java.lang.String::lastIndexOf@8
                      ; - java.net.URLClassLoader::defineClass@7
                      ; - java.net.URLClassLoader$1::run@43
                      ; - java.net.URLClassLoader$1::run@1
                      ; - java.security.AccessController::executePrivileged@29
                      ; - java.security.AccessController::doPrivileged@13
                      ; - java.net.URLClassLoader::findClass@13
                      ; - java.lang.ClassLoader::loadClass@69
                      ; - java.lang.ClassLoader::loadClass@38
  0x000001cd1ca2a3dc: a09f 79ff 

  0x000001cd1ca2a3e0: ;   {other}
  0x000001cd1ca2a3e0: 0f1f 8400 | 5079 009f | ba45 ffff | ff48 8b6c | 2448 4c8b | 9424 b000 | 0000 4c89 | 5424 2044 
  0x000001cd1ca2a400: 8b54 2430 | 4489 5424 | 284c 8b54 | 2440 4c89 | 5424 384c | 8b54 2450 | 4c89 5424 | 4044 8944 
  0x000001cd1ca2a420: 242c 6690 

  0x000001cd1ca2a424: ;   {runtime_call UncommonTrapBlob}
  0x000001cd1ca2a424: c5f8 77e8 

  0x000001cd1ca2a428: ; ImmutableOopMap {rbp=Oop [32]=Oop [64]=Oop [104]=Oop [120]=Oop }
                      ;*ifge {reexecute=1 rethrow=0 return_oop=0}
                      ; - (reexecute) jdk.internal.loader.BuiltinClassLoader::findLoadedModule@8
                      ; - jdk.internal.loader.BuiltinClassLoader::loadClassOrNull@22
                      ; - jdk.internal.loader.BuiltinClassLoader::loadClass@3
                      ; - java.lang.ClassLoader::loadClass@38
  0x000001cd1ca2a428: 549f 79ff 

  0x000001cd1ca2a42c: ;   {other}
  0x000001cd1ca2a42c: 0f1f 8400 | 9c79 00a0 | ba45 ffff | ff48 8b6c | 2448 4c8b | 9424 b000 | 0000 4c89 | 5424 2044 
  0x000001cd1ca2a44c: 8b5c 2430 | 4489 5c24 | 284c 8b54 | 2440 4c89 | 5424 384c | 8b54 2450 | 4c89 5424 | 404c 8b54 
  0x000001cd1ca2a46c: 2478 4c89 | 5424 5044 | 8944 2478 | 4489 4424 | 7c44 898c | 2484 0000 | 0044 898c | 2488 0000 
  0x000001cd1ca2a48c: 0066 6690 

  0x000001cd1ca2a490: ;   {runtime_call UncommonTrapBlob}
  0x000001cd1ca2a490: c5f8 77e8 

  0x000001cd1ca2a494: ; ImmutableOopMap {rbp=Oop [32]=Oop [64]=Oop [80]=Oop [104]=Oop }
                      ;*if_icmple {reexecute=1 rethrow=0 return_oop=0}
                      ; - (reexecute) jdk.internal.util.Preconditions::checkFromToIndex@11
                      ; - java.lang.String::checkBoundsBeginEnd@6
                      ; - java.lang.String::substring@8
                      ; - jdk.internal.loader.BuiltinClassLoader::findLoadedModule@16
                      ; - jdk.internal.loader.BuiltinClassLoader::loadClassOrNull@22
                      ; - jdk.internal.loader.BuiltinClassLoader::loadClass@3
                      ; - java.lang.ClassLoader::loadClass@38
  0x000001cd1ca2a494: e89e 79ff 

  0x000001cd1ca2a498: ;   {other}
  0x000001cd1ca2a498: 0f1f 8400 | 087a 00a1 | ba76 ffff | ff4c 8b54 | 2448 4c89 | 5424 204c | 8b94 24b0 | 0000 004c 
  0x000001cd1ca2a4b8: 8954 2428 | 4c8b 5424 | 504c 8954 | 2448 4c8b | 5424 784c | 8954 2458 | 4c8b 5424 | 684c 8954 
  0x000001cd1ca2a4d8: 2460 4c8b | 5424 704c | 8954 2468 | 448b 9c24 | 9c00 0000 | 4489 5c24 | 344c 8984 | 2490 0000 
  0x000001cd1ca2a4f8: 0066 6690 

  0x000001cd1ca2a4fc: ;   {runtime_call UncommonTrapBlob}
  0x000001cd1ca2a4fc: c5f8 77e8 

  0x000001cd1ca2a500: ; ImmutableOopMap {[32]=Oop [40]=Oop [72]=Oop [88]=Oop [128]=Oop [144]=Oop [184]=Oop [192]=NarrowOop }
                      ;*if_icmpge {reexecute=1 rethrow=0 return_oop=0}
                      ; - (reexecute) java.lang.StringLatin1::replace@61
                      ; - java.lang.String::replace@18
                      ; - java.net.URLClassLoader$1::run@8
                      ; - java.net.URLClassLoader$1::run@1
                      ; - java.security.AccessController::executePrivileged@29
                      ; - java.security.AccessController::doPrivileged@13
                      ; - java.net.URLClassLoader::findClass@13
                      ; - java.lang.ClassLoader::loadClass@69
                      ; - java.lang.ClassLoader::loadClass@38
  0x000001cd1ca2a500: 7c9e 79ff 

  0x000001cd1ca2a504: ;   {other}
  0x000001cd1ca2a504: 0f1f 8400 | 747a 00a2 | bb01 0000 | 00e9 adb1 | ffff 498b | fa49 8bd7 | c5f8 7749 | ba20 a441 
  0x000001cd1ca2a524: effc 7f00 | 0041 ffd2 

  0x000001cd1ca2a52c: ;   {other}
  0x000001cd1ca2a52c: 0f1f 8400 | 0000 0000 | 4c8b d7e9 | 2cbb ffff | bade ffff | ff4c 8b54 | 2448 4c89 | 5424 204c 
  0x000001cd1ca2a54c: 8b94 24b0 | 0000 004c | 8954 2428 | 4c8b 5424 | 504c 8954 | 2448 48ff | 7424 7848 | 8f44 2458 
  0x000001cd1ca2a56c: ;   {runtime_call UncommonTrapBlob}
  0x000001cd1ca2a56c: c5f8 77e8 

  0x000001cd1ca2a570: ; ImmutableOopMap {rbp=NarrowOop [32]=Oop [40]=Oop [72]=Oop [88]=Oop [104]=Oop }
                      ;*invokevirtual loadClassOrNull {reexecute=0 rethrow=0 return_oop=0}
                      ; - jdk.internal.loader.BuiltinClassLoader::loadClassOrNull@3
                      ; - jdk.internal.loader.BuiltinClassLoader::loadClassOrNull@86
                      ; - jdk.internal.loader.BuiltinClassLoader::loadClass@3
                      ; - java.lang.ClassLoader::loadClass@38
  0x000001cd1ca2a570: 0c9e 79ff 

  0x000001cd1ca2a574: ;   {other}
  0x000001cd1ca2a574: 0f1f 8400 | e47a 00a3 | 33ed 4585 | d240 0f96 | c5ba 45ff | ffff 4c8b | 5424 484c | 8954 2420 
  0x000001cd1ca2a594: 4c8b 5424 | 504c 8954 | 2448 4c89 | 4424 5048 | ff74 2478 | 488f 4424 | 584c 8944 | 2460 6690 
  0x000001cd1ca2a5b4: ;   {runtime_call UncommonTrapBlob}
  0x000001cd1ca2a5b4: c5f8 77e8 

  0x000001cd1ca2a5b8: ; ImmutableOopMap {[32]=Oop [72]=Oop [80]=Oop [88]=Oop [96]=Oop [104]=Oop }
                      ;*ifeq {reexecute=1 rethrow=0 return_oop=0}
                      ; - (reexecute) java.lang.ClassLoader::checkName@8
                      ; - java.lang.ClassLoader::findBootstrapClassOrNull@1
                      ; - java.lang.System$2::findBootstrapClassOrNull@1
                      ; - jdk.internal.loader.ClassLoaders$BootClassLoader::loadClassOrNull@4
                      ; - jdk.internal.loader.BuiltinClassLoader::loadClassOrNull@3
                      ; - jdk.internal.loader.BuiltinClassLoader::loadClassOrNull@86
                      ; - jdk.internal.loader.BuiltinClassLoader::loadClass@3
                      ; - java.lang.ClassLoader::loadClass@38
  0x000001cd1ca2a5b8: c49d 79ff 

  0x000001cd1ca2a5bc: ;   {other}
  0x000001cd1ca2a5bc: 0f1f 8400 | 2c7b 00a4 | ba45 ffff | ff48 8b6c | 2448 448b | 5424 3044 | 8954 2428 | 4c8b 5424 
  0x000001cd1ca2a5dc: 404c 8954 | 2438 4c8b | 5424 504c | 8954 2440 | 4c8b 5424 | 784c 8954 | 2450 4c8b | 5424 684c 
  0x000001cd1ca2a5fc: 8954 2458 | 4c8b 5424 | 704c 8954 | 2460 4c89 | 5c24 704c | 894c 2478 | 4c89 9c24 | 8000 0000 
  0x000001cd1ca2a61c: 4889 9c24 | 9000 0000 | 4489 4424 | 2c66 6690 

  0x000001cd1ca2a62c: ;   {runtime_call UncommonTrapBlob}
  0x000001cd1ca2a62c: c5f8 77e8 

  0x000001cd1ca2a630: ; ImmutableOopMap {rbp=Oop [64]=Oop [80]=Oop [112]=Oop [120]=Oop [128]=Oop [144]=Oop [184]=Oop }
                      ;*iflt {reexecute=1 rethrow=0 return_oop=0}
                      ; - (reexecute) java.lang.StringConcatHelper::checkOverflow@2
                      ; - java.lang.StringConcatHelper::mix@23
                      ; - java.lang.StringConcatHelper::simpleConcat@46
                      ; - java.lang.String::concat@11
                      ; - java.net.URLClassLoader$1::run@13
                      ; - java.net.URLClassLoader$1::run@1
                      ; - java.security.AccessController::executePrivileged@29
                      ; - java.security.AccessController::doPrivileged@13
                      ; - java.net.URLClassLoader::findClass@13
                      ; - java.lang.ClassLoader::loadClass@69
                      ; - java.lang.ClassLoader::loadClass@38
  0x000001cd1ca2a630: 4c9d 79ff 

  0x000001cd1ca2a634: ;   {other}
  0x000001cd1ca2a634: 0f1f 8400 | a47b 00a5 | ba45 ffff | ff4c 8b54 | 2448 4c89 | 5424 204c | 8b54 2450 | 4c89 5424 
  0x000001cd1ca2a654: 484c 8b54 | 2478 4c89 | 5424 584c | 8b54 2468 | 4c89 5424 | 604c 8b54 | 2470 4c89 | 5424 684c 
  0x000001cd1ca2a674: 895c 2478 | 4c89 9c24 | 8800 0000 

  0x000001cd1ca2a680: ;   {runtime_call UncommonTrapBlob}
  0x000001cd1ca2a680: c5f8 77e8 

  0x000001cd1ca2a684: ; ImmutableOopMap {[32]=Oop [72]=Oop [88]=Oop [120]=Oop [128]=Oop [136]=Oop [152]=Oop [184]=Oop }
                      ;*iflt {reexecute=1 rethrow=0 return_oop=0}
                      ; - (reexecute) java.lang.StringConcatHelper::checkOverflow@2
                      ; - java.lang.StringConcatHelper::mix@23
                      ; - java.lang.StringConcatHelper::simpleConcat@54
                      ; - java.lang.String::concat@11
                      ; - java.net.URLClassLoader$1::run@13
                      ; - java.net.URLClassLoader$1::run@1
                      ; - java.security.AccessController::executePrivileged@29
                      ; - java.security.AccessController::doPrivileged@13
                      ; - java.net.URLClassLoader::findClass@13
                      ; - java.lang.ClassLoader::loadClass@69
                      ; - java.lang.ClassLoader::loadClass@38
  0x000001cd1ca2a684: f89c 79ff 

  0x000001cd1ca2a688: ;   {other}
  0x000001cd1ca2a688: 0f1f 8400 | f87b 00a6 | ba45 ffff | ff48 8b6c | 2448 4c8b | 9c24 b000 | 0000 4c89 | 5c24 2044 
  0x000001cd1ca2a6a8: 8b4c 2430 | 4489 4c24 | 284c 8b5c | 2440 4c89 | 5c24 384c | 8b5c 2450 | 4c89 5c24 | 404c 8b5c 
  0x000001cd1ca2a6c8: 2478 4c89 | 5c24 504c | 8b5c 2468 | 4c89 5c24 | 584c 8b5c | 2470 4c89 | 5c24 604c | 8b9c 2480 
  0x000001cd1ca2a6e8: 0000 004c | 895c 2478 | 4c89 9424 | a000 0000 | 4489 4424 | 2c66 6690 

  0x000001cd1ca2a700: ;   {runtime_call UncommonTrapBlob}
  0x000001cd1ca2a700: c5f8 77e8 

  0x000001cd1ca2a704: ; ImmutableOopMap {rbp=Oop [32]=Oop [64]=Oop [80]=Oop [120]=Oop [152]=Oop [160]=Oop [184]=Oop }
                      ;*if_icmpne {reexecute=1 rethrow=0 return_oop=0}
                      ; - (reexecute) java.lang.String::getBytes@5
                      ; - java.lang.StringConcatHelper::prepend@21
                      ; - java.lang.StringConcatHelper::simpleConcat@81
                      ; - java.lang.String::concat@11
                      ; - java.net.URLClassLoader$1::run@13
                      ; - java.net.URLClassLoader$1::run@1
                      ; - java.security.AccessController::executePrivileged@29
                      ; - java.security.AccessController::doPrivileged@13
                      ; - java.net.URLClassLoader::findClass@13
                      ; - java.lang.ClassLoader::loadClass@69
                      ; - java.lang.ClassLoader::loadClass@38
  0x000001cd1ca2a704: 789c 79ff 

  0x000001cd1ca2a708: ;   {other}
  0x000001cd1ca2a708: 0f1f 8400 | 787c 00a7 | bace ffff | ff4c 8b54 | 2448 4c89 | 5424 204c | 8b54 2450 | 4c89 5424 
  0x000001cd1ca2a728: 484c 8944 | 2450 48ff | 7424 7848 | 8f44 2458 | 4c89 4424 | 6044 895c | 2434 6690 

  0x000001cd1ca2a744: ;   {runtime_call UncommonTrapBlob}
  0x000001cd1ca2a744: c5f8 77e8 

  0x000001cd1ca2a748: ; ImmutableOopMap {rbp=NarrowOop [32]=Oop [72]=Oop [80]=Oop [88]=Oop [96]=Oop [104]=Oop }
                      ;*invokestatic indexOfChar {reexecute=0 rethrow=0 return_oop=0}
                      ; - java.lang.StringLatin1::indexOf@33
                      ; - java.lang.String::indexOf@17
                      ; - java.lang.String::indexOf@3
                      ; - java.lang.ClassLoader::checkName@16
                      ; - java.lang.ClassLoader::findBootstrapClassOrNull@1
                      ; - java.lang.System$2::findBootstrapClassOrNull@1
                      ; - jdk.internal.loader.ClassLoaders$BootClassLoader::loadClassOrNull@4
                      ; - jdk.internal.loader.BuiltinClassLoader::loadClassOrNull@3
                      ; - jdk.internal.loader.BuiltinClassLoader::loadClassOrNull@86
                      ; - jdk.internal.loader.BuiltinClassLoader::loadClass@3
                      ; - java.lang.ClassLoader::loadClass@38
  0x000001cd1ca2a748: 349c 79ff 

  0x000001cd1ca2a74c: ;   {other}
  0x000001cd1ca2a74c: 0f1f 8400 | bc7c 00a8 | ba45 ffff | ff48 8b6c | 2448 448b | 4424 3044 | 8944 2428 | 4c8b 5424 
  0x000001cd1ca2a76c: 404c 8954 | 2438 4c8b | 5424 504c | 8954 2440 | 4c8b 5424 | 784c 8954 | 2450 4c8b | 5424 684c 
  0x000001cd1ca2a78c: 8954 2458 | 4c8b 5424 | 704c 8954 | 2460 4c89 | 5c24 704c | 894c 2478 | 4c89 9c24 | 8000 0000 
  0x000001cd1ca2a7ac: 4889 9c24 | 9000 0000 | 4889 bc24 | 9800 0000 | 894c 242c 

  0x000001cd1ca2a7c0: ;   {runtime_call UncommonTrapBlob}
  0x000001cd1ca2a7c0: c5f8 77e8 

  0x000001cd1ca2a7c4: ; ImmutableOopMap {rbp=Oop [64]=Oop [80]=Oop [112]=Oop [120]=Oop [128]=Oop [144]=Oop [184]=Oop }
                      ;*if_icmpne {reexecute=1 rethrow=0 return_oop=0}
                      ; - (reexecute) java.lang.StringConcatHelper::mix@13
                      ; - java.lang.StringConcatHelper::simpleConcat@46
                      ; - java.lang.String::concat@11
                      ; - java.net.URLClassLoader$1::run@13
                      ; - java.net.URLClassLoader$1::run@1
                      ; - java.security.AccessController::executePrivileged@29
                      ; - java.security.AccessController::doPrivileged@13
                      ; - java.net.URLClassLoader::findClass@13
                      ; - java.lang.ClassLoader::loadClass@69
                      ; - java.lang.ClassLoader::loadClass@38
  0x000001cd1ca2a7c4: b89b 79ff 

  0x000001cd1ca2a7c8: ;   {other}
  0x000001cd1ca2a7c8: 0f1f 8400 | 387d 00a9 | ba45 ffff | ff48 8b6c | 2448 4c8b | 9424 b000 | 0000 4c89 | 5424 2044 
  0x000001cd1ca2a7e8: 8b5c 2430 | 4489 5c24 | 284c 8b54 | 2440 4c89 | 5424 384c | 8b54 2450 | 4c89 5424 | 404c 8b54 
  0x000001cd1ca2a808: 2478 4c89 | 5424 504c | 8b54 2468 | 4c89 5424 | 584c 8b54 | 2470 4c89 | 5424 604c | 8b94 2480 
  0x000001cd1ca2a828: 0000 004c | 8954 2478 | 4c89 8c24 | a000 0000 

  0x000001cd1ca2a838: ;   {runtime_call UncommonTrapBlob}
  0x000001cd1ca2a838: c5f8 77e8 

  0x000001cd1ca2a83c: ; ImmutableOopMap {rbp=Oop [32]=Oop [64]=Oop [80]=Oop [120]=Oop [152]=Oop [184]=Oop }
                      ;*ifge {reexecute=1 rethrow=0 return_oop=0}
                      ; - (reexecute) java.lang.StringConcatHelper::newArray@13
                      ; - java.lang.StringConcatHelper::simpleConcat@61
                      ; - java.lang.String::concat@11
                      ; - java.net.URLClassLoader$1::run@13
                      ; - java.net.URLClassLoader$1::run@1
                      ; - java.security.AccessController::executePrivileged@29
                      ; - java.security.AccessController::doPrivileged@13
                      ; - java.net.URLClassLoader::findClass@13
                      ; - java.lang.ClassLoader::loadClass@69
                      ; - java.lang.ClassLoader::loadClass@38
  0x000001cd1ca2a83c: 409b 79ff 

  0x000001cd1ca2a840: ;   {other}
  0x000001cd1ca2a840: 0f1f 8400 | b07d 00aa | 4c89 4c24 | 384c 899c | 2488 0000 | 0044 8984 | 2480 0000 | 0045 8bc2 
  0x000001cd1ca2a860: 4c63 5424 | 244d 8bda | e96c 9bff | ff49 83c2 | fe49 8bca | 488b fa48 | 33c0 4883 | f908 7f10 
  0x000001cd1ca2a880: 48ff c978 | 4f48 8904 | cf48 ffc9 | 7df7 eb44 | c5fd efc0 | e90d 0000 | 00c5 fe7f | 07c5 fe7f 
  0x000001cd1ca2a8a0: 4720 4883 | c740 4883 | e908 7ded | 4883 c104 | 7c0c c5fe | 7f07 4883 | c720 4883 | e904 4883 
  0x000001cd1ca2a8c0: c104 7e10 | 48ff c9c5 | f9d6 0748 | 83c7 0848 | ffc9 7df3 | e90c 9cff | ffba ccff | ffff 488b 
  0x000001cd1ca2a8e0: 6c24 484c | 8b94 24b0 | 0000 004c | 8954 2420 | 448b 5c24 | 3044 895c | 2428 4c8b | 5424 404c 
  0x000001cd1ca2a900: 8954 2438 | 4c8b 5424 | 504c 8954 | 2440 4c8b | 5424 784c | 8954 2458 | 4c8b 5424 | 684c 8954 
  0x000001cd1ca2a920: 2460 4c8b | 9424 a000 | 0000 4c89 | 9424 9000 | 0000 4c8b | 9424 a800 | 0000 4c89 

  0x000001cd1ca2a93c: ;   {no_reloc}
  0x000001cd1ca2a93c: 9424 a000 | 0000 4489 | 8424 8400 | 0000 6690 

  0x000001cd1ca2a94c: ;   {runtime_call UncommonTrapBlob}
  0x000001cd1ca2a94c: c5f8 77e8 

  0x000001cd1ca2a950: ; ImmutableOopMap {rbp=Oop [32]=Oop [64]=Oop [88]=Oop [132]=NarrowOop [136]=Oop [144]=Oop [160]=Oop [184]=Oop }
                      ;*newarray {reexecute=1 rethrow=0 return_oop=0}
                      ; - (reexecute) java.util.Arrays::copyOfRangeByte@10
                      ; - java.util.Arrays::copyOfRange@13
                      ; - java.lang.StringLatin1::newString@16
                      ; - java.lang.String::substring@41
                      ; - jdk.internal.loader.BuiltinClassLoader::findLoadedModule@16
                      ; - jdk.internal.loader.BuiltinClassLoader::loadClassOrNull@22
                      ; - jdk.internal.loader.BuiltinClassLoader::loadClass@3
                      ; - java.lang.ClassLoader::loadClass@38
                      ; - java.lang.ClassLoader::loadClass@38
  0x000001cd1ca2a950: 2c9a 79ff 

  0x000001cd1ca2a954: ;   {other}
  0x000001cd1ca2a954: 0f1f 8400 | c47e 00ab | bade ffff | ff4c 8b54 | 2448 4c89 | 5424 204c | 8b94 24b0 | 0000 004c 
  0x000001cd1ca2a974: 8954 2428 | 4c8b 5424 | 504c 8954 | 2448 4c8b | 5424 784c | 8954 2470 | 4c8b 9424 | a800 0000 
  0x000001cd1ca2a994: 4c89 9424 | 9800 0000 

  0x000001cd1ca2a99c: ;   {runtime_call UncommonTrapBlob}
  0x000001cd1ca2a99c: c5f8 77e8 

  0x000001cd1ca2a9a0: ; ImmutableOopMap {rbp=NarrowOop [32]=Oop [40]=Oop [72]=Oop [112]=Oop [152]=Oop [160]=Oop [168]=Oop [184]=Oop }
                      ;*invokevirtual loadClassOrNull {reexecute=0 rethrow=0 return_oop=0}
                      ; - jdk.internal.loader.BuiltinClassLoader::loadClassOrNull@3
                      ; - jdk.internal.loader.BuiltinClassLoader::loadClassOrNull@66
                      ; - jdk.internal.loader.BuiltinClassLoader::loadClass@3
                      ; - java.lang.ClassLoader::loadClass@38
                      ; - java.lang.ClassLoader::loadClass@38
  0x000001cd1ca2a9a0: dc99 79ff 

  0x000001cd1ca2a9a4: ;   {other}
  0x000001cd1ca2a9a4: 0f1f 8400 | 147f 00ac | 33ed 4585 | db40 0f96 | c5ba 45ff | ffff 4c8b | 5424 484c | 8954 2420 
  0x000001cd1ca2a9c4: 4c8b 5424 | 504c 8954 | 2448 4c89 | 4c24 584c | 8b54 2478 | 4c89 5424 | 704c 894c | 2478 4c8b 
  0x000001cd1ca2a9e4: 9424 a800 | 0000 4c89 | 9424 9800 | 0000 6690 

  0x000001cd1ca2a9f4: ;   {runtime_call UncommonTrapBlob}
  0x000001cd1ca2a9f4: c5f8 77e8 

  0x000001cd1ca2a9f8: ; ImmutableOopMap {[32]=Oop [72]=Oop [88]=Oop [112]=Oop [120]=Oop [152]=Oop [160]=Oop [168]=Oop [184]=Oop }
                      ;*ifeq {reexecute=1 rethrow=0 return_oop=0}
                      ; - (reexecute) java.lang.ClassLoader::checkName@8
                      ; - java.lang.ClassLoader::findBootstrapClassOrNull@1
                      ; - java.lang.System$2::findBootstrapClassOrNull@1
                      ; - jdk.internal.loader.ClassLoaders$BootClassLoader::loadClassOrNull@4
                      ; - jdk.internal.loader.BuiltinClassLoader::loadClassOrNull@3
                      ; - jdk.internal.loader.BuiltinClassLoader::loadClassOrNull@66
                      ; - jdk.internal.loader.BuiltinClassLoader::loadClass@3
                      ; - java.lang.ClassLoader::loadClass@38
                      ; - java.lang.ClassLoader::loadClass@38
  0x000001cd1ca2a9f8: 8499 79ff 

  0x000001cd1ca2a9fc: ;   {other}
  0x000001cd1ca2a9fc: 0f1f 8400 | 6c7f 00ad | bace ffff | ff4c 8b5c | 2448 4c89 | 5c24 204c | 8b5c 2450 | 4c89 5c24 
  0x000001cd1ca2aa1c: 484c 894c | 2458 4c8b | 5c24 784c | 895c 2470 | 4c89 4c24 | 7848 ffb4 | 24a0 0000 | 0048 8f84 
  0x000001cd1ca2aa3c: 2490 0000 | 004c 8b9c | 24a8 0000 | 004c 899c | 24a0 0000 | 0044 8954 | 2434 6690 

  0x000001cd1ca2aa58: ;   {runtime_call UncommonTrapBlob}
  0x000001cd1ca2aa58: c5f8 77e8 

  0x000001cd1ca2aa5c: ; ImmutableOopMap {rbp=NarrowOop [32]=Oop [72]=Oop [88]=Oop [112]=Oop [120]=Oop [144]=Oop [160]=Oop [168]=Oop [184]=Oop }
                      ;*invokestatic indexOfChar {reexecute=0 rethrow=0 return_oop=0}
                      ; - java.lang.StringLatin1::indexOf@33
                      ; - java.lang.String::indexOf@17
                      ; - java.lang.String::indexOf@3
                      ; - java.lang.ClassLoader::checkName@16
                      ; - java.lang.ClassLoader::findBootstrapClassOrNull@1
                      ; - java.lang.System$2::findBootstrapClassOrNull@1
                      ; - jdk.internal.loader.ClassLoaders$BootClassLoader::loadClassOrNull@4
                      ; - jdk.internal.loader.BuiltinClassLoader::loadClassOrNull@3
                      ; - jdk.internal.loader.BuiltinClassLoader::loadClassOrNull@66
                      ; - jdk.internal.loader.BuiltinClassLoader::loadClass@3
                      ; - java.lang.ClassLoader::loadClass@38
                      ; - java.lang.ClassLoader::loadClass@38
  0x000001cd1ca2aa5c: 2099 79ff 

  0x000001cd1ca2aa60: ;   {other}
  0x000001cd1ca2aa60: 0f1f 8400 | d07f 00ae | 33ed 4585 | db40 0f94 | c5ba 45ff | ffff 4c8b | 5424 484c | 8954 2420 
  0x000001cd1ca2aa80: 4c8b 5424 | 504c 8954 | 2448 4889 | 7424 5048 | ff74 2478 | 488f 4424 | 5848 8974 | 2470 6690 
  0x000001cd1ca2aaa0: ;   {runtime_call UncommonTrapBlob}
  0x000001cd1ca2aaa0: c5f8 77e8 

  0x000001cd1ca2aaa4: ; ImmutableOopMap {[32]=Oop [72]=Oop [80]=Oop [88]=Oop [104]=Oop [112]=Oop }
                      ;*ifeq {reexecute=1 rethrow=0 return_oop=0}
                      ; - (reexecute) java.lang.String::indexOf@4
                      ; - java.lang.String::indexOf@3
                      ; - java.lang.ClassLoader::checkName@16
                      ; - java.lang.ClassLoader::findBootstrapClassOrNull@1
                      ; - java.lang.System$2::findBootstrapClassOrNull@1
                      ; - jdk.internal.loader.ClassLoaders$BootClassLoader::loadClassOrNull@4
                      ; - jdk.internal.loader.BuiltinClassLoader::loadClassOrNull@3
                      ; - jdk.internal.loader.BuiltinClassLoader::loadClassOrNull@66
                      ; - jdk.internal.loader.BuiltinClassLoader::loadClass@3
                      ; - java.lang.ClassLoader::loadClass@38
  0x000001cd1ca2aaa4: d898 79ff 

  0x000001cd1ca2aaa8: ;   {other}
  0x000001cd1ca2aaa8: 0f1f 8400 | 1880 00af | ba45 ffff | ff48 8b6c | 2448 448b | 5c24 3044 | 895c 2428 | 4c8b 5424 
  0x000001cd1ca2aac8: 404c 8954 | 2438 4c8b | 5424 504c | 8954 2440 | 4889 7424 | 484c 8b54 | 2468 4c89 | 5424 6048 
  0x000001cd1ca2aae8: 8974 2468 | 895c 242c 

  0x000001cd1ca2aaf0: ;   {runtime_call UncommonTrapBlob}
  0x000001cd1ca2aaf0: c5f8 77e8 

  0x000001cd1ca2aaf4: ; ImmutableOopMap {rbp=Oop [64]=Oop [72]=Oop [96]=Oop [104]=Oop [120]=Oop }
                      ;*if_icmpne {reexecute=1 rethrow=0 return_oop=0}
                      ; - (reexecute) java.lang.ClassLoader::checkName@20
                      ; - java.lang.ClassLoader::findBootstrapClassOrNull@1
                      ; - java.lang.System$2::findBootstrapClassOrNull@1
                      ; - jdk.internal.loader.ClassLoaders$BootClassLoader::loadClassOrNull@4
                      ; - jdk.internal.loader.BuiltinClassLoader::loadClassOrNull@3
                      ; - jdk.internal.loader.BuiltinClassLoader::loadClassOrNull@66
                      ; - jdk.internal.loader.BuiltinClassLoader::loadClass@3
                      ; - java.lang.ClassLoader::loadClass@38
  0x000001cd1ca2aaf4: 8898 79ff 

  0x000001cd1ca2aaf8: ;   {other}
  0x000001cd1ca2aaf8: 0f1f 8400 | 6880 00b0 | 4c89 4424 | 584c 899c | 24d0 0000 | 0089 ac24 | a000 0000 | 458b ca4c 
  0x000001cd1ca2ab18: 63d5 e927 | a4ff ff49 | 83c2 fe49 | 8bca 488b | fa48 33c0 | 4883 f908 | 7f10 48ff | c978 4f48 
  0x000001cd1ca2ab38: 8904 cf48 | ffc9 7df7 | eb44 c5fd | efc0 e90d | 0000 00c5 | fe7f 07c5 | fe7f 4720 | 4883 c740 
  0x000001cd1ca2ab58: 4883 e908 | 7ded 4883 | c104 7c0c | c5fe 7f07 | 4883 c720 | 4883 e904 | 4883 c104 | 7e10 48ff 
  0x000001cd1ca2ab78: c9c5 f9d6 | 0748 83c7 | 0848 ffc9 | 7df3 e9b8 | a4ff ffba | ccff ffff | 488b 6c24 | 484c 8b94 
  0x000001cd1ca2ab98: 24b0 0000 | 004c 8954 | 2420 448b | 5424 3044 | 8954 2428 | 4c8b 5424 | 404c 8954 | 2438 4c8b 
  0x000001cd1ca2abb8: 5424 504c | 8954 2440 | 4c8b 5424 | 784c 8954 | 2450 4c8b | 5424 684c | 8954 2458 | 4c8b 5424 
  0x000001cd1ca2abd8: 704c 8954 | 2460 4c8b | 9424 8000 | 0000 4c89 | 5424 784c | 8b94 24a8 | 0000 004c 

  0x000001cd1ca2abf4: ;   {no_reloc}
  0x000001cd1ca2abf4: 8994 2480 | 0000 004c | 8b94 24b8 | 0000 004c | 8994 2488 | 0000 004c | 8b94 24b8 | 0000 004c 
  0x000001cd1ca2ac14: 8994 24b0 | 0000 004c | 8b94 24c0 | 0000 004c | 8994 24b8 | 0000 0044 | 8b9c 24c8 | 0000 0044 
  0x000001cd1ca2ac34: 899c 24a4 | 0000 004c | 8b94 24d0 | 0000 004c | 8994 24c8 | 0000 0044 | 898c 24d0 | 0000 0090 
  0x000001cd1ca2ac54: ;   {runtime_call UncommonTrapBlob}
  0x000001cd1ca2ac54: c5f8 77e8 

  0x000001cd1ca2ac58: ; ImmutableOopMap {rbp=Oop [32]=Oop [64]=Oop [80]=Oop [120]=Oop [128]=Oop [136]=Oop [164]=NarrowOop [176]=Oop [200]=Oop [208]=NarrowOop }
                      ;*newarray {reexecute=1 rethrow=0 return_oop=0}
                      ; - (reexecute) java.util.Arrays::copyOfRangeByte@10
                      ; - java.util.Arrays::copyOfRange@13
                      ; - java.lang.StringLatin1::newString@16
                      ; - java.lang.String::substring@41
                      ; - java.net.URLClassLoader::defineClass@28
                      ; - java.net.URLClassLoader$1::run@43
                      ; - java.net.URLClassLoader$1::run@1
                      ; - java.security.AccessController::executePrivileged@29
                      ; - java.security.AccessController::doPrivileged@13
                      ; - java.net.URLClassLoader::findClass@13
                      ; - java.lang.ClassLoader::loadClass@69
                      ; - java.lang.ClassLoader::loadClass@38
  0x000001cd1ca2ac58: 2497 79ff 

  0x000001cd1ca2ac5c: ;   {other}
  0x000001cd1ca2ac5c: 0f1f 8400 | cc81 00b1 | 458b d3e9 | ec95 ffff | ba45 ffff | ff4c 8b54 | 2448 4c89 | 5424 204c 
  0x000001cd1ca2ac7c: 8b54 2450 | 4c89 5424 | 4848 8974 | 2450 4889 | 7424 7090 

  0x000001cd1ca2ac90: ;   {runtime_call UncommonTrapBlob}
  0x000001cd1ca2ac90: c5f8 77e8 

  0x000001cd1ca2ac94: ; ImmutableOopMap {[32]=Oop [72]=Oop [80]=Oop [104]=Oop [112]=Oop [120]=Oop }
                      ;*if_icmpne {reexecute=1 rethrow=0 return_oop=0}
                      ; - (reexecute) java.lang.ClassLoader::checkName@30
                      ; - java.lang.ClassLoader::findBootstrapClassOrNull@1
                      ; - java.lang.System$2::findBootstrapClassOrNull@1
                      ; - jdk.internal.loader.ClassLoaders$BootClassLoader::loadClassOrNull@4
                      ; - jdk.internal.loader.BuiltinClassLoader::loadClassOrNull@3
                      ; - jdk.internal.loader.BuiltinClassLoader::loadClassOrNull@66
                      ; - jdk.internal.loader.BuiltinClassLoader::loadClass@3
                      ; - java.lang.ClassLoader::loadClass@38
  0x000001cd1ca2ac94: e896 79ff 

  0x000001cd1ca2ac98: ;   {other}
  0x000001cd1ca2ac98: 0f1f 8400 | 0882 00b2 | 33ed 85c9 | 400f 94c5 | ba45 ffff | ff4c 8b54 | 2448 4c89 | 5424 204c 
  0x000001cd1ca2acb8: 8b54 2450 | 4c89 5424 | 484c 8b94 | 24b8 0000 | 004c 8954 | 2450 4c89 | 4c24 584c | 8b54 2478 
  0x000001cd1ca2acd8: 4c89 5424 | 704c 894c | 2478 4c89 | 8424 b000 | 0000 6690 

  0x000001cd1ca2acec: ;   {runtime_call UncommonTrapBlob}
  0x000001cd1ca2acec: c5f8 77e8 

  0x000001cd1ca2acf0: ; ImmutableOopMap {[32]=Oop [72]=Oop [80]=Oop [88]=Oop [112]=Oop [120]=Oop [160]=Oop [176]=Oop }
                      ;*ifeq {reexecute=1 rethrow=0 return_oop=0}
                      ; - (reexecute) java.lang.String::indexOf@4
                      ; - java.lang.String::indexOf@3
                      ; - java.lang.ClassLoader::checkName@16
                      ; - java.lang.ClassLoader::findLoadedClass@1
                      ; - jdk.internal.loader.BuiltinClassLoader::loadClassOrNull@10
                      ; - jdk.internal.loader.BuiltinClassLoader::loadClass@3
                      ; - java.lang.ClassLoader::loadClass@38
                      ; - java.lang.ClassLoader::loadClass@38
  0x000001cd1ca2acf0: 8c96 79ff 

  0x000001cd1ca2acf4: ;   {other}
  0x000001cd1ca2acf4: 0f1f 8400 | 6482 00b3 | 33ed 4585 | c940 0f94 | c5ba 45ff | ffff 4c8b | 5c24 484c | 895c 2420 
  0x000001cd1ca2ad14: 4c8b 5c24 | 584c 895c | 2428 4c8b | 5c24 504c | 895c 2448 | 4c8b 5c24 | 784c 895c | 2470 4c8b 
  0x000001cd1ca2ad34: 9c24 a000 | 0000 4c89 | 9c24 9800 | 0000 4489 | 5424 3490 

  0x000001cd1ca2ad48: ;   {runtime_call UncommonTrapBlob}
  0x000001cd1ca2ad48: c5f8 77e8 

  0x000001cd1ca2ad4c: ; ImmutableOopMap {[32]=Oop [40]=Oop [72]=Oop [112]=Oop [152]=Oop [168]=Oop [184]=Oop }
                      ;*ifeq {reexecute=1 rethrow=0 return_oop=0}
                      ; - (reexecute) java.lang.String::lastIndexOf@4
                      ; - java.lang.String::lastIndexOf@8
                      ; - jdk.internal.loader.BuiltinClassLoader::findLoadedModule@3
                      ; - jdk.internal.loader.BuiltinClassLoader::loadClassOrNull@22
                      ; - jdk.internal.loader.BuiltinClassLoader::loadClass@3
                      ; - java.lang.ClassLoader::loadClass@38
                      ; - java.lang.ClassLoader::loadClass@38
  0x000001cd1ca2ad4c: 3096 79ff 

  0x000001cd1ca2ad50: ;   {other}
  0x000001cd1ca2ad50: 0f1f 8400 | c082 00b4 | ba45 ffff | ff48 8b6c | 2448 448b | 5c24 3044 | 895c 2428 | 4c8b 5424 
  0x000001cd1ca2ad70: 404c 8954 | 2438 4c8b | 5424 504c | 8954 2440 | 4c89 4c24 | 504c 8b54 | 2478 4c89 | 5424 584c 
  0x000001cd1ca2ad90: 8b54 2468 | 4c89 5424 | 604c 894c | 2470 4c89 | 8424 9800 | 0000 895c | 242c 6690 

  0x000001cd1ca2adac: ;   {runtime_call UncommonTrapBlob}
  0x000001cd1ca2adac: c5f8 77e8 

  0x000001cd1ca2adb0: ; ImmutableOopMap {rbp=Oop [64]=Oop [80]=Oop [88]=Oop [112]=Oop [152]=Oop [160]=Oop [184]=Oop }
                      ;*if_icmpne {reexecute=1 rethrow=0 return_oop=0}
                      ; - (reexecute) java.lang.ClassLoader::checkName@20
                      ; - java.lang.ClassLoader::findLoadedClass@1
                      ; - jdk.internal.loader.BuiltinClassLoader::loadClassOrNull@10
                      ; - jdk.internal.loader.BuiltinClassLoader::loadClass@3
                      ; - java.lang.ClassLoader::loadClass@38
                      ; - java.lang.ClassLoader::loadClass@38
  0x000001cd1ca2adb0: cc95 79ff 

  0x000001cd1ca2adb4: ;   {other}
  0x000001cd1ca2adb4: 0f1f 8400 | 2483 00b5 | 458b d3e9 | e19f ffff | ba45 ffff | ff4c 8b54 | 2448 4c89 | 5424 204c 
  0x000001cd1ca2add4: 8b94 24b0 | 0000 004c | 8954 2428 | 4c8b 5424 | 504c 8954 | 2448 4c8b | 5424 784c | 8954 2470 
  0x000001cd1ca2adf4: 4c89 9c24 | 9000 0000 

  0x000001cd1ca2adfc: ;   {runtime_call UncommonTrapBlob}
  0x000001cd1ca2adfc: c5f8 77e8 

  0x000001cd1ca2ae00: ; ImmutableOopMap {rbp=NarrowOop [32]=Oop [40]=Oop [72]=Oop [112]=Oop [144]=Oop [184]=Oop }
                      ;*ifnull {reexecute=1 rethrow=0 return_oop=0}
                      ; - (reexecute) java.lang.ClassLoader::getClassLoadingLock@6
                      ; - jdk.internal.loader.BuiltinClassLoader::loadClassOrNull@2
                      ; - jdk.internal.loader.BuiltinClassLoader::loadClass@3
                      ; - java.lang.ClassLoader::loadClass@38
                      ; - java.lang.ClassLoader::loadClass@38
  0x000001cd1ca2ae00: 7c95 79ff 

  0x000001cd1ca2ae04: ;   {other}
  0x000001cd1ca2ae04: 0f1f 8400 | 7483 00b6 | ba45 ffff | ff4c 8b54 | 2448 4c89 | 5424 204c | 8b54 2450 | 4c89 5424 
  0x000001cd1ca2ae24: 484c 894c | 2458 4c8b | 5424 784c | 8954 2470 | 4c89 4c24 | 784c 8984 | 24a8 0000 | 0066 6690 
  0x000001cd1ca2ae44: ;   {runtime_call UncommonTrapBlob}
  0x000001cd1ca2ae44: c5f8 77e8 

  0x000001cd1ca2ae48: ; ImmutableOopMap {[32]=Oop [72]=Oop [88]=Oop [112]=Oop [120]=Oop [160]=Oop [168]=Oop [184]=Oop }
                      ;*if_icmpne {reexecute=1 rethrow=0 return_oop=0}
                      ; - (reexecute) java.lang.ClassLoader::checkName@30
                      ; - java.lang.ClassLoader::findLoadedClass@1
                      ; - jdk.internal.loader.BuiltinClassLoader::loadClassOrNull@10
                      ; - jdk.internal.loader.BuiltinClassLoader::loadClass@3
                      ; - java.lang.ClassLoader::loadClass@38
                      ; - java.lang.ClassLoader::loadClass@38
  0x000001cd1ca2ae48: 3495 79ff 

  0x000001cd1ca2ae4c: ;   {other}
  0x000001cd1ca2ae4c: 0f1f 8400 | bc83 00b7 | ba45 ffff | ff48 8b6c | 2448 4c8b | 9424 b000 | 0000 4c89 | 5424 2044 
  0x000001cd1ca2ae6c: 8b5c 2430 | 4489 5c24 | 284c 8b54 | 2440 4c89 | 5424 384c | 8b54 2450 | 4c89 5424 | 404c 8b54 
  0x000001cd1ca2ae8c: 2478 4c89 | 5424 584c | 8b54 2468 | 4c89 5424 | 604c 8b94 | 24a8 0000 | 004c 8994 | 2490 0000 
  0x000001cd1ca2aeac: 0044 8944 | 242c 6690 

  0x000001cd1ca2aeb4: ;   {runtime_call UncommonTrapBlob}
  0x000001cd1ca2aeb4: c5f8 77e8 

  0x000001cd1ca2aeb8: ; ImmutableOopMap {rbp=Oop [32]=Oop [64]=Oop [88]=Oop [144]=Oop [160]=Oop [168]=Oop [184]=Oop }
                      ;*ifle {reexecute=1 rethrow=0 return_oop=0}
                      ; - (reexecute) java.util.concurrent.ConcurrentHashMap::get@23
                      ; - jdk.internal.loader.BuiltinClassLoader::findLoadedModule@24
                      ; - jdk.internal.loader.BuiltinClassLoader::loadClassOrNull@22
                      ; - jdk.internal.loader.BuiltinClassLoader::loadClass@3
                      ; - java.lang.ClassLoader::loadClass@38
                      ; - java.lang.ClassLoader::loadClass@38
  0x000001cd1ca2aeb8: c494 79ff 

  0x000001cd1ca2aebc: ;   {other}
  0x000001cd1ca2aebc: 0f1f 8400 | 2c84 00b8 | ba45 ffff | ff48 8b6c | 2448 4c8b | 9c24 b000 | 0000 4c89 | 5c24 2044 
  0x000001cd1ca2aedc: 8b5c 2430 | 4489 5c24 | 284c 8b5c | 2440 4c89 | 5c24 384c | 8b5c 2450 | 4c89 5c24 | 404c 8b5c 
  0x000001cd1ca2aefc: 2478 4c89 | 5c24 584c | 8b5c 2468 | 4c89 5c24 | 6044 8954 | 242c 4c8b | 9424 a800 | 0000 4c89 
  0x000001cd1ca2af1c: 9424 9000 | 0000 6690 

  0x000001cd1ca2af24: ;   {runtime_call UncommonTrapBlob}
  0x000001cd1ca2af24: c5f8 77e8 

  0x000001cd1ca2af28: ; ImmutableOopMap {rbp=Oop [32]=Oop [64]=Oop [88]=Oop [144]=Oop [160]=Oop [168]=Oop [184]=Oop }
                      ;*ifge {reexecute=1 rethrow=0 return_oop=0}
                      ; - (reexecute) jdk.internal.loader.BuiltinClassLoader::findLoadedModule@8
                      ; - jdk.internal.loader.BuiltinClassLoader::loadClassOrNull@22
                      ; - jdk.internal.loader.BuiltinClassLoader::loadClass@3
                      ; - java.lang.ClassLoader::loadClass@38
                      ; - java.lang.ClassLoader::loadClass@38
  0x000001cd1ca2af28: 5494 79ff 

  0x000001cd1ca2af2c: ;   {other}
  0x000001cd1ca2af2c: 0f1f 8400 | 9c84 00b9 | ba45 ffff | ff48 8b6c | 2448 4c8b | 9c24 b000 | 0000 4c89 | 5c24 2044 
  0x000001cd1ca2af4c: 8b4c 2430 | 4489 4c24 | 284c 8b5c | 2440 4c89 | 5c24 384c | 8b5c 2450 | 4c89 5c24 | 404c 8b5c 
  0x000001cd1ca2af6c: 2478 4c89 | 5c24 584c | 8b5c 2468 | 4c89 5c24 | 6044 8994 | 2488 0000 | 0044 8994 | 248c 0000 
  0x000001cd1ca2af8c: 004c 8b94 | 24a0 0000 | 004c 8994 | 2490 0000 | 004c 8b94 | 24a8 0000 | 004c 8994 | 24a0 0000 
  0x000001cd1ca2afac: 0044 8984 | 24ac 0000 | 0044 8984 | 24b0 0000 | 0066 6690 

  0x000001cd1ca2afc0: ;   {runtime_call UncommonTrapBlob}
  0x000001cd1ca2afc0: c5f8 77e8 

  0x000001cd1ca2afc4: ; ImmutableOopMap {rbp=Oop [32]=Oop [64]=Oop [88]=Oop [144]=Oop [160]=Oop [184]=Oop }
                      ;*if_icmple {reexecute=1 rethrow=0 return_oop=0}
                      ; - (reexecute) jdk.internal.util.Preconditions::checkFromToIndex@11
                      ; - java.lang.String::checkBoundsBeginEnd@6
                      ; - java.lang.String::substring@8
                      ; - jdk.internal.loader.BuiltinClassLoader::findLoadedModule@16
                      ; - jdk.internal.loader.BuiltinClassLoader::loadClassOrNull@22
                      ; - jdk.internal.loader.BuiltinClassLoader::loadClass@3
                      ; - java.lang.ClassLoader::loadClass@38
                      ; - java.lang.ClassLoader::loadClass@38
  0x000001cd1ca2afc4: b893 79ff 

  0x000001cd1ca2afc8: ;   {other}
  0x000001cd1ca2afc8: 0f1f 8400 | 3885 00ba | 33ed 4585 | c040 0f94 | c5ba 45ff | ffff 4c8b | 5c24 484c | 895c 2420 
  0x000001cd1ca2afe8: 4c8b 5c24 | 604c 895c | 2428 4c8b | 5c24 504c | 895c 2448 | 4c8b 5c24 | 684c 895c | 2460 4c8b 
  0x000001cd1ca2b008: 5c24 704c | 895c 2468 | 4889 9c24 | a000 0000 | 4489 5424 | 3466 6690 

  0x000001cd1ca2b020: ;   {runtime_call UncommonTrapBlob}
  0x000001cd1ca2b020: c5f8 77e8 

  0x000001cd1ca2b024: ; ImmutableOopMap {[32]=Oop [40]=Oop [72]=Oop [88]=Oop [128]=Oop [160]=Oop [184]=Oop }
                      ;*ifeq {reexecute=1 rethrow=0 return_oop=0}
                      ; - (reexecute) java.lang.String::lastIndexOf@4
                      ; - java.lang.String::lastIndexOf@8
                      ; - java.net.URLClassLoader::defineClass@7
                      ; - java.net.URLClassLoader$1::run@43
                      ; - java.net.URLClassLoader$1::run@1
                      ; - java.security.AccessController::executePrivileged@29
                      ; - java.security.AccessController::doPrivileged@13
                      ; - java.net.URLClassLoader::findClass@13
                      ; - java.lang.ClassLoader::loadClass@69
                      ; - java.lang.ClassLoader::loadClass@38
  0x000001cd1ca2b024: 5893 79ff 

  0x000001cd1ca2b028: ;   {other}
  0x000001cd1ca2b028: 0f1f 8400 | 9885 00bb | ba45 ffff | ff48 8b6c | 2448 4c8b | 8424 b000 | 0000 4c89 | 4424 2044 
  0x000001cd1ca2b048: 8b44 2430 | 4489 4424 | 284c 8b44 | 2440 4c89 | 4424 384c | 8b44 2450 | 4c89 4424 | 404c 8b44 
  0x000001cd1ca2b068: 2478 4c89 | 4424 504c | 8b44 2468 | 4c89 4424 | 584c 8b44 | 2470 4c89 | 4424 604c | 8b84 2480 
  0x000001cd1ca2b088: 0000 004c | 8944 2478 | 4889 9c24 | 9800 0000 | 4489 9424 | a800 0000 | 4489 9424 | ac00 0000 
  0x000001cd1ca2b0a8: 4489 9c24 | c800 0000 | 4489 8c24 | d000 0000 

  0x000001cd1ca2b0b8: ;   {runtime_call UncommonTrapBlob}
  0x000001cd1ca2b0b8: c5f8 77e8 

  0x000001cd1ca2b0bc: ; ImmutableOopMap {rbp=Oop [32]=Oop [64]=Oop [80]=Oop [120]=Oop [152]=Oop [184]=Oop [200]=NarrowOop }
                      ;*if_icmpgt {reexecute=1 rethrow=0 return_oop=0}
                      ; - (reexecute) jdk.internal.util.Preconditions::checkFromToIndex@6
                      ; - java.lang.String::checkBoundsBeginEnd@6
                      ; - java.lang.String::substring@8
                      ; - java.net.URLClassLoader::defineClass@28
                      ; - java.net.URLClassLoader$1::run@43
                      ; - java.net.URLClassLoader$1::run@1
                      ; - java.security.AccessController::executePrivileged@29
                      ; - java.security.AccessController::doPrivileged@13
                      ; - java.net.URLClassLoader::findClass@13
                      ; - java.lang.ClassLoader::loadClass@69
                      ; - java.lang.ClassLoader::loadClass@38
  0x000001cd1ca2b0bc: c092 79ff 

  0x000001cd1ca2b0c0: ;   {other}
  0x000001cd1ca2b0c0: 0f1f 8400 | 3086 00bc | ba45 ffff | ff48 8b6c | 2448 4c8b | 8424 b000 | 0000 4c89 | 4424 2044 
  0x000001cd1ca2b0e0: 8b4c 2430 | 4489 4c24 | 284c 8b44 | 2440 4c89 | 4424 384c | 8b44 2450 | 4c89 4424 | 404c 8b44 
  0x000001cd1ca2b100: 2478 4c89 | 4424 504c | 8b44 2468 | 4c89 4424 | 584c 8b44 | 2470 4c89 | 4424 604c | 8b84 2480 
  0x000001cd1ca2b120: 0000 004c | 8944 2478 | 4c8b 8424 | b800 0000 | 4c89 8424 | 8800 0000 | 4889 9c24 | 9800 0000 
  0x000001cd1ca2b140: 4489 5424 | 2c4c 8b94 | 24b8 0000 | 004c 8994 | 24a8 0000 | 0044 899c | 24b8 0000 | 0066 6690 
  0x000001cd1ca2b160: ;   {runtime_call UncommonTrapBlob}
  0x000001cd1ca2b160: c5f8 77e8 

  0x000001cd1ca2b164: ; ImmutableOopMap {rbp=Oop [32]=Oop [64]=Oop [80]=Oop [120]=Oop [136]=Oop [152]=Oop [168]=Oop [184]=NarrowOop }
                      ;*if_icmpeq {reexecute=1 rethrow=0 return_oop=0}
                      ; - (reexecute) java.net.URLClassLoader::defineClass@21
                      ; - java.net.URLClassLoader$1::run@43
                      ; - java.net.URLClassLoader$1::run@1
                      ; - java.security.AccessController::executePrivileged@29
                      ; - java.security.AccessController::doPrivileged@13
                      ; - java.net.URLClassLoader::findClass@13
                      ; - java.lang.ClassLoader::loadClass@69
                      ; - java.lang.ClassLoader::loadClass@38
  0x000001cd1ca2b164: 1892 79ff 

  0x000001cd1ca2b168: ;   {other}
  0x000001cd1ca2b168: 0f1f 8400 | d886 00bd | ba45 ffff | ff48 8b6c | 2448 4c8b | 8424 b000 | 0000 4c89 | 4424 208b 
  0x000001cd1ca2b188: 4c24 3089 | 4c24 284c | 8b44 2440 | 4c89 4424 | 384c 8b44 | 2450 4c89 | 4424 404c | 8b44 2478 
  0x000001cd1ca2b1a8: 4c89 4424 | 504c 8b44 | 2468 4c89 | 4424 584c | 8b44 2470 | 4c89 4424 | 604c 8b84 | 2480 0000 
  0x000001cd1ca2b1c8: 004c 8944 | 2478 4889 | 9c24 9800 | 0000 4489 | 9424 a800 | 0000 4489 | 9424 ac00 | 0000 4489 
  0x000001cd1ca2b1e8: 9c24 c800 | 0000 4489 | 8c24 d000 | 0000 4489 | 8c24 d400 | 0000 6690 

  0x000001cd1ca2b200: ;   {runtime_call UncommonTrapBlob}
  0x000001cd1ca2b200: c5f8 77e8 

  0x000001cd1ca2b204: ; ImmutableOopMap {rbp=Oop [32]=Oop [64]=Oop [80]=Oop [120]=Oop [152]=Oop [184]=Oop [200]=NarrowOop }
                      ;*if_icmple {reexecute=1 rethrow=0 return_oop=0}
                      ; - (reexecute) jdk.internal.util.Preconditions::checkFromToIndex@11
                      ; - java.lang.String::checkBoundsBeginEnd@6
                      ; - java.lang.String::substring@8
                      ; - java.net.URLClassLoader::defineClass@28
                      ; - java.net.URLClassLoader$1::run@43
                      ; - java.net.URLClassLoader$1::run@1
                      ; - java.security.AccessController::executePrivileged@29
                      ; - java.security.AccessController::doPrivileged@13
                      ; - java.net.URLClassLoader::findClass@13
                      ; - java.lang.ClassLoader::loadClass@69
                      ; - java.lang.ClassLoader::loadClass@38
  0x000001cd1ca2b204: 7891 79ff 

  0x000001cd1ca2b208: ;   {other}
  0x000001cd1ca2b208: 0f1f 8400 | 7887 00be | ba45 ffff | ff48 8b6c | 2448 4c8b | 5424 584c | 8954 2420 | 448b 5c24 
  0x000001cd1ca2b228: 3044 895c | 2428 4c8b | 5424 404c | 8954 2438 | 4c8b 5424 | 504c 8954 | 2440 4c8b | 5424 784c 
  0x000001cd1ca2b248: 8954 2450 | 4c8b 5424 | 684c 8954 | 2458 4c8b | 5424 704c | 8954 2460 | 4c8b 9424 | 8000 0000 
  0x000001cd1ca2b268: 4c89 5424 | 784c 8b94 | 24b8 0000 | 004c 8994 | 2488 0000 | 004c 8b94 | 24a8 0000 | 004c 8994 
  0x000001cd1ca2b288: 2498 0000 | 004c 8b94 | 24b8 0000 | 004c 8994 | 24a8 0000 | 004c 8b94 | 24c0 0000 | 004c 8994 
  0x000001cd1ca2b2a8: 24b0 0000 | 0048 8984 | 24c0 0000 | 0066 6690 

  0x000001cd1ca2b2b8: ;   {runtime_call UncommonTrapBlob}
  0x000001cd1ca2b2b8: c5f8 77e8 

  0x000001cd1ca2b2bc: ; ImmutableOopMap {rbp=Oop [32]=Oop [64]=Oop [80]=Oop [120]=Oop [136]=Oop [152]=Oop [168]=Oop [192]=Oop [200]=NarrowOop }
                      ;*ifnull {reexecute=1 rethrow=0 return_oop=0}
                      ; - (reexecute) java.net.URLClassLoader::defineClass@139
                      ; - java.net.URLClassLoader$1::run@43
                      ; - java.net.URLClassLoader$1::run@1
                      ; - java.security.AccessController::executePrivileged@29
                      ; - java.security.AccessController::doPrivileged@13
                      ; - java.net.URLClassLoader::findClass@13
                      ; - java.lang.ClassLoader::loadClass@69
                      ; - java.lang.ClassLoader::loadClass@38
  0x000001cd1ca2b2bc: c090 79ff 

  0x000001cd1ca2b2c0: ;   {other}
  0x000001cd1ca2b2c0: 0f1f 8400 | 3088 00bf | 488b bc24 | 8800 0000 | 498b d7c5 | f877 49ba | 20a4 41ef | fc7f 0000 
  0x000001cd1ca2b2e0: ;   {other}
  0x000001cd1ca2b2e0: 41ff d20f | 1f84 0000 | 0000 00e9 | b9ca ffff | 498b f349 | 8bfa 498b | d7c5 f877 | 49ba 20a4 
  0x000001cd1ca2b300: 41ef fc7f | 0000 41ff 

  0x000001cd1ca2b308: ;   {other}
  0x000001cd1ca2b308: d20f 1f84 | 0000 0000 | 00e9 2ccb | ffff bade | ffff ff4c | 8b54 2448 | 4c89 5424 | 204c 8b94 
  0x000001cd1ca2b328: 24b0 0000 | 004c 8954 | 2428 4c8b | 5424 504c | 8954 2448 | 4c8b 5424 | 784c 8954 | 2470 48ff 
  0x000001cd1ca2b348: b424 a000 | 0000 488f | 8424 9000 | 0000 4c8b | 9424 a800 | 0000 4c89 | 9424 a000 | 0000 6690 
  0x000001cd1ca2b368: ;   {runtime_call UncommonTrapBlob}
  0x000001cd1ca2b368: c5f8 77e8 

  0x000001cd1ca2b36c: ; ImmutableOopMap {rbp=NarrowOop [32]=Oop [40]=Oop [72]=Oop [112]=Oop [144]=Oop [160]=Oop [168]=Oop [184]=Oop }
                      ;*invokevirtual loadClassOrNull {reexecute=0 rethrow=0 return_oop=0}
                      ; - jdk.internal.loader.BuiltinClassLoader::loadClassOrNull@3
                      ; - jdk.internal.loader.BuiltinClassLoader::loadClassOrNull@86
                      ; - jdk.internal.loader.BuiltinClassLoader::loadClass@3
                      ; - java.lang.ClassLoader::loadClass@38
                      ; - java.lang.ClassLoader::loadClass@38
  0x000001cd1ca2b36c: 1090 79ff 

  0x000001cd1ca2b370: ;   {other}
  0x000001cd1ca2b370: 0f1f 8400 | e088 00c0 | 33ed 4585 | db40 0f96 | c5ba 45ff | ffff 4c8b | 5424 484c | 8954 2420 
  0x000001cd1ca2b390: 4c8b 5424 | 504c 8954 | 2448 4c89 | 4c24 584c | 8b54 2478 | 4c89 5424 | 704c 894c | 2478 48ff 
  0x000001cd1ca2b3b0: b424 a000 | 0000 488f | 8424 9000 | 0000 4c8b | 9424 a800 | 0000 4c89 | 9424 a000 | 0000 6690 
  0x000001cd1ca2b3d0: ;   {runtime_call UncommonTrapBlob}
  0x000001cd1ca2b3d0: c5f8 77e8 

  0x000001cd1ca2b3d4: ; ImmutableOopMap {[32]=Oop [72]=Oop [88]=Oop [112]=Oop [120]=Oop [144]=Oop [160]=Oop [168]=Oop [184]=Oop }
                      ;*ifeq {reexecute=1 rethrow=0 return_oop=0}
                      ; - (reexecute) java.lang.ClassLoader::checkName@8
                      ; - java.lang.ClassLoader::findBootstrapClassOrNull@1
                      ; - java.lang.System$2::findBootstrapClassOrNull@1
                      ; - jdk.internal.loader.ClassLoaders$BootClassLoader::loadClassOrNull@4
                      ; - jdk.internal.loader.BuiltinClassLoader::loadClassOrNull@3
                      ; - jdk.internal.loader.BuiltinClassLoader::loadClassOrNull@86
                      ; - jdk.internal.loader.BuiltinClassLoader::loadClass@3
                      ; - java.lang.ClassLoader::loadClass@38
                      ; - java.lang.ClassLoader::loadClass@38
  0x000001cd1ca2b3d4: a88f 79ff 

  0x000001cd1ca2b3d8: ;   {other}
  0x000001cd1ca2b3d8: 0f1f 8400 | 4889 00c1 | bace ffff | ff4c 8b5c | 2448 4c89 | 5c24 204c | 8b5c 2450 | 4c89 5c24 
  0x000001cd1ca2b3f8: 484c 894c | 2458 4c8b | 5c24 784c | 895c 2470 | 4c89 4c24 | 7848 ffb4 | 24a0 0000 | 0048 8f84 
  0x000001cd1ca2b418: 2498 0000 | 0044 8954 | 2434 6690 

  0x000001cd1ca2b424: ;   {runtime_call UncommonTrapBlob}
  0x000001cd1ca2b424: c5f8 77e8 

  0x000001cd1ca2b428: ; ImmutableOopMap {rbp=NarrowOop [32]=Oop [72]=Oop [88]=Oop [112]=Oop [120]=Oop [152]=Oop [168]=Oop [184]=Oop }
                      ;*invokestatic indexOfChar {reexecute=0 rethrow=0 return_oop=0}
                      ; - java.lang.StringLatin1::indexOf@33
                      ; - java.lang.String::indexOf@17
                      ; - java.lang.String::indexOf@3
                      ; - java.lang.ClassLoader::checkName@16
                      ; - java.lang.ClassLoader::findBootstrapClassOrNull@1
                      ; - java.lang.System$2::findBootstrapClassOrNull@1
                      ; - jdk.internal.loader.ClassLoaders$BootClassLoader::loadClassOrNull@4
                      ; - jdk.internal.loader.BuiltinClassLoader::loadClassOrNull@3
                      ; - jdk.internal.loader.BuiltinClassLoader::loadClassOrNull@86
                      ; - jdk.internal.loader.BuiltinClassLoader::loadClass@3
                      ; - java.lang.ClassLoader::loadClass@38
                      ; - java.lang.ClassLoader::loadClass@38
  0x000001cd1ca2b428: 548f 79ff 

  0x000001cd1ca2b42c: ;   {other}
  0x000001cd1ca2b42c: 0f1f 8400 | 9c89 00c2 | 488b bc24 | d000 0000 | 498b d7c5 | f877 49ba | 20a4 41ef | fc7f 0000 
  0x000001cd1ca2b44c: ;   {other}
  0x000001cd1ca2b44c: 41ff d20f | 1f84 0000 | 0000 00e9 | 33ca ffff | 33ed 4585 | c940 0f94 | c5ba 45ff | ffff 4c8b 
  0x000001cd1ca2b46c: 5424 484c | 8954 2420 | 4c8b 5424 | 504c 8954 | 2448 4c89 | 4424 5048 | ff74 2478 | 488f 4424 
  0x000001cd1ca2b48c: 584c 8944 | 2460 6690 

  0x000001cd1ca2b494: ;   {runtime_call UncommonTrapBlob}
  0x000001cd1ca2b494: c5f8 77e8 

  0x000001cd1ca2b498: ; ImmutableOopMap {[32]=Oop [72]=Oop [80]=Oop [88]=Oop [96]=Oop [104]=Oop }
                      ;*ifeq {reexecute=1 rethrow=0 return_oop=0}
                      ; - (reexecute) java.lang.String::indexOf@4
                      ; - java.lang.String::indexOf@3
                      ; - java.lang.ClassLoader::checkName@16
                      ; - java.lang.ClassLoader::findBootstrapClassOrNull@1
                      ; - java.lang.System$2::findBootstrapClassOrNull@1
                      ; - jdk.internal.loader.ClassLoaders$BootClassLoader::loadClassOrNull@4
                      ; - jdk.internal.loader.BuiltinClassLoader::loadClassOrNull@3
                      ; - jdk.internal.loader.BuiltinClassLoader::loadClassOrNull@86
                      ; - jdk.internal.loader.BuiltinClassLoader::loadClass@3
                      ; - java.lang.ClassLoader::loadClass@38
  0x000001cd1ca2b498: e48e 79ff 

  0x000001cd1ca2b49c: ;   {other}
  0x000001cd1ca2b49c: 0f1f 8400 | 0c8a 00c3 | ba45 ffff | ff48 8b6c | 2448 448b | 5c24 3044 | 895c 2428 | 4c8b 5424 
  0x000001cd1ca2b4bc: 404c 8954 | 2438 4c8b | 5424 504c | 8954 2440 | 4c8b 5424 | 684c 8954 | 2460 4889 | 4424 7090 
  0x000001cd1ca2b4dc: ;   {runtime_call UncommonTrapBlob}
  0x000001cd1ca2b4dc: c5f8 77e8 

  0x000001cd1ca2b4e0: ; ImmutableOopMap {rbp=Oop [32]=Oop [64]=Oop [96]=Oop [112]=Oop [120]=Oop }
                      ;*ifnonnull {reexecute=1 rethrow=0 return_oop=0}
                      ; - (reexecute) jdk.internal.loader.BuiltinClassLoader::loadClassOrNull@93
                      ; - jdk.internal.loader.BuiltinClassLoader::loadClass@3
                      ; - java.lang.ClassLoader::loadClass@38
  0x000001cd1ca2b4e0: 9c8e 79ff 

  0x000001cd1ca2b4e4: ;   {other}
  0x000001cd1ca2b4e4: 0f1f 8400 | 548a 00c4 | ba45 ffff | ff48 8b6c | 2448 448b | 5424 3044 | 8954 2428 | 4c8b 5424 
  0x000001cd1ca2b504: 404c 8954 | 2438 4c8b | 5424 504c | 8954 2440 | 4c89 4424 | 484c 8944 | 2458 895c | 242c 6690 
  0x000001cd1ca2b524: ;   {runtime_call UncommonTrapBlob}
  0x000001cd1ca2b524: c5f8 77e8 

  0x000001cd1ca2b528: ; ImmutableOopMap {rbp=Oop [64]=Oop [72]=Oop [88]=Oop [104]=Oop [120]=Oop }
                      ;*if_icmpne {reexecute=1 rethrow=0 return_oop=0}
                      ; - (reexecute) java.lang.ClassLoader::checkName@20
                      ; - java.lang.ClassLoader::findBootstrapClassOrNull@1
                      ; - java.lang.System$2::findBootstrapClassOrNull@1
                      ; - jdk.internal.loader.ClassLoaders$BootClassLoader::loadClassOrNull@4
                      ; - jdk.internal.loader.BuiltinClassLoader::loadClassOrNull@3
                      ; - jdk.internal.loader.BuiltinClassLoader::loadClassOrNull@86
                      ; - jdk.internal.loader.BuiltinClassLoader::loadClass@3
                      ; - java.lang.ClassLoader::loadClass@38
  0x000001cd1ca2b528: 548e 79ff 

  0x000001cd1ca2b52c: ;   {other}
  0x000001cd1ca2b52c: 0f1f 8400 | 9c8a 00c5 | ba45 ffff | ff4c 8b54 | 2448 4c89 | 5424 204c | 8b54 2450 | 4c89 5424 
  0x000001cd1ca2b54c: 484c 8944 | 2450 48ff | 7424 7848 | 8f44 2458 | 4c89 4424 | 6066 6690 

  0x000001cd1ca2b564: ;   {runtime_call UncommonTrapBlob}
  0x000001cd1ca2b564: c5f8 77e8 

  0x000001cd1ca2b568: ; ImmutableOopMap {[32]=Oop [72]=Oop [80]=Oop [88]=Oop [96]=Oop [104]=Oop }
                      ;*if_icmpne {reexecute=1 rethrow=0 return_oop=0}
                      ; - (reexecute) java.lang.ClassLoader::checkName@30
                      ; - java.lang.ClassLoader::findBootstrapClassOrNull@1
                      ; - java.lang.System$2::findBootstrapClassOrNull@1
                      ; - jdk.internal.loader.ClassLoaders$BootClassLoader::loadClassOrNull@4
                      ; - jdk.internal.loader.BuiltinClassLoader::loadClassOrNull@3
                      ; - jdk.internal.loader.BuiltinClassLoader::loadClassOrNull@86
                      ; - jdk.internal.loader.BuiltinClassLoader::loadClass@3
                      ; - java.lang.ClassLoader::loadClass@38
  0x000001cd1ca2b568: 148e 79ff 

  0x000001cd1ca2b56c: ;   {other}
  0x000001cd1ca2b56c: 0f1f 8400 | dc8a 00c6 | 33ed 4585 | db40 0f95 | c5ba 45ff | ffff 4c8b | 5424 484c | 8954 2420 
  0x000001cd1ca2b58c: 4c8b 5424 | 504c 8954 | 2448 6690 

  0x000001cd1ca2b598: ;   {runtime_call UncommonTrapBlob}
  0x000001cd1ca2b598: c5f8 77e8 

  0x000001cd1ca2b59c: ; ImmutableOopMap {[32]=Oop [40]=Oop [72]=Oop [104]=Oop [120]=Oop }
                      ;*ifeq {reexecute=1 rethrow=0 return_oop=0}
                      ; - (reexecute) jdk.internal.loader.BuiltinClassLoader::loadClassOrNull@100
                      ; - jdk.internal.loader.BuiltinClassLoader::loadClass@3
                      ; - java.lang.ClassLoader::loadClass@38
  0x000001cd1ca2b59c: e08d 79ff 

  0x000001cd1ca2b5a0: ;   {other}
  0x000001cd1ca2b5a0: 0f1f 8400 | 108b 00c7 | 33ed 4585 | d240 0f94 | c5ba 45ff | ffff 4c8b | 5424 484c | 8954 2420 
  0x000001cd1ca2b5c0: 4c8b 5424 | 504c 8954 | 2448 4c89 | 4c24 584c | 8b54 2478 | 4c89 5424 | 704c 894c | 2478 48ff 
  0x000001cd1ca2b5e0: b424 a000 | 0000 488f | 8424 9800 | 0000 6690 

  0x000001cd1ca2b5f0: ;   {runtime_call UncommonTrapBlob}
  0x000001cd1ca2b5f0: c5f8 77e8 

  0x000001cd1ca2b5f4: ; ImmutableOopMap {[32]=Oop [72]=Oop [88]=Oop [112]=Oop [120]=Oop [152]=Oop [168]=Oop [184]=Oop }
                      ;*ifeq {reexecute=1 rethrow=0 return_oop=0}
                      ; - (reexecute) java.lang.String::indexOf@4
                      ; - java.lang.String::indexOf@3
                      ; - java.lang.ClassLoader::checkName@16
                      ; - java.lang.ClassLoader::findBootstrapClassOrNull@1
                      ; - java.lang.System$2::findBootstrapClassOrNull@1
                      ; - jdk.internal.loader.ClassLoaders$BootClassLoader::loadClassOrNull@4
                      ; - jdk.internal.loader.BuiltinClassLoader::loadClassOrNull@3
                      ; - jdk.internal.loader.BuiltinClassLoader::loadClassOrNull@66
                      ; - jdk.internal.loader.BuiltinClassLoader::loadClass@3
                      ; - java.lang.ClassLoader::loadClass@38
                      ; - java.lang.ClassLoader::loadClass@38
  0x000001cd1ca2b5f4: 888d 79ff 

  0x000001cd1ca2b5f8: ;   {other}
  0x000001cd1ca2b5f8: 0f1f 8400 | 688b 00c8 | ba45 ffff | ff48 8b6c | 2448 448b | 5424 3044 | 8954 2428 | 4c8b 5424 
  0x000001cd1ca2b618: 404c 8954 | 2438 4c8b | 5424 504c | 8954 2440 | 4c89 4c24 | 504c 8b54 | 2478 4c89 | 5424 584c 
  0x000001cd1ca2b638: 8b54 2468 | 4c89 5424 | 604c 894c | 2470 4c8b | 9424 a800 | 0000 4c89 | 9424 9000 | 0000 895c 
  0x000001cd1ca2b658: 242c 6690 

  0x000001cd1ca2b65c: ;   {runtime_call UncommonTrapBlob}
  0x000001cd1ca2b65c: c5f8 77e8 

  0x000001cd1ca2b660: ; ImmutableOopMap {rbp=Oop [64]=Oop [80]=Oop [88]=Oop [112]=Oop [144]=Oop [160]=Oop [168]=Oop [184]=Oop }
                      ;*if_icmpne {reexecute=1 rethrow=0 return_oop=0}
                      ; - (reexecute) java.lang.ClassLoader::checkName@20
                      ; - java.lang.ClassLoader::findBootstrapClassOrNull@1
                      ; - java.lang.System$2::findBootstrapClassOrNull@1
                      ; - jdk.internal.loader.ClassLoaders$BootClassLoader::loadClassOrNull@4
                      ; - jdk.internal.loader.BuiltinClassLoader::loadClassOrNull@3
                      ; - jdk.internal.loader.BuiltinClassLoader::loadClassOrNull@66
                      ; - jdk.internal.loader.BuiltinClassLoader::loadClass@3
                      ; - java.lang.ClassLoader::loadClass@38
                      ; - java.lang.ClassLoader::loadClass@38
  0x000001cd1ca2b660: 1c8d 79ff 

  0x000001cd1ca2b664: ;   {other}
  0x000001cd1ca2b664: 0f1f 8400 | d48b 00c9 | ba45 ffff | ff4c 8b54 | 2448 4c89 | 5424 204c | 8b54 2450 | 4c89 5424 
  0x000001cd1ca2b684: 484c 894c | 2458 4c8b | 5424 784c | 8954 2470 | 4c89 4c24 | 784c 8b94 | 24a8 0000 | 004c 8994 
  0x000001cd1ca2b6a4: 2498 0000 | 0066 6690 

  0x000001cd1ca2b6ac: ;   {runtime_call UncommonTrapBlob}
  0x000001cd1ca2b6ac: c5f8 77e8 

  0x000001cd1ca2b6b0: ; ImmutableOopMap {[32]=Oop [72]=Oop [88]=Oop [112]=Oop [120]=Oop [152]=Oop [160]=Oop [168]=Oop [184]=Oop }
                      ;*if_icmpne {reexecute=1 rethrow=0 return_oop=0}
                      ; - (reexecute) java.lang.ClassLoader::checkName@30
                      ; - java.lang.ClassLoader::findBootstrapClassOrNull@1
                      ; - java.lang.System$2::findBootstrapClassOrNull@1
                      ; - jdk.internal.loader.ClassLoaders$BootClassLoader::loadClassOrNull@4
                      ; - jdk.internal.loader.BuiltinClassLoader::loadClassOrNull@3
                      ; - jdk.internal.loader.BuiltinClassLoader::loadClassOrNull@66
                      ; - jdk.internal.loader.BuiltinClassLoader::loadClass@3
                      ; - java.lang.ClassLoader::loadClass@38
                      ; - java.lang.ClassLoader::loadClass@38
  0x000001cd1ca2b6b0: cc8c 79ff 

  0x000001cd1ca2b6b4: ;   {other}
  0x000001cd1ca2b6b4: 0f1f 8400 | 248c 00ca | ba45 ffff | ff4c 8b4c | 2448 4c89 | 4c24 204c | 8b8c 24b0 | 0000 004c 
  0x000001cd1ca2b6d4: 894c 2428 | 4c8b 4c24 | 504c 894c | 2448 4c8b | 4c24 784c | 894c 2458 | 4c89 4424 | 7844 895c 
  0x000001cd1ca2b6f4: 2434 4489 | 9424 8000 | 0000 899c | 2484 0000 | 0066 6690 

  0x000001cd1ca2b708: ;   {runtime_call UncommonTrapBlob}
  0x000001cd1ca2b708: c5f8 77e8 

  0x000001cd1ca2b70c: ; ImmutableOopMap {[32]=Oop [40]=Oop [52]=NarrowOop [72]=Oop [88]=Oop [104]=Oop [120]=Oop }
                      ;*if_icmpne {reexecute=1 rethrow=0 return_oop=0}
                      ; - (reexecute) java.lang.String::equals@33
                      ; - java.util.concurrent.ConcurrentHashMap::get@73
                      ; - jdk.internal.loader.BuiltinClassLoader::findLoadedModule@24
                      ; - jdk.internal.loader.BuiltinClassLoader::loadClassOrNull@22
                      ; - jdk.internal.loader.BuiltinClassLoader::loadClass@3
                      ; - java.lang.ClassLoader::loadClass@38
  0x000001cd1ca2b70c: 708c 79ff 

  0x000001cd1ca2b710: ;   {other}
  0x000001cd1ca2b710: 0f1f 8400 | 808c 00cb | 488b 4c24 | 5048 8d94 | 2430 0100 | 004d 8bc7 | c5f8 7749 | ba40 d982 
  0x000001cd1ca2b730: effc 7f00 | 0041 ffd2 

  0x000001cd1ca2b738: ;   {other}
  0x000001cd1ca2b738: 0f1f 8400 | 0000 0000 | e98f a6ff | ffba 45ff | ffff 4c8b | 4c24 484c | 894c 2420 | 4c8b 8c24 
  0x000001cd1ca2b758: b000 0000 | 4c89 4c24 | 284c 8b4c | 2450 4c89 | 4c24 484c | 8b4c 2478 | 4c89 4c24 | 584c 8944 
  0x000001cd1ca2b778: 2478 4489 | 5c24 3444 | 8994 2480 | 0000 0090 

  0x000001cd1ca2b788: ;   {runtime_call UncommonTrapBlob}
  0x000001cd1ca2b788: c5f8 77e8 

  0x000001cd1ca2b78c: ; ImmutableOopMap {[32]=Oop [40]=Oop [52]=NarrowOop [72]=Oop [88]=Oop [104]=Oop [120]=Oop }
                      ;*ifge {reexecute=1 rethrow=0 return_oop=0}
                      ; - (reexecute) java.util.concurrent.ConcurrentHashMap::get@86
                      ; - jdk.internal.loader.BuiltinClassLoader::findLoadedModule@24
                      ; - jdk.internal.loader.BuiltinClassLoader::loadClassOrNull@22
                      ; - jdk.internal.loader.BuiltinClassLoader::loadClass@3
                      ; - java.lang.ClassLoader::loadClass@38
  0x000001cd1ca2b78c: f08b 79ff 

  0x000001cd1ca2b790: ;   {other}
  0x000001cd1ca2b790: 0f1f 8400 | 008d 00cc | 33ed 85c9 | 400f 94c5 | ba45 ffff | ff4c 8b54 | 2448 4c89 | 5424 204c 
  0x000001cd1ca2b7b0: 8b54 2450 | 4c89 5424 | 484c 894c | 2458 4c8b | 5424 784c | 8954 2470 | 4c89 4c24 | 7866 6690 
  0x000001cd1ca2b7d0: ;   {runtime_call UncommonTrapBlob}
  0x000001cd1ca2b7d0: c5f8 77e8 

  0x000001cd1ca2b7d4: ; ImmutableOopMap {[32]=Oop [72]=Oop [88]=Oop [112]=Oop [120]=Oop [160]=Oop [168]=Oop [184]=Oop }
                      ;*ifeq {reexecute=1 rethrow=0 return_oop=0}
                      ; - (reexecute) java.lang.String::indexOf@4
                      ; - java.lang.String::indexOf@3
                      ; - java.lang.ClassLoader::checkName@16
                      ; - java.lang.ClassLoader::findBootstrapClassOrNull@1
                      ; - java.lang.System$2::findBootstrapClassOrNull@1
                      ; - jdk.internal.loader.ClassLoaders$BootClassLoader::loadClassOrNull@4
                      ; - jdk.internal.loader.BuiltinClassLoader::loadClassOrNull@3
                      ; - jdk.internal.loader.BuiltinClassLoader::loadClassOrNull@86
                      ; - jdk.internal.loader.BuiltinClassLoader::loadClass@3
                      ; - java.lang.ClassLoader::loadClass@38
                      ; - java.lang.ClassLoader::loadClass@38
  0x000001cd1ca2b7d4: a88b 79ff 

  0x000001cd1ca2b7d8: ;   {other}
  0x000001cd1ca2b7d8: 0f1f 8400 | 488d 00cd | ba45 ffff | ff4c 8b54 | 2460 4c89 | 5424 2044 | 8b44 2430 | 4489 4424 
  0x000001cd1ca2b7f8: 284c 8b54 | 2440 4c89 | 5424 384c | 8b54 2450 | 4c89 5424 | 404c 8b54 | 2478 4c89 | 5424 584c 
  0x000001cd1ca2b818: 8b54 2468 | 4c89 5424 | 604c 8b94 | 2480 0000 | 004c 8954 | 2478 4c8b | 9424 a800 | 0000 4889 
  0x000001cd1ca2b838: 8424 9000 | 0000 4c89 | 9424 9800 | 0000 6690 

  0x000001cd1ca2b848: ;   {runtime_call UncommonTrapBlob}
  0x000001cd1ca2b848: c5f8 77e8 

  0x000001cd1ca2b84c: ; ImmutableOopMap {rbp=Oop [32]=Oop [64]=Oop [88]=Oop [120]=Oop [144]=Oop [152]=Oop [168]=Oop [184]=Oop }
                      ;*ifnonnull {reexecute=1 rethrow=0 return_oop=0}
                      ; - (reexecute) jdk.internal.loader.BuiltinClassLoader::loadClassOrNull@93
                      ; - jdk.internal.loader.BuiltinClassLoader::loadClass@3
                      ; - java.lang.ClassLoader::loadClass@38
                      ; - java.lang.ClassLoader::loadClass@38
  0x000001cd1ca2b84c: 308b 79ff 

  0x000001cd1ca2b850: ;   {other}
  0x000001cd1ca2b850: 0f1f 8400 | c08d 00ce | ba45 ffff | ff48 8b6c | 2448 448b | 5c24 3044 | 895c 2428 | 4c8b 5c24 
  0x000001cd1ca2b870: 404c 895c | 2438 4c8b | 5c24 504c | 895c 2440 | 4c89 4c24 | 504c 8b5c | 2478 4c89 | 5c24 584c 
  0x000001cd1ca2b890: 8b5c 2468 | 4c89 5c24 | 604c 894c | 2470 4c8b | 9c24 a800 | 0000 4c89 | 9c24 9800 | 0000 895c 
  0x000001cd1ca2b8b0: 242c 6690 

  0x000001cd1ca2b8b4: ;   {runtime_call UncommonTrapBlob}
  0x000001cd1ca2b8b4: c5f8 77e8 

  0x000001cd1ca2b8b8: ; ImmutableOopMap {rbp=Oop [64]=Oop [80]=Oop [88]=Oop [112]=Oop [152]=Oop [160]=Oop [168]=Oop [184]=Oop }
                      ;*if_icmpne {reexecute=1 rethrow=0 return_oop=0}
                      ; - (reexecute) java.lang.ClassLoader::checkName@20
                      ; - java.lang.ClassLoader::findBootstrapClassOrNull@1
                      ; - java.lang.System$2::findBootstrapClassOrNull@1
                      ; - jdk.internal.loader.ClassLoaders$BootClassLoader::loadClassOrNull@4
                      ; - jdk.internal.loader.BuiltinClassLoader::loadClassOrNull@3
                      ; - jdk.internal.loader.BuiltinClassLoader::loadClassOrNull@86
                      ; - jdk.internal.loader.BuiltinClassLoader::loadClass@3
                      ; - java.lang.ClassLoader::loadClass@38
                      ; - java.lang.ClassLoader::loadClass@38
  0x000001cd1ca2b8b8: c48a 79ff 

  0x000001cd1ca2b8bc: ;   {other}
  0x000001cd1ca2b8bc: 0f1f 8400 | 2c8e 00cf | ba45 ffff | ff4c 8b54 | 2448 4c89 | 5424 204c | 8b54 2450 | 4c89 5424 
  0x000001cd1ca2b8dc: 484c 894c | 2458 4c8b | 5424 784c | 8954 2470 | 4c89 4c24 | 7848 ffb4 | 24a0 0000 | 0048 8f84 
  0x000001cd1ca2b8fc: 2490 0000 | 004c 8b94 | 24a8 0000 | 004c 8994 | 24a0 0000 | 0066 6690 

  0x000001cd1ca2b914: ;   {runtime_call UncommonTrapBlob}
  0x000001cd1ca2b914: c5f8 77e8 

  0x000001cd1ca2b918: ; ImmutableOopMap {[32]=Oop [72]=Oop [88]=Oop [112]=Oop [120]=Oop [144]=Oop [160]=Oop [168]=Oop [184]=Oop }
                      ;*if_icmpne {reexecute=1 rethrow=0 return_oop=0}
                      ; - (reexecute) java.lang.ClassLoader::checkName@30
                      ; - java.lang.ClassLoader::findBootstrapClassOrNull@1
                      ; - java.lang.System$2::findBootstrapClassOrNull@1
                      ; - jdk.internal.loader.ClassLoaders$BootClassLoader::loadClassOrNull@4
                      ; - jdk.internal.loader.BuiltinClassLoader::loadClassOrNull@3
                      ; - jdk.internal.loader.BuiltinClassLoader::loadClassOrNull@86
                      ; - jdk.internal.loader.BuiltinClassLoader::loadClass@3
                      ; - java.lang.ClassLoader::loadClass@38
                      ; - java.lang.ClassLoader::loadClass@38
  0x000001cd1ca2b918: 648a 79ff 

  0x000001cd1ca2b91c: ;   {other}
  0x000001cd1ca2b91c: 0f1f 8400 | 8c8e 00d0 | 33ed 4585 | c040 0f95 | c5ba 45ff | ffff 4c8b | 5424 484c | 8954 2420 
  0x000001cd1ca2b93c: 4c8b 5424 | 604c 8954 | 2428 4c8b | 5424 504c | 8954 2448 | 4c8b 5424 | 784c 8954 | 2470 4c89 
  0x000001cd1ca2b95c: 9c24 8800 | 0000 4c8b | 9424 a800 | 0000 4c89 | 9424 9800 | 0000 6690 

  0x000001cd1ca2b974: ;   {runtime_call UncommonTrapBlob}
  0x000001cd1ca2b974: c5f8 77e8 

  0x000001cd1ca2b978: ; ImmutableOopMap {[32]=Oop [40]=Oop [72]=Oop [112]=Oop [136]=Oop [152]=Oop [168]=Oop [184]=Oop }
                      ;*ifeq {reexecute=1 rethrow=0 return_oop=0}
                      ; - (reexecute) jdk.internal.loader.BuiltinClassLoader::loadClassOrNull@100
                      ; - jdk.internal.loader.BuiltinClassLoader::loadClass@3
                      ; - java.lang.ClassLoader::loadClass@38
                      ; - java.lang.ClassLoader::loadClass@38
  0x000001cd1ca2b978: 048a 79ff 

  0x000001cd1ca2b97c: ;   {other}
  0x000001cd1ca2b97c: 0f1f 8400 | ec8e 00d1 | 33ed 4585 | d240 0f94 | c5ba 45ff | ffff 4c8b | 5424 484c | 8954 2420 
  0x000001cd1ca2b99c: 4c8b 9424 | b000 0000 | 4c89 5424 | 284c 8b54 | 2450 4c89 | 5424 484c | 8b54 2478 | 4c89 5424 
  0x000001cd1ca2b9bc: 5848 899c | 2480 0000 | 0066 6690 

  0x000001cd1ca2b9c8: ;   {runtime_call UncommonTrapBlob}
  0x000001cd1ca2b9c8: c5f8 77e8 

  0x000001cd1ca2b9cc: ; ImmutableOopMap {[32]=Oop [40]=Oop [72]=Oop [88]=Oop [104]=Oop [128]=Oop }
                      ;*ifeq {reexecute=1 rethrow=0 return_oop=0}
                      ; - (reexecute) java.lang.String::hashCode@20
                      ; - java.util.concurrent.ConcurrentHashMap::get@1
                      ; - jdk.internal.loader.BuiltinClassLoader::findLoadedModule@24
                      ; - jdk.internal.loader.BuiltinClassLoader::loadClassOrNull@22
                      ; - jdk.internal.loader.BuiltinClassLoader::loadClass@3
                      ; - java.lang.ClassLoader::loadClass@38
  0x000001cd1ca2b9cc: b089 79ff 

  0x000001cd1ca2b9d0: ;   {other}
  0x000001cd1ca2b9d0: 0f1f 8400 | 408f 00d2 | ba45 ffff | ff4c 8b54 | 2448 4c89 | 5424 204c | 8b94 24b0 | 0000 004c 
  0x000001cd1ca2b9f0: 8954 2428 | 4c8b 5424 | 504c 8954 | 2448 4c8b | 5424 784c | 8954 2470 | 4c8b 9424 | a000 0000 
  0x000001cd1ca2ba10: 4c89 9424 | 8800 0000 | 4c8b 9424 | a800 0000 | 4c89 9424 | 9800 0000 | 4c89 9c24 | a000 0000 
  0x000001cd1ca2ba30: 4489 4424 | 3444 89ac | 24a8 0000 | 0089 8c24 | ac00 0000 

  0x000001cd1ca2ba44: ;   {runtime_call UncommonTrapBlob}
  0x000001cd1ca2ba44: c5f8 77e8 

  0x000001cd1ca2ba48: ; ImmutableOopMap {[32]=Oop [40]=Oop [52]=NarrowOop [72]=Oop [112]=Oop [136]=Oop [152]=Oop [160]=Oop [184]=Oop }
                      ;*if_icmpne {reexecute=1 rethrow=0 return_oop=0}
                      ; - (reexecute) java.lang.String::equals@33
                      ; - java.util.concurrent.ConcurrentHashMap::get@73
                      ; - jdk.internal.loader.BuiltinClassLoader::findLoadedModule@24
                      ; - jdk.internal.loader.BuiltinClassLoader::loadClassOrNull@22
                      ; - jdk.internal.loader.BuiltinClassLoader::loadClass@3
                      ; - java.lang.ClassLoader::loadClass@38
                      ; - java.lang.ClassLoader::loadClass@38
  0x000001cd1ca2ba48: 3489 79ff 

  0x000001cd1ca2ba4c: ;   {other}
  0x000001cd1ca2ba4c: 0f1f 8400 | bc8f 00d3 | ba45 ffff | ff4c 8b54 | 2448 4c89 | 5424 204c | 8b94 24b0 | 0000 004c 
  0x000001cd1ca2ba6c: 8954 2428 | 4c8b 5424 | 504c 8954 | 2448 4c8b | 5424 784c | 8954 2470 | 4c8b 9424 | a000 0000 
  0x000001cd1ca2ba8c: 4c89 9424 | 8800 0000 | 4c8b 9424 | a800 0000 | 4c89 9424 | 9800 0000 | 4c89 8c24 | a000 0000 
  0x000001cd1ca2baac: 4489 4424 | 3444 899c | 24a8 0000 | 0066 6690 

  0x000001cd1ca2babc: ;   {runtime_call UncommonTrapBlob}
  0x000001cd1ca2babc: c5f8 77e8 

  0x000001cd1ca2bac0: ; ImmutableOopMap {[32]=Oop [40]=Oop [52]=NarrowOop [72]=Oop [112]=Oop [136]=Oop [152]=Oop [160]=Oop [184]=Oop }
                      ;*ifge {reexecute=1 rethrow=0 return_oop=0}
                      ; - (reexecute) java.util.concurrent.ConcurrentHashMap::get@86
                      ; - jdk.internal.loader.BuiltinClassLoader::findLoadedModule@24
                      ; - jdk.internal.loader.BuiltinClassLoader::loadClassOrNull@22
                      ; - jdk.internal.loader.BuiltinClassLoader::loadClass@3
                      ; - java.lang.ClassLoader::loadClass@38
                      ; - java.lang.ClassLoader::loadClass@38
  0x000001cd1ca2bac0: bc88 79ff 

  0x000001cd1ca2bac4: ;   {other}
  0x000001cd1ca2bac4: 0f1f 8400 | 3490 00d4 | ba45 ffff | ff4c 8b5c | 2448 4c89 | 5c24 204c | 8b9c 24b0 | 0000 004c 
  0x000001cd1ca2bae4: 895c 2428 | 4c8b 5c24 | 504c 895c | 2448 4c8b | 5c24 784c | 895c 2458 | 4c89 4424 | 784c 898c 
  0x000001cd1ca2bb04: 2480 0000 | 0044 8954 | 2434 6690 

  0x000001cd1ca2bb10: ;   {runtime_call UncommonTrapBlob}
  0x000001cd1ca2bb10: c5f8 77e8 

  0x000001cd1ca2bb14: ; ImmutableOopMap {rbp=NarrowOop [32]=Oop [40]=Oop [72]=Oop [88]=Oop [104]=Oop [120]=Oop [128]=Oop }
                      ;*ifnull {reexecute=1 rethrow=0 return_oop=0}
                      ; - (reexecute) java.util.concurrent.ConcurrentHashMap::get@143
                      ; - jdk.internal.loader.BuiltinClassLoader::findLoadedModule@24
                      ; - jdk.internal.loader.BuiltinClassLoader::loadClassOrNull@22
                      ; - jdk.internal.loader.BuiltinClassLoader::loadClass@3
                      ; - java.lang.ClassLoader::loadClass@38
  0x000001cd1ca2bb14: 6888 79ff 

  0x000001cd1ca2bb18: ;   {other}
  0x000001cd1ca2bb18: 0f1f 8400 | 8890 00d5 | ba45 ffff | ff44 8b5c | 2430 4489 | 5c24 284c | 8b5c 2440 | 4c89 5c24 
  0x000001cd1ca2bb38: 384c 8b5c | 2450 4c89 | 5c24 404c | 8b5c 2478 | 4c89 5c24 | 504c 8b9c | 2480 0000 | 004c 895c 
  0x000001cd1ca2bb58: 2478 8984 | 2480 0000 | 0066 6690 

  0x000001cd1ca2bb64: ;   {runtime_call UncommonTrapBlob}
  0x000001cd1ca2bb64: c5f8 77e8 

  0x000001cd1ca2bb68: ; ImmutableOopMap {rbp=Oop [32]=Oop [64]=Oop [80]=Oop [104]=Oop [112]=Oop [120]=Oop }
                      ;*ifeq {reexecute=1 rethrow=0 return_oop=0}
                      ; - (reexecute) java.util.concurrent.ConcurrentHashMap::get@152
                      ; - jdk.internal.loader.BuiltinClassLoader::findLoadedModule@24
                      ; - jdk.internal.loader.BuiltinClassLoader::loadClassOrNull@22
                      ; - jdk.internal.loader.BuiltinClassLoader::loadClass@3
                      ; - java.lang.ClassLoader::loadClass@38
  0x000001cd1ca2bb68: 1488 79ff 

  0x000001cd1ca2bb6c: ;   {other}
  0x000001cd1ca2bb6c: 0f1f 8400 | dc90 00d6 | 33ed 4585 | d240 0f94 | c5ba 45ff | ffff 4c8b | 5424 484c | 8954 2420 
  0x000001cd1ca2bb8c: 4c8b 9424 | b000 0000 | 4c89 5424 | 284c 8b54 | 2450 4c89 | 5424 484c | 8b54 2478 | 4c89 5424 
  0x000001cd1ca2bbac: 704c 8b94 | 24a0 0000 | 004c 8994 | 2488 0000 | 004c 8b94 | 24a8 0000 | 004c 8994 | 2498 0000 
  0x000001cd1ca2bbcc: 004c 898c | 24a8 0000 | 0066 6690 

  0x000001cd1ca2bbd8: ;   {runtime_call UncommonTrapBlob}
  0x000001cd1ca2bbd8: c5f8 77e8 

  0x000001cd1ca2bbdc: ; ImmutableOopMap {[32]=Oop [40]=Oop [72]=Oop [112]=Oop [136]=Oop [152]=Oop [168]=Oop [184]=Oop }
                      ;*ifeq {reexecute=1 rethrow=0 return_oop=0}
                      ; - (reexecute) java.lang.String::hashCode@20
                      ; - java.util.concurrent.ConcurrentHashMap::get@1
                      ; - jdk.internal.loader.BuiltinClassLoader::findLoadedModule@24
                      ; - jdk.internal.loader.BuiltinClassLoader::loadClassOrNull@22
                      ; - jdk.internal.loader.BuiltinClassLoader::loadClass@3
                      ; - java.lang.ClassLoader::loadClass@38
                      ; - java.lang.ClassLoader::loadClass@38
  0x000001cd1ca2bbdc: a087 79ff 

  0x000001cd1ca2bbe0: ;   {other}
  0x000001cd1ca2bbe0: 0f1f 8400 | 5091 00d7 | bade ffff | ff4c 8b5c | 2438 4c89 | 5c24 2044 | 8b4c 2430 | 4489 4c24 
  0x000001cd1ca2bc00: 284c 8b5c | 2440 4c89 | 5c24 384c | 8b5c 2450 | 4c89 5c24 | 404c 8b5c | 2478 4c89 | 5c24 504c 
  0x000001cd1ca2bc20: 8b5c 2468 | 4c89 5c24 | 584c 8b5c | 2470 4c89 | 5c24 604c | 8b9c 2480 | 0000 004c | 895c 2478 
  0x000001cd1ca2bc40: 4c8b 9c24 | a800 0000 | 4c89 9c24 | 8000 0000 | 4c8b 9c24 | b800 0000 | 4c89 9c24 | 8800 0000 
  0x000001cd1ca2bc60: 4c8b 9c24 | b800 0000 | 4c89 9c24 | a800 0000 | 4c8b 9c24 | c000 0000 | 4c89 9c24 | b000 0000 
  0x000001cd1ca2bc80: 448b 9c24 | c800 0000 | 4489 5c24 | 2c4c 8b9c | 24d8 0000 | 004c 899c | 24c0 0000 | 004c 8b9c 
  0x000001cd1ca2bca0: 24d0 0000 | 004c 899c | 24c8 0000 | 004c 8984 | 24e0 0000 | 004c 8994 | 24e8 0000 | 0066 6690 
  0x000001cd1ca2bcc0: ;   {runtime_call UncommonTrapBlob}
  0x000001cd1ca2bcc0: c5f8 77e8 

  0x000001cd1ca2bcc4: ; ImmutableOopMap {rbp=Oop [32]=Oop [44]=NarrowOop [64]=Oop [80]=Oop [120]=Oop [128]=Oop [136]=Oop [168]=Oop [192]=Oop [200]=Oop [224]=Oop [232]=Oop [256]=Oop }
                      ;*invokevirtual getName {reexecute=0 rethrow=0 return_oop=0}
                      ; - java.util.jar.JarFile::getManifestFromReference@74
                      ; - java.util.jar.JarFile::getManifest@1
                      ; - jdk.internal.loader.URLClassPath$JarLoader$2::getManifest@22
                      ; - java.net.URLClassLoader::defineClass@34
                      ; - java.net.URLClassLoader$1::run@43
                      ; - java.net.URLClassLoader$1::run@1
                      ; - java.security.AccessController::executePrivileged@29
                      ; - java.security.AccessController::doPrivileged@13
                      ; - java.net.URLClassLoader::findClass@13
                      ; - java.lang.ClassLoader::loadClass@69
                      ; - java.lang.ClassLoader::loadClass@38
  0x000001cd1ca2bcc4: b886 79ff 

  0x000001cd1ca2bcc8: ;   {other}
  0x000001cd1ca2bcc8: 0f1f 8400 | 3892 00d8 | ba0f 0000 | 004c 8b54 | 2448 4c89 | 5424 204c | 8b54 2438 | 4c89 5424 
  0x000001cd1ca2bce8: 284c 8b54 | 2450 4c89 | 5424 484c | 8b54 2478 | 4c89 5424 | 584c 8b54 | 2468 4c89 | 5424 604c 
  0x000001cd1ca2bd08: 8b54 2470 | 4c89 5424 | 684c 8b94 | 24a8 0000 | 004c 8994 | 2488 0000 | 004c 8b94 | 24b8 0000 
  0x000001cd1ca2bd28: 004c 8994 | 2490 0000 | 004c 8b94 | 24b8 0000 | 004c 8994 | 24b0 0000 | 004c 8b94 | 24c0 0000 
  0x000001cd1ca2bd48: 004c 8994 | 24b8 0000 | 0044 8b94 | 24c8 0000 | 0044 8954 | 2434 6690 

  0x000001cd1ca2bd60: ;   {runtime_call UncommonTrapBlob}
  0x000001cd1ca2bd60: c5f8 77e8 

  0x000001cd1ca2bd64: ; ImmutableOopMap {rbp=Oop [32]=Oop [40]=Oop [52]=NarrowOop [72]=Oop [88]=Oop [128]=Oop [136]=Oop [144]=Oop [176]=Oop [208]=Oop [216]=Oop [224]=Oop [256]=Oop }
                      ;*new {reexecute=0 rethrow=0 return_oop=0}
                      ; - java.util.Hashtable::<init>@53
                      ; - java.util.Hashtable::<init>@5
                      ; - java.util.jar.JarVerifier::<init>@39
                      ; - java.util.jar.JarFile::getManifestFromReference@78
                      ; - java.util.jar.JarFile::getManifest@1
                      ; - jdk.internal.loader.URLClassPath$JarLoader$2::getManifest@22
                      ; - java.net.URLClassLoader::defineClass@34
                      ; - java.net.URLClassLoader$1::run@43
                      ; - java.net.URLClassLoader$1::run@1
                      ; - java.security.AccessController::executePrivileged@29
                      ; - java.security.AccessController::doPrivileged@13
                      ; - java.net.URLClassLoader::findClass@13
                      ; - java.lang.ClassLoader::loadClass@69
                      ; - java.lang.ClassLoader::loadClass@38
  0x000001cd1ca2bd64: 1886 79ff 

  0x000001cd1ca2bd68: ;   {other}
  0x000001cd1ca2bd68: 0f1f 8400 | d892 00d9 | ba0f 0000 | 004c 8b54 | 2448 4c89 | 5424 204c | 8b54 2438 | 4c89 5424 
  0x000001cd1ca2bd88: 284c 8b54 | 2450 4c89 | 5424 484c | 8b54 2478 | 4c89 5424 | 584c 8b54 | 2468 4c89 | 5424 604c 
  0x000001cd1ca2bda8: 8b54 2470 | 4c89 5424 | 684c 8b94 | 24a8 0000 | 004c 8994 | 2488 0000 | 004c 8b94 | 24b8 0000 
  0x000001cd1ca2bdc8: 004c 8994 | 2490 0000 | 004c 8b94 | 24b8 0000 | 004c 8994 | 24b0 0000 | 004c 8b94 | 24c0 0000 
  0x000001cd1ca2bde8: 004c 8994 | 24b8 0000 | 0044 8b9c | 24c8 0000 | 0044 895c | 2434 6690 

  0x000001cd1ca2be00: ;   {runtime_call UncommonTrapBlob}
  0x000001cd1ca2be00: c5f8 77e8 

  0x000001cd1ca2be04: ; ImmutableOopMap {rbp=Oop [32]=Oop [40]=Oop [52]=NarrowOop [72]=Oop [88]=Oop [128]=Oop [136]=Oop [144]=Oop [176]=Oop [208]=Oop [216]=Oop [224]=Oop [256]=Oop }
                      ;*new {reexecute=0 rethrow=0 return_oop=0}
                      ; - java.util.Hashtable::<init>@53
                      ; - java.util.Hashtable::<init>@5
                      ; - java.util.jar.JarVerifier::<init>@50
                      ; - java.util.jar.JarFile::getManifestFromReference@78
                      ; - java.util.jar.JarFile::getManifest@1
                      ; - jdk.internal.loader.URLClassPath$JarLoader$2::getManifest@22
                      ; - java.net.URLClassLoader::defineClass@34
                      ; - java.net.URLClassLoader$1::run@43
                      ; - java.net.URLClassLoader$1::run@1
                      ; - java.security.AccessController::executePrivileged@29
                      ; - java.security.AccessController::doPrivileged@13
                      ; - java.net.URLClassLoader::findClass@13
                      ; - java.lang.ClassLoader::loadClass@69
                      ; - java.lang.ClassLoader::loadClass@38
  0x000001cd1ca2be04: 7885 79ff 

  0x000001cd1ca2be08: ;   {other}
  0x000001cd1ca2be08: 0f1f 8400 | 7893 00da | ba0f 0000 | 004c 8b54 | 2448 4c89 | 5424 204c | 8b54 2438 | 4c89 5424 
  0x000001cd1ca2be28: 284c 8b54 | 2450 4c89 | 5424 484c | 8b54 2478 | 4c89 5424 | 584c 8b54 | 2468 4c89 | 5424 604c 
  0x000001cd1ca2be48: 8b54 2470 | 4c89 5424 | 684c 8b94 | 24a8 0000 | 004c 8994 | 2488 0000 | 004c 8b94 | 24b8 0000 
  0x000001cd1ca2be68: 004c 8994 | 2490 0000 | 004c 8b94 | 24b8 0000 | 004c 8994 | 24b0 0000 | 004c 8b94 | 24c0 0000 
  0x000001cd1ca2be88: 004c 8994 | 24b8 0000 | 0044 8b94 | 24c8 0000 | 0044 8954 | 2434 6690 

  0x000001cd1ca2bea0: ;   {runtime_call UncommonTrapBlob}
  0x000001cd1ca2bea0: c5f8 77e8 

  0x000001cd1ca2bea4: ; ImmutableOopMap {rbp=Oop [32]=Oop [40]=Oop [52]=NarrowOop [72]=Oop [88]=Oop [128]=Oop [136]=Oop [144]=Oop [176]=Oop [208]=Oop [216]=Oop [224]=Oop [256]=Oop }
                      ;*new {reexecute=0 rethrow=0 return_oop=0}
                      ; - java.util.Hashtable::<init>@53
                      ; - java.util.Hashtable::<init>@4
                      ; - java.util.jar.JarVerifier::<init>@63
                      ; - java.util.jar.JarFile::getManifestFromReference@78
                      ; - java.util.jar.JarFile::getManifest@1
                      ; - jdk.internal.loader.URLClassPath$JarLoader$2::getManifest@22
                      ; - java.net.URLClassLoader::defineClass@34
                      ; - java.net.URLClassLoader$1::run@43
                      ; - java.net.URLClassLoader$1::run@1
                      ; - java.security.AccessController::executePrivileged@29
                      ; - java.security.AccessController::doPrivileged@13
                      ; - java.net.URLClassLoader::findClass@13
                      ; - java.lang.ClassLoader::loadClass@69
                      ; - java.lang.ClassLoader::loadClass@38
  0x000001cd1ca2bea4: d884 79ff 

  0x000001cd1ca2bea8: ;   {other}
  0x000001cd1ca2bea8: 0f1f 8400 | 1894 00db | 498b d7c5 | f877 49ba | 20a4 41ef | fc7f 0000 

  0x000001cd1ca2bec0: ;   {other}
  0x000001cd1ca2bec0: 41ff d20f | 1f84 0000 | 0000 004c | 8b84 24d8 | 0000 00e9 | 27ba ffff | ba45 ffff | ff4c 8b54 
  0x000001cd1ca2bee0: 2448 4c89 | 5424 204c | 8b94 24b0 | 0000 004c | 8954 2428 | 4c8b 5424 | 504c 8954 | 2448 4c8b 
  0x000001cd1ca2bf00: 5424 784c | 8954 2470 | 4c8b 9424 | a000 0000 | 4c89 9424 | 8800 0000 | 4c8b 9424 | a800 0000 
  0x000001cd1ca2bf20: 4c89 9424 | 9800 0000 | 4c89 8c24 | a000 0000 | 4c89 8424 | a800 0000 | 4489 5c24 | 3466 6690 
  0x000001cd1ca2bf40: ;   {runtime_call UncommonTrapBlob}
  0x000001cd1ca2bf40: c5f8 77e8 

  0x000001cd1ca2bf44: ; ImmutableOopMap {rbp=NarrowOop [32]=Oop [40]=Oop [72]=Oop [112]=Oop [136]=Oop [152]=Oop [160]=Oop [168]=Oop [184]=Oop }
                      ;*ifnull {reexecute=1 rethrow=0 return_oop=0}
                      ; - (reexecute) java.util.concurrent.ConcurrentHashMap::get@143
                      ; - jdk.internal.loader.BuiltinClassLoader::findLoadedModule@24
                      ; - jdk.internal.loader.BuiltinClassLoader::loadClassOrNull@22
                      ; - jdk.internal.loader.BuiltinClassLoader::loadClass@3
                      ; - java.lang.ClassLoader::loadClass@38
                      ; - java.lang.ClassLoader::loadClass@38
  0x000001cd1ca2bf44: 3884 79ff 

  0x000001cd1ca2bf48: ;   {other}
  0x000001cd1ca2bf48: 0f1f 8400 | b894 00dc | ba45 ffff | ff44 8b44 | 2430 4489 | 4424 284c | 8b5c 2440 | 4c89 5c24 
  0x000001cd1ca2bf68: 384c 8b5c | 2450 4c89 | 5c24 404c | 8b5c 2478 | 4c89 5c24 | 584c 8b5c | 2468 4c89 | 5c24 604c 
  0x000001cd1ca2bf88: 8b9c 24a0 | 0000 004c | 899c 2490 | 0000 004c | 8b9c 24a8 | 0000 004c | 899c 24a0 | 0000 0089 
  0x000001cd1ca2bfa8: 8424 a800 | 0000 6690 

  0x000001cd1ca2bfb0: ;   {runtime_call UncommonTrapBlob}
  0x000001cd1ca2bfb0: c5f8 77e8 

  0x000001cd1ca2bfb4: ; ImmutableOopMap {rbp=Oop [32]=Oop [64]=Oop [88]=Oop [128]=Oop [136]=Oop [144]=Oop [160]=Oop [184]=Oop }
                      ;*ifeq {reexecute=1 rethrow=0 return_oop=0}
                      ; - (reexecute) java.util.concurrent.ConcurrentHashMap::get@152
                      ; - jdk.internal.loader.BuiltinClassLoader::findLoadedModule@24
                      ; - jdk.internal.loader.BuiltinClassLoader::loadClassOrNull@22
                      ; - jdk.internal.loader.BuiltinClassLoader::loadClass@3
                      ; - java.lang.ClassLoader::loadClass@38
                      ; - java.lang.ClassLoader::loadClass@38
  0x000001cd1ca2bfb4: c883 79ff 

  0x000001cd1ca2bfb8: ;   {other}
  0x000001cd1ca2bfb8: 0f1f 8400 | 2895 00dd | bade ffff | ff48 8b6c | 2448 4c8b | 5424 384c | 8954 2420 | 448b 4424 
  0x000001cd1ca2bfd8: 3044 8944 | 2428 4c8b | 5424 404c | 8954 2438 | 4c8b 5424 | 504c 8954 | 2440 4c8b | 5424 784c 
  0x000001cd1ca2bff8: 8954 2450 | 4c8b 5424 | 684c 8954 | 2458 4c8b | 5424 704c | 8954 2460 | 4c8b 9424 | 8000 0000 
  0x000001cd1ca2c018: 4c89 5424 | 784c 8b94 | 24b8 0000 | 004c 8994 | 2488 0000 | 004c 8b94 | 24b8 0000 | 004c 8994 
  0x000001cd1ca2c038: 24a8 0000 | 004c 8b94 | 24c0 0000 | 004c 8994 | 24b0 0000 | 0044 8b94 | 24c8 0000 | 0044 8954 
  0x000001cd1ca2c058: 242c 4c8b | 9424 d000 | 0000 4c89 | 9424 c800 | 0000 4c89 | 9c24 d000 | 0000 6690 

  0x000001cd1ca2c074: ;   {runtime_call UncommonTrapBlob}
  0x000001cd1ca2c074: c5f8 77e8 

  0x000001cd1ca2c078: ; ImmutableOopMap {rbp=Oop [32]=Oop [44]=NarrowOop [64]=Oop [80]=Oop [120]=Oop [136]=Oop [152]=Oop [168]=Oop [200]=Oop [208]=Oop [216]=Oop [256]=Oop }
                      ;*invokevirtual close {reexecute=0 rethrow=0 return_oop=0}
                      ; - java.util.jar.JarFile::getManifestFromReference@152
                      ; - java.util.jar.JarFile::getManifest@1
                      ; - jdk.internal.loader.URLClassPath$JarLoader$2::getManifest@22
                      ; - java.net.URLClassLoader::defineClass@34
                      ; - java.net.URLClassLoader$1::run@43
                      ; - java.net.URLClassLoader$1::run@1
                      ; - java.security.AccessController::executePrivileged@29
                      ; - java.security.AccessController::doPrivileged@13
                      ; - java.net.URLClassLoader::findClass@13
                      ; - java.lang.ClassLoader::loadClass@69
                      ; - java.lang.ClassLoader::loadClass@38
  0x000001cd1ca2c078: 0483 79ff 

  0x000001cd1ca2c07c: ;   {other}
  0x000001cd1ca2c07c: 0f1f 8400 | ec95 00de | ba45 ffff | ff4c 8b54 | 2448 4c89 | 5424 204c | 8b54 2458 | 4c89 5424 
  0x000001cd1ca2c09c: 284c 8b54 | 2450 4c89 | 5424 484c | 8b54 2478 | 4c89 5424 | 584c 8b54 | 2468 4c89 | 5424 604c 
  0x000001cd1ca2c0bc: 8b54 2470 | 4c89 5424 | 684c 8b94 | 24a8 0000 | 004c 8994 | 2488 0000 | 004c 8b94 | 24b8 0000 
  0x000001cd1ca2c0dc: 004c 8994 | 2490 0000 | 004c 8b94 | 24b8 0000 | 004c 8994 | 24b0 0000 | 004c 8b94 | 24c0 0000 
  0x000001cd1ca2c0fc: 004c 8994 | 24b8 0000 | 0044 8b94 | 24c8 0000 | 0044 8954 | 2434 4c89 | 9c24 c800 | 0000 6690 
  0x000001cd1ca2c11c: ;   {runtime_call UncommonTrapBlob}
  0x000001cd1ca2c11c: c5f8 77e8 

  0x000001cd1ca2c120: ; ImmutableOopMap {[32]=Oop [40]=Oop [52]=NarrowOop [72]=Oop [88]=Oop [128]=Oop [136]=Oop [144]=Oop [176]=Oop [200]=Oop [208]=Oop [256]=Oop }
                      ;*ifne {reexecute=1 rethrow=0 return_oop=0}
                      ; - (reexecute) java.util.jar.JarFile::getManifestFromReference@52
                      ; - java.util.jar.JarFile::getManifest@1
                      ; - jdk.internal.loader.URLClassPath$JarLoader$2::getManifest@22
                      ; - java.net.URLClassLoader::defineClass@34
                      ; - java.net.URLClassLoader$1::run@43
                      ; - java.net.URLClassLoader$1::run@1
                      ; - java.security.AccessController::executePrivileged@29
                      ; - java.security.AccessController::doPrivileged@13
                      ; - java.net.URLClassLoader::findClass@13
                      ; - java.lang.ClassLoader::loadClass@69
                      ; - java.lang.ClassLoader::loadClass@38
  0x000001cd1ca2c120: 5c82 79ff 

  0x000001cd1ca2c124: ;   {other}
  0x000001cd1ca2c124: 0f1f 8400 | 9496 00df | ba45 ffff | ff4c 8b5c | 2438 4c89 | 5c24 2044 | 8b5c 2430 | 4489 5c24 
  0x000001cd1ca2c144: 284c 8b5c | 2440 4c89 | 5c24 384c | 8b5c 2450 | 4c89 5c24 | 404c 8b5c | 2478 4c89 | 5c24 504c 
  0x000001cd1ca2c164: 8b5c 2468 | 4c89 5c24 | 584c 8b5c | 2470 4c89 | 5c24 604c | 8b9c 2480 | 0000 004c | 895c 2478 
  0x000001cd1ca2c184: 4c8b 9c24 | a800 0000 | 4c89 9c24 | 8000 0000 | 4c8b 9c24 | b800 0000 | 4c89 9c24 | 8800 0000 
  0x000001cd1ca2c1a4: 4c8b 9c24 | b800 0000 | 4c89 9c24 | a800 0000 | 4c8b 9c24 | c000 0000 | 4c89 9c24 | b000 0000 
  0x000001cd1ca2c1c4: 448b 8424 | c800 0000 | 4489 4424 | 2c4c 8b9c | 24d0 0000 | 004c 899c | 24c8 0000 | 0089 8424 
  0x000001cd1ca2c1e4: d000 0000 

  0x000001cd1ca2c1e8: ;   {runtime_call UncommonTrapBlob}
  0x000001cd1ca2c1e8: c5f8 77e8 

  0x000001cd1ca2c1ec: ; ImmutableOopMap {rbp=Oop [32]=Oop [44]=NarrowOop [64]=Oop [80]=Oop [120]=Oop [128]=Oop [136]=Oop [168]=Oop [200]=Oop [216]=Oop [256]=Oop }
                      ;*if_icmpne {reexecute=1 rethrow=0 return_oop=0}
                      ; - (reexecute) java.util.jar.JarFile::getManifestFromReference@65
                      ; - java.util.jar.JarFile::getManifest@1
                      ; - jdk.internal.loader.URLClassPath$JarLoader$2::getManifest@22
                      ; - java.net.URLClassLoader::defineClass@34
                      ; - java.net.URLClassLoader$1::run@43
                      ; - java.net.URLClassLoader$1::run@1
                      ; - java.security.AccessController::executePrivileged@29
                      ; - java.security.AccessController::doPrivileged@13
                      ; - java.net.URLClassLoader::findClass@13
                      ; - java.lang.ClassLoader::loadClass@69
                      ; - java.lang.ClassLoader::loadClass@38
  0x000001cd1ca2c1ec: 9081 79ff 

  0x000001cd1ca2c1f0: ;   {other}
  0x000001cd1ca2c1f0: 0f1f 8400 | 6097 00e0 | 498b d7c5 | f877 49ba | 20a4 41ef | fc7f 0000 

  0x000001cd1ca2c208: ;   {other}
  0x000001cd1ca2c208: 41ff d20f | 1f84 0000 | 0000 00e9 | 29c4 ffff | 498b d7c5 | f877 49ba | 20a4 41ef | fc7f 0000 
  0x000001cd1ca2c228: ;   {other}
  0x000001cd1ca2c228: 41ff d20f | 1f84 0000 | 0000 00e9 | eaad ffff | 498b d7c5 | f877 49ba | 20a4 41ef | fc7f 0000 
  0x000001cd1ca2c248: ;   {other}
  0x000001cd1ca2c248: 41ff d20f | 1f84 0000 | 0000 00e9 | 13ae ffff | 498b d7c5 | f877 49ba | 20a4 41ef | fc7f 0000 
  0x000001cd1ca2c268: ;   {other}
  0x000001cd1ca2c268: 41ff d20f | 1f84 0000 | 0000 00e9 | 3aaf ffff | 498b d7c5 | f877 49ba | 20a4 41ef | fc7f 0000 
  0x000001cd1ca2c288: ;   {other}
  0x000001cd1ca2c288: 41ff d20f | 1f84 0000 | 0000 00e9 | 63af ffff | 498b d7c5 | f877 49ba | 20a4 41ef | fc7f 0000 
  0x000001cd1ca2c2a8: ;   {other}
  0x000001cd1ca2c2a8: 41ff d20f | 1f84 0000 | 0000 00e9 | f2c4 ffff | 498b d7c5 | f877 49ba | 20a4 41ef | fc7f 0000 
  0x000001cd1ca2c2c8: ;   {other}
  0x000001cd1ca2c2c8: 41ff d20f | 1f84 0000 | 0000 00e9 | 92c4 ffff | 498b d7c5 | f877 49ba | 20a4 41ef | fc7f 0000 
  0x000001cd1ca2c2e8: ;   {other}
  0x000001cd1ca2c2e8: 41ff d20f | 1f84 0000 | 0000 00e9 | 4ab0 ffff | 498b d7c5 | f877 49ba | 20a4 41ef | fc7f 0000 
  0x000001cd1ca2c308: ;   {other}
  0x000001cd1ca2c308: 41ff d20f | 1f84 0000 | 0000 00e9 | 73b0 ffff | 488b dd49 | 8bd7 c5f8 | 7749 ba20 | a441 effc 
  0x000001cd1ca2c328: 7f00 0041 

  0x000001cd1ca2c32c: ;   {other}
  0x000001cd1ca2c32c: ffd2 0f1f | 8400 0000 | 0000 e92b | c5ff ff49 | 8bd8 498b | d7c5 f877 | 49ba 20a4 | 41ef fc7f 
  0x000001cd1ca2c34c: 0000 41ff 

  0x000001cd1ca2c350: ;   {other}
  0x000001cd1ca2c350: d20f 1f84 | 0000 0000 | 00e9 8dc5 | ffff 498b | d7c5 f877 | 49ba 20a4 | 41ef fc7f | 0000 41ff 
  0x000001cd1ca2c370: ;   {other}
  0x000001cd1ca2c370: d20f 1f84 | 0000 0000 | 00e9 2dc5 | ffff ba45 | ffff ff4c | 8b5c 2448 | 4c89 5c24 | 204c 8b5c 
  0x000001cd1ca2c390: 2458 4c89 | 5c24 284c | 8b5c 2450 | 4c89 5c24 | 484c 8b5c | 2478 4c89 | 5c24 584c | 8b5c 2468 
  0x000001cd1ca2c3b0: 4c89 5c24 | 604c 8b5c | 2470 4c89 | 5c24 6844 | 8b9c 24c8 | 0000 0044 | 895c 2434 | 4889 8424 
  0x000001cd1ca2c3d0: d000 0000 

  0x000001cd1ca2c3d4: ;   {runtime_call UncommonTrapBlob}
  0x000001cd1ca2c3d4: c5f8 77e8 

  0x000001cd1ca2c3d8: ; ImmutableOopMap {rbp=NarrowOop [32]=Oop [40]=Oop [52]=NarrowOop [72]=Oop [88]=Oop [128]=Oop [160]=Oop [184]=Oop [208]=Oop [256]=Oop }
                      ;*ifnull {reexecute=1 rethrow=0 return_oop=0}
                      ; - (reexecute) java.util.jar.JarFile::maybeInstantiateVerifier@27
                      ; - java.util.jar.JarFile::ensureInitialization@1
                      ; - java.util.jar.JavaUtilJarAccessImpl::ensureInitialization@1
                      ; - jdk.internal.loader.URLClassPath$JarLoader$2::getManifest@10
                      ; - java.net.URLClassLoader::defineClass@34
                      ; - java.net.URLClassLoader$1::run@43
                      ; - java.net.URLClassLoader$1::run@1
                      ; - java.security.AccessController::executePrivileged@29
                      ; - java.security.AccessController::doPrivileged@13
                      ; - java.net.URLClassLoader::findClass@13
                      ; - java.lang.ClassLoader::loadClass@69
                      ; - java.lang.ClassLoader::loadClass@38
  0x000001cd1ca2c3d8: a47f 79ff 

  0x000001cd1ca2c3dc: ;   {other}
  0x000001cd1ca2c3dc: 0f1f 8400 | 4c99 00e1 | bade ffff | ff4c 8b54 | 2448 4c89 | 5424 204c | 8b94 24b0 | 0000 004c 
  0x000001cd1ca2c3fc: 8954 2428 | 4c8b 5424 | 504c 8954 | 2448 4c8b | 5424 784c | 8954 2470 | 4c8b 9424 | a800 0000 
  0x000001cd1ca2c41c: 4c89 9424 | 9800 0000 

  0x000001cd1ca2c424: ;   {runtime_call UncommonTrapBlob}
  0x000001cd1ca2c424: c5f8 77e8 

  0x000001cd1ca2c428: ; ImmutableOopMap {rbp=NarrowOop [32]=Oop [40]=Oop [72]=Oop [112]=Oop [152]=Oop [160]=Oop [168]=Oop [184]=Oop }
                      ;*checkcast {reexecute=0 rethrow=0 return_oop=0}
                      ; - jdk.internal.loader.BuiltinClassLoader::findLoadedModule@29
                      ; - jdk.internal.loader.BuiltinClassLoader::loadClassOrNull@22
                      ; - jdk.internal.loader.BuiltinClassLoader::loadClass@3
                      ; - java.lang.ClassLoader::loadClass@38
                      ; - java.lang.ClassLoader::loadClass@38
  0x000001cd1ca2c428: 547f 79ff 

  0x000001cd1ca2c42c: ;   {other}
  0x000001cd1ca2c42c: 0f1f 8400 | 9c99 00e2 | bade ffff | ff4c 8b54 | 2448 4c89 | 5424 204c | 8b94 24b0 | 0000 004c 
  0x000001cd1ca2c44c: 8954 2428 | 4c8b 5424 | 504c 8954 | 2448 6690 

  0x000001cd1ca2c45c: ;   {runtime_call UncommonTrapBlob}
  0x000001cd1ca2c45c: c5f8 77e8 

  0x000001cd1ca2c460: ; ImmutableOopMap {rbp=NarrowOop [32]=Oop [40]=Oop [72]=Oop [104]=Oop [120]=Oop }
                      ;*checkcast {reexecute=0 rethrow=0 return_oop=0}
                      ; - jdk.internal.loader.BuiltinClassLoader::findLoadedModule@29
                      ; - jdk.internal.loader.BuiltinClassLoader::loadClassOrNull@22
                      ; - jdk.internal.loader.BuiltinClassLoader::loadClass@3
                      ; - java.lang.ClassLoader::loadClass@38
  0x000001cd1ca2c460: 1c7f 79ff 

  0x000001cd1ca2c464: ;   {other}
  0x000001cd1ca2c464: 0f1f 8400 | d499 00e3 | bade ffff | ff4c 8b54 | 2448 4c89 | 5424 204c | 8b94 24b0 | 0000 004c 
  0x000001cd1ca2c484: 8954 2428 | 4c8b 5424 | 504c 8954 | 2448 4c8b | 5424 784c | 8954 2470 | 4c8b 9424 | a000 0000 
  0x000001cd1ca2c4a4: 4c89 9424 | 8800 0000 | 4c8b 9424 | a800 0000 | 4c89 9424 | 9800 0000 | 4489 4424 | 3444 89ac 
  0x000001cd1ca2c4c4: 24a8 0000 | 004c 899c | 24b0 0000 | 0066 6690 

  0x000001cd1ca2c4d4: ;   {runtime_call UncommonTrapBlob}
  0x000001cd1ca2c4d4: c5f8 77e8 

  0x000001cd1ca2c4d8: ; ImmutableOopMap {rbp=NarrowOop [32]=Oop [40]=Oop [52]=NarrowOop [72]=Oop [112]=Oop [136]=Oop [152]=Oop [176]=Oop [184]=Oop }
                      ;*instanceof {reexecute=0 rethrow=0 return_oop=0}
                      ; - java.lang.String::equals@8
                      ; - java.util.concurrent.ConcurrentHashMap::get@73
                      ; - jdk.internal.loader.BuiltinClassLoader::findLoadedModule@24
                      ; - jdk.internal.loader.BuiltinClassLoader::loadClassOrNull@22
                      ; - jdk.internal.loader.BuiltinClassLoader::loadClass@3
                      ; - java.lang.ClassLoader::loadClass@38
                      ; - java.lang.ClassLoader::loadClass@38
  0x000001cd1ca2c4d8: a47e 79ff 

  0x000001cd1ca2c4dc: ;   {other}
  0x000001cd1ca2c4dc: 0f1f 8400 | 4c9a 00e4 | bade ffff | ff4c 8b4c | 2448 4c89 | 4c24 204c | 8b8c 24b0 | 0000 004c 
  0x000001cd1ca2c4fc: 894c 2428 | 4c8b 4c24 | 504c 894c | 2448 4c8b | 4c24 784c | 894c 2458 | 4489 5c24 | 3444 8994 
  0x000001cd1ca2c51c: 2480 0000 | 004c 8984 | 2488 0000 | 0066 6690 

  0x000001cd1ca2c52c: ;   {runtime_call UncommonTrapBlob}
  0x000001cd1ca2c52c: c5f8 77e8 

  0x000001cd1ca2c530: ; ImmutableOopMap {rbp=NarrowOop [32]=Oop [40]=Oop [52]=NarrowOop [72]=Oop [88]=Oop [104]=Oop [136]=Oop }
                      ;*instanceof {reexecute=0 rethrow=0 return_oop=0}
                      ; - java.lang.String::equals@8
                      ; - java.util.concurrent.ConcurrentHashMap::get@73
                      ; - jdk.internal.loader.BuiltinClassLoader::findLoadedModule@24
                      ; - jdk.internal.loader.BuiltinClassLoader::loadClassOrNull@22
                      ; - jdk.internal.loader.BuiltinClassLoader::loadClass@3
                      ; - java.lang.ClassLoader::loadClass@38
  0x000001cd1ca2c530: 4c7e 79ff 

  0x000001cd1ca2c534: ;   {other}
  0x000001cd1ca2c534: 0f1f 8400 | a49a 00e5 | bade ffff | ff4c 8b54 | 2448 4c89 | 5424 204c | 8b94 24b0 | 0000 004c 
  0x000001cd1ca2c554: 8954 2428 | 4c8b 5424 | 504c 8954 | 2448 4c8b | 5424 784c | 8954 2458 | 4c8b 5424 | 684c 8954 
  0x000001cd1ca2c574: 2460 4c8b | 5424 704c | 8954 2468 | 4c8b 9424 | a800 0000 | 4c89 9424 | 8800 0000 | 4c8b 9424 
  0x000001cd1ca2c594: b800 0000 | 4c89 9424 | 9000 0000 | 4c8b 9424 | b800 0000 | 4c89 9424 | b000 0000 | 4c8b 9424 
  0x000001cd1ca2c5b4: c000 0000 | 4c89 9424 | b800 0000 | 448b 9424 | c800 0000 | 4489 5424 | 344c 899c | 24c8 0000 
  0x000001cd1ca2c5d4: 0066 6690 

  0x000001cd1ca2c5d8: ;   {runtime_call UncommonTrapBlob}
  0x000001cd1ca2c5d8: c5f8 77e8 

  0x000001cd1ca2c5dc: ; ImmutableOopMap {rbp=NarrowOop [32]=Oop [40]=Oop [52]=NarrowOop [72]=Oop [88]=Oop [128]=Oop [136]=Oop [144]=Oop [176]=Oop [200]=Oop [256]=Oop }
                      ;*checkcast {reexecute=0 rethrow=0 return_oop=0}
                      ; - java.util.jar.JarFile::getManifestFromReference@14
                      ; - java.util.jar.JarFile::getManifest@1
                      ; - jdk.internal.loader.URLClassPath$JarLoader$2::getManifest@22
                      ; - java.net.URLClassLoader::defineClass@34
                      ; - java.net.URLClassLoader$1::run@43
                      ; - java.net.URLClassLoader$1::run@1
                      ; - java.security.AccessController::executePrivileged@29
                      ; - java.security.AccessController::doPrivileged@13
                      ; - java.net.URLClassLoader::findClass@13
                      ; - java.lang.ClassLoader::loadClass@69
                      ; - java.lang.ClassLoader::loadClass@38
  0x000001cd1ca2c5dc: a07d 79ff 

  0x000001cd1ca2c5e0: ;   {other}
  0x000001cd1ca2c5e0: 0f1f 8400 | 509b 00e6 | 488b e8e9 | 4497 ffff | 488b e8e9 | 3c97 ffff | 488b e8e9 | 3497 ffff 
  0x000001cd1ca2c600: 488b e8e9 | 2c97 ffff | 488b e8e9 | 5c96 ffff | 488b e8e9 | 5496 ffff | 488b e8e9 | 4c96 ffff 
  0x000001cd1ca2c620: 488b e8e9 | 4496 ffff | baf6 ffff | ff48 8b6c | 2448 448b | 5424 3044 | 8954 2428 

  0x000001cd1ca2c63c: ;   {runtime_call UncommonTrapBlob}
  0x000001cd1ca2c63c: c5f8 77e8 

  0x000001cd1ca2c640: ; ImmutableOopMap {rbp=Oop [80]=Oop [176]=Oop }
                      ;*arraylength {reexecute=0 rethrow=0 return_oop=0}
                      ; - java.lang.String::isEmpty@4
                      ; - java.lang.ClassLoader::checkName@5
                      ; - java.lang.ClassLoader::findLoadedClass@1
                      ; - java.lang.ClassLoader::loadClass@10
  0x000001cd1ca2c640: 3c7d 79ff 

  0x000001cd1ca2c644: ;   {other}
  0x000001cd1ca2c644: 0f1f 8400 | b49b 00e7 | baf6 ffff | ff48 8b6c | 2448 448b | 5424 3044 | 8954 2428 | 4c8b 5424 
  0x000001cd1ca2c664: 404c 8954 | 2438 4c8b | 5424 504c | 8954 2440 | 4c89 4424 | 504c 895c | 2460 6690 

  0x000001cd1ca2c680: ;   {runtime_call UncommonTrapBlob}
  0x000001cd1ca2c680: c5f8 77e8 

  0x000001cd1ca2c684: ; ImmutableOopMap {rbp=Oop [64]=Oop [80]=Oop [96]=Oop [176]=Oop [184]=Oop }
                      ;*arraylength {reexecute=0 rethrow=0 return_oop=0}
                      ; - java.lang.String::isEmpty@4
                      ; - java.lang.ClassLoader::checkName@5
                      ; - java.lang.ClassLoader::findLoadedClass@1
                      ; - java.lang.ClassLoader::loadClass@10
                      ; - java.lang.ClassLoader::loadClass@38
  0x000001cd1ca2c684: f87c 79ff 

  0x000001cd1ca2c688: ;   {other}
  0x000001cd1ca2c688: 0f1f 8400 | f89b 00e8 | ba45 ffff | ff48 8b6c | 2448 4c8b | 9424 b000 | 0000 4c89 | 5424 2044 
  0x000001cd1ca2c6a8: 8b54 2430 | 4489 5424 | 284c 8b54 | 2450 4c89 | 5424 3890 

  0x000001cd1ca2c6bc: ;   {runtime_call UncommonTrapBlob}
  0x000001cd1ca2c6bc: c5f8 77e8 

  0x000001cd1ca2c6c0: ; ImmutableOopMap {rbp=Oop [32]=Oop [56]=Oop }
                      ;*ifnull {reexecute=1 rethrow=0 return_oop=0}
                      ; - (reexecute) java.lang.ClassLoader::checkName@1
                      ; - java.lang.ClassLoader::findLoadedClass@1
                      ; - java.lang.ClassLoader::loadClass@10
  0x000001cd1ca2c6c0: bc7c 79ff 

  0x000001cd1ca2c6c4: ;   {other}
  0x000001cd1ca2c6c4: 0f1f 8400 | 349c 00e9 | baf6 ffff | ff48 8b6c | 2448 448b | 4c24 3044 | 894c 2428 | 4c8b 4424 
  0x000001cd1ca2c6e4: 404c 8944 | 2438 4c8b | 4424 504c | 8944 2440 | 4c89 5c24 | 484c 895c | 2458 4c89 | 5424 6890 
  0x000001cd1ca2c704: ;   {runtime_call UncommonTrapBlob}
  0x000001cd1ca2c704: c5f8 77e8 

  0x000001cd1ca2c708: ; ImmutableOopMap {rbp=Oop [64]=Oop [72]=Oop [88]=Oop [104]=Oop [120]=Oop }
                      ;*arraylength {reexecute=0 rethrow=0 return_oop=0}
                      ; - java.lang.String::isEmpty@4
                      ; - java.lang.ClassLoader::checkName@5
                      ; - java.lang.ClassLoader::findLoadedClass@1
                      ; - jdk.internal.loader.BuiltinClassLoader::loadClassOrNull@10
                      ; - jdk.internal.loader.BuiltinClassLoader::loadClass@3
                      ; - java.lang.ClassLoader::loadClass@38
  0x000001cd1ca2c708: 747c 79ff 

  0x000001cd1ca2c70c: ;   {other}
  0x000001cd1ca2c70c: 0f1f 8400 | 7c9c 00ea | ba45 ffff | ff49 8bea | 448b 5c24 | 3044 895c | 2428 4889 | 4424 3844 
  0x000001cd1ca2c72c: 8944 242c 

  0x000001cd1ca2c730: ;   {runtime_call UncommonTrapBlob}
  0x000001cd1ca2c730: c5f8 77e8 

  0x000001cd1ca2c734: ; ImmutableOopMap {rbp=Oop [44]=NarrowOop [80]=Oop [176]=Oop }
                      ;*ifnull {reexecute=1 rethrow=0 return_oop=0}
                      ; - (reexecute) java.lang.ClassLoader::loadClass@29
  0x000001cd1ca2c734: 487c 79ff 

  0x000001cd1ca2c738: ;   {other}
  0x000001cd1ca2c738: 0f1f 8400 | a89c 00eb | baf6 ffff | ff48 8b6c | 2448 448b | 5424 3044 | 8954 2428 | 4c8b 5424 
  0x000001cd1ca2c758: 404c 8954 | 2438 4c8b | 5424 504c | 8954 2440 

  0x000001cd1ca2c768: ;   {runtime_call UncommonTrapBlob}
  0x000001cd1ca2c768: c5f8 77e8 

  0x000001cd1ca2c76c: ; ImmutableOopMap {rbp=Oop [32]=Oop [64]=Oop [104]=Oop [120]=Oop }
                      ;*arraylength {reexecute=0 rethrow=0 return_oop=0}
                      ; - java.lang.String::length@4
                      ; - java.lang.String::lastIndexOf@3
                      ; - jdk.internal.loader.BuiltinClassLoader::findLoadedModule@3
                      ; - jdk.internal.loader.BuiltinClassLoader::loadClassOrNull@22
                      ; - jdk.internal.loader.BuiltinClassLoader::loadClass@3
                      ; - java.lang.ClassLoader::loadClass@38
  0x000001cd1ca2c76c: 107c 79ff 

  0x000001cd1ca2c770: ;   {other}
  0x000001cd1ca2c770: 0f1f 8400 | e09c 00ec | baf6 ffff | ff48 8b6c | 2448 448b | 4424 3044 | 8944 2428 | 4c8b 5424 
  0x000001cd1ca2c790: 404c 8954 | 2438 4c8b | 5424 504c | 8954 2440 | 4c8b 5424 | 784c 8954 | 2450 4c8b | 5424 684c 
  0x000001cd1ca2c7b0: 8954 2458 | 4c8b 5424 | 704c 8954 | 2460 4c89 | 5c24 704c | 894c 2478 | 4c89 9c24 | 8000 0000 
  0x000001cd1ca2c7d0: ;   {runtime_call UncommonTrapBlob}
  0x000001cd1ca2c7d0: c5f8 77e8 

  0x000001cd1ca2c7d4: ; ImmutableOopMap {rbp=Oop [64]=Oop [80]=Oop [112]=Oop [120]=Oop [128]=Oop [184]=Oop }
                      ;*arraylength {reexecute=0 rethrow=0 return_oop=0}
                      ; - java.lang.StringLatin1::replace@8
                      ; - java.lang.String::replace@18
                      ; - java.net.URLClassLoader$1::run@8
                      ; - java.net.URLClassLoader$1::run@1
                      ; - java.security.AccessController::executePrivileged@29
                      ; - java.security.AccessController::doPrivileged@13
                      ; - java.net.URLClassLoader::findClass@13
                      ; - java.lang.ClassLoader::loadClass@69
                      ; - java.lang.ClassLoader::loadClass@38
  0x000001cd1ca2c7d4: a87b 79ff 

  0x000001cd1ca2c7d8: ;   {other}
  0x000001cd1ca2c7d8: 0f1f 8400 | 489d 00ed | eb00 488b | e8e9 4a95 | ffff baf6 | ffff ff48 | 8b6c 2448 | 4c8b 9424 
  0x000001cd1ca2c7f8: b000 0000 | 4c89 5424 | 2044 8b5c | 2430 4489 | 5c24 284c | 8b54 2440 | 4c89 5424 | 384c 8b54 
  0x000001cd1ca2c818: 2450 4c89 | 5424 4090 

  0x000001cd1ca2c820: ;   {runtime_call UncommonTrapBlob}
  0x000001cd1ca2c820: c5f8 77e8 

  0x000001cd1ca2c824: ; ImmutableOopMap {rbp=Oop [32]=Oop [64]=Oop [104]=Oop [120]=Oop }
                      ;*invokevirtual loadClassOrNull {reexecute=0 rethrow=0 return_oop=0}
                      ; - jdk.internal.loader.BuiltinClassLoader::loadClassOrNull@66
                      ; - jdk.internal.loader.BuiltinClassLoader::loadClass@3
                      ; - java.lang.ClassLoader::loadClass@38
  0x000001cd1ca2c824: 587b 79ff 

  0x000001cd1ca2c828: ;   {other}
  0x000001cd1ca2c828: 0f1f 8400 | 989d 00ee | baf6 ffff | ff48 8b6c | 2448 448b | 5424 3044 | 8954 2428 | 4c8b 5424 
  0x000001cd1ca2c848: 404c 8954 | 2438 4c8b | 5424 504c | 8954 2440 | 4889 7424 | 484c 8b54 | 2468 4c89 | 5424 6090 
  0x000001cd1ca2c868: ;   {runtime_call UncommonTrapBlob}
  0x000001cd1ca2c868: c5f8 77e8 

  0x000001cd1ca2c86c: ; ImmutableOopMap {rbp=Oop [64]=Oop [72]=Oop [96]=Oop [104]=Oop [120]=Oop [176]=Oop }
                      ;*arraylength {reexecute=0 rethrow=0 return_oop=0}
                      ; - java.lang.String::isEmpty@4
                      ; - java.lang.ClassLoader::checkName@5
                      ; - java.lang.ClassLoader::findBootstrapClassOrNull@1
                      ; - java.lang.System$2::findBootstrapClassOrNull@1
                      ; - jdk.internal.loader.ClassLoaders$BootClassLoader::loadClassOrNull@4
                      ; - jdk.internal.loader.BuiltinClassLoader::loadClassOrNull@3
                      ; - jdk.internal.loader.BuiltinClassLoader::loadClassOrNull@66
                      ; - jdk.internal.loader.BuiltinClassLoader::loadClass@3
                      ; - java.lang.ClassLoader::loadClass@38
  0x000001cd1ca2c86c: 107b 79ff 

  0x000001cd1ca2c870: ;   {other}
  0x000001cd1ca2c870: 0f1f 8400 | e09d 00ef | baf6 ffff | ff48 8b6c | 2448 448b | 5424 3044 | 8954 2428 | 4c8b 5424 
  0x000001cd1ca2c890: 404c 8954 | 2438 4c8b | 5424 504c | 8954 2440 | 4c89 4c24 | 504c 8b54 | 2478 4c89 | 5424 584c 
  0x000001cd1ca2c8b0: 8b54 2468 | 4c89 5424 | 604c 894c | 2470 4c89 | 8424 9000 | 0000 6690 

  0x000001cd1ca2c8c8: ;   {runtime_call UncommonTrapBlob}
  0x000001cd1ca2c8c8: c5f8 77e8 

  0x000001cd1ca2c8cc: ; ImmutableOopMap {rbp=Oop [64]=Oop [80]=Oop [88]=Oop [112]=Oop [144]=Oop [160]=Oop [184]=Oop }
                      ;*arraylength {reexecute=0 rethrow=0 return_oop=0}
                      ; - java.lang.String::isEmpty@4
                      ; - java.lang.ClassLoader::checkName@5
                      ; - java.lang.ClassLoader::findLoadedClass@1
                      ; - jdk.internal.loader.BuiltinClassLoader::loadClassOrNull@10
                      ; - jdk.internal.loader.BuiltinClassLoader::loadClass@3
                      ; - java.lang.ClassLoader::loadClass@38
                      ; - java.lang.ClassLoader::loadClass@38
  0x000001cd1ca2c8cc: b07a 79ff 

  0x000001cd1ca2c8d0: ;   {other}
  0x000001cd1ca2c8d0: 0f1f 8400 | 409e 00f0 | ba45 ffff | ff48 8b6c | 2448 448b | 5c24 3044 | 895c 2428 | 4c8b 5c24 
  0x000001cd1ca2c8f0: 404c 895c | 2438 4c8b | 5c24 504c | 895c 2440 | 4c8b 5c24 | 784c 895c | 2458 4889 | 4424 6044 
  0x000001cd1ca2c910: 8954 242c 

  0x000001cd1ca2c914: ;   {runtime_call UncommonTrapBlob}
  0x000001cd1ca2c914: c5f8 77e8 

  0x000001cd1ca2c918: ; ImmutableOopMap {rbp=Oop [32]=Oop [44]=NarrowOop [64]=Oop [88]=Oop [184]=Oop }
                      ;*ifnull {reexecute=1 rethrow=0 return_oop=0}
                      ; - (reexecute) java.lang.ClassLoader::loadClass@29
                      ; - java.lang.ClassLoader::loadClass@38
  0x000001cd1ca2c918: 647a 79ff 

  0x000001cd1ca2c91c: ;   {other}
  0x000001cd1ca2c91c: 0f1f 8400 | 8c9e 00f1 | baf6 ffff | ff48 8b6c | 2448 448b | 4424 3044 | 8944 2428 | 4c8b 5c24 
  0x000001cd1ca2c93c: 404c 895c | 2438 4c8b | 5c24 504c | 895c 2440 | 4c8b 5c24 | 784c 895c | 2458 4c8b | 5c24 684c 
  0x000001cd1ca2c95c: 895c 2460 | 4c8b 9424 | a800 0000 | 4c89 9424 | 9000 0000 

  0x000001cd1ca2c970: ;   {runtime_call UncommonTrapBlob}
  0x000001cd1ca2c970: c5f8 77e8 

  0x000001cd1ca2c974: ; ImmutableOopMap {rbp=Oop [32]=Oop [64]=Oop [88]=Oop [144]=Oop [160]=Oop [168]=Oop [184]=Oop }
                      ;*arraylength {reexecute=0 rethrow=0 return_oop=0}
                      ; - java.lang.String::length@4
                      ; - java.lang.String::lastIndexOf@3
                      ; - jdk.internal.loader.BuiltinClassLoader::findLoadedModule@3
                      ; - jdk.internal.loader.BuiltinClassLoader::loadClassOrNull@22
                      ; - jdk.internal.loader.BuiltinClassLoader::loadClass@3
                      ; - java.lang.ClassLoader::loadClass@38
                      ; - java.lang.ClassLoader::loadClass@38
  0x000001cd1ca2c974: 087a 79ff 

  0x000001cd1ca2c978: ;   {other}
  0x000001cd1ca2c978: 0f1f 8400 | e89e 00f2 | baf6 ffff | ff48 8b6c | 2448 4c8b | 5424 604c | 8954 2420 | 448b 5c24 
  0x000001cd1ca2c998: 3044 895c | 2428 4c8b | 5424 404c | 8954 2438 | 4c8b 5424 | 504c 8954 | 2440 4c8b | 5424 584c 
  0x000001cd1ca2c9b8: 8954 2450 | 4c8b 5424 | 684c 8954 | 2458 4c8b | 5424 704c | 8954 2460 | 4c8b 9424 | 8000 0000 
  0x000001cd1ca2c9d8: 4c89 5424 | 7848 899c | 2498 0000 | 0066 6690 

  0x000001cd1ca2c9e8: ;   {runtime_call UncommonTrapBlob}
  0x000001cd1ca2c9e8: c5f8 77e8 

  0x000001cd1ca2c9ec: ; ImmutableOopMap {rbp=Oop [32]=Oop [64]=Oop [80]=Oop [120]=Oop [152]=Oop [184]=Oop }
                      ;*arraylength {reexecute=0 rethrow=0 return_oop=0}
                      ; - java.lang.String::length@4
                      ; - java.lang.String::lastIndexOf@3
                      ; - java.net.URLClassLoader::defineClass@7
                      ; - java.net.URLClassLoader$1::run@43
                      ; - java.net.URLClassLoader$1::run@1
                      ; - java.security.AccessController::executePrivileged@29
                      ; - java.security.AccessController::doPrivileged@13
                      ; - java.net.URLClassLoader::findClass@13
                      ; - java.lang.ClassLoader::loadClass@69
                      ; - java.lang.ClassLoader::loadClass@38
  0x000001cd1ca2c9ec: 9079 79ff 

  0x000001cd1ca2c9f0: ;   {other}
  0x000001cd1ca2c9f0: 0f1f 8400 | 609f 00f3 | baf6 ffff | ff48 8b6c | 2448 4c8b | 9c24 b000 | 0000 4c89 | 5c24 2044 
  0x000001cd1ca2ca10: 8b5c 2430 | 4489 5c24 | 284c 8b5c | 2440 4c89 | 5c24 384c | 8b5c 2450 | 4c89 5c24 | 404c 8b5c 
  0x000001cd1ca2ca30: 2478 4c89 | 5c24 504c | 8b5c 2468 | 4c89 5c24 | 584c 8b5c | 2470 4c89 | 5c24 604c | 8b9c 2480 
  0x000001cd1ca2ca50: 0000 004c | 895c 2478 | 4889 9c24 | 9800 0000 | 4489 5424 | 2c66 6690 

  0x000001cd1ca2ca68: ;   {runtime_call UncommonTrapBlob}
  0x000001cd1ca2ca68: c5f8 77e8 

  0x000001cd1ca2ca6c: ; ImmutableOopMap {rbp=Oop [32]=Oop [64]=Oop [80]=Oop [120]=Oop [152]=Oop [184]=Oop }
                      ;*getfield csu {reexecute=1 rethrow=0 return_oop=0}
                      ; - (reexecute) jdk.internal.loader.URLClassPath$JarLoader$2::getCodeSourceURL@4
                      ; - java.net.URLClassLoader::defineClass@13
                      ; - java.net.URLClassLoader$1::run@43
                      ; - java.net.URLClassLoader$1::run@1
                      ; - java.security.AccessController::executePrivileged@29
                      ; - java.security.AccessController::doPrivileged@13
                      ; - java.net.URLClassLoader::findClass@13
                      ; - java.lang.ClassLoader::loadClass@69
                      ; - java.lang.ClassLoader::loadClass@38
  0x000001cd1ca2ca6c: 1079 79ff 

  0x000001cd1ca2ca70: ;   {other}
  0x000001cd1ca2ca70: 0f1f 8400 | e09f 00f4 | baf6 ffff | ff48 8b6c | 2448 4c8b | 9c24 b000 | 0000 4c89 | 5c24 2044 
  0x000001cd1ca2ca90: 8b44 2430 | 4489 4424 | 284c 8b5c | 2440 4c89 | 5c24 384c | 8b5c 2450 | 4c89 5c24 | 404c 8b5c 
  0x000001cd1ca2cab0: 2478 4c89 | 5c24 504c | 8b5c 2468 | 4c89 5c24 | 584c 8b5c | 2470 4c89 | 5c24 604c | 8b9c 2480 
  0x000001cd1ca2cad0: 0000 004c | 895c 2478 | 4c8b 9c24 | b800 0000 | 4c89 9c24 | 8800 0000 | 4c89 9424 | 9800 0000 
  0x000001cd1ca2caf0: 4c8b 9424 | b800 0000 | 4c89 9424 | a800 0000 

  0x000001cd1ca2cb00: ;   {runtime_call UncommonTrapBlob}
  0x000001cd1ca2cb00: c5f8 77e8 

  0x000001cd1ca2cb04: ; ImmutableOopMap {rbp=Oop [32]=Oop [64]=Oop [80]=Oop [120]=Oop [136]=Oop [152]=Oop [168]=Oop [200]=NarrowOop [256]=Oop }
                      ;*getfield jar {reexecute=1 rethrow=0 return_oop=0}
                      ; - (reexecute) jdk.internal.loader.URLClassPath$JarLoader$2::getManifest@7
                      ; - java.net.URLClassLoader::defineClass@34
                      ; - java.net.URLClassLoader$1::run@43
                      ; - java.net.URLClassLoader$1::run@1
                      ; - java.security.AccessController::executePrivileged@29
                      ; - java.security.AccessController::doPrivileged@13
                      ; - java.net.URLClassLoader::findClass@13
                      ; - java.lang.ClassLoader::loadClass@69
                      ; - java.lang.ClassLoader::loadClass@38
  0x000001cd1ca2cb04: 7878 79ff 

  0x000001cd1ca2cb08: ;   {other}
  0x000001cd1ca2cb08: 0f1f 8400 | 78a0 00f5 | baf6 ffff | ff48 8b6c | 2448 4c8b | 9c24 b000 | 0000 4c89 | 5c24 2044 
  0x000001cd1ca2cb28: 8b5c 2430 | 4489 5c24 | 284c 8b5c | 2440 4c89 | 5c24 384c | 8b5c 2450 | 4c89 5c24 | 404c 8b5c 
  0x000001cd1ca2cb48: 2478 4c89 | 5c24 504c | 8b5c 2468 | 4c89 5c24 | 584c 8b5c | 2470 4c89 | 5c24 604c | 8b9c 2480 
  0x000001cd1ca2cb68: 0000 004c | 895c 2478 | 4c8b 9c24 | b800 0000 | 4c89 9c24 | 8800 0000 | 4c89 9424 | 9800 0000 
  0x000001cd1ca2cb88: 4c8b 9424 | b800 0000 | 4c89 9424 | a800 0000 

  0x000001cd1ca2cb98: ;   {runtime_call UncommonTrapBlob}
  0x000001cd1ca2cb98: c5f8 77e8 

  0x000001cd1ca2cb9c: ; ImmutableOopMap {rbp=Oop [32]=Oop [64]=Oop [80]=Oop [120]=Oop [136]=Oop [152]=Oop [168]=Oop [200]=NarrowOop [256]=Oop }
                      ;*getfield jar {reexecute=1 rethrow=0 return_oop=0}
                      ; - (reexecute) jdk.internal.loader.URLClassPath$JarLoader$2::getManifest@19
                      ; - java.net.URLClassLoader::defineClass@34
                      ; - java.net.URLClassLoader$1::run@43
                      ; - java.net.URLClassLoader$1::run@1
                      ; - java.security.AccessController::executePrivileged@29
                      ; - java.security.AccessController::doPrivileged@13
                      ; - java.net.URLClassLoader::findClass@13
                      ; - java.lang.ClassLoader::loadClass@69
                      ; - java.lang.ClassLoader::loadClass@38
  0x000001cd1ca2cb9c: e077 79ff 

  0x000001cd1ca2cba0: ;   {other}
  0x000001cd1ca2cba0: 0f1f 8400 | 10a1 00f6 | baf6 ffff | ff48 8b6c | 2448 4c8b | 9c24 b000 | 0000 4c89 | 5c24 2044 
  0x000001cd1ca2cbc0: 8b44 2430 | 4489 4424 | 284c 8b5c | 2440 4c89 | 5c24 384c | 8b5c 2450 | 4c89 5c24 | 404c 8b5c 
  0x000001cd1ca2cbe0: 2478 4c89 | 5c24 504c | 8b5c 2468 | 4c89 5c24 | 584c 8b5c | 2470 4c89 | 5c24 604c | 8b9c 2480 
  0x000001cd1ca2cc00: 0000 004c | 895c 2478 | 4c8b 9c24 | b800 0000 | 4c89 9c24 | 8800 0000 | 4c89 9424 | 9800 0000 
  0x000001cd1ca2cc20: 4c8b 9424 | b800 0000 | 4c89 9424 | a800 0000 

  0x000001cd1ca2cc30: ;   {runtime_call UncommonTrapBlob}
  0x000001cd1ca2cc30: c5f8 77e8 

  0x000001cd1ca2cc34: ; ImmutableOopMap {rbp=Oop [32]=Oop [64]=Oop [80]=Oop [120]=Oop [136]=Oop [152]=Oop [168]=Oop [200]=NarrowOop [256]=Oop }
                      ;*invokevirtual getManifest {reexecute=0 rethrow=0 return_oop=0}
                      ; - jdk.internal.loader.URLClassPath$JarLoader$2::getManifest@22
                      ; - java.net.URLClassLoader::defineClass@34
                      ; - java.net.URLClassLoader$1::run@43
                      ; - java.net.URLClassLoader$1::run@1
                      ; - java.security.AccessController::executePrivileged@29
                      ; - java.security.AccessController::doPrivileged@13
                      ; - java.net.URLClassLoader::findClass@13
                      ; - java.lang.ClassLoader::loadClass@69
                      ; - java.lang.ClassLoader::loadClass@38
  0x000001cd1ca2cc34: 4877 79ff 

  0x000001cd1ca2cc38: ;   {other}
  0x000001cd1ca2cc38: 0f1f 8400 | a8a1 00f7 | baf6 ffff | ff48 8b6c | 2448 4c8b | 5424 384c | 8954 2420 | 448b 5c24 
  0x000001cd1ca2cc58: 3044 895c | 2428 4c8b | 5424 404c | 8954 2438 | 4c8b 5424 | 504c 8954 | 2440 4c8b | 5424 784c 
  0x000001cd1ca2cc78: 8954 2450 | 4c8b 5424 | 684c 8954 | 2458 4c8b | 5424 704c | 8954 2460 | 4c8b 9424 | 8000 0000 
  0x000001cd1ca2cc98: 4c89 5424 | 784c 8b94 | 24a8 0000 | 004c 8994 | 2480 0000 | 0066 6690 

  0x000001cd1ca2ccb0: ;   {runtime_call UncommonTrapBlob}
  0x000001cd1ca2ccb0: c5f8 77e8 

  0x000001cd1ca2ccb4: ; ImmutableOopMap {rbp=Oop [32]=Oop [64]=Oop [80]=Oop [120]=Oop [128]=Oop [184]=Oop [200]=Oop }
                      ;*arraylength {reexecute=0 rethrow=0 return_oop=0}
                      ; - java.net.URLClassLoader::defineClass@217
                      ; - java.net.URLClassLoader$1::run@43
                      ; - java.net.URLClassLoader$1::run@1
                      ; - java.security.AccessController::executePrivileged@29
                      ; - java.security.AccessController::doPrivileged@13
                      ; - java.net.URLClassLoader::findClass@13
                      ; - java.lang.ClassLoader::loadClass@69
                      ; - java.lang.ClassLoader::loadClass@38
  0x000001cd1ca2ccb4: c876 79ff 

  0x000001cd1ca2ccb8: ;   {other}
  0x000001cd1ca2ccb8: 0f1f 8400 | 28a2 00f8 | baf4 ffff | ff48 8b6c | 2448 4c8b | 8424 b000 | 0000 4c89 | 4424 2044 
  0x000001cd1ca2ccd8: 8b44 2430 | 4489 4424 | 284c 8b44 | 2440 4c89 | 4424 384c | 8b44 2450 | 4c89 4424 | 404c 8b44 
  0x000001cd1ca2ccf8: 2478 4c89 | 4424 504c | 8b44 2468 | 4c89 4424 | 584c 8b44 | 2470 4c89 | 4424 604c | 8b84 2480 
  0x000001cd1ca2cd18: 0000 004c | 8944 2478 | 4c8b 8424 | b800 0000 | 4c89 8424 | 8800 0000 | 4c89 9424 | 9800 0000 
  0x000001cd1ca2cd38: 4c8b 9424 | b800 0000 | 4c89 9424 | a800 0000 | 4c8b 9424 | c000 0000 | 4c89 9424 | b000 0000 
  0x000001cd1ca2cd58: 4c89 9c24 | c000 0000 

  0x000001cd1ca2cd60: ;   {runtime_call UncommonTrapBlob}
  0x000001cd1ca2cd60: c5f8 77e8 

  0x000001cd1ca2cd64: ; ImmutableOopMap {rbp=Oop [32]=Oop [64]=Oop [80]=Oop [120]=Oop [136]=Oop [152]=Oop [168]=Oop [192]=Oop [200]=NarrowOop [256]=Oop }
                      ;*checkcast {reexecute=0 rethrow=0 return_oop=0}
                      ; - java.util.jar.JarFile::getManifestFromReference@14
                      ; - java.util.jar.JarFile::getManifest@1
                      ; - jdk.internal.loader.URLClassPath$JarLoader$2::getManifest@22
                      ; - java.net.URLClassLoader::defineClass@34
                      ; - java.net.URLClassLoader$1::run@43
                      ; - java.net.URLClassLoader$1::run@1
                      ; - java.security.AccessController::executePrivileged@29
                      ; - java.security.AccessController::doPrivileged@13
                      ; - java.net.URLClassLoader::findClass@13
                      ; - java.lang.ClassLoader::loadClass@69
                      ; - java.lang.ClassLoader::loadClass@38
  0x000001cd1ca2cd64: 1876 79ff 

  0x000001cd1ca2cd68: ;   {other}
  0x000001cd1ca2cd68: 0f1f 8400 | d8a2 00f9 | baf6 ffff | ff48 8b6c | 2448 448b | 5c24 3044 | 895c 2428 | 4c8b 5424 
  0x000001cd1ca2cd88: 404c 8954 | 2438 4c8b | 5424 504c | 8954 2440 | 4c89 4424 | 484c 8944 | 2458 6690 

  0x000001cd1ca2cda4: ;   {runtime_call UncommonTrapBlob}
  0x000001cd1ca2cda4: c5f8 77e8 

  0x000001cd1ca2cda8: ; ImmutableOopMap {rbp=Oop [64]=Oop [72]=Oop [88]=Oop [104]=Oop [120]=Oop }
                      ;*arraylength {reexecute=0 rethrow=0 return_oop=0}
                      ; - java.lang.String::isEmpty@4
                      ; - java.lang.ClassLoader::checkName@5
                      ; - java.lang.ClassLoader::findBootstrapClassOrNull@1
                      ; - java.lang.System$2::findBootstrapClassOrNull@1
                      ; - jdk.internal.loader.ClassLoaders$BootClassLoader::loadClassOrNull@4
                      ; - jdk.internal.loader.BuiltinClassLoader::loadClassOrNull@3
                      ; - jdk.internal.loader.BuiltinClassLoader::loadClassOrNull@86
                      ; - jdk.internal.loader.BuiltinClassLoader::loadClass@3
                      ; - java.lang.ClassLoader::loadClass@38
  0x000001cd1ca2cda8: d475 79ff 

  0x000001cd1ca2cdac: ;   {other}
  0x000001cd1ca2cdac: 0f1f 8400 | 1ca3 00fa | baf6 ffff | ff48 8b6c | 2448 4c8b | 9424 b000 | 0000 4c89 | 5424 2044 
  0x000001cd1ca2cdcc: 8b54 2430 | 4489 5424 | 284c 8b54 | 2440 4c89 | 5424 384c | 8b54 2450 | 4c89 5424 | 404c 8b54 
  0x000001cd1ca2cdec: 2478 4c89 | 5424 584c | 8b54 2468 | 4c89 5424 | 604c 8b94 | 24a8 0000 | 004c 8994 | 2490 0000 
  0x000001cd1ca2ce0c: 0066 6690 

  0x000001cd1ca2ce10: ;   {runtime_call UncommonTrapBlob}
  0x000001cd1ca2ce10: c5f8 77e8 

  0x000001cd1ca2ce14: ; ImmutableOopMap {rbp=Oop [32]=Oop [64]=Oop [88]=Oop [144]=Oop [160]=Oop [168]=Oop [184]=Oop }
                      ;*invokevirtual loadClassOrNull {reexecute=0 rethrow=0 return_oop=0}
                      ; - jdk.internal.loader.BuiltinClassLoader::loadClassOrNull@66
                      ; - jdk.internal.loader.BuiltinClassLoader::loadClass@3
                      ; - java.lang.ClassLoader::loadClass@38
                      ; - java.lang.ClassLoader::loadClass@38
  0x000001cd1ca2ce14: 6875 79ff 

  0x000001cd1ca2ce18: ;   {other}
  0x000001cd1ca2ce18: 0f1f 8400 | 88a3 00fb | baf6 ffff | ff48 8b6c | 2448 448b | 5c24 3044 | 895c 2428 | 4c8b 5424 
  0x000001cd1ca2ce38: 404c 8954 | 2438 4c8b | 5424 504c | 8954 2440 | 4c89 4c24 | 504c 8b54 | 2478 4c89 | 5424 584c 
  0x000001cd1ca2ce58: 8b54 2468 | 4c89 5424 | 604c 894c | 2470 4c8b | 9424 a800 | 0000 4c89 | 9424 8800 | 0000 6690 
  0x000001cd1ca2ce78: ;   {runtime_call UncommonTrapBlob}
  0x000001cd1ca2ce78: c5f8 77e8 

  0x000001cd1ca2ce7c: ; ImmutableOopMap {rbp=Oop [64]=Oop [80]=Oop [88]=Oop [112]=Oop [136]=Oop [160]=Oop [168]=Oop [184]=Oop }
                      ;*arraylength {reexecute=0 rethrow=0 return_oop=0}
                      ; - java.lang.String::isEmpty@4
                      ; - java.lang.ClassLoader::checkName@5
                      ; - java.lang.ClassLoader::findBootstrapClassOrNull@1
                      ; - java.lang.System$2::findBootstrapClassOrNull@1
                      ; - jdk.internal.loader.ClassLoaders$BootClassLoader::loadClassOrNull@4
                      ; - jdk.internal.loader.BuiltinClassLoader::loadClassOrNull@3
                      ; - jdk.internal.loader.BuiltinClassLoader::loadClassOrNull@66
                      ; - jdk.internal.loader.BuiltinClassLoader::loadClass@3
                      ; - java.lang.ClassLoader::loadClass@38
                      ; - java.lang.ClassLoader::loadClass@38
  0x000001cd1ca2ce7c: 0075 79ff 

  0x000001cd1ca2ce80: ;   {other}
  0x000001cd1ca2ce80: 0f1f 8400 | f0a3 00fc | ba45 ffff | ff48 8b6c | 2448 4c8b | 9424 b000 | 0000 4c89 | 5424 2044 
  0x000001cd1ca2cea0: 8b54 2430 | 4489 5424 | 284c 8b54 | 2440 4c89 | 5424 384c | 8b54 2450 | 4c89 5424 | 404c 8b54 
  0x000001cd1ca2cec0: 2478 4c89 | 5424 504c | 8b54 2468 | 4c89 5424 | 584c 8b54 | 2470 4c89 | 5424 604c | 8b94 2480 
  0x000001cd1ca2cee0: 0000 004c | 8954 2478 | 4c8b 9424 | a800 0000 | 4c89 9424 | 8000 0000 | 4c8b 9424 | b800 0000 
  0x000001cd1ca2cf00: 4c89 9424 | 8800 0000 | 4c8b 9424 | b800 0000 | 4c89 9424 | b000 0000 | 4c8b 9424 | c000 0000 
  0x000001cd1ca2cf20: 4c89 9424 | b800 0000 | 448b 9424 | c800 0000 | 4489 5424 | 2c44 899c | 24cc 0000 | 0066 6690 
  0x000001cd1ca2cf40: ;   {runtime_call UncommonTrapBlob}
  0x000001cd1ca2cf40: c5f8 77e8 

  0x000001cd1ca2cf44: ; ImmutableOopMap {rbp=Oop [32]=Oop [44]=NarrowOop [64]=Oop [80]=Oop [120]=Oop [128]=Oop [136]=Oop [176]=Oop [204]=NarrowOop [256]=Oop }
                      ;*ifnonnull {reexecute=1 rethrow=0 return_oop=0}
                      ; - (reexecute) jdk.internal.access.SharedSecrets::javaUtilJarAccess@5
                      ; - jdk.internal.loader.URLClassPath$JarLoader$2::getManifest@0
                      ; - java.net.URLClassLoader::defineClass@34
                      ; - java.net.URLClassLoader$1::run@43
                      ; - java.net.URLClassLoader$1::run@1
                      ; - java.security.AccessController::executePrivileged@29
                      ; - java.security.AccessController::doPrivileged@13
                      ; - java.net.URLClassLoader::findClass@13
                      ; - java.lang.ClassLoader::loadClass@69
                      ; - java.lang.ClassLoader::loadClass@38
  0x000001cd1ca2cf44: 3874 79ff 

  0x000001cd1ca2cf48: ;   {other}
  0x000001cd1ca2cf48: 0f1f 8400 | b8a4 00fd | baf6 ffff | ff48 8b6c | 2448 448b | 5424 3044 | 8954 2428 | 4c8b 5424 
  0x000001cd1ca2cf68: 404c 8954 | 2438 4c8b | 5424 504c | 8954 2440 | 4c89 4c24 | 504c 8b54 | 2478 4c89 | 5424 584c 
  0x000001cd1ca2cf88: 8b54 2468 | 4c89 5424 | 604c 894c | 2470 4c8b | 9424 a800 | 0000 4c89 | 9424 9000 | 0000 6690 
  0x000001cd1ca2cfa8: ;   {runtime_call UncommonTrapBlob}
  0x000001cd1ca2cfa8: c5f8 77e8 

  0x000001cd1ca2cfac: ; ImmutableOopMap {rbp=Oop [64]=Oop [80]=Oop [88]=Oop [112]=Oop [144]=Oop [160]=Oop [168]=Oop [184]=Oop }
                      ;*arraylength {reexecute=0 rethrow=0 return_oop=0}
                      ; - java.lang.String::isEmpty@4
                      ; - java.lang.ClassLoader::checkName@5
                      ; - java.lang.ClassLoader::findBootstrapClassOrNull@1
                      ; - java.lang.System$2::findBootstrapClassOrNull@1
                      ; - jdk.internal.loader.ClassLoaders$BootClassLoader::loadClassOrNull@4
                      ; - jdk.internal.loader.BuiltinClassLoader::loadClassOrNull@3
                      ; - jdk.internal.loader.BuiltinClassLoader::loadClassOrNull@86
                      ; - jdk.internal.loader.BuiltinClassLoader::loadClass@3
                      ; - java.lang.ClassLoader::loadClass@38
                      ; - java.lang.ClassLoader::loadClass@38
  0x000001cd1ca2cfac: d073 79ff 

  0x000001cd1ca2cfb0: ;   {other}
  0x000001cd1ca2cfb0: 0f1f 8400 | 20a5 00fe | ba45 ffff | ff4c 8b54 | 2448 4c89 | 5424 204c | 8b94 24b0 | 0000 004c 
  0x000001cd1ca2cfd0: 8954 2428 | 4c8b 5424 | 504c 8954 | 2448 6690 

  0x000001cd1ca2cfe0: ;   {runtime_call UncommonTrapBlob}
  0x000001cd1ca2cfe0: c5f8 77e8 

  0x000001cd1ca2cfe4: ; ImmutableOopMap {rbp=NarrowOop [32]=Oop [40]=Oop [72]=Oop [104]=Oop [120]=Oop }
                      ;*ifnull {reexecute=1 rethrow=0 return_oop=0}
                      ; - (reexecute) jdk.internal.loader.BuiltinClassLoader::loadClassOrNull@78
                      ; - jdk.internal.loader.BuiltinClassLoader::loadClass@3
                      ; - java.lang.ClassLoader::loadClass@38
  0x000001cd1ca2cfe4: 9873 79ff 

  0x000001cd1ca2cfe8: ;   {other}
  0x000001cd1ca2cfe8: 0f1f 8400 | 58a5 00ff | ba45 ffff | ff4c 8b4c | 2448 4c89 | 4c24 204c | 8b8c 24b0 | 0000 004c 
  0x000001cd1ca2d008: 894c 2428 | 4c8b 4c24 | 504c 894c | 2448 4c8b | 4c24 784c | 894c 2458 | 4c89 4424 | 7844 895c 
  0x000001cd1ca2d028: 2434 4489 | 9424 8000 | 0000 6690 

  0x000001cd1ca2d034: ;   {runtime_call UncommonTrapBlob}
  0x000001cd1ca2d034: c5f8 77e8 

  0x000001cd1ca2d038: ; ImmutableOopMap {rbp=NarrowOop [32]=Oop [40]=Oop [52]=NarrowOop [72]=Oop [88]=Oop [104]=Oop [120]=Oop }
                      ;*ifnull {reexecute=1 rethrow=0 return_oop=0}
                      ; - (reexecute) java.util.concurrent.ConcurrentHashMap::get@67
                      ; - jdk.internal.loader.BuiltinClassLoader::findLoadedModule@24
                      ; - jdk.internal.loader.BuiltinClassLoader::loadClassOrNull@22
                      ; - jdk.internal.loader.BuiltinClassLoader::loadClass@3
                      ; - java.lang.ClassLoader::loadClass@38
  0x000001cd1ca2d038: 4473 79ff 

  0x000001cd1ca2d03c: ;   {other}
  0x000001cd1ca2d03c: 0f1f 8400 | 0000 0000 | ba45 ffff | ff4c 8b54 | 2448 4c89 | 5424 204c | 8b94 24b0 | 0000 004c 
  0x000001cd1ca2d05c: 8954 2428 | 4c8b 5424 | 504c 8954 | 2448 4c8b | 5424 784c | 8954 2470 | 4c8b 9424 | a800 0000 
  0x000001cd1ca2d07c: 4c89 9424 | 9800 0000 

  0x000001cd1ca2d084: ;   {runtime_call UncommonTrapBlob}
  0x000001cd1ca2d084: c5f8 77e8 

  0x000001cd1ca2d088: ; ImmutableOopMap {rbp=NarrowOop [32]=Oop [40]=Oop [72]=Oop [112]=Oop [152]=Oop [160]=Oop [168]=Oop [184]=Oop }
                      ;*ifnull {reexecute=1 rethrow=0 return_oop=0}
                      ; - (reexecute) jdk.internal.loader.BuiltinClassLoader::loadClassOrNull@78
                      ; - jdk.internal.loader.BuiltinClassLoader::loadClass@3
                      ; - java.lang.ClassLoader::loadClass@38
                      ; - java.lang.ClassLoader::loadClass@38
  0x000001cd1ca2d088: f472 79ff 

  0x000001cd1ca2d08c: ;   {other}
  0x000001cd1ca2d08c: 0f1f 8400 | 0000 0000 | ba45 ffff | ff4c 8b54 | 2448 4c89 | 5424 204c | 8b94 24b0 | 0000 004c 
  0x000001cd1ca2d0ac: 8954 2428 | 4c8b 5424 | 504c 8954 | 2448 4c8b | 5424 784c | 8954 2470 | 4c8b 9424 | a000 0000 
  0x000001cd1ca2d0cc: 4c89 9424 | 8800 0000 | 4c8b 9424 | a800 0000 | 4c89 9424 | 9800 0000 | 4c89 8c24 | a000 0000 
  0x000001cd1ca2d0ec: 4489 4424 | 3444 899c | 24a8 0000 | 0066 6690 

  0x000001cd1ca2d0fc: ;   {runtime_call UncommonTrapBlob}
  0x000001cd1ca2d0fc: c5f8 77e8 

  0x000001cd1ca2d100: ; ImmutableOopMap {rbp=NarrowOop [32]=Oop [40]=Oop [52]=NarrowOop [72]=Oop [112]=Oop [136]=Oop [152]=Oop [160]=Oop [184]=Oop }
                      ;*ifnull {reexecute=1 rethrow=0 return_oop=0}
                      ; - (reexecute) java.util.concurrent.ConcurrentHashMap::get@67
                      ; - jdk.internal.loader.BuiltinClassLoader::findLoadedModule@24
                      ; - jdk.internal.loader.BuiltinClassLoader::loadClassOrNull@22
                      ; - jdk.internal.loader.BuiltinClassLoader::loadClass@3
                      ; - java.lang.ClassLoader::loadClass@38
                      ; - java.lang.ClassLoader::loadClass@38
  0x000001cd1ca2d100: 7c72 79ff 

  0x000001cd1ca2d104: ;   {other}
  0x000001cd1ca2d104: 0f1f 8400 | 0000 0000 | ba45 ffff | ff48 8b6c | 2448 4c8b | 5424 384c | 8954 2420 | 448b 5424 
  0x000001cd1ca2d124: 3044 8954 | 2428 4c8b | 5424 404c | 8954 2438 | 4c8b 5424 | 504c 8954 | 2440 4c8b | 5424 784c 
  0x000001cd1ca2d144: 8954 2450 | 4c8b 5424 | 684c 8954 | 2458 4c8b | 5424 704c | 8954 2460 | 4c8b 9424 | 8000 0000 
  0x000001cd1ca2d164: 4c89 5424 | 784c 8b94 | 24b8 0000 | 004c 8994 | 2488 0000 | 004c 8b94 | 24b8 0000 | 004c 8994 
  0x000001cd1ca2d184: 24a8 0000 | 004c 8b94 | 24c0 0000 | 004c 8994 | 24b0 0000 | 0044 8b84 | 24c8 0000 | 0044 8944 
  0x000001cd1ca2d1a4: 242c 4c8b | 9424 d800 | 0000 4c89 | 9424 c000 | 0000 4c8b | 9424 d000 | 0000 4c89 | 9424 c800 
  0x000001cd1ca2d1c4: 0000 4c89 | 9c24 d800 | 0000 6690 

  0x000001cd1ca2d1d0: ;   {runtime_call UncommonTrapBlob}
  0x000001cd1ca2d1d0: c5f8 77e8 

  0x000001cd1ca2d1d4: ; ImmutableOopMap {rbp=Oop [32]=Oop [44]=NarrowOop [64]=Oop [80]=Oop [120]=Oop [136]=Oop [152]=Oop [168]=Oop [192]=Oop [200]=Oop [216]=Oop [256]=Oop }
                      ;*ifnull {reexecute=1 rethrow=0 return_oop=0}
                      ; - (reexecute) java.util.jar.JarFile::getManifestFromReference@148
                      ; - java.util.jar.JarFile::getManifest@1
                      ; - jdk.internal.loader.URLClassPath$JarLoader$2::getManifest@22
                      ; - java.net.URLClassLoader::defineClass@34
                      ; - java.net.URLClassLoader$1::run@43
                      ; - java.net.URLClassLoader$1::run@1
                      ; - java.security.AccessController::executePrivileged@29
                      ; - java.security.AccessController::doPrivileged@13
                      ; - java.net.URLClassLoader::findClass@13
                      ; - java.lang.ClassLoader::loadClass@69
                      ; - java.lang.ClassLoader::loadClass@38
  0x000001cd1ca2d1d4: a871 79ff 

  0x000001cd1ca2d1d8: ;   {other}
  0x000001cd1ca2d1d8: 0f1f 8400 | 0000 0000 | eb00 488b | e8e9 ea8b | ffff eb00 | 488b e8e9 | 188b ffff | bab5 ffff 
  0x000001cd1ca2d1f8: ff44 8b44 | 2430 4489 | 4424 284c | 8b54 2440 | 4c89 5424 | 384c 8b54 | 2450 4c89 | 5424 404c 
  0x000001cd1ca2d218: 8b54 2478 | 4c89 5424 | 504c 8b54 | 2468 4c89 | 5424 584c | 8b54 2470 | 4c89 5424 | 604c 8b94 
  0x000001cd1ca2d238: 2480 0000 | 004c 8954 | 2478 4889 | 8424 8800 | 0000 6690 

  0x000001cd1ca2d24c: ;   {runtime_call UncommonTrapBlob}
  0x000001cd1ca2d24c: c5f8 77e8 

  0x000001cd1ca2d250: ; ImmutableOopMap {rbp=Oop [32]=Oop [64]=Oop [80]=Oop [120]=Oop [136]=Oop [168]=Oop [184]=Oop }
                      ;*astore_3 {reexecute=0 rethrow=0 return_oop=0}
                      ; - java.net.URLClassLoader$1::run@61
                      ; - java.net.URLClassLoader$1::run@1
                      ; - java.security.AccessController::executePrivileged@29
                      ; - java.security.AccessController::doPrivileged@13
                      ; - java.net.URLClassLoader::findClass@13
                      ; - java.lang.ClassLoader::loadClass@69
                      ; - java.lang.ClassLoader::loadClass@38
  0x000001cd1ca2d250: 2c71 79ff 

  0x000001cd1ca2d254: ;   {other}
  0x000001cd1ca2d254: 0f1f 8400 | 0000 0000 | ba97 ffff | ff48 8b6c | 2448 4c8b | 5424 604c | 8954 2420 | 448b 5c24 
  0x000001cd1ca2d274: 3044 895c | 2428 4c8b | 5424 404c | 8954 2438 | 4c8b 5424 | 504c 8954 | 2440 4c8b | 5424 784c 
  0x000001cd1ca2d294: 8954 2450 

  0x000001cd1ca2d298: ;   {runtime_call UncommonTrapBlob}
  0x000001cd1ca2d298: c5f8 77e8 

  0x000001cd1ca2d29c: ; ImmutableOopMap {rbp=Oop [32]=Oop [44]=NarrowOop [64]=Oop [80]=Oop [104]=Oop [112]=Oop }
                      ;*invokevirtual clone {reexecute=1 rethrow=0 return_oop=0}
                      ; - (reexecute) java.util.Arrays::copyOfRange@18
                      ; - java.lang.StringLatin1::newString@16
                      ; - java.lang.String::substring@41
                      ; - jdk.internal.loader.BuiltinClassLoader::findLoadedModule@16
                      ; - jdk.internal.loader.BuiltinClassLoader::loadClassOrNull@22
                      ; - jdk.internal.loader.BuiltinClassLoader::loadClass@3
                      ; - java.lang.ClassLoader::loadClass@38
  0x000001cd1ca2d29c: e070 79ff 

  0x000001cd1ca2d2a0: ;   {other}
  0x000001cd1ca2d2a0: 0f1f 8400 | 0000 0000 | baf4 ffff | ff44 8b54 | 2430 4489 | 5424 284c | 8b54 2440 | 4c89 5424 
  0x000001cd1ca2d2c0: 384c 8b54 | 2450 4c89 | 5424 404c | 8b54 2478 | 4c89 5424 | 504c 8b54 | 2468 4c89 | 5424 5890 
  0x000001cd1ca2d2e0: ;   {runtime_call UncommonTrapBlob}
  0x000001cd1ca2d2e0: c5f8 77e8 

  0x000001cd1ca2d2e4: ; ImmutableOopMap {rbp=Oop [64]=Oop [80]=Oop [176]=Oop [184]=Oop }
                      ;*checkcast {reexecute=0 rethrow=0 return_oop=0}
                      ; - java.net.URLClassLoader::findClass@28
                      ; - java.lang.ClassLoader::loadClass@69
                      ; - java.lang.ClassLoader::loadClass@38
  0x000001cd1ca2d2e4: 9870 79ff 

  0x000001cd1ca2d2e8: ;   {other}
  0x000001cd1ca2d2e8: 0f1f 8400 | 0000 0000 | ba97 ffff | ff48 8b6c | 2448 4c8b | 5424 604c | 8954 2420 | 448b 5424 
  0x000001cd1ca2d308: 3044 8954 | 2428 4c8b | 5424 404c | 8954 2438 | 4c8b 5424 | 504c 8954 | 2440 4c8b | 5424 784c 
  0x000001cd1ca2d328: 8954 2458 | 4c8b 5424 | 684c 8954 | 2460 4c8b | 9424 a000 | 0000 4c89 | 9424 8000 | 0000 4c8b 
  0x000001cd1ca2d348: 9424 a800 | 0000 4c89 | 9424 9800 | 0000 6690 

  0x000001cd1ca2d358: ;   {runtime_call UncommonTrapBlob}
  0x000001cd1ca2d358: c5f8 77e8 

  0x000001cd1ca2d35c: ; ImmutableOopMap {rbp=Oop [32]=Oop [44]=NarrowOop [64]=Oop [88]=Oop [128]=Oop [136]=Oop [152]=Oop [168]=Oop [184]=Oop }
                      ;*invokevirtual clone {reexecute=1 rethrow=0 return_oop=0}
                      ; - (reexecute) java.util.Arrays::copyOfRange@18
                      ; - java.lang.StringLatin1::newString@16
                      ; - java.lang.String::substring@41
                      ; - jdk.internal.loader.BuiltinClassLoader::findLoadedModule@16
                      ; - jdk.internal.loader.BuiltinClassLoader::loadClassOrNull@22
                      ; - jdk.internal.loader.BuiltinClassLoader::loadClass@3
                      ; - java.lang.ClassLoader::loadClass@38
                      ; - java.lang.ClassLoader::loadClass@38
  0x000001cd1ca2d35c: 2070 79ff 

  0x000001cd1ca2d360: ;   {other}
  0x000001cd1ca2d360: 0f1f 8400 | 0000 0000 | ba97 ffff | ff48 8b6c | 2448 4c8b | 9424 8800 | 0000 4c89 | 5424 2044 
  0x000001cd1ca2d380: 8b54 2430 | 4489 5424 | 284c 8b54 | 2440 4c89 | 5424 384c | 8b54 2450 | 4c89 5424 | 404c 8b54 
  0x000001cd1ca2d3a0: 2478 4c89 | 5424 504c | 8b54 2468 | 4c89 5424 | 584c 8b54 | 2470 4c89 | 5424 604c | 8b94 2480 
  0x000001cd1ca2d3c0: 0000 004c | 8954 2478 | 4c8b 9424 | a800 0000 | 4c89 9424 | 8000 0000 | 4c8b 9424 | b800 0000 
  0x000001cd1ca2d3e0: 4c89 9424 | 8800 0000 | 4c8b 9424 | b800 0000 | 4c89 9424 | a800 0000 | 4c8b 9424 | c000 0000 
  0x000001cd1ca2d400: 4c89 9424 | b000 0000 | 448b 9424 | c800 0000 | 4489 9424 | b800 0000 | 4c8b 9424 | d000 0000 
  0x000001cd1ca2d420: 4c89 9424 | c800 0000 

  0x000001cd1ca2d428: ;   {runtime_call UncommonTrapBlob}
  0x000001cd1ca2d428: c5f8 77e8 

  0x000001cd1ca2d42c: ; ImmutableOopMap {rbp=Oop [32]=Oop [44]=NarrowOop [64]=Oop [80]=Oop [120]=Oop [128]=Oop [136]=Oop [168]=Oop [184]=NarrowOop [200]=Oop [208]=Oop }
                      ;*invokevirtual clone {reexecute=1 rethrow=0 return_oop=0}
                      ; - (reexecute) java.util.Arrays::copyOfRange@18
                      ; - java.lang.StringLatin1::newString@16
                      ; - java.lang.String::substring@41
                      ; - java.net.URLClassLoader::defineClass@28
                      ; - java.net.URLClassLoader$1::run@43
                      ; - java.net.URLClassLoader$1::run@1
                      ; - java.security.AccessController::executePrivileged@29
                      ; - java.security.AccessController::doPrivileged@13
                      ; - java.net.URLClassLoader::findClass@13
                      ; - java.lang.ClassLoader::loadClass@69
                      ; - java.lang.ClassLoader::loadClass@38
  0x000001cd1ca2d42c: 506f 79ff 

  0x000001cd1ca2d430: ;   {other}
  0x000001cd1ca2d430: 0f1f 8400 | 0000 0000 | 498b cb48 | 8d94 2438 | 0100 004d | 8bc7 c5f8 | 7749 ba40 | d982 effc 
  0x000001cd1ca2d450: 7f00 0041 

  0x000001cd1ca2d454: ;   {other}
  0x000001cd1ca2d454: ffd2 0f1f | 8400 0000 | 0000 e9e5 | 0000 0048 | 8bd8 eb36 | 488b d8eb | 3148 8bd8 | e9d3 0000 
  0x000001cd1ca2d474: 0048 8bd8 | e9cb 0000 | 0048 8bd8 | eb1c 488b | d8eb 1748 | 8bd8 eb12 | 488b d8eb | 0d48 8bd8 
  0x000001cd1ca2d494: eb08 488b | d8eb 0348 | 8bd8 4c8b | 5c24 6848 | 8d84 2438 | 0100 0048 | 8338 000f | 8479 0000 
  0x000001cd1ca2d4b4: 004d 8b13 | 41f6 c202 | 0f84 6200 | 0000 4983 | ba86 0000 | 0000 7409 | 49ff 8a86 | 0000 00eb 
  0x000001cd1ca2d4d4: 4b49 8b82 | 9600 0000 | 490b 828e | 0000 0075 | 0a49 c742 | 3e00 0000 | 00eb 3d49 | 83ba 9e00 
  0x000001cd1ca2d4f4: 0000 0074 | 2248 33c0 | 49c7 423e | 0000 0000 | f083 0424 | 0049 83ba | 9e00 0000 | 0075 0df0 
  0x000001cd1ca2d514: 4d0f b17a | 3e75 0583 | c801 eb0c | a800 eb08 | 4c8b 10f0 | 4d0f b113 | 750a 49ff | 8f50 0500 
  0x000001cd1ca2d534: 0045 33d2 | 0f85 fafe | ffff eb08 | 488b d8eb | 0348 8bd8 | 448b 5308 | 49bb 0000 | 003b cd01 
  0x000001cd1ca2d554: ;   {no_reloc}
  0x000001cd1ca2d554: 0000 4d03 | da48 8beb | e9bc 87ff | ff49 8bf9 | 498b cb48 | 8d94 2440 | 0100 004d | 8bc7 c5f8 
  0x000001cd1ca2d574: 7749 ba40 | d982 effc | 7f00 0041 

  0x000001cd1ca2d580: ;   {other}
  0x000001cd1ca2d580: ffd2 0f1f | 8400 0000 | 0000 4c8b | cfe9 2e01 | 0000 488b | d8eb 3c48 | 8bd8 eb37 | 488b d84c 
  0x000001cd1ca2d5a0: 8b4c 2420 | e917 0100 | 0048 8bd8 | e9fb 0000 | 0048 8bd8 | 4c8b 8c24 | e000 0000 | eb46 488b 
  0x000001cd1ca2d5c0: d84c 8b8c | 24e0 0000 | 00eb 3948 | 8bd8 eb03 | 488b d84c | 8b8c 24e0 | 0000 00eb | 2748 8bd8 
  0x000001cd1ca2d5e0: 4c8b 8c24 | e000 0000 | eb1a 488b | d849 b900 | 001e 2bcd | 0100 00eb | 0b48 8bd8 | 4c8b 8c24 
  0x000001cd1ca2d600: e000 0000 | 4c8b 9c24 | a800 0000 | 488d 8424 | 4001 0000 | 4883 3800 | 0f84 7900 | 0000 4d8b 
  0x000001cd1ca2d620: 1341 f6c2 | 020f 8462 | 0000 0049 | 83ba 8600 | 0000 0074 | 0949 ff8a | 8600 0000 | eb4b 498b 
  0x000001cd1ca2d640: 8296 0000 | 0049 0b82 | 8e00 0000 | 750a 49c7 | 423e 0000 | 0000 eb3d | 4983 ba9e | 0000 0000 
  0x000001cd1ca2d660: 7422 4833 | c049 c742 | 3e00 0000 | 00f0 8304 | 2400 4983 | ba9e 0000 | 0000 750d | f04d 0fb1 
  0x000001cd1ca2d680: ;   {no_reloc}
  0x000001cd1ca2d680: 7a3e 7505 | 83c8 01eb | 0ca8 00eb | 084c 8b10 | f04d 0fb1 | 1375 0a49 | ff8f 5005 | 0000 4533 
  0x000001cd1ca2d6a0: d20f 85ba | feff ffeb | 1748 8bd8 | 49b9 0000 | 1e2b cd01 | 0000 eb08 | 488b d84c | 8b4c 2420 
  0x000001cd1ca2d6c0: 4c8b c344 | 8b5b 0849 | ba00 0000 | 3bcd 0100 | 004d 03d3 | eb1e 4c8b | c044 8b58 | 0849 ba00 
  0x000001cd1ca2d6e0: 0000 3bcd | 0100 004d | 03d3 49b9 | 0000 1e2b | cd01 0000 | 4d8b 5250 

  0x000001cd1ca2d6f8: ;   {metadata('java/lang/ClassNotFoundException')}
  0x000001cd1ca2d6f8: 49bb 8893 | 063b cd01 | 0000 4d3b | d30f 84f2 | 74ff ff49 | 8be8 e959 | 85ff ffba | b5ff ffff 
  0x000001cd1ca2d718: 448b 4424 | 3044 8944 | 2428 4c8b | 5424 404c | 8954 2438 | 4c8b 5424 | 504c 8954 | 2440 4c8b 
  0x000001cd1ca2d738: 5424 784c | 8954 2450 | 4c8b 5424 | 684c 8954 | 2458 4c8b | 5424 704c | 8954 2460 | 4c8b 9424 
  0x000001cd1ca2d758: 8000 0000 | 4c89 5424 | 7848 8984 | 2488 0000 | 0066 6690 

  0x000001cd1ca2d76c: ;   {runtime_call UncommonTrapBlob}
  0x000001cd1ca2d76c: c5f8 77e8 

  0x000001cd1ca2d770: ; ImmutableOopMap {rbp=Oop [32]=Oop [64]=Oop [80]=Oop [120]=Oop [136]=Oop [152]=Oop [184]=Oop }
                      ;*astore_3 {reexecute=0 rethrow=0 return_oop=0}
                      ; - java.net.URLClassLoader$1::run@61
                      ; - java.net.URLClassLoader$1::run@1
                      ; - java.security.AccessController::executePrivileged@29
                      ; - java.security.AccessController::doPrivileged@13
                      ; - java.net.URLClassLoader::findClass@13
                      ; - java.lang.ClassLoader::loadClass@69
                      ; - java.lang.ClassLoader::loadClass@38
  0x000001cd1ca2d770: 0c6c 79ff 

  0x000001cd1ca2d774: ;   {other}
  0x000001cd1ca2d774: 0f1f 8400 | 0000 0000 | eb2d 448b | 4008 49bb | 0000 003b | cd01 0000 | 4d03 d8eb | 7aeb 3d44 
  0x000001cd1ca2d794: 8b50 0849 | bb00 0000 | 3bcd 0100 | 004d 03da | eb65 e95f | 0100 0044 | 8b50 08e9 | 3101 0000 
  0x000001cd1ca2d7b4: e951 0100 | 00eb 0044 | 8b50 0849 | bb00 0000 | 3bcd 0100 | 004d 03da | eb3d eb00 | 448b 5008 
  0x000001cd1ca2d7d4: 49bb 0000 | 003b cd01 | 0000 4d03 | daeb 2844 | 8b50 0849 | bb00 0000 | 3bcd 0100 | 004d 03da 
  0x000001cd1ca2d7f4: eb15 eb02 | eb00 448b | 5008 49bb | 0000 003b | cd01 0000 | 4d03 da4d 

  0x000001cd1ca2d80c: ;   {metadata('java/lang/RuntimeException')}
  0x000001cd1ca2d80c: 8b53 4849 | b8a8 b705 | 3bcd 0100 | 004d 3bd0 | 7508 488b | e8e9 4684 | ffff 4d8b 

  0x000001cd1ca2d828: ;   {metadata('java/lang/Exception')}
  0x000001cd1ca2d828: 5340 49bb | 20c0 003b | cd01 0000 | 4d3b d30f | 85a4 0000 | 004c 8bd8 | 498b 87b8 | 0100 004c 
  0x000001cd1ca2d848: 8bd0 4983 | c228 4d3b | 97c8 0100 | 000f 83b7 | 0000 004d | 8997 b801 | 0000 410f | 0d8a c000 
  0x000001cd1ca2d868: 0000 48c7 | 0001 0000 

  0x000001cd1ca2d870: ;   {metadata('java/security/PrivilegedActionException')}
  0x000001cd1ca2d870: 00c7 4008 | c0af 0401 | 4489 600c | 4c89 6010 | 4c89 6018 | 4c89 6020 | 498b eb4c | 8bd0 4c89 
  0x000001cd1ca2d890: 5424 2049 | 8bd2 4c8b | c548 8b6c | 2448 6690 

  0x000001cd1ca2d8a0: ;   {optimized virtual_call}
  0x000001cd1ca2d8a0: c5f8 77e8 

  0x000001cd1ca2d8a4: ; ImmutableOopMap {rbp=Oop [32]=Oop [72]=Oop [80]=Oop [120]=Oop [176]=Oop [184]=Oop }
                      ;*invokespecial <init> {reexecute=0 rethrow=0 return_oop=0}
                      ; - java.security.AccessController::wrapException@5
                      ; - java.security.AccessController::doPrivileged@22
                      ; - java.net.URLClassLoader::findClass@13
                      ; - java.lang.ClassLoader::loadClass@69
                      ; - java.lang.ClassLoader::loadClass@38
  0x000001cd1ca2d8a4: d811 79ff 

  0x000001cd1ca2d8a8: ;   {other}
  0x000001cd1ca2d8a8: 0f1f 8400 | 0000 0000 | 488b 5424 | 2048 8b6c | 2448 6690 

  0x000001cd1ca2d8bc: ;   {optimized virtual_call}
  0x000001cd1ca2d8bc: c5f8 77e8 

  0x000001cd1ca2d8c0: ; ImmutableOopMap {rbp=Oop [72]=Oop [80]=Oop [120]=Oop [176]=Oop [184]=Oop }
                      ;*invokevirtual getException {reexecute=0 rethrow=0 return_oop=1}
                      ; - java.net.URLClassLoader::findClass@25
                      ; - java.lang.ClassLoader::loadClass@69
                      ; - java.lang.ClassLoader::loadClass@38
  0x000001cd1ca2d8c0: bc11 79ff 

  0x000001cd1ca2d8c4: ;   {other}
  0x000001cd1ca2d8c4: 0f1f 8400 | 0000 0000 

  0x000001cd1ca2d8cc: ; implicit exception: dispatches to 0x000001cd1ca2d2a8
  0x000001cd1ca2d8cc: 448b 5808 

  0x000001cd1ca2d8d0: ;   {metadata('java/lang/ClassNotFoundException')}
  0x000001cd1ca2d8d0: 4181 fb88 | 9306 0075 | 5c48 8be8 | e98b 83ff | ff44 8b50 

  0x000001cd1ca2d8e4: ;   {metadata('java/security/PrivilegedActionException')}
  0x000001cd1ca2d8e4: 0849 bbc0 | af04 3ccd | 0100 0049 | b800 0000 | 3bcd 0100 | 004d 03c2 | 4d8b 5048 | 4d3b d375 
  0x000001cd1ca2d904: 0548 8bd0 | ebab 488b | e8e9 5a83 | ffff 498b 

  0x000001cd1ca2d914: ;   {metadata('java/security/PrivilegedActionException')}
  0x000001cd1ca2d914: eb48 bac0 | af04 3ccd | 0100 0090 

  0x000001cd1ca2d920: ;   {runtime_call _new_instance_Java}
  0x000001cd1ca2d920: c5f8 77e8 

  0x000001cd1ca2d924: ; ImmutableOopMap {rbp=Oop [72]=Oop [80]=Oop [120]=Oop [176]=Oop [184]=Oop }
                      ;*new {reexecute=0 rethrow=0 return_oop=1}
                      ; - java.security.AccessController::wrapException@0
                      ; - java.security.AccessController::doPrivileged@22
                      ; - java.net.URLClassLoader::findClass@13
                      ; - java.lang.ClassLoader::loadClass@69
                      ; - java.lang.ClassLoader::loadClass@38
  0x000001cd1ca2d924: 588b 85ff 

  0x000001cd1ca2d928: ;   {other}
  0x000001cd1ca2d928: 0f1f 8400 | 0000 0000 | e956 ffff | ffba deff | ffff 448b | 5c24 3044 | 895c 2428 | 4c8b 5c24 
  0x000001cd1ca2d948: 404c 895c | 2438 4c8b | 5c24 504c | 895c 2440 | 4c8b 5c24 | 784c 895c | 2450 4c8b | 5c24 684c 
  0x000001cd1ca2d968: 895c 2458 | 4c8b 5c24 | 704c 895c | 2460 4889 | 4424 7090 

  0x000001cd1ca2d97c: ;   {runtime_call UncommonTrapBlob}
  0x000001cd1ca2d97c: c5f8 77e8 

  0x000001cd1ca2d980: ; ImmutableOopMap {rbp=Oop [64]=Oop [80]=Oop [112]=Oop [176]=Oop [184]=Oop }
                      ;*checkcast {reexecute=0 rethrow=0 return_oop=0}
                      ; - java.net.URLClassLoader::findClass@28
                      ; - java.lang.ClassLoader::loadClass@69
                      ; - java.lang.ClassLoader::loadClass@38
  0x000001cd1ca2d980: fc69 79ff 

  0x000001cd1ca2d984: ;   {other}
  0x000001cd1ca2d984: 0f1f 8400 | 0000 0000 | 4c8b d0e9 | 1006 0000 | 4c8b c8e9 | 0f03 0000 | 4c8b c8e9 | 0703 0000 
  0x000001cd1ca2d9a4: 4c8b c8e9 | ff02 0000 | 488b 9424 | e000 0000 | 4c8b c044 | 8b94 24c8 | 0000 0044 | 8954 242c 
  0x000001cd1ca2d9c4: ;   {optimized virtual_call}
  0x000001cd1ca2d9c4: c5f8 77e8 

  0x000001cd1ca2d9c8: ; ImmutableOopMap {rbp=Oop [32]=Oop [44]=NarrowOop [72]=Oop [80]=Oop [120]=Oop [128]=Oop [152]=Oop [168]=Oop [176]=Oop [184]=Oop [224]=Oop [256]=Oop }
                      ;*invokevirtual addSuppressed {reexecute=0 rethrow=0 return_oop=0}
                      ; - java.util.jar.JarFile::getManifestFromReference@177
                      ; - java.util.jar.JarFile::getManifest@1
                      ; - jdk.internal.loader.URLClassPath$JarLoader$2::getManifest@22
                      ; - java.net.URLClassLoader::defineClass@34
                      ; - java.net.URLClassLoader$1::run@43
                      ; - java.net.URLClassLoader$1::run@1
                      ; - java.security.AccessController::executePrivileged@29
                      ; - java.security.AccessController::doPrivileged@13
                      ; - java.net.URLClassLoader::findClass@13
                      ; - java.lang.ClassLoader::loadClass@69
                      ; - java.lang.ClassLoader::loadClass@38
  0x000001cd1ca2d9c8: b410 79ff 

  0x000001cd1ca2d9cc: ;   {other}
  0x000001cd1ca2d9cc: 0f1f 8400 | 0000 0000 | e9cb 0400 | 0044 8b58 | 0849 ba00 | 0000 3bcd | 0100 004d | 03d3 488b 
  0x000001cd1ca2d9ec: d0e9 c905 | 0000 4889 | 8424 e000 | 0000 e96d | 0400 004c | 8bd0 e99d | 0500 004c | 8bd0 e995 
  0x000001cd1ca2da0c: 0500 004c | 8bd0 e98d | 0500 004c | 8bd0 e985 | 0500 004c | 8bd0 e97d | 0500 004c | 8bd0 e975 
  0x000001cd1ca2da2c: 0500 004c | 8bd0 e96d | 0500 004c | 8bd0 e965 | 0500 004c | 8bd0 e95d | 0500 004c | 8bd0 e955 
  0x000001cd1ca2da4c: 0500 004c | 8bd0 e94d | 0500 004c | 8bd0 e945 | 0500 004c | 8bd0 e93d | 0500 004c | 8bd0 e935 
  0x000001cd1ca2da6c: 0500 004c | 8bd0 e92d | 0500 0048 | 8be8 488b | 5424 384c | 8b54 2458 | 4c89 5424 | 384c 8b94 
  0x000001cd1ca2da8c: 24a0 0000 | 004c 8994 | 2498 0000 | 0044 8b9c | 24c8 0000 | 0044 895c | 2434 6690 

  0x000001cd1ca2daa8: ;   {static_call}
  0x000001cd1ca2daa8: c5f8 77e8 

  0x000001cd1ca2daac: ; ImmutableOopMap {rbp=Oop [32]=Oop [52]=NarrowOop [56]=Oop [72]=Oop [80]=Oop [120]=Oop [128]=Oop [152]=Oop [168]=Oop [176]=Oop [184]=Oop [256]=Oop }
                      ;*invokestatic endInit {reexecute=0 rethrow=0 return_oop=0}
                      ; - java.util.jar.JarFile::ensureInitialization@53
                      ; - java.util.jar.JavaUtilJarAccessImpl::ensureInitialization@1
                      ; - jdk.internal.loader.URLClassPath$JarLoader$2::getManifest@10
                      ; - java.net.URLClassLoader::defineClass@34
                      ; - java.net.URLClassLoader$1::run@43
                      ; - java.net.URLClassLoader$1::run@1
                      ; - java.security.AccessController::executePrivileged@29
                      ; - java.security.AccessController::doPrivileged@13
                      ; - java.net.URLClassLoader::findClass@13
                      ; - java.lang.ClassLoader::loadClass@69
                      ; - java.lang.ClassLoader::loadClass@38
  0x000001cd1ca2daac: d015 79ff 

  0x000001cd1ca2dab0: ;   {other}
  0x000001cd1ca2dab0: 0f1f 8400 | 0000 0000 | 4c8b cde9 | eb01 0000 | 4c8b c8e9 | e301 0000 | 448b 5808 | 49ba 0000 
  0x000001cd1ca2dad0: 003b cd01 | 0000 4d03 | d348 8bd0 | e9da 0400 | 00eb 0044 | 8b40 0849 | ba00 0000 | 3bcd 0100 
  0x000001cd1ca2daf0: 004d 03d0 | 488b d0e9 | bf04 0000 | 448b 4008 | 49ba 0000 | 003b cd01 | 0000 4d03 | d04d 8b5a 
  0x000001cd1ca2db10: 504c 3bdd | 0f85 d604 | 0000 4533 | c9e9 7f02 | 0000 4c8b | c844 8b58 | 0849 ba00 | 0000 3bcd 
  0x000001cd1ca2db30: 0100 004d | 03d3 4d8b 

  0x000001cd1ca2db38: ;   {metadata('java/io/IOException')}
  0x000001cd1ca2db38: 5248 49bb | 5853 043c | cd01 0000 | 4d3b d30f | 855e 0100 | 004c 8bd8 | 498b 87b8 | 0100 004c 
  0x000001cd1ca2db58: 8bd0 4983 | c228 4d3b | 97c8 0100 | 000f 83e1 | 0400 004d | 8997 b801 | 0000 410f | 0d8a c000 
  0x000001cd1ca2db78: 0000 48c7 | 0001 0000 

  0x000001cd1ca2db80: ;   {metadata('java/lang/RuntimeException')}
  0x000001cd1ca2db80: 00c7 4008 | a8b7 0500 | 4489 600c | 4c89 6010 | 4c89 6018 | 4c89 6020 | 498b eb4c | 8bd0 4c89 
  0x000001cd1ca2dba0: 5424 2849 | 8bd2 4c8b | c548 8b6c | 2448 4c8b | 9424 b000 | 0000 4c89 | 5424 384c | 8b94 24a8 
  0x000001cd1ca2dbc0: 0000 004c | 8994 2498 | 0000 0044 | 8b9c 24c8 | 0000 0044 | 895c 2434 

  0x000001cd1ca2dbd8: ;   {optimized virtual_call}
  0x000001cd1ca2dbd8: c5f8 77e8 

  0x000001cd1ca2dbdc: ; ImmutableOopMap {rbp=Oop [32]=Oop [40]=Oop [52]=NarrowOop [56]=Oop [72]=Oop [80]=Oop [120]=Oop [128]=Oop [152]=Oop [168]=Oop [176]=Oop [184]=Oop [256]=Oop }
                      ;*invokespecial <init> {reexecute=0 rethrow=0 return_oop=0}
                      ; - java.util.jar.JarFile::ensureInitialization@13
                      ; - java.util.jar.JavaUtilJarAccessImpl::ensureInitialization@1
                      ; - jdk.internal.loader.URLClassPath$JarLoader$2::getManifest@10
                      ; - java.net.URLClassLoader::defineClass@34
                      ; - java.net.URLClassLoader$1::run@43
                      ; - java.net.URLClassLoader$1::run@1
                      ; - java.security.AccessController::executePrivileged@29
                      ; - java.security.AccessController::doPrivileged@13
                      ; - java.net.URLClassLoader::findClass@13
                      ; - java.lang.ClassLoader::loadClass@69
                      ; - java.lang.ClassLoader::loadClass@38
  0x000001cd1ca2dbdc: a00e 79ff 

  0x000001cd1ca2dbe0: ;   {other}
  0x000001cd1ca2dbe0: 0f1f 8400 | 0000 0000 | 4c8b 5c24 | 2048 8d84 | 2440 0100 | 0048 8338 | 000f 8479 | 0000 004d 
  0x000001cd1ca2dc00: 8b13 41f6 | c202 0f84 | 6200 0000 | 4983 ba86 | 0000 0000 | 7409 49ff | 8a86 0000 | 00eb 4b49 
  0x000001cd1ca2dc20: 8b82 9600 | 0000 490b | 828e 0000 | 0075 0a49 | c742 3e00 | 0000 00eb | 3d49 83ba | 9e00 0000 
  0x000001cd1ca2dc40: 0074 2248 | 33c0 49c7 | 423e 0000 | 0000 f083 | 0424 0049 | 83ba 9e00 | 0000 0075 | 0df0 4d0f 
  0x000001cd1ca2dc60: b17a 3e75 | 0583 c801 | eb0c a800 | eb08 4c8b | 10f0 4d0f | b113 750a | 49ff 8f50 | 0500 0045 
  0x000001cd1ca2dc80: 33d2 0f85 | 0104 0000 | 488b 5424 | 284c 8b54 | 2438 4c89 | 5424 2090 

  0x000001cd1ca2dc98: ;   {runtime_call _rethrow_Java}
  0x000001cd1ca2dc98: c5f8 77e8 

  0x000001cd1ca2dc9c: ; ImmutableOopMap {rbp=Oop [32]=Oop [72]=Oop [80]=Oop [120]=Oop [128]=Oop [152]=Oop [176]=Oop [184]=Oop }
                      ;*invokevirtual defineClass {reexecute=0 rethrow=0 return_oop=1}
                      ; - java.net.URLClassLoader$1::run@43
                      ; - java.net.URLClassLoader$1::run@1
                      ; - java.security.AccessController::executePrivileged@29
                      ; - java.security.AccessController::doPrivileged@13
                      ; - java.net.URLClassLoader::findClass@13
                      ; - java.lang.ClassLoader::loadClass@69
                      ; - java.lang.ClassLoader::loadClass@38
  0x000001cd1ca2dc9c: e0d7 85ff 

  0x000001cd1ca2dca0: ;   {other}
  0x000001cd1ca2dca0: 0f1f 8400 | 0000 0000 | 4c8b c84c | 8b5c 2420 | 488d 8424 | 4001 0000 | 4883 3800 | 0f84 7900 
  0x000001cd1ca2dcc0: 0000 4d8b | 1341 f6c2 | 020f 8462 | 0000 0049 | 83ba 8600 | 0000 0074 | 0949 ff8a | 8600 0000 
  0x000001cd1ca2dce0: eb4b 498b | 8296 0000 | 0049 0b82 | 8e00 0000 | 750a 49c7 | 423e 0000 | 0000 eb3d | 4983 ba9e 
  0x000001cd1ca2dd00: 0000 0000 | 7422 4833 | c049 c742 | 3e00 0000 | 00f0 8304 | 2400 4983 | ba9e 0000 | 0000 750d 
  0x000001cd1ca2dd20: f04d 0fb1 | 7a3e 7505 | 83c8 01eb | 0ca8 00eb | 084c 8b10 | f04d 0fb1 | 1375 0a49 | ff8f 5005 
  0x000001cd1ca2dd40: 0000 4533 | d20f 845c | 0200 0049 | 8bd9 488b | 4c24 2048 | 8d94 2440 | 0100 004d | 8bc7 c5f8 
  0x000001cd1ca2dd60: 7749 ba40 | d982 effc | 7f00 0041 

  0x000001cd1ca2dd6c: ;   {other}
  0x000001cd1ca2dd6c: ffd2 0f1f | 8400 0000 | 0000 4c8b | cbe9 2902 | 0000 448b | 5808 49ba | 0000 003b | cd01 0000 
  0x000001cd1ca2dd8c: 4d03 d34d | 8b5a 504c | 3bdd 0f85 | b000 0000 | 4c8b 4c24 | 3848 8b94 | 24b8 0000 | 004c 8b84 
  0x000001cd1ca2ddac: 2400 0100 | 0048 8b7c | 2420 488b | 6c24 484c | 8b54 2458 | 4c89 5424 | 3866 6690 

  0x000001cd1ca2ddc8: ;   {optimized virtual_call}
  0x000001cd1ca2ddc8: c5f8 77e8 

  0x000001cd1ca2ddcc: ; ImmutableOopMap {rbp=Oop [32]=Oop [40]=NarrowOop [56]=Oop [72]=Oop [80]=Oop [120]=Oop [128]=Oop [168]=Oop [176]=Oop [184]=Oop [200]=NarrowOop [256]=Oop }
                      ;*invokevirtual getAndVerifyPackage {reexecute=0 rethrow=0 return_oop=1}
                      ; - java.net.URLClassLoader::defineClass@97
                      ; - java.net.URLClassLoader$1::run@43
                      ; - java.net.URLClassLoader$1::run@1
                      ; - java.security.AccessController::executePrivileged@29
                      ; - java.security.AccessController::doPrivileged@13
                      ; - java.net.URLClassLoader::findClass@13
                      ; - java.lang.ClassLoader::loadClass@69
                      ; - java.lang.ClassLoader::loadClass@38
  0x000001cd1ca2ddcc: b00c 79ff 

  0x000001cd1ca2ddd0: ;   {other}
  0x000001cd1ca2ddd0: 0f1f 8400 | 0000 0000 | 4885 c00f | 85f4 74ff | ffba fd00 | 0000 4c8b | 5424 384c | 8954 2420 
  0x000001cd1ca2ddf0: 448b 5424 | 3044 8954 | 2428 4c8b | 5424 404c | 8954 2438 | 4c8b 5424 | 504c 8954 | 2440 4c8b 
  0x000001cd1ca2de10: 5424 784c | 8954 2450 | 4c8b 5424 | 684c 8954 | 2458 4c8b | 5424 704c | 8954 2460 | 4c8b 9424 
  0x000001cd1ca2de30: 8000 0000 | 4c89 5424 | 7866 6690 

  0x000001cd1ca2de3c: ;   {runtime_call UncommonTrapBlob}
  0x000001cd1ca2de3c: c5f8 77e8 

  0x000001cd1ca2de40: ; ImmutableOopMap {rbp=Oop [32]=Oop [64]=Oop [80]=Oop [120]=Oop [168]=Oop [184]=Oop [256]=Oop }
                      ;*new {reexecute=0 rethrow=0 return_oop=0}
                      ; - java.net.URLClassLoader::defineClass@103
                      ; - java.net.URLClassLoader$1::run@43
                      ; - java.net.URLClassLoader$1::run@1
                      ; - java.security.AccessController::executePrivileged@29
                      ; - java.security.AccessController::doPrivileged@13
                      ; - java.net.URLClassLoader::findClass@13
                      ; - java.lang.ClassLoader::loadClass@69
                      ; - java.lang.ClassLoader::loadClass@38
  0x000001cd1ca2de40: 3c65 79ff 

  0x000001cd1ca2de44: ;   {other}
  0x000001cd1ca2de44: 0f1f 8400 | 0000 0000 | 488b d0e9 | 6701 0000 | 4c8b d0e9 | 4801 0000 | 4c8b d0e9 | 4001 0000 
  0x000001cd1ca2de64: 4889 8424 | e000 0000 | 4c8b d54d | 85d2 7430 | 498b d248 | 8b6c 2448 | 4c8b 9424 | b000 0000 
  0x000001cd1ca2de84: 4c89 5424 | 2090 c5f8 | 7748 b8ff | ffff ffff 

  0x000001cd1ca2de94: ;   {virtual_call}
  0x000001cd1ca2de94: ffff ffe8 

  0x000001cd1ca2de98: ; ImmutableOopMap {rbp=Oop [32]=Oop [72]=Oop [80]=Oop [120]=Oop [128]=Oop [152]=Oop [168]=Oop [176]=Oop [184]=Oop [200]=NarrowOop [224]=Oop [256]=Oop }
                      ;*invokevirtual close {reexecute=0 rethrow=0 return_oop=0}
                      ; - java.util.jar.JarFile::getManifestFromReference@165
                      ; - java.util.jar.JarFile::getManifest@1
                      ; - jdk.internal.loader.URLClassPath$JarLoader$2::getManifest@22
                      ; - java.net.URLClassLoader::defineClass@34
                      ; - java.net.URLClassLoader$1::run@43
                      ; - java.net.URLClassLoader$1::run@1
                      ; - java.security.AccessController::executePrivileged@29
                      ; - java.security.AccessController::doPrivileged@13
                      ; - java.net.URLClassLoader::findClass@13
                      ; - java.lang.ClassLoader::loadClass@69
                      ; - java.lang.ClassLoader::loadClass@38
  0x000001cd1ca2de98: e40e 79ff 

  0x000001cd1ca2de9c: ;   {other}
  0x000001cd1ca2de9c: 0f1f 8400 | 0000 0000 | 4c8b 9424 | e000 0000 | e9f3 0000 | 004c 8bd0 | e9eb 0000 | 004c 8bd0 
  0x000001cd1ca2debc: e9e3 0000 | 004c 8bd0 | e9db 0000 | 004c 8bd0 | e9d3 0000 | 004c 8bd0 | e9cb 0000 | 004c 8bd0 
  0x000001cd1ca2dedc: e9c3 0000 | 004c 8bd0 | e9bb 0000 | 004c 8bd0 | e9b3 0000 | 004c 8bd0 | e9ab 0000 | 004c 8bd0 
  0x000001cd1ca2defc: e9a3 0000 | 0044 8b58 | 0849 ba00 | 0000 3bcd | 0100 004d | 03d3 488b | d0e9 a100 | 0000 448b 
  0x000001cd1ca2df1c: 5808 49ba | 0000 003b | cd01 0000 | 4d03 d348 | 8bd0 e988 | 0000 0044 | 8b58 0849 | ba00 0000 
  0x000001cd1ca2df3c: 3bcd 0100 | 004d 03d3 | 488b d0eb | 7244 8b58 | 0849 ba00 | 0000 3bcd | 0100 004d | 03d3 488b 
  0x000001cd1ca2df5c: d0eb 5c44 | 8b58 0849 | ba00 0000 | 3bcd 0100 | 004d 03d3 | 488b d0eb | 4644 8b58 | 0849 ba00 
  0x000001cd1ca2df7c: 0000 3bcd | 0100 004d | 03d3 488b | d0eb 3044 | 8b58 0849 | ba00 0000 | 3bcd 0100 

  0x000001cd1ca2df98: ;   {no_reloc}
  0x000001cd1ca2df98: 004d 03d3 | 488b d0eb | 1a4c 8bd0 | 4d8b ca45 | 8b41 0849 | ba00 0000 | 3bcd 0100 | 004d 03d0 
  0x000001cd1ca2dfb8: 498b d14d 

  0x000001cd1ca2dfbc: ;   {metadata('java/io/IOException')}
  0x000001cd1ca2dfbc: 8b52 4849 | bb58 5304 | 3ccd 0100 | 004d 3bd3 | 7427 488b | 6c24 484c | 8b94 24b0 | 0000 004c 
  0x000001cd1ca2dfdc: 8954 2420 

  0x000001cd1ca2dfe0: ;   {runtime_call _rethrow_Java}
  0x000001cd1ca2dfe0: c5f8 77e8 

  0x000001cd1ca2dfe4: ; ImmutableOopMap {rbp=Oop [32]=Oop [72]=Oop [80]=Oop [120]=Oop [128]=Oop [168]=Oop [176]=Oop [184]=Oop }
                      ;*invokevirtual defineClass {reexecute=0 rethrow=0 return_oop=1}
                      ; - java.net.URLClassLoader$1::run@43
                      ; - java.net.URLClassLoader$1::run@1
                      ; - java.security.AccessController::executePrivileged@29
                      ; - java.security.AccessController::doPrivileged@13
                      ; - java.net.URLClassLoader::findClass@13
                      ; - java.lang.ClassLoader::loadClass@69
                      ; - java.lang.ClassLoader::loadClass@38
  0x000001cd1ca2dfe4: 98d4 85ff 

  0x000001cd1ca2dfe8: ;   {other}
  0x000001cd1ca2dfe8: 0f1f 8400 | 0000 0000 | 488b d0eb | c648 8bea | ba2f 0000 | 004c 8b54 | 2448 4c89 | 5424 204c 
  0x000001cd1ca2e008: 8b94 24b0 | 0000 004c | 8954 2428 | 4c8b 5424 | 504c 8954 | 2448 4c8b | 5424 784c | 8954 2458 
  0x000001cd1ca2e028: 4c8b 5424 | 684c 8954 | 2460 4c8b | 5424 704c | 8954 2468 

  0x000001cd1ca2e03c: ;   {runtime_call UncommonTrapBlob}
  0x000001cd1ca2e03c: c5f8 77e8 

  0x000001cd1ca2e040: ; ImmutableOopMap {rbp=Oop [32]=Oop [40]=Oop [72]=Oop [88]=Oop [128]=Oop [184]=Oop }
                      ;*new {reexecute=0 rethrow=0 return_oop=0}
                      ; - java.net.URLClassLoader$1::run@48
                      ; - java.net.URLClassLoader$1::run@1
                      ; - java.security.AccessController::executePrivileged@29
                      ; - java.security.AccessController::doPrivileged@13
                      ; - java.net.URLClassLoader::findClass@13
                      ; - java.lang.ClassLoader::loadClass@69
                      ; - java.lang.ClassLoader::loadClass@38
  0x000001cd1ca2e040: 3c63 79ff 

  0x000001cd1ca2e044: ;   {other}
  0x000001cd1ca2e044: 0f1f 8400 | 0000 0000 

  0x000001cd1ca2e04c: ;   {metadata('java/lang/RuntimeException')}
  0x000001cd1ca2e04c: 498b eb48 | baa8 b705 | 3bcd 0100 | 004c 8b54 | 2458 4c89 | 5424 384c | 8b94 24a0 | 0000 004c 
  0x000001cd1ca2e06c: 8994 2498 | 0000 0090 

  0x000001cd1ca2e074: ;   {runtime_call _new_instance_Java}
  0x000001cd1ca2e074: c5f8 77e8 

  0x000001cd1ca2e078: ; ImmutableOopMap {rbp=Oop [32]=Oop [56]=Oop [72]=Oop [80]=Oop [120]=Oop [128]=Oop [152]=Oop [168]=Oop [176]=Oop [184]=Oop [200]=NarrowOop [256]=Oop }
                      ;*new {reexecute=0 rethrow=0 return_oop=1}
                      ; - java.util.jar.JarFile::ensureInitialization@8
                      ; - java.util.jar.JavaUtilJarAccessImpl::ensureInitialization@1
                      ; - jdk.internal.loader.URLClassPath$JarLoader$2::getManifest@10
                      ; - java.net.URLClassLoader::defineClass@34
                      ; - java.net.URLClassLoader$1::run@43
                      ; - java.net.URLClassLoader$1::run@1
                      ; - java.security.AccessController::executePrivileged@29
                      ; - java.security.AccessController::doPrivileged@13
                      ; - java.net.URLClassLoader::findClass@13
                      ; - java.lang.ClassLoader::loadClass@69
                      ; - java.lang.ClassLoader::loadClass@38
  0x000001cd1ca2e078: 0484 85ff 

  0x000001cd1ca2e07c: ;   {other}
  0x000001cd1ca2e07c: 0f1f 8400 | 0000 0000 | e912 fbff | ff49 8bcb | 488d 9424 | 4001 0000 | 4d8b c7c5 | f877 49ba 
  0x000001cd1ca2e09c: 40d9 82ef | fc7f 0000 

  0x000001cd1ca2e0a4: ;   {other}
  0x000001cd1ca2e0a4: 41ff d20f | 1f84 0000 | 0000 00e9 | d4fb ffff 

  0x000001cd1ca2e0b4: ;   {internal_word}
  0x000001cd1ca2e0b4: 49ba 8168 | a21c cd01 | 0000 4d89 | 9768 0400 

  0x000001cd1ca2e0c4: ;   {runtime_call SafepointBlob}
  0x000001cd1ca2e0c4: 00e9 b673 

  0x000001cd1ca2e0c8: ;   {runtime_call StubRoutines (final stubs)}
  0x000001cd1ca2e0c8: 79ff e811 | 8477 ffe9 | 8a54 ffff | f4f4 f4f4 
[Stub Code]
  0x000001cd1ca2e0d8: ;   {no_reloc}
  0x000001cd1ca2e0d8: 48bb 0000 | 0000 0000 

  0x000001cd1ca2e0e0: ;   {runtime_call nmethod}
  0x000001cd1ca2e0e0: 0000 e9fb 

  0x000001cd1ca2e0e4: ;   {static_stub}
  0x000001cd1ca2e0e4: ffff ff48 | bba8 0017 | 3bcd 0100 

  0x000001cd1ca2e0f0: ;   {runtime_call I2C/C2I adapters}
  0x000001cd1ca2e0f0: 00e9 6d53 

  0x000001cd1ca2e0f4: ;   {static_stub}
  0x000001cd1ca2e0f4: 79ff 48bb | 0000 0000 | 0000 0000 

  0x000001cd1ca2e100: ;   {runtime_call nmethod}
  0x000001cd1ca2e100: e9fb ffff 

  0x000001cd1ca2e104: ;   {static_stub}
  0x000001cd1ca2e104: ff48 bb70 | 2c21 3bcd 

  0x000001cd1ca2e10c: ;   {runtime_call I2C/C2I adapters}
  0x000001cd1ca2e10c: 0100 00e9 | 4f53 79ff 

  0x000001cd1ca2e114: ;   {static_stub}
  0x000001cd1ca2e114: 48bb 0000 | 0000 0000 

  0x000001cd1ca2e11c: ;   {runtime_call nmethod}
  0x000001cd1ca2e11c: 0000 e9fb 

  0x000001cd1ca2e120: ;   {static_stub}
  0x000001cd1ca2e120: ffff ff48 | bb00 0000 | 0000 0000 

  0x000001cd1ca2e12c: ;   {runtime_call nmethod}
  0x000001cd1ca2e12c: 00e9 fbff 

  0x000001cd1ca2e130: ;   {static_stub}
  0x000001cd1ca2e130: ffff 48bb | 0000 0000 | 0000 0000 

  0x000001cd1ca2e13c: ;   {runtime_call nmethod}
  0x000001cd1ca2e13c: e9fb ffff 

  0x000001cd1ca2e140: ;   {static_stub}
  0x000001cd1ca2e140: ff48 bb00 | 0000 0000 

  0x000001cd1ca2e148: ;   {runtime_call nmethod}
  0x000001cd1ca2e148: 0000 00e9 | fbff ffff 

  0x000001cd1ca2e150: ;   {static_stub}
  0x000001cd1ca2e150: 48bb 0000 | 0000 0000 

  0x000001cd1ca2e158: ;   {runtime_call nmethod}
  0x000001cd1ca2e158: 0000 e9fb 

  0x000001cd1ca2e15c: ;   {static_stub}
  0x000001cd1ca2e15c: ffff ff48 | bb00 0000 | 0000 0000 

  0x000001cd1ca2e168: ;   {runtime_call nmethod}
  0x000001cd1ca2e168: 00e9 fbff 

  0x000001cd1ca2e16c: ;   {static_stub}
  0x000001cd1ca2e16c: ffff 48bb | 0000 0000 | 0000 0000 

  0x000001cd1ca2e178: ;   {runtime_call nmethod}
  0x000001cd1ca2e178: e9fb ffff 

  0x000001cd1ca2e17c: ;   {static_stub}
  0x000001cd1ca2e17c: ff48 bb00 | 0000 0000 

  0x000001cd1ca2e184: ;   {runtime_call nmethod}
  0x000001cd1ca2e184: 0000 00e9 | fbff ffff 

  0x000001cd1ca2e18c: ;   {static_stub}
  0x000001cd1ca2e18c: 48bb 0000 | 0000 0000 

  0x000001cd1ca2e194: ;   {runtime_call nmethod}
  0x000001cd1ca2e194: 0000 e9fb 

  0x000001cd1ca2e198: ;   {static_stub}
  0x000001cd1ca2e198: ffff ff48 | bb00 0000 | 0000 0000 

  0x000001cd1ca2e1a4: ;   {runtime_call nmethod}
  0x000001cd1ca2e1a4: 00e9 fbff 

  0x000001cd1ca2e1a8: ;   {static_stub}
  0x000001cd1ca2e1a8: ffff 48bb | 0000 0000 | 0000 0000 

  0x000001cd1ca2e1b4: ;   {runtime_call nmethod}
  0x000001cd1ca2e1b4: e9fb ffff 

  0x000001cd1ca2e1b8: ;   {static_stub}
  0x000001cd1ca2e1b8: ff48 bb00 | 0000 0000 

  0x000001cd1ca2e1c0: ;   {runtime_call nmethod}
  0x000001cd1ca2e1c0: 0000 00e9 | fbff ffff 

  0x000001cd1ca2e1c8: ;   {static_stub}
  0x000001cd1ca2e1c8: 48bb 0000 | 0000 0000 

  0x000001cd1ca2e1d0: ;   {runtime_call nmethod}
  0x000001cd1ca2e1d0: 0000 e9fb 

  0x000001cd1ca2e1d4: ;   {static_stub}
  0x000001cd1ca2e1d4: ffff ff48 | bb00 0000 | 0000 0000 

  0x000001cd1ca2e1e0: ;   {runtime_call nmethod}
  0x000001cd1ca2e1e0: 00e9 fbff 

  0x000001cd1ca2e1e4: ;   {static_stub}
  0x000001cd1ca2e1e4: ffff 48bb | 0000 0000 | 0000 0000 

  0x000001cd1ca2e1f0: ;   {runtime_call nmethod}
  0x000001cd1ca2e1f0: e9fb ffff 

  0x000001cd1ca2e1f4: ;   {static_stub}
  0x000001cd1ca2e1f4: ff48 bb00 | 0000 0000 

  0x000001cd1ca2e1fc: ;   {runtime_call nmethod}
  0x000001cd1ca2e1fc: 0000 00e9 | fbff ffff 

  0x000001cd1ca2e204: ;   {static_stub}
  0x000001cd1ca2e204: 48bb 0000 | 0000 0000 

  0x000001cd1ca2e20c: ;   {runtime_call nmethod}
  0x000001cd1ca2e20c: 0000 e9fb 

  0x000001cd1ca2e210: ;   {static_stub}
  0x000001cd1ca2e210: ffff ff48 | bb00 0000 | 0000 0000 

  0x000001cd1ca2e21c: ;   {runtime_call nmethod}
  0x000001cd1ca2e21c: 00e9 fbff 

  0x000001cd1ca2e220: ;   {static_stub}
  0x000001cd1ca2e220: ffff 48bb | 0000 0000 | 0000 0000 

  0x000001cd1ca2e22c: ;   {runtime_call nmethod}
  0x000001cd1ca2e22c: e9fb ffff 

  0x000001cd1ca2e230: ;   {static_stub}
  0x000001cd1ca2e230: ff48 bb00 | 0000 0000 

  0x000001cd1ca2e238: ;   {runtime_call nmethod}
  0x000001cd1ca2e238: 0000 00e9 | fbff ffff 

  0x000001cd1ca2e240: ;   {static_stub}
  0x000001cd1ca2e240: 48bb 0000 | 0000 0000 

  0x000001cd1ca2e248: ;   {runtime_call nmethod}
  0x000001cd1ca2e248: 0000 e9fb 

  0x000001cd1ca2e24c: ;   {static_stub}
  0x000001cd1ca2e24c: ffff ff48 | bb00 0000 | 0000 0000 

  0x000001cd1ca2e258: ;   {runtime_call nmethod}
  0x000001cd1ca2e258: 00e9 fbff 

  0x000001cd1ca2e25c: ;   {static_stub}
  0x000001cd1ca2e25c: ffff 48bb | 0000 0000 | 0000 0000 

  0x000001cd1ca2e268: ;   {runtime_call nmethod}
  0x000001cd1ca2e268: e9fb ffff 

  0x000001cd1ca2e26c: ;   {static_stub}
  0x000001cd1ca2e26c: ff48 bb00 | 0000 0000 

  0x000001cd1ca2e274: ;   {runtime_call nmethod}
  0x000001cd1ca2e274: 0000 00e9 | fbff ffff 

  0x000001cd1ca2e27c: ;   {static_stub}
  0x000001cd1ca2e27c: 48bb 0000 | 0000 0000 

  0x000001cd1ca2e284: ;   {runtime_call nmethod}
  0x000001cd1ca2e284: 0000 e9fb 

  0x000001cd1ca2e288: ;   {static_stub}
  0x000001cd1ca2e288: ffff ff48 | bb00 0000 | 0000 0000 

  0x000001cd1ca2e294: ;   {runtime_call nmethod}
  0x000001cd1ca2e294: 00e9 fbff 

  0x000001cd1ca2e298: ;   {static_stub}
  0x000001cd1ca2e298: ffff 48bb | 0000 0000 | 0000 0000 

  0x000001cd1ca2e2a4: ;   {runtime_call nmethod}
  0x000001cd1ca2e2a4: e9fb ffff 

  0x000001cd1ca2e2a8: ;   {static_stub}
  0x000001cd1ca2e2a8: ff48 bb00 | 0000 0000 

  0x000001cd1ca2e2b0: ;   {runtime_call nmethod}
  0x000001cd1ca2e2b0: 0000 00e9 | fbff ffff 

  0x000001cd1ca2e2b8: ;   {static_stub}
  0x000001cd1ca2e2b8: 48bb 0000 | 0000 0000 

  0x000001cd1ca2e2c0: ;   {runtime_call nmethod}
  0x000001cd1ca2e2c0: 0000 e9fb 

  0x000001cd1ca2e2c4: ;   {static_stub}
  0x000001cd1ca2e2c4: ffff ff48 | bb00 0000 | 0000 0000 

  0x000001cd1ca2e2d0: ;   {runtime_call nmethod}
  0x000001cd1ca2e2d0: 00e9 fbff 

  0x000001cd1ca2e2d4: ;   {static_stub}
  0x000001cd1ca2e2d4: ffff 48bb | 0000 0000 | 0000 0000 

  0x000001cd1ca2e2e0: ;   {runtime_call nmethod}
  0x000001cd1ca2e2e0: e9fb ffff 

  0x000001cd1ca2e2e4: ;   {static_stub}
  0x000001cd1ca2e2e4: ff48 bb00 | 0000 0000 

  0x000001cd1ca2e2ec: ;   {runtime_call nmethod}
  0x000001cd1ca2e2ec: 0000 00e9 | fbff ffff 

  0x000001cd1ca2e2f4: ;   {static_stub}
  0x000001cd1ca2e2f4: 48bb 88f2 | 043b cd01 

  0x000001cd1ca2e2fc: ;   {runtime_call I2C/C2I adapters}
  0x000001cd1ca2e2fc: 0000 e968 

  0x000001cd1ca2e300: ;   {static_stub}
  0x000001cd1ca2e300: cb78 ff48 | bb00 0000 | 0000 0000 

  0x000001cd1ca2e30c: ;   {runtime_call nmethod}
  0x000001cd1ca2e30c: 00e9 fbff 

  0x000001cd1ca2e310: ;   {static_stub}
  0x000001cd1ca2e310: ffff 48bb | 0000 0000 | 0000 0000 

  0x000001cd1ca2e31c: ;   {runtime_call nmethod}
  0x000001cd1ca2e31c: e9fb ffff 

  0x000001cd1ca2e320: ;   {static_stub}
  0x000001cd1ca2e320: ff48 bb00 | 0000 0000 

  0x000001cd1ca2e328: ;   {runtime_call nmethod}
  0x000001cd1ca2e328: 0000 00e9 | fbff ffff 

  0x000001cd1ca2e330: ;   {static_stub}
  0x000001cd1ca2e330: 48bb 0000 | 0000 0000 

  0x000001cd1ca2e338: ;   {runtime_call nmethod}
  0x000001cd1ca2e338: 0000 e9fb 

  0x000001cd1ca2e33c: ;   {static_stub}
  0x000001cd1ca2e33c: ffff ff48 | bb00 0000 | 0000 0000 

  0x000001cd1ca2e348: ;   {runtime_call nmethod}
  0x000001cd1ca2e348: 00e9 fbff 

  0x000001cd1ca2e34c: ;   {static_stub}
  0x000001cd1ca2e34c: ffff 48bb | 0000 0000 | 0000 0000 

  0x000001cd1ca2e358: ;   {runtime_call nmethod}
  0x000001cd1ca2e358: e9fb ffff 

  0x000001cd1ca2e35c: ;   {static_stub}
  0x000001cd1ca2e35c: ff48 bb00 | 0000 0000 

  0x000001cd1ca2e364: ;   {runtime_call nmethod}
  0x000001cd1ca2e364: 0000 00e9 | fbff ffff 

  0x000001cd1ca2e36c: ;   {static_stub}
  0x000001cd1ca2e36c: 48bb 0000 | 0000 0000 

  0x000001cd1ca2e374: ;   {runtime_call nmethod}
  0x000001cd1ca2e374: 0000 e9fb 

  0x000001cd1ca2e378: ;   {static_stub}
  0x000001cd1ca2e378: ffff ff48 | bb00 0000 | 0000 0000 

  0x000001cd1ca2e384: ;   {runtime_call nmethod}
  0x000001cd1ca2e384: 00e9 fbff 

  0x000001cd1ca2e388: ;   {static_stub}
  0x000001cd1ca2e388: ffff 48bb | 0000 0000 | 0000 0000 

  0x000001cd1ca2e394: ;   {runtime_call nmethod}
  0x000001cd1ca2e394: e9fb ffff 

  0x000001cd1ca2e398: ;   {static_stub}
  0x000001cd1ca2e398: ff48 bb00 | 0000 0000 

  0x000001cd1ca2e3a0: ;   {runtime_call nmethod}
  0x000001cd1ca2e3a0: 0000 00e9 | fbff ffff 
[Exception Handler]
  0x000001cd1ca2e3a8: ;   {runtime_call ExceptionBlob}
  0x000001cd1ca2e3a8: e9d3 4785 | ffe8 0000 | 0000 4883 

  0x000001cd1ca2e3b4: ;   {runtime_call DeoptimizationBlob}
  0x000001cd1ca2e3b4: 2c24 05e9 | 6463 79ff | f4f4 f4f4 
[/MachCode]


Compiled method (c2) 17622 3802       4       java.lang.ClassLoader::loadClass (7 bytes)
 total in heap  [0x000001cd1cac1410,0x000001cd1cac16b8] = 680
 relocation     [0x000001cd1cac1570,0x000001cd1cac1590] = 32
 main code      [0x000001cd1cac15a0,0x000001cd1cac1638] = 152
 stub code      [0x000001cd1cac1638,0x000001cd1cac1650] = 24
 metadata       [0x000001cd1cac1650,0x000001cd1cac1658] = 8
 scopes data    [0x000001cd1cac1658,0x000001cd1cac1668] = 16
 scopes pcs     [0x000001cd1cac1668,0x000001cd1cac1698] = 48
 dependencies   [0x000001cd1cac1698,0x000001cd1cac16a0] = 8
 handler table  [0x000001cd1cac16a0,0x000001cd1cac16b8] = 24

[Constant Pool (empty)]

[MachCode]
[Entry Point]
  # {method} {0x000001cd3b0143f0} 'loadClass' '(Ljava/lang/String;)Ljava/lang/Class;' in 'java/lang/ClassLoader'
  # this:     rdx:rdx   = 'java/lang/ClassLoader'
  # parm0:    r8:r8     = 'java/lang/String'
  #           [sp+0x20]  (sp of caller)
  0x000001cd1cac15a0: 448b 5208 | 49bb 0000 | 003b cd01 | 0000 4d03 | d349 3bc2 

  0x000001cd1cac15b4: ;   {runtime_call ic_miss_stub}
  0x000001cd1cac15b4: 0f85 c6d1 | 6fff 6690 | 0f1f 4000 
[Verified Entry Point]
  0x000001cd1cac15c0: 8984 2400 | 80ff ff55 | 4883 ec10 | 4181 7f20 | 0300 0000 | 0f85 5000 | 0000 4533 | c948 b8ff 
  0x000001cd1cac15e0: ffff ffff 

  0x000001cd1cac15e4: ;   {virtual_call}
  0x000001cd1cac15e4: ffff ffe8 

  0x000001cd1cac15e8: ; ImmutableOopMap {}
                      ;*invokevirtual loadClass {reexecute=0 rethrow=0 return_oop=1}
                      ; - java.lang.ClassLoader::loadClass@3
  0x000001cd1cac15e8: 043d 7cff 

  0x000001cd1cac15ec: ;   {other}
  0x000001cd1cac15ec: 0f1f 8400 | dc01 0000 | 4883 c410 

  0x000001cd1cac15f8: ;   {poll_return}
  0x000001cd1cac15f8: 5d49 3ba7 | 5004 0000 | 0f87 0e00 | 0000 c348 | 8bd0 4883 

  0x000001cd1cac160c: ;   {runtime_call _rethrow_Java}
  0x000001cd1cac160c: c410 5de9 | 6c9e 7cff 

  0x000001cd1cac1614: ;   {internal_word}
  0x000001cd1cac1614: 49ba f915 | ac1c cd01 | 0000 4d89 | 9768 0400 

  0x000001cd1cac1624: ;   {runtime_call SafepointBlob}
  0x000001cd1cac1624: 00e9 563e 

  0x000001cd1cac1628: ;   {runtime_call StubRoutines (final stubs)}
  0x000001cd1cac1628: 70ff e8b1 | 4e6e ffe9 | a6ff ffff | f4f4 f4f4 
[Exception Handler]
  0x000001cd1cac1638: ;   {no_reloc}
  0x000001cd1cac1638: e943 157c | ffe8 0000 | 0000 4883 

  0x000001cd1cac1644: ;   {runtime_call DeoptimizationBlob}
  0x000001cd1cac1644: 2c24 05e9 | d430 70ff | f4f4 f4f4 
[/MachCode]


---------------  P R O C E S S  ---------------

Threads class SMR info:
_java_thread_list=0x000001cd00255010, length=33, elements={
0x000001cd09320bb0, 0x000001cd3749b8f0, 0x000001cd3749e560, 0x000001cd374a36d0,
0x000001cd374a64f0, 0x000001cd374a6f50, 0x000001cd374a79b0, 0x000001cd374a8870,
0x000001cd374b7750, 0x000001cd3a7a7e90, 0x000001cd3a75eb40, 0x000001cd017cc2a0,
0x000001cd018ab980, 0x000001cd0033c910, 0x000001cd3a64d2a0, 0x000001cd3a63c350,
0x000001cd003b1450, 0x000001cd00636840, 0x000001cd006361b0, 0x000001cd00635b20,
0x000001cd00636ed0, 0x000001cd00638fa0, 0x000001cd00637bf0, 0x000001cd00638910,
0x000001cd0211a270, 0x000001cd02118ec0, 0x000001cd0211b620, 0x000001cd0211c9d0,
0x000001cd02119550, 0x000001cd0211d6f0, 0x000001cd0211dd80, 0x000001cd0211f130,
0x000001cd0211eaa0
}

Java Threads: ( => current thread )
  0x000001cd09320bb0 JavaThread "main"                              [_thread_blocked, id=72056, stack(0x0000005db6400000,0x0000005db6500000) (1024K)]
  0x000001cd3749b8f0 JavaThread "Reference Handler"          daemon [_thread_blocked, id=56876, stack(0x0000005db6c00000,0x0000005db6d00000) (1024K)]
  0x000001cd3749e560 JavaThread "Finalizer"                  daemon [_thread_blocked, id=52560, stack(0x0000005db6d00000,0x0000005db6e00000) (1024K)]
  0x000001cd374a36d0 JavaThread "Signal Dispatcher"          daemon [_thread_blocked, id=77496, stack(0x0000005db6e00000,0x0000005db6f00000) (1024K)]
  0x000001cd374a64f0 JavaThread "Attach Listener"            daemon [_thread_blocked, id=74944, stack(0x0000005db6f00000,0x0000005db7000000) (1024K)]
  0x000001cd374a6f50 JavaThread "Service Thread"             daemon [_thread_blocked, id=36272, stack(0x0000005db7000000,0x0000005db7100000) (1024K)]
  0x000001cd374a79b0 JavaThread "Monitor Deflation Thread"   daemon [_thread_blocked, id=1256, stack(0x0000005db7100000,0x0000005db7200000) (1024K)]
  0x000001cd374a8870 JavaThread "C2 CompilerThread0"         daemon [_thread_blocked, id=53676, stack(0x0000005db7200000,0x0000005db7300000) (1024K)]
  0x000001cd374b7750 JavaThread "C1 CompilerThread0"         daemon [_thread_blocked, id=6440, stack(0x0000005db7300000,0x0000005db7400000) (1024K)]
  0x000001cd3a7a7e90 JavaThread "Common-Cleaner"             daemon [_thread_blocked, id=62796, stack(0x0000005db7500000,0x0000005db7600000) (1024K)]
  0x000001cd3a75eb40 JavaThread "Notification Thread"        daemon [_thread_blocked, id=60572, stack(0x0000005db7600000,0x0000005db7700000) (1024K)]
  0x000001cd017cc2a0 JavaThread "Daemon health stats"               [_thread_blocked, id=72276, stack(0x0000005db7700000,0x0000005db7800000) (1024K)]
  0x000001cd018ab980 JavaThread "Incoming local TCP Connector on port 33300"        [_thread_in_native, id=7688, stack(0x0000005db7d00000,0x0000005db7e00000) (1024K)]
  0x000001cd0033c910 JavaThread "Daemon periodic checks"            [_thread_blocked, id=52772, stack(0x0000005db7e00000,0x0000005db7f00000) (1024K)]
  0x000001cd3a64d2a0 JavaThread "Daemon"                            [_thread_blocked, id=23660, stack(0x0000005db8200000,0x0000005db8300000) (1024K)]
  0x000001cd3a63c350 JavaThread "Handler for socket connection from /127.0.0.1:33300 to /127.0.0.1:33305"        [_thread_in_native, id=58276, stack(0x0000005db8300000,0x0000005db8400000) (1024K)]
  0x000001cd003b1450 JavaThread "Cancel handler"                    [_thread_blocked, id=44120, stack(0x0000005db8400000,0x0000005db8500000) (1024K)]
=>0x000001cd00636840 JavaThread "Daemon worker"                     [_thread_in_vm, id=75708, stack(0x0000005db8100000,0x0000005db8200000) (1024K)]
  0x000001cd006361b0 JavaThread "Asynchronous log dispatcher for DefaultDaemonConnection: socket connection from /127.0.0.1:33300 to /127.0.0.1:33305"        [_thread_blocked, id=77624, stack(0x0000005db8600000,0x0000005db8700000) (1024K)]
  0x000001cd00635b20 JavaThread "Stdin handler"                     [_thread_blocked, id=24420, stack(0x0000005db8700000,0x0000005db8800000) (1024K)]
  0x000001cd00636ed0 JavaThread "Daemon client event forwarder"        [_thread_blocked, id=52344, stack(0x0000005db8800000,0x0000005db8900000) (1024K)]
  0x000001cd00638fa0 JavaThread "Cache worker for journal cache (C:\Users\AJI\.gradle\caches\journal-1)"        [_thread_blocked, id=37072, stack(0x0000005db8500000,0x0000005db8600000) (1024K)]
  0x000001cd00637bf0 JavaThread "File lock request listener"        [_thread_in_native, id=78852, stack(0x0000005db8900000,0x0000005db8a00000) (1024K)]
  0x000001cd00638910 JavaThread "File lock release action executor"        [_thread_blocked, id=79136, stack(0x0000005db8a00000,0x0000005db8b00000) (1024K)]
  0x000001cd0211a270 JavaThread "Cache worker for file hash cache (C:\Users\AJI\.gradle\caches\9.1.0\fileHashes)"        [_thread_blocked, id=79172, stack(0x0000005db8b00000,0x0000005db8c00000) (1024K)]
  0x000001cd02118ec0 JavaThread "Cache worker for file hash cache (C:\Users\AJI\Documents\Gostriders\gostriders\android\.gradle\9.1.0\fileHashes)"        [_thread_blocked, id=53300, stack(0x0000005db9500000,0x0000005db9600000) (1024K)]
  0x000001cd0211b620 JavaThread "Cache worker for Build Output Cleanup Cache (C:\Users\AJI\Documents\Gostriders\gostriders\android\.gradle\buildOutputCleanup)"        [_thread_blocked, id=77752, stack(0x0000005db9600000,0x0000005db9700000) (1024K)]
  0x000001cd0211c9d0 JavaThread "File watcher server"        daemon [_thread_in_native, id=77244, stack(0x0000005db9700000,0x0000005db9800000) (1024K)]
  0x000001cd02119550 JavaThread "File watcher consumer"      daemon [_thread_blocked, id=45052, stack(0x0000005db9800000,0x0000005db9900000) (1024K)]
  0x000001cd0211d6f0 JavaThread "Cache worker for checksums cache (C:\Users\AJI\Documents\Gostriders\gostriders\android\.gradle\9.1.0\checksums)"        [_thread_blocked, id=79400, stack(0x0000005db9900000,0x0000005db9a00000) (1024K)]
  0x000001cd0211dd80 JavaThread "Cache worker for file content cache (C:\Users\AJI\.gradle\caches\9.1.0\fileContent)"        [_thread_blocked, id=56904, stack(0x0000005db9a00000,0x0000005db9b00000) (1024K)]
  0x000001cd0211f130 JavaThread "Cache worker for cache directory md-supplier (C:\Users\AJI\.gradle\caches\9.1.0\md-supplier)"        [_thread_blocked, id=68772, stack(0x0000005db9b00000,0x0000005db9c00000) (1024K)]
  0x000001cd0211eaa0 JavaThread "Cache worker for cache directory md-rule (C:\Users\AJI\.gradle\caches\9.1.0\md-rule)"        [_thread_blocked, id=41244, stack(0x0000005db9c00000,0x0000005db9d00000) (1024K)]
Total: 33

Other Threads:
  0x000001cd374813d0 VMThread "VM Thread"                           [id=37336, stack(0x0000005db6b00000,0x0000005db6c00000) (1024K)] _threads_hazard_ptr=0x000001cd00255010
  0x000001cd37474bf0 WatcherThread "VM Periodic Task Thread"        [id=56332, stack(0x0000005db6a00000,0x0000005db6b00000) (1024K)]
  0x000001cd093cd670 WorkerThread "GC Thread#0"                     [id=53348, stack(0x0000005db6500000,0x0000005db6600000) (1024K)]
  0x000001cd000d0d20 WorkerThread "GC Thread#1"                     [id=56128, stack(0x0000005db7800000,0x0000005db7900000) (1024K)]
  0x000001cd000f7160 WorkerThread "GC Thread#2"                     [id=58292, stack(0x0000005db7900000,0x0000005db7a00000) (1024K)]
  0x000001cd3a86d7f0 WorkerThread "GC Thread#3"                     [id=54592, stack(0x0000005db7a00000,0x0000005db7b00000) (1024K)]
  0x000001cd3a8de0f0 WorkerThread "GC Thread#4"                     [id=75636, stack(0x0000005db7b00000,0x0000005db7c00000) (1024K)]
  0x000001cd3a8de4a0 WorkerThread "GC Thread#5"                     [id=77584, stack(0x0000005db7c00000,0x0000005db7d00000) (1024K)]
  0x000001cd01ea1cd0 WorkerThread "GC Thread#6"                     [id=28704, stack(0x0000005db7400000,0x0000005db7500000) (1024K)]
  0x000001cd3a627ec0 WorkerThread "GC Thread#7"                     [id=77428, stack(0x0000005db7f00000,0x0000005db8000000) (1024K)]
  0x000001cd01e808d0 WorkerThread "GC Thread#8"                     [id=79644, stack(0x0000005db8000000,0x0000005db8100000) (1024K)]
  0x000001cd01e81030 WorkerThread "GC Thread#9"                     [id=79648, stack(0x0000005db8c00000,0x0000005db8d00000) (1024K)]
  0x000001cd01e80c80 WorkerThread "GC Thread#10"                    [id=79700, stack(0x0000005db8d00000,0x0000005db8e00000) (1024K)]
  0x000001cd01e813e0 WorkerThread "GC Thread#11"                    [id=79748, stack(0x0000005db8e00000,0x0000005db8f00000) (1024K)]
  0x000001cd01e7fdc0 WorkerThread "GC Thread#12"                    [id=79132, stack(0x0000005db8f00000,0x0000005db9000000) (1024K)]
  0x000001cd01e80520 WorkerThread "GC Thread#13"                    [id=79776, stack(0x0000005db9000000,0x0000005db9100000) (1024K)]
  0x000001cd01e7fa10 WorkerThread "GC Thread#14"                    [id=79772, stack(0x0000005db9100000,0x0000005db9200000) (1024K)]
  0x000001cd372f0080 ConcurrentGCThread "G1 Main Marker"            [id=53760, stack(0x0000005db6600000,0x0000005db6700000) (1024K)]
  0x000001cd372f1820 WorkerThread "G1 Conc#0"                       [id=20596, stack(0x0000005db6700000,0x0000005db6800000) (1024K)]
  0x000001cd01d5d650 WorkerThread "G1 Conc#1"                       [id=51956, stack(0x0000005db9200000,0x0000005db9300000) (1024K)]
  0x000001cd01d5e160 WorkerThread "G1 Conc#2"                       [id=48792, stack(0x0000005db9300000,0x0000005db9400000) (1024K)]
  0x000001cd01d5c3e0 WorkerThread "G1 Conc#3"                       [id=40816, stack(0x0000005db9400000,0x0000005db9500000) (1024K)]
  0x000001cd373bce30 ConcurrentGCThread "G1 Refine#0"               [id=15860, stack(0x0000005db6800000,0x0000005db6900000) (1024K)]
  0x000001cd373bd8c0 ConcurrentGCThread "G1 Service"                [id=33964, stack(0x0000005db6900000,0x0000005db6a00000) (1024K)]
Total: 24

Threads with active compile tasks:
Total: 0

VM state: synchronizing (normal execution)

VM Mutex/Monitor currently owned by a thread:  ([mutex/lock_event])
[0x00007ffcefdad530] Metaspace_lock - owner thread: 0x000001cd00636840
[0x00007ffcefdaf5b0] Threads_lock - owner thread: 0x000001cd374813d0

Heap address: 0x0000000600000000, size: 8192 MB, Compressed Oops mode: Zero based, Oop shift amount: 3

CDS archive(s) mapped at: [0x000001cd3b000000-0x000001cd3bba0000-0x000001cd3bba0000), size 12189696, SharedBaseAddress: 0x000001cd3b000000, ArchiveRelocationMode: 1.
Compressed class space mapped at: 0x000001cd3c000000-0x000001cd7c000000, reserved size: 1073741824
Narrow klass base: 0x000001cd3b000000, Narrow klass shift: 0, Narrow klass range: 0x100000000

GC Precious Log:
 CardTable entry size: 512
 Card Set container configuration: InlinePtr #cards 4 size 8 Array Of Cards #cards 32 size 80 Howl #buckets 8 coarsen threshold 7372 Howl Bitmap #cards 1024 size 144 coarsen threshold 921 Card regions per heap region 1 cards per card region 8192
 CPUs: 20 total, 20 available
 Memory: 16068M
 Large Page Support: Disabled
 NUMA Support: Disabled
 Compressed Oops: Enabled (Zero based)
 Heap Region Size: 4M
 Heap Min Capacity: 8M
 Heap Initial Capacity: 252M
 Heap Max Capacity: 8G
 Pre-touch: Disabled
 Parallel Workers: 15
 Concurrent Workers: 4
 Concurrent Refinement Workers: 15
 Periodic GC: Disabled

Heap:
 garbage-first heap   total 102400K, used 68271K [0x0000000600000000, 0x0000000800000000)
  region size 4096K, 13 young (53248K), 2 survivors (8192K)
 Metaspace       used 32936K, committed 34240K, reserved 1114112K
  class space    used 4813K, committed 5440K, reserved 1048576K

Heap Regions: E=young(eden), S=young(survivor), O=old, HS=humongous(starts), HC=humongous(continues), CS=collection set, F=free, TAMS=top-at-mark-start, PB=parsable bottom
|   0|0x0000000600000000, 0x0000000600400000, 0x0000000600400000|100%|HS|  |TAMS 0x0000000600000000| PB 0x0000000600000000| Complete 
|   1|0x0000000600400000, 0x0000000600800000, 0x0000000600800000|100%| O|  |TAMS 0x0000000600400000| PB 0x0000000600400000| Untracked 
|   2|0x0000000600800000, 0x0000000600ba7648, 0x0000000600c00000| 91%| O|  |TAMS 0x0000000600800000| PB 0x0000000600800000| Untracked 
|   3|0x0000000600c00000, 0x0000000600c00000, 0x0000000601000000|  0%| F|  |TAMS 0x0000000600c00000| PB 0x0000000600c00000| Untracked 
|   4|0x0000000601000000, 0x0000000601000000, 0x0000000601400000|  0%| F|  |TAMS 0x0000000601000000| PB 0x0000000601000000| Untracked 
|   5|0x0000000601400000, 0x0000000601400000, 0x0000000601800000|  0%| F|  |TAMS 0x0000000601400000| PB 0x0000000601400000| Untracked 
|   6|0x0000000601800000, 0x0000000601800000, 0x0000000601c00000|  0%| F|  |TAMS 0x0000000601800000| PB 0x0000000601800000| Untracked 
|   7|0x0000000601c00000, 0x0000000601c00000, 0x0000000602000000|  0%| F|  |TAMS 0x0000000601c00000| PB 0x0000000601c00000| Untracked 
|   8|0x0000000602000000, 0x0000000602000000, 0x0000000602400000|  0%| F|  |TAMS 0x0000000602000000| PB 0x0000000602000000| Untracked 
|   9|0x0000000602400000, 0x00000006024c4dc8, 0x0000000602800000| 19%| E|  |TAMS 0x0000000602400000| PB 0x0000000602400000| Complete 
|  10|0x0000000602800000, 0x0000000602c00000, 0x0000000602c00000|100%| E|CS|TAMS 0x0000000602800000| PB 0x0000000602800000| Complete 
|  11|0x0000000602c00000, 0x0000000603000000, 0x0000000603000000|100%| E|CS|TAMS 0x0000000602c00000| PB 0x0000000602c00000| Complete 
|  12|0x0000000603000000, 0x0000000603400000, 0x0000000603400000|100%| E|CS|TAMS 0x0000000603000000| PB 0x0000000603000000| Complete 
|  13|0x0000000603400000, 0x0000000603800000, 0x0000000603800000|100%| E|CS|TAMS 0x0000000603400000| PB 0x0000000603400000| Complete 
|  14|0x0000000603800000, 0x0000000603c00000, 0x0000000603c00000|100%| E|CS|TAMS 0x0000000603800000| PB 0x0000000603800000| Complete 
|  15|0x0000000603c00000, 0x0000000604000000, 0x0000000604000000|100%| E|CS|TAMS 0x0000000603c00000| PB 0x0000000603c00000| Complete 
|  16|0x0000000604000000, 0x0000000604400000, 0x0000000604400000|100%| S|CS|TAMS 0x0000000604000000| PB 0x0000000604000000| Complete 
|  17|0x0000000604400000, 0x0000000604560b38, 0x0000000604800000| 34%| S|CS|TAMS 0x0000000604400000| PB 0x0000000604400000| Complete 
|  52|0x000000060d000000, 0x000000060d400000, 0x000000060d400000|100%| E|CS|TAMS 0x000000060d000000| PB 0x000000060d000000| Complete 
|  53|0x000000060d400000, 0x000000060d800000, 0x000000060d800000|100%| E|CS|TAMS 0x000000060d400000| PB 0x000000060d400000| Complete 
|  54|0x000000060d800000, 0x000000060dc00000, 0x000000060dc00000|100%| E|CS|TAMS 0x000000060d800000| PB 0x000000060d800000| Complete 
|  62|0x000000060f800000, 0x000000060fc00000, 0x000000060fc00000|100%| E|CS|TAMS 0x000000060f800000| PB 0x000000060f800000| Complete 
|2045|0x00000007ff400000, 0x00000007ff5a3ca8, 0x00000007ff800000| 40%| O|  |TAMS 0x00000007ff400000| PB 0x00000007ff400000| Untracked 
|2046|0x00000007ff800000, 0x00000007ffc00000, 0x00000007ffc00000|100%| O|  |TAMS 0x00000007ff800000| PB 0x00000007ff800000| Untracked 
|2047|0x00000007ffc00000, 0x0000000800000000, 0x0000000800000000|100%| O|  |TAMS 0x00000007ffc00000| PB 0x00000007ffc00000| Untracked 

Card table byte_map: [0x000001cd2e1e0000,0x000001cd2f1e0000] _byte_map_base: 0x000001cd2b1e0000

Marking Bits: (CMBitMap*) 0x000001cd093cdc90
 Bits: [0x000001cd2f1e0000, 0x000001cd371e0000)

Polling page: 0x000001cd08ae0000

Metaspace:

Usage:
  Non-class:     27.46 MB used.
      Class:      4.70 MB used.
       Both:     32.17 MB used.

Virtual space:
  Non-class space:       64.00 MB reserved,      28.12 MB ( 44%) committed,  1 nodes.
      Class space:        1.00 GB reserved,       5.31 MB ( <1%) committed,  1 nodes.
             Both:        1.06 GB reserved,      33.44 MB (  3%) committed. 

Chunk freelists:
   Non-Class:  3.67 MB
       Class:  10.52 MB
        Both:  14.19 MB

MaxMetaspaceSize: 4.00 GB
CompressedClassSpaceSize: 1.00 GB
Initial GC threshold: 21.00 MB
Current GC threshold: 35.12 MB
CDS: on
 - commit_granule_bytes: 65536.
 - commit_granule_words: 8192.
 - virtual_space_node_default_size: 8388608.
 - enlarge_chunks_in_place: 1.
 - use_allocation_guard: 0.


Internal statistics:

num_allocs_failed_limit: 3.
num_arena_births: 2304.
num_arena_deaths: 0.
num_vsnodes_births: 2.
num_vsnodes_deaths: 0.
num_space_committed: 535.
num_space_uncommitted: 0.
num_chunks_returned_to_freelist: 3.
num_chunks_taken_from_freelist: 3912.
num_chunk_merges: 3.
num_chunk_splits: 2527.
num_chunks_enlarged: 1508.
num_inconsistent_stats: 0.

CodeHeap 'non-profiled nmethods': size=258432Kb used=2319Kb max_used=2319Kb free=256112Kb
 bounds [0x000001cd1c8c0000, 0x000001cd1cb30000, 0x000001cd2c520000]
CodeHeap 'profiled nmethods': size=258368Kb used=8418Kb max_used=8418Kb free=249949Kb
 bounds [0x000001cd0c520000, 0x000001cd0cd60000, 0x000001cd1c170000]
CodeHeap 'non-nmethods': size=7488Kb used=1449Kb max_used=3137Kb free=6038Kb
 bounds [0x000001cd1c170000, 0x000001cd1c490000, 0x000001cd1c8c0000]
CodeCache: size=524288Kb, used=12186Kb, max_used=13874Kb, free=512099Kb
 total_blobs=4797, nmethods=4198, adapters=503, full_count=0
Compilation: enabled, stopped_count=0, restarted_count=0

Compilation events (20 events):
Event: 16.864 Thread 0x000001cd374b7750 nmethod 4187 0x000001cd0cd55f90 code [0x000001cd0cd561a0, 0x000001cd0cd56898]
Event: 16.865 Thread 0x000001cd374b7750 4188       3       java.lang.invoke.BoundMethodHandle$Species_LLL::copyWithExtendL (29 bytes)
Event: 16.866 Thread 0x000001cd374b7750 nmethod 4188 0x000001cd0cd56b90 code [0x000001cd0cd56d60, 0x000001cd0cd571e8]
Event: 16.880 Thread 0x000001cd374b7750 4189   !   3       java.lang.Class::desiredAssertionStatus (54 bytes)
Event: 16.880 Thread 0x000001cd374b7750 nmethod 4189 0x000001cd0cd57310 code [0x000001cd0cd57520, 0x000001cd0cd57a40]
Event: 16.881 Thread 0x000001cd374b7750 4190       3       org.gradle.internal.instantiation.generator.AbstractClassGenerator$ClassGenerationHandler::<init> (5 bytes)
Event: 16.882 Thread 0x000001cd374b7750 nmethod 4190 0x000001cd0cd57c10 code [0x000001cd0cd57dc0, 0x000001cd0cd57f88]
Event: 16.882 Thread 0x000001cd374b7750 4191       3       org.gradle.internal.instantiation.generator.AbstractClassGenerator$ClassGenerationHandler::<init> (5 bytes)
Event: 16.882 Thread 0x000001cd374b7750 nmethod 4191 0x000001cd0cd58090 code [0x000001cd0cd58240, 0x000001cd0cd583a8]
Event: 16.882 Thread 0x000001cd374a8870 4193       4       java.lang.Class::getInterfaces (49 bytes)
Event: 16.882 Thread 0x000001cd374b7750 4194       3       org.gradle.internal.instantiation.generator.AbstractClassGenerator$MethodMetadata::shouldImplement (16 bytes)
Event: 16.882 Thread 0x000001cd374b7750 nmethod 4194 0x000001cd0cd58490 code [0x000001cd0cd58640, 0x000001cd0cd58878]
Event: 16.889 Thread 0x000001cd374a8870 nmethod 4193 0x000001cd1cafc110 code [0x000001cd1cafc300, 0x000001cd1cafc9f8]
Event: 16.898 Thread 0x000001cd374a8870 4195   !   4       java.lang.ClassLoader::addClass (27 bytes)
Event: 16.910 Thread 0x000001cd374a8870 nmethod 4195 0x000001cd1cafcc90 code [0x000001cd1cafce60, 0x000001cd1cafd9e0]
Event: 17.001 Thread 0x000001cd374a8870 4196       4       java.util.zip.ZipFile$InflaterCleanupAction::run (12 bytes)
Event: 17.009 Thread 0x000001cd374a8870 nmethod 4196 0x000001cd1cafdd90 code [0x000001cd1cafdf80, 0x000001cd1cafe998]
Event: 17.009 Thread 0x000001cd374a8870 4197   !   4       java.util.zip.ZipFile$CleanableResource::releaseInflater (53 bytes)
Event: 17.017 Thread 0x000001cd374a8870 nmethod 4197 0x000001cd1cafee10 code [0x000001cd1caff000, 0x000001cd1caff9c0]
Event: 17.019 Thread 0x000001cd374a8870 4198       4       java.lang.ClassLoader::postDefineClass (39 bytes)

GC Heap History (10 events):
Event: 0.539 GC heap before
{Heap before GC invocations=0 (full 0):
 garbage-first heap   total 258048K, used 20480K [0x0000000600000000, 0x0000000800000000)
  region size 4096K, 5 young (20480K), 0 survivors (0K)
 Metaspace       used 882K, committed 1024K, reserved 1114112K
  class space    used 71K, committed 128K, reserved 1048576K
}
Event: 0.551 GC heap after
{Heap after GC invocations=1 (full 0):
 garbage-first heap   total 258048K, used 1440K [0x0000000600000000, 0x0000000800000000)
  region size 4096K, 1 young (4096K), 1 survivors (4096K)
 Metaspace       used 882K, committed 1024K, reserved 1114112K
  class space    used 71K, committed 128K, reserved 1048576K
}
Event: 2.092 GC heap before
{Heap before GC invocations=1 (full 0):
 garbage-first heap   total 258048K, used 46496K [0x0000000600000000, 0x0000000800000000)
  region size 4096K, 11 young (45056K), 1 survivors (4096K)
 Metaspace       used 4604K, committed 4800K, reserved 1114112K
  class space    used 581K, committed 704K, reserved 1048576K
}
Event: 2.098 GC heap after
{Heap after GC invocations=2 (full 0):
 garbage-first heap   total 258048K, used 11502K [0x0000000600000000, 0x0000000800000000)
  region size 4096K, 2 young (8192K), 2 survivors (8192K)
 Metaspace       used 4604K, committed 4800K, reserved 1114112K
  class space    used 581K, committed 704K, reserved 1048576K
}
Event: 13.742 GC heap before
{Heap before GC invocations=2 (full 0):
 garbage-first heap   total 258048K, used 117998K [0x0000000600000000, 0x0000000800000000)
  region size 4096K, 29 young (118784K), 2 survivors (8192K)
 Metaspace       used 16488K, committed 16960K, reserved 1114112K
  class space    used 2270K, committed 2496K, reserved 1048576K
}
Event: 13.768 GC heap after
{Heap after GC invocations=3 (full 0):
 garbage-first heap   total 258048K, used 21429K [0x0000000600000000, 0x0000000800000000)
  region size 4096K, 4 young (16384K), 4 survivors (16384K)
 Metaspace       used 16488K, committed 16960K, reserved 1114112K
  class space    used 2270K, committed 2496K, reserved 1048576K
}
Event: 14.681 GC heap before
{Heap before GC invocations=3 (full 0):
 garbage-first heap   total 258048K, used 46005K [0x0000000600000000, 0x0000000800000000)
  region size 4096K, 12 young (49152K), 4 survivors (16384K)
 Metaspace       used 20834K, committed 21504K, reserved 1114112K
  class space    used 2882K, committed 3200K, reserved 1048576K
}
Event: 14.695 GC heap after
{Heap after GC invocations=4 (full 0):
 garbage-first heap   total 258048K, used 24172K [0x0000000600000000, 0x0000000800000000)
  region size 4096K, 3 young (12288K), 3 survivors (12288K)
 Metaspace       used 20834K, committed 21504K, reserved 1114112K
  class space    used 2882K, committed 3200K, reserved 1048576K
}
Event: 15.999 GC heap before
{Heap before GC invocations=5 (full 0):
 garbage-first heap   total 81920K, used 81516K [0x0000000600000000, 0x0000000800000000)
  region size 4096K, 17 young (69632K), 3 survivors (12288K)
 Metaspace       used 27928K, committed 28928K, reserved 1114112K
  class space    used 4012K, committed 4480K, reserved 1048576K
}
Event: 16.010 GC heap after
{Heap after GC invocations=6 (full 0):
 garbage-first heap   total 102400K, used 27311K [0x0000000600000000, 0x0000000800000000)
  region size 4096K, 2 young (8192K), 2 survivors (8192K)
 Metaspace       used 27928K, committed 28928K, reserved 1114112K
  class space    used 4012K, committed 4480K, reserved 1048576K
}

Dll operation events (20 events):
Event: 0.128 Attempting to load shared library C:\Users\AJI\.vscode\extensions\redhat.java-1.56.0-win32-x64\jre\21.0.12.1-win32-x86_64\bin\nio.dll
Event: 0.129 Loaded shared library C:\Users\AJI\.vscode\extensions\redhat.java-1.56.0-win32-x64\jre\21.0.12.1-win32-x86_64\bin\nio.dll
Event: 0.135 Attempting to load shared library C:\Users\AJI\.vscode\extensions\redhat.java-1.56.0-win32-x64\jre\21.0.12.1-win32-x86_64\bin\zip.dll
Event: 0.135 Loaded shared library C:\Users\AJI\.vscode\extensions\redhat.java-1.56.0-win32-x64\jre\21.0.12.1-win32-x86_64\bin\zip.dll
Event: 0.572 Attempting to load shared library C:\Users\AJI\.vscode\extensions\redhat.java-1.56.0-win32-x64\jre\21.0.12.1-win32-x86_64\bin\jimage.dll
Event: 0.572 Loaded shared library C:\Users\AJI\.vscode\extensions\redhat.java-1.56.0-win32-x64\jre\21.0.12.1-win32-x86_64\bin\jimage.dll
Event: 0.887 Attempting to load shared library C:\Users\AJI\.vscode\extensions\redhat.java-1.56.0-win32-x64\jre\21.0.12.1-win32-x86_64\bin\verify.dll
Event: 0.887 Loaded shared library C:\Users\AJI\.vscode\extensions\redhat.java-1.56.0-win32-x64\jre\21.0.12.1-win32-x86_64\bin\verify.dll
Event: 0.975 Attempting to load shared library C:\Users\AJI\.gradle\native\1def1411415f61bf3af743bc5b6707747c0891f09f0c88961ee8f79bc544acac\windows-amd64\native-platform.dll
Event: 0.976 Loaded shared library C:\Users\AJI\.gradle\native\1def1411415f61bf3af743bc5b6707747c0891f09f0c88961ee8f79bc544acac\windows-amd64\native-platform.dll
Event: 0.993 Attempting to load shared library C:\Users\AJI\.gradle\native\0.2.8\x86_64-windows-gnu\gradle-fileevents.dll
Event: 0.994 Loaded shared library C:\Users\AJI\.gradle\native\0.2.8\x86_64-windows-gnu\gradle-fileevents.dll
Event: 4.272 Attempting to load shared library C:\Users\AJI\.vscode\extensions\redhat.java-1.56.0-win32-x64\jre\21.0.12.1-win32-x86_64\bin\management.dll
Event: 4.278 Loaded shared library C:\Users\AJI\.vscode\extensions\redhat.java-1.56.0-win32-x64\jre\21.0.12.1-win32-x86_64\bin\management.dll
Event: 4.281 Attempting to load shared library C:\Users\AJI\.vscode\extensions\redhat.java-1.56.0-win32-x64\jre\21.0.12.1-win32-x86_64\bin\management_ext.dll
Event: 4.295 Loaded shared library C:\Users\AJI\.vscode\extensions\redhat.java-1.56.0-win32-x64\jre\21.0.12.1-win32-x86_64\bin\management_ext.dll
Event: 4.538 Attempting to load shared library C:\Users\AJI\.vscode\extensions\redhat.java-1.56.0-win32-x64\jre\21.0.12.1-win32-x86_64\bin\extnet.dll
Event: 4.538 Loaded shared library C:\Users\AJI\.vscode\extensions\redhat.java-1.56.0-win32-x64\jre\21.0.12.1-win32-x86_64\bin\extnet.dll
Event: 5.379 Attempting to load shared library C:\Users\AJI\.vscode\extensions\redhat.java-1.56.0-win32-x64\jre\21.0.12.1-win32-x86_64\bin\sunmscapi.dll
Event: 5.381 Loaded shared library C:\Users\AJI\.vscode\extensions\redhat.java-1.56.0-win32-x64\jre\21.0.12.1-win32-x86_64\bin\sunmscapi.dll

Deoptimization events (20 events):
Event: 16.242 Thread 0x000001cd00636840 Uncommon trap: trap_request=0xffffffbe fr.pc=0x000001cd1cacf2e0 relative=0x0000000000001080
Event: 16.242 Thread 0x000001cd00636840 Uncommon trap: reason=profile_predicate action=maybe_recompile pc=0x000001cd1cacf2e0 method=java.lang.invoke.InvokerBytecodeGenerator.<init>(Ljava/lang/String;Ljava/lang/String;Ljava/lang/invoke/LambdaForm;Ljava/lang/invoke/MethodType;)V @ 33 c2
Event: 16.242 Thread 0x000001cd00636840 DEOPT PACKING pc=0x000001cd1cacf2e0 sp=0x0000005db81f8e90
Event: 16.242 Thread 0x000001cd00636840 DEOPT UNPACKING pc=0x000001cd1c1c4422 sp=0x0000005db81f8e40 mode 2
Event: 16.307 Thread 0x000001cd00636840 DEOPT PACKING pc=0x000001cd0cb8a1f6 sp=0x0000005db81f80c0
Event: 16.307 Thread 0x000001cd00636840 DEOPT UNPACKING pc=0x000001cd1c1c4bc2 sp=0x0000005db81f75d0 mode 0
Event: 16.745 Thread 0x000001cd00636840 DEOPT PACKING pc=0x000001cd0cb9b6d6 sp=0x0000005db81f8f00
Event: 16.745 Thread 0x000001cd00636840 DEOPT UNPACKING pc=0x000001cd1c1c4bc2 sp=0x0000005db81f8370 mode 0
Event: 16.783 Thread 0x000001cd00636840 DEOPT PACKING pc=0x000001cd0cb8a1f6 sp=0x0000005db81f89c0
Event: 16.783 Thread 0x000001cd00636840 DEOPT UNPACKING pc=0x000001cd1c1c4bc2 sp=0x0000005db81f7ed0 mode 0
Event: 16.857 Thread 0x000001cd00636840 Uncommon trap: trap_request=0xffffff45 fr.pc=0x000001cd1cadf760 relative=0x00000000000002c0
Event: 16.857 Thread 0x000001cd00636840 Uncommon trap: reason=unstable_if action=reinterpret pc=0x000001cd1cadf760 method=java.util.HashMap.putVal(ILjava/lang/Object;Ljava/lang/Object;ZZ)Ljava/lang/Object; @ 162 c2
Event: 16.857 Thread 0x000001cd00636840 DEOPT PACKING pc=0x000001cd1cadf760 sp=0x0000005db81f98f0
Event: 16.857 Thread 0x000001cd00636840 DEOPT UNPACKING pc=0x000001cd1c1c4422 sp=0x0000005db81f9800 mode 2
Event: 16.880 Thread 0x000001cd00636840 Uncommon trap: trap_request=0xffffffde fr.pc=0x000001cd1c8d03d0 relative=0x00000000000001b0
Event: 16.880 Thread 0x000001cd00636840 Uncommon trap: reason=class_check action=maybe_recompile pc=0x000001cd1c8d03d0 method=java.lang.String.equals(Ljava/lang/Object;)Z @ 8 c2
Event: 16.880 Thread 0x000001cd00636840 DEOPT PACKING pc=0x000001cd1c8d03d0 sp=0x0000005db81f9050
Event: 16.880 Thread 0x000001cd00636840 DEOPT UNPACKING pc=0x000001cd1c1c4422 sp=0x0000005db81f8fe8 mode 2
Event: 17.028 Thread 0x000001cd00636840 DEOPT PACKING pc=0x000001cd0ca757c9 sp=0x0000005db81f8360
Event: 17.028 Thread 0x000001cd00636840 DEOPT UNPACKING pc=0x000001cd1c1c4bc2 sp=0x0000005db81f7860 mode 0

Classes loaded (20 events):
Event: 16.993 Loading class java/beans/BeanInfo done
Event: 17.015 Loading class java/util/EventListener
Event: 17.015 Loading class java/util/EventListener done
Event: 17.040 Loading class java/io/PrintWriter
Event: 17.041 Loading class java/io/PrintWriter done
Event: 17.041 Loading class java/util/TimerTask
Event: 17.041 Loading class java/util/TimerTask done
Event: 17.041 Loading class java/util/Timer
Event: 17.041 Loading class java/util/Timer done
Event: 17.043 Loading class java/lang/Process
Event: 17.043 Loading class java/lang/Process done
Event: 17.044 Loading class java/util/stream/DoubleStream
Event: 17.044 Loading class java/util/stream/DoubleStream done
Event: 17.044 Loading class java/util/stream/LongStream
Event: 17.045 Loading class java/util/stream/LongStream done
Event: 17.045 Loading class java/util/OptionalDouble
Event: 17.045 Loading class java/util/OptionalDouble done
Event: 17.045 Loading class java/util/OptionalInt
Event: 17.045 Loading class java/util/OptionalInt done
Event: 17.045 Loading class java/util/OptionalLong

Classes unloaded (0 events):
No events

Classes redefined (0 events):
No events

Internal exceptions (20 events):
Event: 16.040 Thread 0x000001cd00636840 Exception <a 'java/lang/NoSuchMethodError'{0x000000060fa4f4c0}: 'java.lang.Object java.lang.invoke.DirectMethodHandle$Holder.newInvokeSpecial(java.lang.Object, java.lang.Object, java.lang.Object, java.lang.Object, java.lang.Object, java.lang.Object, java.lang.Object, java.lang.Object, java.lang.Object, java.lang.Object, java.lang.Object, java.lang.Object)'> (0x000000060fa4f4c0) 
thrown [s\src\hotspot\share\interpreter\linkResolver.cpp, line 773]
Event: 16.074 Thread 0x000001cd00636840 Exception <a 'java/lang/NoSuchMethodError'{0x000000060fbdf088}: 'java.lang.Object java.lang.invoke.DirectMethodHandle$Holder.invokeSpecialIFC(java.lang.Object, java.lang.Object, java.lang.Object, java.lang.Object)'> (0x000000060fbdf088) 
thrown [s\src\hotspot\share\interpreter\linkResolver.cpp, line 773]
Event: 16.149 Thread 0x000001cd00636840 Exception <a 'java/lang/NoSuchMethodError'{0x000000060d4414c0}: 'java.lang.Object java.lang.invoke.DirectMethodHandle$Holder.invokeVirtual(java.lang.Object, java.lang.Object, java.lang.Object, java.lang.Object, java.lang.Object, java.lang.Object, java.lang.Object, java.lang.Object, java.lang.Object, java.lang.Object, java.lang.Object, java.lang.Object, java.lang.Object, java.lang.Object, java.lang.Object, java.lang.Object, java.lang.Object, java.lang.Object, java.lang.Object, java.lang.Object, java.lang.Ob
Event: 16.149 Thread 0x000001cd00636840 Exception <a 'java/lang/NoSuchMethodError'{0x000000060d447fe0}: 'java.lang.Object java.lang.invoke.DelegatingMethodHandle$Holder.reinvoke_L(java.lang.Object, java.lang.Object, java.lang.Object, java.lang.Object, java.lang.Object, java.lang.Object, java.lang.Object, java.lang.Object, java.lang.Object, java.lang.Object, java.lang.Object, java.lang.Object, java.lang.Object, java.lang.Object, java.lang.Object, java.lang.Object, java.lang.Object, java.lang.Object, java.lang.Object, java.lang.Object, java.lang.O
Event: 16.194 Thread 0x000001cd00636840 Implicit null exception at 0x000001cd1c9e4f3d to 0x000001cd1c9e51c0
Event: 16.364 Thread 0x000001cd00636840 Exception <a 'java/lang/NoSuchMethodError'{0x0000000603d266a0}: 'java.lang.Object java.lang.invoke.DirectMethodHandle$Holder.newInvokeSpecial(java.lang.Object, java.lang.Object, int, int)'> (0x0000000603d266a0) 
thrown [s\src\hotspot\share\interpreter\linkResolver.cpp, line 773]
Event: 16.407 Thread 0x000001cd00636840 Exception <a 'java/lang/NoSuchMethodError'{0x0000000603d637e0}: 'void java.lang.invoke.DirectMethodHandle$Holder.invokeSpecial(java.lang.Object, java.lang.Object, int)'> (0x0000000603d637e0) 
thrown [s\src\hotspot\share\interpreter\linkResolver.cpp, line 773]
Event: 16.407 Thread 0x000001cd00636840 Exception <a 'java/lang/NoSuchMethodError'{0x0000000603d67d80}: 'void java.lang.invoke.Invokers$Holder.invokeExact_MT(java.lang.Object, int, java.lang.Object)'> (0x0000000603d67d80) 
thrown [s\src\hotspot\share\interpreter\linkResolver.cpp, line 773]
Event: 16.574 Thread 0x000001cd00636840 Exception <a 'java/lang/NoSuchMethodError'{0x0000000603b50710}: 'java.lang.Object java.lang.invoke.Invokers$Holder.linkToTargetMethod(java.lang.Object, java.lang.Object, java.lang.Object, java.lang.Object, java.lang.Object, java.lang.Object, java.lang.Object, java.lang.Object, java.lang.Object, java.lang.Object, java.lang.Object, java.lang.Object)'> (0x0000000603b50710) 
thrown [s\src\hotspot\share\interpreter\linkResolver.cpp, line 773]
Event: 16.596 Thread 0x000001cd00636840 Exception <a 'java/lang/NoSuchMethodError'{0x000000060341bb90}: 'java.lang.Object java.lang.invoke.DirectMethodHandle$Holder.newInvokeSpecial(java.lang.Object, java.lang.Object, java.lang.Object, java.lang.Object, java.lang.Object, java.lang.Object, java.lang.Object, java.lang.Object, java.lang.Object, java.lang.Object, java.lang.Object, java.lang.Object, java.lang.Object, java.lang.Object, java.lang.Object)'> (0x000000060341bb90) 
thrown [s\src\hotspot\share\interpreter\linkResolver.cpp, line 773]
Event: 16.596 Thread 0x000001cd00636840 Exception <a 'java/lang/NoSuchMethodError'{0x0000000603421f70}: 'java.lang.Object java.lang.invoke.DirectMethodHandle$Holder.invokeSpecial(java.lang.Object, java.lang.Object, java.lang.Object, java.lang.Object, java.lang.Object, java.lang.Object, java.lang.Object, java.lang.Object, java.lang.Object, java.lang.Object, java.lang.Object, java.lang.Object, java.lang.Object, java.lang.Object, java.lang.Object, java.lang.Object)'> (0x0000000603421f70) 
thrown [s\src\hotspot\share\interpreter\linkResolver.cpp, li
Event: 16.596 Thread 0x000001cd00636840 Exception <a 'java/lang/NoSuchMethodError'{0x00000006034271f0}: 'java.lang.Object java.lang.invoke.DelegatingMethodHandle$Holder.reinvoke_L(java.lang.Object, java.lang.Object, java.lang.Object, java.lang.Object, java.lang.Object, java.lang.Object, java.lang.Object, java.lang.Object, java.lang.Object, java.lang.Object, java.lang.Object, java.lang.Object, java.lang.Object, java.lang.Object, java.lang.Object)'> (0x00000006034271f0) 
thrown [s\src\hotspot\share\interpreter\linkResolver.cpp, line 773]
Event: 16.739 Thread 0x000001cd00636840 Exception <a 'java/lang/NoSuchMethodError'{0x00000006032268f0}: 'java.lang.Object java.lang.invoke.DelegatingMethodHandle$Holder.reinvoke_L(java.lang.Object, java.lang.Object, java.lang.Object, java.lang.Object, java.lang.Object, java.lang.Object, java.lang.Object, java.lang.Object, java.lang.Object, java.lang.Object, java.lang.Object, java.lang.Object, java.lang.Object, java.lang.Object, java.lang.Object, java.lang.Object, java.lang.Object, java.lang.Object, java.lang.Object, java.lang.Object, java.lang.O
Event: 16.748 Thread 0x000001cd00636840 Exception <a 'java/lang/NoSuchMethodError'{0x000000060330b338}: 'java.lang.Object java.lang.invoke.DirectMethodHandle$Holder.invokeStatic(java.lang.Object, java.lang.Object, java.lang.Object, java.lang.Object, java.lang.Object, java.lang.Object, java.lang.Object, java.lang.Object, java.lang.Object, java.lang.Object, java.lang.Object, java.lang.Object, java.lang.Object, java.lang.Object, java.lang.Object, java.lang.Object, java.lang.Object, java.lang.Object, java.lang.Object, java.lang.Object, java.lang.Obj
Event: 16.751 Thread 0x000001cd00636840 Exception <a 'java/lang/NoSuchMethodError'{0x0000000603341080}: 'java.lang.Object java.lang.invoke.DirectMethodHandle$Holder.invokeStatic(java.lang.Object, java.lang.Object, java.lang.Object, java.lang.Object, java.lang.Object, java.lang.Object, java.lang.Object, java.lang.Object, java.lang.Object, java.lang.Object, java.lang.Object, java.lang.Object, java.lang.Object, java.lang.Object, java.lang.Object, java.lang.Object, java.lang.Object, java.lang.Object, java.lang.Object, java.lang.Object, java.lang.Obj
Event: 16.753 Thread 0x000001cd00636840 Exception <a 'java/lang/NoSuchMethodError'{0x0000000603378078}: 'java.lang.Object java.lang.invoke.DirectMethodHandle$Holder.invokeStatic(java.lang.Object, java.lang.Object, java.lang.Object, java.lang.Object, java.lang.Object, java.lang.Object, java.lang.Object, java.lang.Object, java.lang.Object, java.lang.Object, java.lang.Object, java.lang.Object, java.lang.Object, java.lang.Object, java.lang.Object, java.lang.Object, java.lang.Object, java.lang.Object, java.lang.Object, java.lang.Object, java.lang.Obj
Event: 16.756 Thread 0x000001cd00636840 Exception <a 'java/lang/NoSuchMethodError'{0x00000006033b08b8}: 'java.lang.Object java.lang.invoke.DirectMethodHandle$Holder.invokeStatic(java.lang.Object, java.lang.Object, java.lang.Object, java.lang.Object, java.lang.Object, java.lang.Object, java.lang.Object, java.lang.Object, java.lang.Object, java.lang.Object, java.lang.Object, java.lang.Object, java.lang.Object, java.lang.Object, java.lang.Object, java.lang.Object, java.lang.Object, java.lang.Object, java.lang.Object, java.lang.Object, java.lang.Obj
Event: 16.759 Thread 0x000001cd00636840 Exception <a 'java/lang/NoSuchMethodError'{0x00000006033ec180}: 'java.lang.Object java.lang.invoke.DirectMethodHandle$Holder.invokeStatic(java.lang.Object, java.lang.Object, java.lang.Object, java.lang.Object, java.lang.Object, java.lang.Object, java.lang.Object, java.lang.Object, java.lang.Object, java.lang.Object, java.lang.Object, java.lang.Object, java.lang.Object, java.lang.Object, java.lang.Object, java.lang.Object, java.lang.Object, java.lang.Object, java.lang.Object, java.lang.Object, java.lang.Obj
Event: 16.763 Thread 0x000001cd00636840 Exception <a 'java/lang/NoSuchMethodError'{0x0000000602c29dd8}: 'java.lang.Object java.lang.invoke.DirectMethodHandle$Holder.invokeStatic(java.lang.Object, java.lang.Object, java.lang.Object, java.lang.Object, java.lang.Object, java.lang.Object, java.lang.Object, java.lang.Object, java.lang.Object, java.lang.Object, java.lang.Object, java.lang.Object, java.lang.Object, java.lang.Object, java.lang.Object, java.lang.Object, java.lang.Object, java.lang.Object, java.lang.Object, java.lang.Object, java.lang.Obj
Event: 16.820 Thread 0x000001cd00636840 Exception <a 'java/lang/NoSuchMethodError'{0x0000000602ebfd80}: 'java.lang.Object java.lang.invoke.DirectMethodHandle$Holder.newInvokeSpecial(java.lang.Object, java.lang.Object, java.lang.Object, java.lang.Object, java.lang.Object, java.lang.Object, java.lang.Object, java.lang.Object, java.lang.Object)'> (0x0000000602ebfd80) 
thrown [s\src\hotspot\share\interpreter\linkResolver.cpp, line 773]

ZGC Phase Switch (0 events):
No events

VM Operations (20 events):
Event: 13.859 Executing non-safepoint VM operation: HandshakeAllThreads (Deoptimize)
Event: 13.859 Executing non-safepoint VM operation: HandshakeAllThreads (Deoptimize) done
Event: 14.681 Executing safepoint VM operation: CollectForMetadataAllocation (Metadata GC Threshold)
Event: 14.695 Executing safepoint VM operation: CollectForMetadataAllocation (Metadata GC Threshold) done
Event: 14.702 Executing safepoint VM operation: G1PauseRemark
Event: 14.705 Executing safepoint VM operation: G1PauseRemark done
Event: 14.706 Executing safepoint VM operation: G1PauseCleanup
Event: 14.715 Executing safepoint VM operation: G1PauseCleanup done
Event: 15.563 Executing non-safepoint VM operation: HandshakeAllThreads (Deoptimize)
Event: 15.563 Executing non-safepoint VM operation: HandshakeAllThreads (Deoptimize) done
Event: 15.596 Executing safepoint VM operation: ICBufferFull
Event: 15.596 Executing safepoint VM operation: ICBufferFull done
Event: 15.723 Executing non-safepoint VM operation: HandshakeAllThreads (Deoptimize)
Event: 15.723 Executing non-safepoint VM operation: HandshakeAllThreads (Deoptimize) done
Event: 15.994 Executing non-safepoint VM operation: HandshakeAllThreads (Deoptimize)
Event: 15.994 Executing non-safepoint VM operation: HandshakeAllThreads (Deoptimize) done
Event: 15.999 Executing safepoint VM operation: G1CollectForAllocation (G1 Evacuation Pause)
Event: 16.010 Executing safepoint VM operation: G1CollectForAllocation (G1 Evacuation Pause) done
Event: 16.197 Executing non-safepoint VM operation: HandshakeAllThreads (Deoptimize)
Event: 16.197 Executing non-safepoint VM operation: HandshakeAllThreads (Deoptimize) done

Memory protections (0 events):
No events

Nmethod flushes (0 events):
No events

Events (20 events):
Event: 5.913 Thread 0x000001cd004205e0 Thread added: 0x000001cd3a7cb560
Event: 5.925 Thread 0x000001cd00636840 Thread added: 0x000001cd006361b0
Event: 5.932 Thread 0x000001cd00636840 Thread added: 0x000001cd00635b20
Event: 5.941 Thread 0x000001cd00636840 Thread added: 0x000001cd00636ed0
Event: 6.522 Thread 0x000001cd3a7cb560 Thread exited: 0x000001cd3a7cb560
Event: 6.744 Thread 0x000001cd00636840 Thread added: 0x000001cd00638fa0
Event: 6.754 Thread 0x000001cd00636840 Thread added: 0x000001cd00637bf0
Event: 7.228 Thread 0x000001cd00637bf0 Thread added: 0x000001cd00638910
Event: 7.335 Thread 0x000001cd00636840 Thread added: 0x000001cd0211a270
Event: 9.017 Thread 0x000001cd007f5700 Thread exited: 0x000001cd007f5700
Event: 9.066 Thread 0x000001cd004205e0 Thread exited: 0x000001cd004205e0
Event: 13.061 Thread 0x000001cd3a627ec0 Thread exited: 0x000001cd3a627ec0
Event: 15.246 Thread 0x000001cd00636840 Thread added: 0x000001cd02118ec0
Event: 15.275 Thread 0x000001cd00636840 Thread added: 0x000001cd0211b620
Event: 15.648 Thread 0x000001cd00636840 Thread added: 0x000001cd0211c9d0
Event: 15.658 Thread 0x000001cd00636840 Thread added: 0x000001cd02119550
Event: 16.052 Thread 0x000001cd00636840 Thread added: 0x000001cd0211d6f0
Event: 16.123 Thread 0x000001cd00636840 Thread added: 0x000001cd0211dd80
Event: 16.587 Thread 0x000001cd00636840 Thread added: 0x000001cd0211f130
Event: 16.701 Thread 0x000001cd00636840 Thread added: 0x000001cd0211eaa0


Dynamic libraries:
0x00007ff79bf90000 - 0x00007ff79bf9e000 	C:\Users\AJI\.vscode\extensions\redhat.java-1.56.0-win32-x64\jre\21.0.12.1-win32-x86_64\bin\java.exe
0x00007ffe02160000 - 0x00007ffe023c7000 	C:\WINDOWS\SYSTEM32\ntdll.dll
0x00007ffe003b0000 - 0x00007ffe0047b000 	C:\WINDOWS\System32\KERNEL32.DLL
0x00007ffdff6f0000 - 0x00007ffdffaf2000 	C:\WINDOWS\System32\KERNELBASE.dll
0x00007ffdff410000 - 0x00007ffdff55c000 	C:\WINDOWS\System32\ucrtbase.dll
0x00007ffd821c0000 - 0x00007ffd821d8000 	C:\Users\AJI\.vscode\extensions\redhat.java-1.56.0-win32-x64\jre\21.0.12.1-win32-x86_64\bin\jli.dll
0x00007ffe019a0000 - 0x00007ffe01b6f000 	C:\WINDOWS\System32\USER32.dll
0x00007ffdc0f00000 - 0x00007ffdc0f1e000 	C:\Users\AJI\.vscode\extensions\redhat.java-1.56.0-win32-x64\jre\21.0.12.1-win32-x86_64\bin\VCRUNTIME140.dll
0x00007ffddfe30000 - 0x00007ffde00c0000 	C:\WINDOWS\WinSxS\amd64_microsoft.windows.common-controls_6595b64144ccf1df_6.0.26100.9278_none_3e0d1ba8e3303201\COMCTL32.dll
0x00007ffdff570000 - 0x00007ffdff597000 	C:\WINDOWS\System32\win32u.dll
0x00007ffe018c0000 - 0x00007ffe01969000 	C:\WINDOWS\System32\msvcrt.dll
0x00007ffe01970000 - 0x00007ffe0199b000 	C:\WINDOWS\System32\GDI32.dll
0x00007ffdffc90000 - 0x00007ffdffdb9000 	C:\WINDOWS\System32\gdi32full.dll
0x00007ffdff360000 - 0x00007ffdff403000 	C:\WINDOWS\System32\msvcp_win.dll
0x00007ffe01b90000 - 0x00007ffe01bc1000 	C:\WINDOWS\System32\IMM32.DLL
0x00007ffdd7ca0000 - 0x00007ffdd7cac000 	C:\Users\AJI\.vscode\extensions\redhat.java-1.56.0-win32-x64\jre\21.0.12.1-win32-x86_64\bin\vcruntime140_1.dll
0x00007ffd7e7f0000 - 0x00007ffd7e87d000 	C:\Users\AJI\.vscode\extensions\redhat.java-1.56.0-win32-x64\jre\21.0.12.1-win32-x86_64\bin\msvcp140.dll
0x00007ffcef0f0000 - 0x00007ffcefe92000 	C:\Users\AJI\.vscode\extensions\redhat.java-1.56.0-win32-x64\jre\21.0.12.1-win32-x86_64\bin\server\jvm.dll
0x00007ffe002e0000 - 0x00007ffe0039c000 	C:\WINDOWS\System32\ADVAPI32.dll
0x00007ffe00230000 - 0x00007ffe002d9000 	C:\WINDOWS\System32\sechost.dll
0x00007ffdfff30000 - 0x00007ffe00048000 	C:\WINDOWS\System32\RPCRT4.dll
0x00007ffe01720000 - 0x00007ffe017a0000 	C:\WINDOWS\System32\WS2_32.dll
0x00007ffdff1c0000 - 0x00007ffdff21e000 	C:\WINDOWS\SYSTEM32\POWRPROF.dll
0x00007ffdfb560000 - 0x00007ffdfb596000 	C:\WINDOWS\SYSTEM32\WINMM.dll
0x00007ffdf5020000 - 0x00007ffdf502b000 	C:\WINDOWS\SYSTEM32\VERSION.dll
0x00007ffdff1a0000 - 0x00007ffdff1b5000 	C:\WINDOWS\SYSTEM32\UMPDC.dll
0x00007ffdfdf70000 - 0x00007ffdfdf8b000 	C:\WINDOWS\SYSTEM32\kernel.appcore.dll
0x00007ffdd7be0000 - 0x00007ffdd7bea000 	C:\Users\AJI\.vscode\extensions\redhat.java-1.56.0-win32-x64\jre\21.0.12.1-win32-x86_64\bin\jimage.dll
0x00007ffdfc940000 - 0x00007ffdfcb8c000 	C:\WINDOWS\SYSTEM32\DBGHELP.DLL
0x00007ffe00d20000 - 0x00007ffe010a5000 	C:\WINDOWS\System32\combase.dll
0x00007ffe011b0000 - 0x00007ffe01289000 	C:\WINDOWS\System32\OLEAUT32.dll
0x00007ffdde450000 - 0x00007ffdde48b000 	C:\WINDOWS\SYSTEM32\dbgcore.DLL
0x00007ffdffdc0000 - 0x00007ffdffe6c000 	C:\WINDOWS\System32\bcryptPrimitives.dll
0x00007ffdd70d0000 - 0x00007ffdd70df000 	C:\Users\AJI\.vscode\extensions\redhat.java-1.56.0-win32-x64\jre\21.0.12.1-win32-x86_64\bin\instrument.dll
0x00007ffd7fbb0000 - 0x00007ffd7fbd0000 	C:\Users\AJI\.vscode\extensions\redhat.java-1.56.0-win32-x64\jre\21.0.12.1-win32-x86_64\bin\java.dll
0x00007ffe00580000 - 0x00007ffe00d18000 	C:\WINDOWS\System32\SHELL32.dll
0x00007ffdfcd80000 - 0x00007ffdfd62e000 	C:\WINDOWS\SYSTEM32\windows.storage.dll
0x00007ffe01320000 - 0x00007ffe0141b000 	C:\WINDOWS\System32\SHCORE.dll
0x00007ffe010b0000 - 0x00007ffe01116000 	C:\WINDOWS\System32\shlwapi.dll
0x00007ffdff280000 - 0x00007ffdff2a9000 	C:\WINDOWS\SYSTEM32\profapi.dll
0x00007ffd7fb90000 - 0x00007ffd7fba8000 	C:\Users\AJI\.vscode\extensions\redhat.java-1.56.0-win32-x64\jre\21.0.12.1-win32-x86_64\bin\zip.dll
0x00007ffdd7b20000 - 0x00007ffdd7b30000 	C:\Users\AJI\.vscode\extensions\redhat.java-1.56.0-win32-x64\jre\21.0.12.1-win32-x86_64\bin\net.dll
0x00007ffdf8730000 - 0x00007ffdf885a000 	C:\WINDOWS\SYSTEM32\WINHTTP.dll
0x00007ffdfe5f0000 - 0x00007ffdfe65c000 	C:\WINDOWS\system32\mswsock.dll
0x00007ffd7e7d0000 - 0x00007ffd7e7e6000 	C:\Users\AJI\.vscode\extensions\redhat.java-1.56.0-win32-x64\jre\21.0.12.1-win32-x86_64\bin\nio.dll
0x00007ffdd1b60000 - 0x00007ffdd1b70000 	C:\Users\AJI\.vscode\extensions\redhat.java-1.56.0-win32-x64\jre\21.0.12.1-win32-x86_64\bin\verify.dll
0x00007ffd7fce0000 - 0x00007ffd7fd07000 	C:\Users\AJI\.gradle\native\1def1411415f61bf3af743bc5b6707747c0891f09f0c88961ee8f79bc544acac\windows-amd64\native-platform.dll
0x00007ffcf9e70000 - 0x00007ffcf9ee7000 	C:\Users\AJI\.gradle\native\0.2.8\x86_64-windows-gnu\gradle-fileevents.dll
0x00007ffdd17c0000 - 0x00007ffdd17ca000 	C:\Users\AJI\.vscode\extensions\redhat.java-1.56.0-win32-x64\jre\21.0.12.1-win32-x86_64\bin\management.dll
0x00007ffdd0ce0000 - 0x00007ffdd0cec000 	C:\Users\AJI\.vscode\extensions\redhat.java-1.56.0-win32-x64\jre\21.0.12.1-win32-x86_64\bin\management_ext.dll
0x00007ffe01b80000 - 0x00007ffe01b88000 	C:\WINDOWS\System32\PSAPI.DLL
0x00007ffdfd9b0000 - 0x00007ffdfd9e3000 	C:\WINDOWS\SYSTEM32\IPHLPAPI.DLL
0x00007ffdfff00000 - 0x00007ffdfff0a000 	C:\WINDOWS\System32\NSI.dll
0x00007ffdd0ba0000 - 0x00007ffdd0ba9000 	C:\Users\AJI\.vscode\extensions\redhat.java-1.56.0-win32-x64\jre\21.0.12.1-win32-x86_64\bin\extnet.dll
0x00007ffdfe8e0000 - 0x00007ffdfe8fb000 	C:\WINDOWS\SYSTEM32\CRYPTSP.dll
0x00007ffdfdf90000 - 0x00007ffdfdfc9000 	C:\WINDOWS\system32\rsaenh.dll
0x00007ffdfe6a0000 - 0x00007ffdfe6d4000 	C:\WINDOWS\SYSTEM32\USERENV.dll
0x00007ffdff250000 - 0x00007ffdff27a000 	C:\WINDOWS\SYSTEM32\bcrypt.dll
0x00007ffdfe900000 - 0x00007ffdfe90c000 	C:\WINDOWS\SYSTEM32\CRYPTBASE.dll
0x00007ffdd0640000 - 0x00007ffdd064e000 	C:\Users\AJI\.vscode\extensions\redhat.java-1.56.0-win32-x64\jre\21.0.12.1-win32-x86_64\bin\sunmscapi.dll
0x00007ffdffb00000 - 0x00007ffdffc7e000 	C:\WINDOWS\System32\CRYPT32.dll
0x00007ffdfeb20000 - 0x00007ffdfeb50000 	C:\WINDOWS\SYSTEM32\ncrypt.dll
0x00007ffdfead0000 - 0x00007ffdfeb0f000 	C:\WINDOWS\SYSTEM32\NTASN1.dll
0x00007ffdd4f00000 - 0x00007ffdd4f08000 	C:\WINDOWS\system32\wshunix.dll

JVMTI agents:
C:\Users\AJI\.gradle\wrapper\dists\gradle-9.1.0-all\7wzd0jkjit61aq2p43wpjgij9\gradle-9.1.0\lib\agents\gradle-instrumentation-agent-9.1.0.jar path:C:\Users\AJI\.vscode\extensions\redhat.java-1.56.0-win32-x64\jre\21.0.12.1-win32-x86_64\bin\instrument.dll, loaded, initialized, instrumentlib options:none

dbghelp: loaded successfully - version: 4.0.5 - missing functions: none
symbol engine: initialized successfully - sym options: 0x614 - pdb path: .;C:\Users\AJI\.vscode\extensions\redhat.java-1.56.0-win32-x64\jre\21.0.12.1-win32-x86_64\bin;C:\WINDOWS\SYSTEM32;C:\WINDOWS\WinSxS\amd64_microsoft.windows.common-controls_6595b64144ccf1df_6.0.26100.9278_none_3e0d1ba8e3303201;C:\Users\AJI\.vscode\extensions\redhat.java-1.56.0-win32-x64\jre\21.0.12.1-win32-x86_64\bin\server;C:\Users\AJI\.gradle\native\1def1411415f61bf3af743bc5b6707747c0891f09f0c88961ee8f79bc544acac\windows-amd64;C:\Users\AJI\.gradle\native\0.2.8\x86_64-windows-gnu

VM Arguments:
jvm_args: --add-opens=java.base/java.lang=ALL-UNNAMED --add-opens=java.base/java.lang.invoke=ALL-UNNAMED --add-opens=java.base/java.util=ALL-UNNAMED --add-opens=java.prefs/java.util.prefs=ALL-UNNAMED --add-exports=jdk.compiler/com.sun.tools.javac.api=ALL-UNNAMED --add-exports=jdk.compiler/com.sun.tools.javac.util=ALL-UNNAMED --add-opens=java.base/java.util=ALL-UNNAMED --add-opens=java.prefs/java.util.prefs=ALL-UNNAMED --add-opens=java.base/java.nio.charset=ALL-UNNAMED --add-opens=java.base/java.net=ALL-UNNAMED --add-opens=java.base/java.util.concurrent=ALL-UNNAMED --add-opens=java.base/java.util.concurrent.atomic=ALL-UNNAMED --add-opens=java.xml/javax.xml.namespace=ALL-UNNAMED --add-opens=java.base/java.time=ALL-UNNAMED -XX:MaxMetaspaceSize=4G -XX:ReservedCodeCacheSize=512m -XX:+HeapDumpOnOutOfMemoryError -Xmx8G -Dfile.encoding=UTF-8 -Duser.country=IN -Duser.language=en -Duser.variant -javaagent:C:\Users\AJI\.gradle\wrapper\dists\gradle-9.1.0-all\7wzd0jkjit61aq2p43wpjgij9\gradle-9.1.0\lib\agents\gradle-instrumentation-agent-9.1.0.jar 
java_command: org.gradle.launcher.daemon.bootstrap.GradleDaemon 9.1.0
java_class_path (initial): C:\Users\AJI\.gradle\wrapper\dists\gradle-9.1.0-all\7wzd0jkjit61aq2p43wpjgij9\gradle-9.1.0\lib\gradle-daemon-main-9.1.0.jar
Launcher Type: SUN_STANDARD

[Global flags]
     intx CICompilerCount                          = 12                                        {product} {ergonomic}
     uint ConcGCThreads                            = 4                                         {product} {ergonomic}
     uint G1ConcRefinementThreads                  = 15                                        {product} {ergonomic}
   size_t G1HeapRegionSize                         = 4194304                                   {product} {ergonomic}
    uintx GCDrainStackTargetSize                   = 64                                        {product} {ergonomic}
     bool HeapDumpOnOutOfMemoryError               = true                                   {manageable} {command line}
   size_t InitialHeapSize                          = 264241152                                 {product} {ergonomic}
   size_t MarkStackSize                            = 4194304                                   {product} {ergonomic}
   size_t MaxHeapSize                              = 8589934592                                {product} {command line}
   size_t MaxMetaspaceSize                         = 4294967296                                {product} {command line}
   size_t MaxNewSize                               = 5150605312                                {product} {ergonomic}
   size_t MinHeapDeltaBytes                        = 4194304                                   {product} {ergonomic}
   size_t MinHeapSize                              = 8388608                                   {product} {ergonomic}
    uintx NonNMethodCodeHeapSize                   = 7602480                                {pd product} {ergonomic}
    uintx NonProfiledCodeHeapSize                  = 264634216                              {pd product} {ergonomic}
    uintx ProfiledCodeHeapSize                     = 264634216                              {pd product} {ergonomic}
    uintx ReservedCodeCacheSize                    = 536870912                              {pd product} {command line}
     bool SegmentedCodeCache                       = true                                      {product} {ergonomic}
   size_t SoftMaxHeapSize                          = 8589934592                             {manageable} {ergonomic}
     bool UseCompressedOops                        = true                           {product lp64_product} {ergonomic}
     bool UseG1GC                                  = true                                      {product} {ergonomic}
     bool UseLargePagesIndividualAllocation        = false                                  {pd product} {ergonomic}

Logging:
Log output configuration:
 #0: stdout all=warning uptime,level,tags foldmultilines=false
 #1: stderr all=off uptime,level,tags foldmultilines=false

Release file:
JAVA_VERSION="21.0.12.1" 
MODULES="java.base java.compiler java.datatransfer java.xml java.prefs java.desktop java.instrument java.logging java.management java.security.sasl java.naming java.rmi java.management.rmi java.net.http java.scripting java.security.jgss java.transaction.xa java.sql java.sql.rowset java.xml.crypto java.se java.smartcardio jdk.accessibility jdk.internal.jvmstat jdk.attach jdk.charsets jdk.internal.opt jdk.zipfs jdk.compiler jdk.crypto.ec jdk.crypto.cryptoki jdk.crypto.mscapi jdk.dynalink jdk.internal.ed jdk.editpad jdk.hotspot.agent jdk.httpserver jdk.internal.le jdk.internal.vm.ci jdk.internal.vm.compiler jdk.internal.vm.compiler.management jdk.jartool jdk.javadoc jdk.jcmd jdk.management jdk.management.agent jdk.jconsole jdk.jdeps jdk.jdwp.agent jdk.jdi jdk.jfr jdk.jshell jdk.jsobject jdk.jstatd jdk.localedata jdk.management.jfr jdk.naming.dns jdk.naming.rmi jdk.net jdk.nio.mapmode jdk.random jdk.sctp jdk.security.auth jdk.security.jgss jdk.unsupported jdk.unsupported.desktop jdk.xml.dom" 

Environment Variables:
JAVA_HOME=C:\Program Files\Java\jdk-17
PATH=C:\Python314\Scripts\;C:\Python314\;C:\Program Files\Eclipse Adoptium\jdk-25.0.3.9-hotspot\bin;C:\Program Files\Microsoft\jdk-11.0.16.101-hotspot\bin;C:\WINDOWS\system32;C:\WINDOWS;C:\WINDOWS\System32\Wbem;C:\WINDOWS\System32\WindowsPowerShell\v1.0\;C:\WINDOWS\System32\OpenSSH\;C:\Program Files\dotnet\;C:\MinGW\bin;C:\ProgramData\chocolatey\bin;C:\Users\AJI\AppData\Local\Pub\Cache\bin;C:\Program Files\Java\jdk-17\bin;d:\cursor\resources\app\bin;C:\Users\AJI\develop\flutter\bin;C:\Users\AJI\.local\bin;D:\node\node_modules\npm\bin;D:\node\;C:\Program Files\nodejs\;C:\Program Files\nodejs\node_modules\npm\bin;C:\Users\AJI\Documents\MONGO\mongosh-2.9.2-win32-x64\bin;C:\xampp\php;C:\Program Files\Git\cmd;C:\Users\AJI\AppData\Local\Programs\Python\Python312\Scripts\;C:\Users\AJI\AppData\Local\Programs\Python\Python312\;C:\Users\AJI\.local\bin;C:\Users\AJI\AppData\Local\Microsoft\WindowsApps;D:\IntelliJ IDEA Community Edition 2023.1.5\bin;;C:\mingw64\bin;C:\Users\AJI\.dotnet\tools;C:\Users\AJI\Documents\flutter_windows_3.13.4-stable\flutter\bin;C:\Users\AJI\AppData\Local\Pub\Cache\bin;D:\flutter_pub_cache;C:\Users\AJI\AppData\Local\Android\Sdk;C:\Program Files\Java\jdk-17\bin;D:\rider\JetBrains Rider 2024.3.7\bin;;D:\Program Files\Microsoft VS Code\bin;D:\freelanceing\cursor\resources\app\bin;C:\Users\AJI\AppData\Local\Programs\Microsoft VS Code\bin;C:\Users\AJI\AppData\Local\Programs\cursor\resources\app\bin;C:\Users\AJI\AppData\Roaming\npm
USERNAME=AJI
OS=Windows_NT
PROCESSOR_IDENTIFIER=Intel64 Family 6 Model 154 Stepping 3, GenuineIntel
TMP=C:\Users\AJI\AppData\Local\Temp
TEMP=C:\Users\AJI\AppData\Local\Temp




Periodic native trim disabled

---------------  S Y S T E M  ---------------

OS:
 Windows 11 , 64 bit Build 26100 (10.0.26100.9444)
OS uptime: 0 days 0:15 hours
Hyper-V role detected

CPU: total 20 (initial active 20) (10 cores per cpu, 2 threads per core) family 6 model 154 stepping 3 microcode 0x43b, cx8, cmov, fxsr, ht, mmx, 3dnowpref, sse, sse2, sse3, ssse3, sse4.1, sse4.2, popcnt, lzcnt, tsc, tscinvbit, avx, avx2, aes, erms, clmul, bmi1, bmi2, adx, sha, fma, vzeroupper, clflush, clflushopt, clwb, hv, serialize, rdtscp, rdpid, fsrm, f16c, cet_ibt, cet_ss
Processor Information for processor 0
  Max Mhz: 2300, Current Mhz: 2300, Mhz Limit: 2300
Processor Information for processor 1
  Max Mhz: 2300, Current Mhz: 2300, Mhz Limit: 2300
Processor Information for processor 2
  Max Mhz: 2300, Current Mhz: 2300, Mhz Limit: 2300
Processor Information for processor 3
  Max Mhz: 2300, Current Mhz: 2300, Mhz Limit: 2300
Processor Information for processor 4
  Max Mhz: 2300, Current Mhz: 2300, Mhz Limit: 2300
Processor Information for processor 5
  Max Mhz: 2300, Current Mhz: 2300, Mhz Limit: 2300
Processor Information for processor 6
  Max Mhz: 2300, Current Mhz: 2300, Mhz Limit: 2300
Processor Information for processor 7
  Max Mhz: 2300, Current Mhz: 2300, Mhz Limit: 2300
Processor Information for processor 8
  Max Mhz: 2300, Current Mhz: 1506, Mhz Limit: 2300
Processor Information for processor 9
  Max Mhz: 2300, Current Mhz: 2300, Mhz Limit: 2300
Processor Information for processor 10
  Max Mhz: 2300, Current Mhz: 2300, Mhz Limit: 2300
Processor Information for processor 11
  Max Mhz: 2300, Current Mhz: 2300, Mhz Limit: 2300
Processor Information for processor 12
  Max Mhz: 2300, Current Mhz: 2300, Mhz Limit: 2300
Processor Information for processor 13
  Max Mhz: 2300, Current Mhz: 2300, Mhz Limit: 2300
Processor Information for processor 14
  Max Mhz: 2300, Current Mhz: 2300, Mhz Limit: 2300
Processor Information for processor 15
  Max Mhz: 2300, Current Mhz: 2300, Mhz Limit: 2300
Processor Information for processor 16
  Max Mhz: 2300, Current Mhz: 2300, Mhz Limit: 2300
Processor Information for processor 17
  Max Mhz: 2300, Current Mhz: 2300, Mhz Limit: 2300
Processor Information for processor 18
  Max Mhz: 2300, Current Mhz: 1488, Mhz Limit: 2300
Processor Information for processor 19
  Max Mhz: 2300, Current Mhz: 1488, Mhz Limit: 2300

Memory: 4k page, system-wide physical 16068M (892M free)
TotalPageFile size 65220M (AvailPageFile size 2419M)
current process WorkingSet (physical memory assigned to process): 199M, peak: 233M
current process commit charge ("private bytes"): 287M, peak: 434M

vm_info: OpenJDK 64-Bit Server VM (21.0.12.1+1-LTS) for windows-amd64 JRE (21.0.12.1+1-LTS), built on 2026-08-18T00:00:00Z by "admin" with MS VC++ 17.12 (VS2022)

END.
