#
# There is insufficient memory for the Java Runtime Environment to continue.
# Native memory allocation (mmap) failed to map 65536 bytes. Error detail: Failed to commit metaspace.
# Possible reasons:
#   The system is out of physical RAM or swap space
#   This process is running with CompressedOops enabled, and the Java Heap may be blocking the growth of the native heap
# Possible solutions:
#   Reduce memory load on the system
#   Increase physical memory or swap space
#   Check if swap backing store is full
#   Decrease Java heap size (-Xmx/-Xms)
#   Decrease number of Java threads
#   Decrease Java thread stack sizes (-Xss)
#   Set larger code cache with -XX:ReservedCodeCacheSize=
#   JVM is running with Zero Based Compressed Oops mode in which the Java heap is
#     placed in the first 32GB address space. The Java Heap base address is the
#     maximum limit for the native heap growth. Please use -XX:HeapBaseMinAddress
#     to set the Java Heap base and to place the Java Heap above 32GB virtual address.
# This output file may be truncated or incomplete.
#
#  Out of Memory Error (virtualSpaceNode.cpp:113), pid=34196, tid=28160
#
# JRE version: OpenJDK Runtime Environment Temurin-21.0.12.1+1 (21.0.12.1+1) (build 21.0.12.1+1-LTS)
# Java VM: OpenJDK 64-Bit Server VM Temurin-21.0.12.1+1 (21.0.12.1+1-LTS, mixed mode, sharing, tiered, compressed oops, compressed class ptrs, g1 gc, windows-amd64)
# No core dump will be written. Minidumps are not enabled by default on client versions of Windows
#

---------------  S U M M A R Y ------------

Command Line: --add-opens=java.base/java.lang=ALL-UNNAMED --add-opens=java.base/java.lang.invoke=ALL-UNNAMED --add-opens=java.base/java.util=ALL-UNNAMED --add-opens=java.prefs/java.util.prefs=ALL-UNNAMED --add-exports=jdk.compiler/com.sun.tools.javac.api=ALL-UNNAMED --add-exports=jdk.compiler/com.sun.tools.javac.util=ALL-UNNAMED --add-opens=java.base/java.util=ALL-UNNAMED --add-opens=java.prefs/java.util.prefs=ALL-UNNAMED --add-opens=java.base/java.nio.charset=ALL-UNNAMED --add-opens=java.base/java.net=ALL-UNNAMED --add-opens=java.base/java.util.concurrent=ALL-UNNAMED --add-opens=java.base/java.util.concurrent.atomic=ALL-UNNAMED --add-opens=java.xml/javax.xml.namespace=ALL-UNNAMED --add-opens=java.base/java.time=ALL-UNNAMED -XX:MaxMetaspaceSize=4G -XX:ReservedCodeCacheSize=512m -XX:+HeapDumpOnOutOfMemoryError -Xmx8G -Dfile.encoding=UTF-8 -Duser.country=IN -Duser.language=en -Duser.variant -javaagent:C:\Users\AJI\.gradle\wrapper\dists\gradle-9.1.0-all\7wzd0jkjit61aq2p43wpjgij9\gradle-9.1.0\lib\agents\gradle-instrumentation-agent-9.1.0.jar org.gradle.launcher.daemon.bootstrap.GradleDaemon 9.1.0

Host: 12th Gen Intel(R) Core(TM) i7-12700H, 20 cores, 15G,  Windows 11 , 64 bit Build 26100 (10.0.26100.9444)
Time: Thu Sep 17 09:16:04 2026 India Standard Time elapsed time: 351.765301 seconds (0d 0h 5m 51s)

---------------  T H R E A D  ---------------

Current thread (0x000001b52d3b5f10):  JavaThread "Daemon worker"        [_thread_in_vm, id=28160, stack(0x000000957a200000,0x000000957a300000) (1024K)]

Stack: [0x000000957a200000,0x000000957a300000]
Native frames: (J=compiled Java code, j=interpreted, Vv=VM code, C=native code)
V  [jvm.dll+0x6d83e9]
V  [jvm.dll+0x8b5736]
V  [jvm.dll+0x8b7cee]
V  [jvm.dll+0x8b83d3]
V  [jvm.dll+0x284596]
V  [jvm.dll+0x8b147e]
V  [jvm.dll+0x679ad4]
V  [jvm.dll+0x1e849b]
V  [jvm.dll+0x1e825e]
V  [jvm.dll+0x67c3d2]
V  [jvm.dll+0x67c202]
V  [jvm.dll+0x67a4ae]
V  [jvm.dll+0x26f816]
V  [jvm.dll+0x21a11f]
V  [jvm.dll+0x20f80e]
V  [jvm.dll+0x5b6a7f]
V  [jvm.dll+0x82f606]
V  [jvm.dll+0x4792f8]
V  [jvm.dll+0x47f128]
C  [java.dll+0x17ec]

Java frames: (J=compiled Java code, j=interpreted, Vv=VM code)
J 918  java.lang.ClassLoader.defineClass1(Ljava/lang/ClassLoader;Ljava/lang/String;[BIILjava/security/ProtectionDomain;Ljava/lang/String;)Ljava/lang/Class; java.base@21.0.12.1 (0 bytes) @ 0x000001b4c974af91 [0x000001b4c974aec0+0x00000000000000d1]
J 11846 c2 java.security.SecureClassLoader.defineClass(Ljava/lang/String;[BIILjava/security/CodeSource;)Ljava/lang/Class; java.base@21.0.12.1 (16 bytes) @ 0x000001b4c9cbc470 [0x000001b4c9cbbe40+0x0000000000000630]
J 4658 c1 java.net.URLClassLoader.defineClass(Ljava/lang/String;Ljdk/internal/loader/Resource;)Ljava/lang/Class; java.base@21.0.12.1 (224 bytes) @ 0x000001b4b9383b34 [0x000001b4b9382840+0x00000000000012f4]
J 12472 c1 java.net.URLClassLoader$1.run()Ljava/lang/Class; java.base@21.0.12.1 (81 bytes) @ 0x000001b4b9e089ac [0x000001b4b9e07d60+0x0000000000000c4c]
J 11840 c1 java.net.URLClassLoader$1.run()Ljava/lang/Object; java.base@21.0.12.1 (5 bytes) @ 0x000001b4b9e6b7bc [0x000001b4b9e6b740+0x000000000000007c]
J 7961 c2 java.net.URLClassLoader.findClass(Ljava/lang/String;)Ljava/lang/Class; java.base@21.0.12.1 (47 bytes) @ 0x000001b4c9b0b7e8 [0x000001b4c9b0b720+0x00000000000000c8]
J 7831 c1 org.gradle.internal.classloader.VisitableURLClassLoader$InstrumentingVisitableURLClassLoader.findClass(Ljava/lang/String;)Ljava/lang/Class; (36 bytes) @ 0x000001b4ba14df04 [0x000001b4ba14de20+0x00000000000000e4]
J 4681 c2 java.lang.ClassLoader.loadClass(Ljava/lang/String;Z)Ljava/lang/Class; java.base@21.0.12.1 (121 bytes) @ 0x000001b4c9946174 [0x000001b4c9943400+0x0000000000002d74]
J 3707 c2 java.lang.ClassLoader.loadClass(Ljava/lang/String;)Ljava/lang/Class; java.base@21.0.12.1 (7 bytes) @ 0x000001b4c98e3aec [0x000001b4c98e3aa0+0x000000000000004c]
v  ~StubRoutines::call_stub 0x000001b4c8fa100d
j  com.android.build.gradle.internal.crash.PluginCrashReporter.getCrashReporter(Z)Lcom/android/tools/analytics/crash/CrashReporter;+24
j  com.android.build.gradle.internal.crash.PluginCrashReporter.getCrashReporter$default(Lcom/android/build/gradle/internal/crash/PluginCrashReporter;ZILjava/lang/Object;)Lcom/android/tools/analytics/crash/CrashReporter;+10
j  com.android.build.gradle.internal.crash.PluginCrashReporter.<clinit>()V+17
v  ~StubRoutines::call_stub 0x000001b4c8fa100d
j  com.android.build.gradle.internal.crash.CrashReporting$afterEvaluate$1.execute(Lorg/gradle/api/Project;)V+22
j  com.android.build.gradle.internal.crash.CrashReporting$afterEvaluate$1.execute(Ljava/lang/Object;)V+5
J 8712 c1 org.gradle.internal.code.DefaultUserCodeApplicationContext$CurrentApplication$1.execute(Ljava/lang/Object;)V (79 bytes) @ 0x000001b4ba268694 [0x000001b4ba2682c0+0x00000000000003d4]
j  org.gradle.configuration.internal.DefaultListenerBuildOperationDecorator$BuildOperationEmittingAction$1.run(Lorg/gradle/internal/operations/BuildOperationContext;)V+11
J 8627 c1 org.gradle.internal.operations.DefaultBuildOperationRunner$1.execute(Lorg/gradle/internal/operations/BuildOperation;Lorg/gradle/internal/operations/BuildOperationContext;)V (10 bytes) @ 0x000001b4ba22a044 [0x000001b4ba229de0+0x0000000000000264]
J 6814 c1 org.gradle.internal.operations.DefaultBuildOperationRunner$2.execute(Lorg/gradle/internal/operations/BuildOperationDescriptor;Lorg/gradle/internal/operations/BuildOperationState;Lorg/gradle/internal/operations/BuildOperationState;Lorg/gradle/internal/operations/DefaultBuildOperationRunner$ReadableBuildOperationContext;Lorg/gradle/internal/operations/DefaultBuildOperationRunner$BuildOperationExecutionListener;)Lorg/gradle/internal/operations/BuildOperation; (110 bytes) @ 0x000001b4b9f5eacc [0x000001b4b9f5e8c0+0x000000000000020c]
J 6813 c1 org.gradle.internal.operations.DefaultBuildOperationRunner$2.execute(Lorg/gradle/internal/operations/BuildOperationDescriptor;Lorg/gradle/internal/operations/BuildOperationState;Lorg/gradle/internal/operations/BuildOperationState;Lorg/gradle/internal/operations/DefaultBuildOperationRunner$ReadableBuildOperationContext;Lorg/gradle/internal/operations/DefaultBuildOperationRunner$BuildOperationExecutionListener;)Ljava/lang/Object; (12 bytes) @ 0x000001b4b9f5e4cc [0x000001b4b9f5e440+0x000000000000008c]
J 9546 c1 org.gradle.internal.operations.DefaultBuildOperationRunner.execute(Lorg/gradle/internal/operations/BuildOperationDescriptor$Builder;Lorg/gradle/internal/operations/BuildOperationState;Lorg/gradle/internal/operations/DefaultBuildOperationRunner$BuildOperationExecution;)Ljava/lang/Object; (147 bytes) @ 0x000001b4ba3e2494 [0x000001b4ba3e1900+0x0000000000000b94]
J 7001 c1 org.gradle.internal.operations.DefaultBuildOperationRunner.execute(Lorg/gradle/internal/operations/BuildOperation;Lorg/gradle/internal/operations/BuildOperationWorker;Lorg/gradle/internal/operations/BuildOperationState;)V (23 bytes) @ 0x000001b4b9fc11a4 [0x000001b4b9fc0ee0+0x00000000000002c4]
J 8626 c1 org.gradle.internal.operations.DefaultBuildOperationRunner.run(Lorg/gradle/internal/operations/RunnableBuildOperation;)V (13 bytes) @ 0x000001b4ba22a864 [0x000001b4ba22a480+0x00000000000003e4]
j  org.gradle.configuration.internal.DefaultListenerBuildOperationDecorator$BuildOperationEmittingAction.execute(Ljava/lang/Object;)V+24
j  org.gradle.internal.event.BroadcastDispatch$ActionInvocationHandler.dispatch(Lorg/gradle/internal/dispatch/MethodInvocation;)V+24
j  org.gradle.internal.event.BroadcastDispatch$ActionInvocationHandler.dispatch(Ljava/lang/Object;)V+5
J 2537 c1 org.gradle.internal.event.AbstractBroadcastDispatch.dispatch(Lorg/gradle/internal/dispatch/MethodInvocation;Lorg/gradle/internal/dispatch/Dispatch;)V (74 bytes) @ 0x000001b4b982bb04 [0x000001b4b982b9e0+0x0000000000000124]
J 2535 c1 org.gradle.internal.event.BroadcastDispatch$SingletonDispatch.dispatch(Ljava/lang/Object;)V (9 bytes) @ 0x000001b4b982a4fc [0x000001b4b982a2c0+0x000000000000023c]
J 9518 c1 org.gradle.internal.event.AbstractBroadcastDispatch.dispatch(Lorg/gradle/internal/dispatch/MethodInvocation;Ljava/util/Iterator;)V (194 bytes) @ 0x000001b4ba3d269c [0x000001b4ba3d22c0+0x00000000000003dc]
J 4977 c1 org.gradle.internal.event.AbstractBroadcastDispatch.dispatch(Lorg/gradle/internal/dispatch/MethodInvocation;Ljava/util/List;)V (65 bytes) @ 0x000001b4b9bd46fc [0x000001b4b9bd44a0+0x000000000000025c]
J 11130 c1 org.gradle.internal.event.BroadcastDispatch$CompositeDispatch.dispatch(Ljava/lang/Object;)V (9 bytes) @ 0x000001b4b9906b7c [0x000001b4b9906940+0x000000000000023c]
J 8061 c1 org.gradle.internal.event.ListenerBroadcast.dispatch(Ljava/lang/Object;)V (9 bytes) @ 0x000001b4b983a594 [0x000001b4b983a2e0+0x00000000000002b4]
J 7442 c1 org.gradle.internal.dispatch.ProxyDispatchAdapter$DispatchingInvocationHandler.invoke(Ljava/lang/Object;Ljava/lang/reflect/Method;[Ljava/lang/Object;)Ljava/lang/Object; (184 bytes) @ 0x000001b4ba090eb4 [0x000001b4ba08f7c0+0x00000000000016f4]
j  jdk.proxy1.$Proxy68.afterEvaluate(Lorg/gradle/api/Project;Lorg/gradle/api/ProjectState;)V+20 jdk.proxy1
j  org.gradle.configuration.project.LifecycleProjectEvaluator$NotifyAfterEvaluate$1.execute(Lorg/gradle/api/ProjectEvaluationListener;)V+15
j  org.gradle.configuration.project.LifecycleProjectEvaluator$NotifyAfterEvaluate$1.execute(Ljava/lang/Object;)V+5
j  org.gradle.api.internal.project.DefaultProject.stepEvaluationListener(Lorg/gradle/api/ProjectEvaluationListener;Lorg/gradle/api/Action;)Lorg/gradle/api/ProjectEvaluationListener;+19
j  org.gradle.configuration.project.LifecycleProjectEvaluator$NotifyAfterEvaluate.run(Lorg/gradle/internal/operations/BuildOperationContext;)V+25
J 8627 c1 org.gradle.internal.operations.DefaultBuildOperationRunner$1.execute(Lorg/gradle/internal/operations/BuildOperation;Lorg/gradle/internal/operations/BuildOperationContext;)V (10 bytes) @ 0x000001b4ba22a044 [0x000001b4ba229de0+0x0000000000000264]
J 6814 c1 org.gradle.internal.operations.DefaultBuildOperationRunner$2.execute(Lorg/gradle/internal/operations/BuildOperationDescriptor;Lorg/gradle/internal/operations/BuildOperationState;Lorg/gradle/internal/operations/BuildOperationState;Lorg/gradle/internal/operations/DefaultBuildOperationRunner$ReadableBuildOperationContext;Lorg/gradle/internal/operations/DefaultBuildOperationRunner$BuildOperationExecutionListener;)Lorg/gradle/internal/operations/BuildOperation; (110 bytes) @ 0x000001b4b9f5eacc [0x000001b4b9f5e8c0+0x000000000000020c]
J 6813 c1 org.gradle.internal.operations.DefaultBuildOperationRunner$2.execute(Lorg/gradle/internal/operations/BuildOperationDescriptor;Lorg/gradle/internal/operations/BuildOperationState;Lorg/gradle/internal/operations/BuildOperationState;Lorg/gradle/internal/operations/DefaultBuildOperationRunner$ReadableBuildOperationContext;Lorg/gradle/internal/operations/DefaultBuildOperationRunner$BuildOperationExecutionListener;)Ljava/lang/Object; (12 bytes) @ 0x000001b4b9f5e4cc [0x000001b4b9f5e440+0x000000000000008c]
J 9546 c1 org.gradle.internal.operations.DefaultBuildOperationRunner.execute(Lorg/gradle/internal/operations/BuildOperationDescriptor$Builder;Lorg/gradle/internal/operations/BuildOperationState;Lorg/gradle/internal/operations/DefaultBuildOperationRunner$BuildOperationExecution;)Ljava/lang/Object; (147 bytes) @ 0x000001b4ba3e2494 [0x000001b4ba3e1900+0x0000000000000b94]
J 7001 c1 org.gradle.internal.operations.DefaultBuildOperationRunner.execute(Lorg/gradle/internal/operations/BuildOperation;Lorg/gradle/internal/operations/BuildOperationWorker;Lorg/gradle/internal/operations/BuildOperationState;)V (23 bytes) @ 0x000001b4b9fc11a4 [0x000001b4b9fc0ee0+0x00000000000002c4]
J 8626 c1 org.gradle.internal.operations.DefaultBuildOperationRunner.run(Lorg/gradle/internal/operations/RunnableBuildOperation;)V (13 bytes) @ 0x000001b4ba22a864 [0x000001b4ba22a480+0x00000000000003e4]
j  org.gradle.configuration.project.LifecycleProjectEvaluator$EvaluateProject.lambda$run$0(Lorg/gradle/internal/operations/BuildOperationContext;Lorg/gradle/api/internal/project/ProjectInternal;)V+194
j  org.gradle.configuration.project.LifecycleProjectEvaluator$EvaluateProject$$Lambda+0x000001b4e96d51a0.accept(Ljava/lang/Object;)V+12
j  org.gradle.api.internal.project.DefaultProjectStateRegistry$ProjectStateImpl.lambda$applyToMutableState$1(Ljava/util/function/Consumer;Lorg/gradle/api/internal/project/ProjectInternal;)Ljava/lang/Object;+2
j  org.gradle.api.internal.project.DefaultProjectStateRegistry$ProjectStateImpl$$Lambda+0x000001b4e96d53d8.apply(Ljava/lang/Object;)Ljava/lang/Object;+8
j  org.gradle.api.internal.project.DefaultProjectStateRegistry$ProjectStateImpl.fromMutableState(Ljava/util/function/Function;)Ljava/lang/Object;+97
j  org.gradle.api.internal.project.DefaultProjectStateRegistry$ProjectStateImpl.applyToMutableState(Ljava/util/function/Consumer;)V+7
j  org.gradle.configuration.project.LifecycleProjectEvaluator$EvaluateProject.run(Lorg/gradle/internal/operations/BuildOperationContext;)V+16
J 8627 c1 org.gradle.internal.operations.DefaultBuildOperationRunner$1.execute(Lorg/gradle/internal/operations/BuildOperation;Lorg/gradle/internal/operations/BuildOperationContext;)V (10 bytes) @ 0x000001b4ba22a044 [0x000001b4ba229de0+0x0000000000000264]
J 6814 c1 org.gradle.internal.operations.DefaultBuildOperationRunner$2.execute(Lorg/gradle/internal/operations/BuildOperationDescriptor;Lorg/gradle/internal/operations/BuildOperationState;Lorg/gradle/internal/operations/BuildOperationState;Lorg/gradle/internal/operations/DefaultBuildOperationRunner$ReadableBuildOperationContext;Lorg/gradle/internal/operations/DefaultBuildOperationRunner$BuildOperationExecutionListener;)Lorg/gradle/internal/operations/BuildOperation; (110 bytes) @ 0x000001b4b9f5eacc [0x000001b4b9f5e8c0+0x000000000000020c]
J 6813 c1 org.gradle.internal.operations.DefaultBuildOperationRunner$2.execute(Lorg/gradle/internal/operations/BuildOperationDescriptor;Lorg/gradle/internal/operations/BuildOperationState;Lorg/gradle/internal/operations/BuildOperationState;Lorg/gradle/internal/operations/DefaultBuildOperationRunner$ReadableBuildOperationContext;Lorg/gradle/internal/operations/DefaultBuildOperationRunner$BuildOperationExecutionListener;)Ljava/lang/Object; (12 bytes) @ 0x000001b4b9f5e4cc [0x000001b4b9f5e440+0x000000000000008c]
J 9546 c1 org.gradle.internal.operations.DefaultBuildOperationRunner.execute(Lorg/gradle/internal/operations/BuildOperationDescriptor$Builder;Lorg/gradle/internal/operations/BuildOperationState;Lorg/gradle/internal/operations/DefaultBuildOperationRunner$BuildOperationExecution;)Ljava/lang/Object; (147 bytes) @ 0x000001b4ba3e2494 [0x000001b4ba3e1900+0x0000000000000b94]
J 7001 c1 org.gradle.internal.operations.DefaultBuildOperationRunner.execute(Lorg/gradle/internal/operations/BuildOperation;Lorg/gradle/internal/operations/BuildOperationWorker;Lorg/gradle/internal/operations/BuildOperationState;)V (23 bytes) @ 0x000001b4b9fc11a4 [0x000001b4b9fc0ee0+0x00000000000002c4]
J 8626 c1 org.gradle.internal.operations.DefaultBuildOperationRunner.run(Lorg/gradle/internal/operations/RunnableBuildOperation;)V (13 bytes) @ 0x000001b4ba22a864 [0x000001b4ba22a480+0x00000000000003e4]
j  org.gradle.configuration.project.LifecycleProjectEvaluator.evaluate(Lorg/gradle/api/internal/project/ProjectInternal;Lorg/gradle/api/internal/project/ProjectStateInternal;)V+42
j  org.gradle.api.internal.project.DefaultProject.evaluateUnchecked()Lorg/gradle/api/internal/project/ProjectInternal;+20
j  org.gradle.api.internal.project.ProjectLifecycleController.lambda$ensureSelfConfigured$2()V+4
j  org.gradle.api.internal.project.ProjectLifecycleController$$Lambda+0x000001b4e96d3730.run()V+4
j  org.gradle.internal.model.StateTransitionController.lambda$doTransition$14(Ljava/lang/Runnable;)Lorg/gradle/internal/build/ExecutionResult;+1
j  org.gradle.internal.model.StateTransitionController$$Lambda+0x000001b4e945f9f0.get()Ljava/lang/Object;+4
j  org.gradle.internal.model.StateTransitionController.doTransition(Lorg/gradle/internal/model/StateTransitionController$State;Lorg/gradle/internal/model/StateTransitionController$State;Ljava/util/function/Supplier;)Lorg/gradle/internal/build/ExecutionResult;+24
j  org.gradle.internal.model.StateTransitionController.doTransition(Lorg/gradle/internal/model/StateTransitionController$State;Lorg/gradle/internal/model/StateTransitionController$State;Ljava/lang/Runnable;)V+9
j  org.gradle.internal.model.StateTransitionController.lambda$maybeTransitionIfNotCurrentlyTransitioning$10(Lorg/gradle/internal/model/StateTransitionController$State;Lorg/gradle/internal/model/StateTransitionController$State;Ljava/lang/Runnable;)V+16
j  org.gradle.internal.model.StateTransitionController$$Lambda+0x000001b4e96d3958.run()V+16
j  org.gradle.internal.work.DefaultSynchronizer.withLock(Ljava/lang/Runnable;)V+6
j  org.gradle.internal.model.StateTransitionController.maybeTransitionIfNotCurrentlyTransitioning(Lorg/gradle/internal/model/StateTransitionController$State;Lorg/gradle/internal/model/StateTransitionController$State;Ljava/lang/Runnable;)V+13
j  org.gradle.api.internal.project.ProjectLifecycleController.ensureSelfConfigured()V+16
j  org.gradle.api.internal.project.DefaultProjectStateRegistry$ProjectStateImpl.ensureConfigured()V+19
j  org.gradle.api.internal.project.DefaultProject.evaluationDependsOn(Lorg/gradle/api/internal/project/ProjectInternal;)Lorg/gradle/api/Project;+44
j  org.gradle.api.internal.project.DefaultProject.evaluationDependsOn(Ljava/lang/String;)Lorg/gradle/api/Project;+26
j  Build_gradle$3.execute(Lorg/gradle/api/Project;)V+14
j  Build_gradle$3.execute(Ljava/lang/Object;)V+5
J 8629 c1 org.gradle.api.internal.DefaultMutationGuard$1.execute(Ljava/lang/Object;)V (67 bytes) @ 0x000001b4ba22c6c4 [0x000001b4ba22c240+0x0000000000000484]
j  org.gradle.internal.Actions.with(Ljava/lang/Object;Lorg/gradle/api/Action;)Ljava/lang/Object;+2
j  org.gradle.api.internal.project.BuildOperationCrossProjectConfigurator$1.run(Lorg/gradle/internal/operations/BuildOperationContext;)V+20
J 8627 c1 org.gradle.internal.operations.DefaultBuildOperationRunner$1.execute(Lorg/gradle/internal/operations/BuildOperation;Lorg/gradle/internal/operations/BuildOperationContext;)V (10 bytes) @ 0x000001b4ba22a044 [0x000001b4ba229de0+0x0000000000000264]
J 6814 c1 org.gradle.internal.operations.DefaultBuildOperationRunner$2.execute(Lorg/gradle/internal/operations/BuildOperationDescriptor;Lorg/gradle/internal/operations/BuildOperationState;Lorg/gradle/internal/operations/BuildOperationState;Lorg/gradle/internal/operations/DefaultBuildOperationRunner$ReadableBuildOperationContext;Lorg/gradle/internal/operations/DefaultBuildOperationRunner$BuildOperationExecutionListener;)Lorg/gradle/internal/operations/BuildOperation; (110 bytes) @ 0x000001b4b9f5eacc [0x000001b4b9f5e8c0+0x000000000000020c]
J 6813 c1 org.gradle.internal.operations.DefaultBuildOperationRunner$2.execute(Lorg/gradle/internal/operations/BuildOperationDescriptor;Lorg/gradle/internal/operations/BuildOperationState;Lorg/gradle/internal/operations/BuildOperationState;Lorg/gradle/internal/operations/DefaultBuildOperationRunner$ReadableBuildOperationContext;Lorg/gradle/internal/operations/DefaultBuildOperationRunner$BuildOperationExecutionListener;)Ljava/lang/Object; (12 bytes) @ 0x000001b4b9f5e4cc [0x000001b4b9f5e440+0x000000000000008c]
J 9546 c1 org.gradle.internal.operations.DefaultBuildOperationRunner.execute(Lorg/gradle/internal/operations/BuildOperationDescriptor$Builder;Lorg/gradle/internal/operations/BuildOperationState;Lorg/gradle/internal/operations/DefaultBuildOperationRunner$BuildOperationExecution;)Ljava/lang/Object; (147 bytes) @ 0x000001b4ba3e2494 [0x000001b4ba3e1900+0x0000000000000b94]
J 7001 c1 org.gradle.internal.operations.DefaultBuildOperationRunner.execute(Lorg/gradle/internal/operations/BuildOperation;Lorg/gradle/internal/operations/BuildOperationWorker;Lorg/gradle/internal/operations/BuildOperationState;)V (23 bytes) @ 0x000001b4b9fc11a4 [0x000001b4b9fc0ee0+0x00000000000002c4]
J 8626 c1 org.gradle.internal.operations.DefaultBuildOperationRunner.run(Lorg/gradle/internal/operations/RunnableBuildOperation;)V (13 bytes) @ 0x000001b4ba22a864 [0x000001b4ba22a480+0x00000000000003e4]
j  org.gradle.api.internal.project.BuildOperationCrossProjectConfigurator.lambda$runProjectConfigureAction$0(Lorg/gradle/api/internal/project/ProjectInternal;Lorg/gradle/api/Action;Lorg/gradle/api/internal/project/ProjectInternal;)V+15
j  org.gradle.api.internal.project.BuildOperationCrossProjectConfigurator$$Lambda+0x000001b4e9b66ec8.accept(Ljava/lang/Object;)V+16
j  org.gradle.api.internal.project.DefaultProjectStateRegistry$ProjectStateImpl.lambda$applyToMutableState$1(Ljava/util/function/Consumer;Lorg/gradle/api/internal/project/ProjectInternal;)Ljava/lang/Object;+2
j  org.gradle.api.internal.project.DefaultProjectStateRegistry$ProjectStateImpl$$Lambda+0x000001b4e96d53d8.apply(Ljava/lang/Object;)Ljava/lang/Object;+8
j  org.gradle.api.internal.project.DefaultProjectStateRegistry$ProjectStateImpl.fromMutableState(Ljava/util/function/Function;)Ljava/lang/Object;+97
j  org.gradle.api.internal.project.DefaultProjectStateRegistry$ProjectStateImpl.applyToMutableState(Ljava/util/function/Consumer;)V+7
j  org.gradle.api.internal.project.BuildOperationCrossProjectConfigurator.runProjectConfigureAction(Lorg/gradle/api/internal/project/ProjectInternal;Lorg/gradle/api/Action;)V+14
j  org.gradle.api.internal.project.BuildOperationCrossProjectConfigurator.access$100(Lorg/gradle/api/internal/project/BuildOperationCrossProjectConfigurator;Lorg/gradle/api/internal/project/ProjectInternal;Lorg/gradle/api/Action;)V+3
j  org.gradle.api.internal.project.BuildOperationCrossProjectConfigurator$BlockConfigureBuildOperation.run(Lorg/gradle/internal/operations/BuildOperationContext;)V+38
J 8627 c1 org.gradle.internal.operations.DefaultBuildOperationRunner$1.execute(Lorg/gradle/internal/operations/BuildOperation;Lorg/gradle/internal/operations/BuildOperationContext;)V (10 bytes) @ 0x000001b4ba22a044 [0x000001b4ba229de0+0x0000000000000264]
J 6814 c1 org.gradle.internal.operations.DefaultBuildOperationRunner$2.execute(Lorg/gradle/internal/operations/BuildOperationDescriptor;Lorg/gradle/internal/operations/BuildOperationState;Lorg/gradle/internal/operations/BuildOperationState;Lorg/gradle/internal/operations/DefaultBuildOperationRunner$ReadableBuildOperationContext;Lorg/gradle/internal/operations/DefaultBuildOperationRunner$BuildOperationExecutionListener;)Lorg/gradle/internal/operations/BuildOperation; (110 bytes) @ 0x000001b4b9f5eacc [0x000001b4b9f5e8c0+0x000000000000020c]
J 6813 c1 org.gradle.internal.operations.DefaultBuildOperationRunner$2.execute(Lorg/gradle/internal/operations/BuildOperationDescriptor;Lorg/gradle/internal/operations/BuildOperationState;Lorg/gradle/internal/operations/BuildOperationState;Lorg/gradle/internal/operations/DefaultBuildOperationRunner$ReadableBuildOperationContext;Lorg/gradle/internal/operations/DefaultBuildOperationRunner$BuildOperationExecutionListener;)Ljava/lang/Object; (12 bytes) @ 0x000001b4b9f5e4cc [0x000001b4b9f5e440+0x000000000000008c]
J 9546 c1 org.gradle.internal.operations.DefaultBuildOperationRunner.execute(Lorg/gradle/internal/operations/BuildOperationDescriptor$Builder;Lorg/gradle/internal/operations/BuildOperationState;Lorg/gradle/internal/operations/DefaultBuildOperationRunner$BuildOperationExecution;)Ljava/lang/Object; (147 bytes) @ 0x000001b4ba3e2494 [0x000001b4ba3e1900+0x0000000000000b94]
J 7001 c1 org.gradle.internal.operations.DefaultBuildOperationRunner.execute(Lorg/gradle/internal/operations/BuildOperation;Lorg/gradle/internal/operations/BuildOperationWorker;Lorg/gradle/internal/operations/BuildOperationState;)V (23 bytes) @ 0x000001b4b9fc11a4 [0x000001b4b9fc0ee0+0x00000000000002c4]
J 8626 c1 org.gradle.internal.operations.DefaultBuildOperationRunner.run(Lorg/gradle/internal/operations/RunnableBuildOperation;)V (13 bytes) @ 0x000001b4ba22a864 [0x000001b4ba22a480+0x00000000000003e4]
j  org.gradle.api.internal.project.BuildOperationCrossProjectConfigurator.runBlockConfigureAction(Lorg/gradle/internal/operations/BuildOperationDescriptor$Builder;Ljava/lang/Iterable;Lorg/gradle/api/Action;)V+16
j  org.gradle.api.internal.project.BuildOperationCrossProjectConfigurator.subprojects(Ljava/lang/Iterable;Lorg/gradle/api/Action;)V+6
j  org.gradle.api.internal.project.DefaultProject.subprojects(Lorg/gradle/api/internal/project/ProjectInternal;Lorg/gradle/api/Action;)V+10
j  org.gradle.api.internal.project.DefaultProject.subprojects(Lorg/gradle/api/Action;)V+3
j  Build_gradle.<init>(Lorg/gradle/kotlin/dsl/support/KotlinScriptHost;Lorg/gradle/api/Project;)V+133
j  Program.execute(Lorg/gradle/kotlin/dsl/execution/ExecutableProgram$Host;Lorg/gradle/kotlin/dsl/support/KotlinScriptHost;)V+11
j  org.gradle.kotlin.dsl.execution.Interpreter$ProgramHost.eval(Lorg/gradle/kotlin/dsl/execution/CompiledScript;Lorg/gradle/kotlin/dsl/support/KotlinScriptHost;)V+90
j  org.gradle.kotlin.dsl.execution.Interpreter$ProgramHost.evaluateSecondStageOf(Lorg/gradle/kotlin/dsl/execution/ExecutableProgram$StagedProgram;Lorg/gradle/kotlin/dsl/support/KotlinScriptHost;Ljava/lang/String;Lorg/gradle/internal/hash/HashCode;Lorg/gradle/internal/classpath/ClassPath;)V+198
j  Program.execute(Lorg/gradle/kotlin/dsl/execution/ExecutableProgram$Host;Lorg/gradle/kotlin/dsl/support/KotlinScriptHost;)V+145
j  org.gradle.kotlin.dsl.execution.Interpreter$ProgramHost.eval(Lorg/gradle/kotlin/dsl/execution/CompiledScript;Lorg/gradle/kotlin/dsl/support/KotlinScriptHost;)V+90
j  org.gradle.kotlin.dsl.execution.Interpreter.eval(Ljava/lang/Object;Lorg/gradle/groovy/scripts/ScriptSource;Lorg/gradle/internal/hash/HashCode;Lorg/gradle/api/initialization/dsl/ScriptHandler;Lorg/gradle/api/internal/initialization/ClassLoaderScope;Lorg/gradle/api/internal/initialization/ClassLoaderScope;ZLjava/util/EnumSet;)V+213
j  org.gradle.kotlin.dsl.provider.StandardKotlinScriptEvaluator.evaluate(Ljava/lang/Object;Lorg/gradle/groovy/scripts/ScriptSource;Lorg/gradle/api/initialization/dsl/ScriptHandler;Lorg/gradle/api/internal/initialization/ClassLoaderScope;Lorg/gradle/api/internal/initialization/ClassLoaderScope;ZLjava/util/EnumSet;)V+167
j  org.gradle.kotlin.dsl.provider.KotlinScriptPluginFactory.create$lambda$0(Lorg/gradle/kotlin/dsl/provider/KotlinScriptPluginFactory;Lorg/gradle/groovy/scripts/ScriptSource;Lorg/gradle/api/internal/initialization/ClassLoaderScope;Lorg/gradle/api/initialization/dsl/ScriptHandler;Lorg/gradle/api/internal/initialization/ClassLoaderScope;ZLjava/lang/Object;)Lkotlin/Unit;+48
j  org.gradle.kotlin.dsl.provider.KotlinScriptPluginFactory$$Lambda+0x000001b4e95c9318.invoke(Ljava/lang/Object;)Ljava/lang/Object;+25
j  org.gradle.kotlin.dsl.provider.KotlinScriptPlugin.apply(Ljava/lang/Object;)V+22
j  org.gradle.configuration.BuildOperationScriptPlugin$1.run(Lorg/gradle/internal/operations/BuildOperationContext;)V+11
J 8627 c1 org.gradle.internal.operations.DefaultBuildOperationRunner$1.execute(Lorg/gradle/internal/operations/BuildOperation;Lorg/gradle/internal/operations/BuildOperationContext;)V (10 bytes) @ 0x000001b4ba22a044 [0x000001b4ba229de0+0x0000000000000264]
J 6814 c1 org.gradle.internal.operations.DefaultBuildOperationRunner$2.execute(Lorg/gradle/internal/operations/BuildOperationDescriptor;Lorg/gradle/internal/operations/BuildOperationState;Lorg/gradle/internal/operations/BuildOperationState;Lorg/gradle/internal/operations/DefaultBuildOperationRunner$ReadableBuildOperationContext;Lorg/gradle/internal/operations/DefaultBuildOperationRunner$BuildOperationExecutionListener;)Lorg/gradle/internal/operations/BuildOperation; (110 bytes) @ 0x000001b4b9f5eacc [0x000001b4b9f5e8c0+0x000000000000020c]
J 6813 c1 org.gradle.internal.operations.DefaultBuildOperationRunner$2.execute(Lorg/gradle/internal/operations/BuildOperationDescriptor;Lorg/gradle/internal/operations/BuildOperationState;Lorg/gradle/internal/operations/BuildOperationState;Lorg/gradle/internal/operations/DefaultBuildOperationRunner$ReadableBuildOperationContext;Lorg/gradle/internal/operations/DefaultBuildOperationRunner$BuildOperationExecutionListener;)Ljava/lang/Object; (12 bytes) @ 0x000001b4b9f5e4cc [0x000001b4b9f5e440+0x000000000000008c]
J 9546 c1 org.gradle.internal.operations.DefaultBuildOperationRunner.execute(Lorg/gradle/internal/operations/BuildOperationDescriptor$Builder;Lorg/gradle/internal/operations/BuildOperationState;Lorg/gradle/internal/operations/DefaultBuildOperationRunner$BuildOperationExecution;)Ljava/lang/Object; (147 bytes) @ 0x000001b4ba3e2494 [0x000001b4ba3e1900+0x0000000000000b94]
J 7001 c1 org.gradle.internal.operations.DefaultBuildOperationRunner.execute(Lorg/gradle/internal/operations/BuildOperation;Lorg/gradle/internal/operations/BuildOperationWorker;Lorg/gradle/internal/operations/BuildOperationState;)V (23 bytes) @ 0x000001b4b9fc11a4 [0x000001b4b9fc0ee0+0x00000000000002c4]
J 8626 c1 org.gradle.internal.operations.DefaultBuildOperationRunner.run(Lorg/gradle/internal/operations/RunnableBuildOperation;)V (13 bytes) @ 0x000001b4ba22a864 [0x000001b4ba22a480+0x00000000000003e4]
j  org.gradle.configuration.BuildOperationScriptPlugin.lambda$apply$0(Ljava/lang/Object;Lorg/gradle/internal/code/UserCodeApplicationId;)V+14
j  org.gradle.configuration.BuildOperationScriptPlugin$$Lambda+0x000001b4e95ca440.execute(Ljava/lang/Object;)V+12
j  org.gradle.internal.code.DefaultUserCodeApplicationContext.apply(Lorg/gradle/internal/code/UserCodeSource;Lorg/gradle/api/Action;)V+37
j  org.gradle.configuration.BuildOperationScriptPlugin.apply(Ljava/lang/Object;)V+71
j  org.gradle.configuration.project.BuildScriptProcessor$$Lambda+0x000001b4e970bb08.accept(Ljava/lang/Object;)V+8
j  org.gradle.api.internal.project.DefaultProjectStateRegistry$ProjectStateImpl.lambda$applyToMutableState$1(Ljava/util/function/Consumer;Lorg/gradle/api/internal/project/ProjectInternal;)Ljava/lang/Object;+2
j  org.gradle.api.internal.project.DefaultProjectStateRegistry$ProjectStateImpl$$Lambda+0x000001b4e96d53d8.apply(Ljava/lang/Object;)Ljava/lang/Object;+8
j  org.gradle.api.internal.project.DefaultProjectStateRegistry$ProjectStateImpl.fromMutableState(Ljava/util/function/Function;)Ljava/lang/Object;+97
j  org.gradle.api.internal.project.DefaultProjectStateRegistry$ProjectStateImpl.applyToMutableState(Ljava/util/function/Consumer;)V+7
j  org.gradle.configuration.project.BuildScriptProcessor.execute(Lorg/gradle/api/internal/project/ProjectInternal;)V+88
j  org.gradle.configuration.project.BuildScriptProcessor.execute(Ljava/lang/Object;)V+5
j  org.gradle.configuration.project.ConfigureActionsProjectEvaluator.evaluate(Lorg/gradle/api/internal/project/ProjectInternal;Lorg/gradle/api/internal/project/ProjectStateInternal;)V+33
j  org.gradle.configuration.project.LifecycleProjectEvaluator$EvaluateProject.lambda$run$0(Lorg/gradle/internal/operations/BuildOperationContext;Lorg/gradle/api/internal/project/ProjectInternal;)V+67
j  org.gradle.configuration.project.LifecycleProjectEvaluator$EvaluateProject$$Lambda+0x000001b4e96d51a0.accept(Ljava/lang/Object;)V+12
j  org.gradle.api.internal.project.DefaultProjectStateRegistry$ProjectStateImpl.lambda$applyToMutableState$1(Ljava/util/function/Consumer;Lorg/gradle/api/internal/project/ProjectInternal;)Ljava/lang/Object;+2
j  org.gradle.api.internal.project.DefaultProjectStateRegistry$ProjectStateImpl$$Lambda+0x000001b4e96d53d8.apply(Ljava/lang/Object;)Ljava/lang/Object;+8
j  org.gradle.api.internal.project.DefaultProjectStateRegistry$ProjectStateImpl.lambda$fromMutableState$2(Ljava/util/function/Function;)Ljava/lang/Object;+5
j  org.gradle.api.internal.project.DefaultProjectStateRegistry$ProjectStateImpl$$Lambda+0x000001b4e96d5620.create()Ljava/lang/Object;+8
j  org.gradle.internal.work.DefaultWorkerLeaseService.withReplacedLocks(Ljava/util/Collection;Lorg/gradle/internal/resources/ResourceLock;Lorg/gradle/internal/Factory;)Ljava/lang/Object;+40
j  org.gradle.api.internal.project.DefaultProjectStateRegistry$ProjectStateImpl.fromMutableState(Ljava/util/function/Function;)Ljava/lang/Object;+133
j  org.gradle.api.internal.project.DefaultProjectStateRegistry$ProjectStateImpl.applyToMutableState(Ljava/util/function/Consumer;)V+7
j  org.gradle.configuration.project.LifecycleProjectEvaluator$EvaluateProject.run(Lorg/gradle/internal/operations/BuildOperationContext;)V+16
J 8627 c1 org.gradle.internal.operations.DefaultBuildOperationRunner$1.execute(Lorg/gradle/internal/operations/BuildOperation;Lorg/gradle/internal/operations/BuildOperationContext;)V (10 bytes) @ 0x000001b4ba22a044 [0x000001b4ba229de0+0x0000000000000264]
J 6814 c1 org.gradle.internal.operations.DefaultBuildOperationRunner$2.execute(Lorg/gradle/internal/operations/BuildOperationDescriptor;Lorg/gradle/internal/operations/BuildOperationState;Lorg/gradle/internal/operations/BuildOperationState;Lorg/gradle/internal/operations/DefaultBuildOperationRunner$ReadableBuildOperationContext;Lorg/gradle/internal/operations/DefaultBuildOperationRunner$BuildOperationExecutionListener;)Lorg/gradle/internal/operations/BuildOperation; (110 bytes) @ 0x000001b4b9f5eacc [0x000001b4b9f5e8c0+0x000000000000020c]
J 6813 c1 org.gradle.internal.operations.DefaultBuildOperationRunner$2.execute(Lorg/gradle/internal/operations/BuildOperationDescriptor;Lorg/gradle/internal/operations/BuildOperationState;Lorg/gradle/internal/operations/BuildOperationState;Lorg/gradle/internal/operations/DefaultBuildOperationRunner$ReadableBuildOperationContext;Lorg/gradle/internal/operations/DefaultBuildOperationRunner$BuildOperationExecutionListener;)Ljava/lang/Object; (12 bytes) @ 0x000001b4b9f5e4cc [0x000001b4b9f5e440+0x000000000000008c]
J 9546 c1 org.gradle.internal.operations.DefaultBuildOperationRunner.execute(Lorg/gradle/internal/operations/BuildOperationDescriptor$Builder;Lorg/gradle/internal/operations/BuildOperationState;Lorg/gradle/internal/operations/DefaultBuildOperationRunner$BuildOperationExecution;)Ljava/lang/Object; (147 bytes) @ 0x000001b4ba3e2494 [0x000001b4ba3e1900+0x0000000000000b94]
J 7001 c1 org.gradle.internal.operations.DefaultBuildOperationRunner.execute(Lorg/gradle/internal/operations/BuildOperation;Lorg/gradle/internal/operations/BuildOperationWorker;Lorg/gradle/internal/operations/BuildOperationState;)V (23 bytes) @ 0x000001b4b9fc11a4 [0x000001b4b9fc0ee0+0x00000000000002c4]
J 8626 c1 org.gradle.internal.operations.DefaultBuildOperationRunner.run(Lorg/gradle/internal/operations/RunnableBuildOperation;)V (13 bytes) @ 0x000001b4ba22a864 [0x000001b4ba22a480+0x00000000000003e4]
j  org.gradle.configuration.project.LifecycleProjectEvaluator.evaluate(Lorg/gradle/api/internal/project/ProjectInternal;Lorg/gradle/api/internal/project/ProjectStateInternal;)V+42
j  org.gradle.api.internal.project.DefaultProject.evaluateUnchecked()Lorg/gradle/api/internal/project/ProjectInternal;+20
j  org.gradle.api.internal.project.ProjectLifecycleController.lambda$ensureSelfConfigured$2()V+4
j  org.gradle.api.internal.project.ProjectLifecycleController$$Lambda+0x000001b4e96d3730.run()V+4
j  org.gradle.internal.model.StateTransitionController.lambda$doTransition$14(Ljava/lang/Runnable;)Lorg/gradle/internal/build/ExecutionResult;+1
j  org.gradle.internal.model.StateTransitionController$$Lambda+0x000001b4e945f9f0.get()Ljava/lang/Object;+4
j  org.gradle.internal.model.StateTransitionController.doTransition(Lorg/gradle/internal/model/StateTransitionController$State;Lorg/gradle/internal/model/StateTransitionController$State;Ljava/util/function/Supplier;)Lorg/gradle/internal/build/ExecutionResult;+24
j  org.gradle.internal.model.StateTransitionController.doTransition(Lorg/gradle/internal/model/StateTransitionController$State;Lorg/gradle/internal/model/StateTransitionController$State;Ljava/lang/Runnable;)V+9
j  org.gradle.internal.model.StateTransitionController.lambda$maybeTransitionIfNotCurrentlyTransitioning$10(Lorg/gradle/internal/model/StateTransitionController$State;Lorg/gradle/internal/model/StateTransitionController$State;Ljava/lang/Runnable;)V+16
j  org.gradle.internal.model.StateTransitionController$$Lambda+0x000001b4e96d3958.run()V+16
j  org.gradle.internal.work.DefaultSynchronizer.withLock(Ljava/lang/Runnable;)V+6
j  org.gradle.internal.model.StateTransitionController.maybeTransitionIfNotCurrentlyTransitioning(Lorg/gradle/internal/model/StateTransitionController$State;Lorg/gradle/internal/model/StateTransitionController$State;Ljava/lang/Runnable;)V+13
j  org.gradle.api.internal.project.ProjectLifecycleController.ensureSelfConfigured()V+16
j  org.gradle.api.internal.project.DefaultProjectStateRegistry$ProjectStateImpl.ensureConfigured()V+19
j  org.gradle.execution.TaskPathProjectEvaluator.configure(Lorg/gradle/api/internal/project/ProjectInternal;)V+6
j  org.gradle.execution.TaskPathProjectEvaluator.configureHierarchy(Lorg/gradle/api/internal/project/ProjectInternal;)V+2
j  org.gradle.configuration.DefaultProjectsPreparer.prepareProjects(Lorg/gradle/api/internal/GradleInternal;)V+52
j  org.gradle.configuration.BuildTreePreparingProjectsPreparer.prepareProjects(Lorg/gradle/api/internal/GradleInternal;)V+114
j  org.gradle.configuration.BuildOperationFiringProjectsPreparer$ConfigureBuild.run(Lorg/gradle/internal/operations/BuildOperationContext;)V+11
J 8627 c1 org.gradle.internal.operations.DefaultBuildOperationRunner$1.execute(Lorg/gradle/internal/operations/BuildOperation;Lorg/gradle/internal/operations/BuildOperationContext;)V (10 bytes) @ 0x000001b4ba22a044 [0x000001b4ba229de0+0x0000000000000264]
J 6814 c1 org.gradle.internal.operations.DefaultBuildOperationRunner$2.execute(Lorg/gradle/internal/operations/BuildOperationDescriptor;Lorg/gradle/internal/operations/BuildOperationState;Lorg/gradle/internal/operations/BuildOperationState;Lorg/gradle/internal/operations/DefaultBuildOperationRunner$ReadableBuildOperationContext;Lorg/gradle/internal/operations/DefaultBuildOperationRunner$BuildOperationExecutionListener;)Lorg/gradle/internal/operations/BuildOperation; (110 bytes) @ 0x000001b4b9f5eacc [0x000001b4b9f5e8c0+0x000000000000020c]
J 6813 c1 org.gradle.internal.operations.DefaultBuildOperationRunner$2.execute(Lorg/gradle/internal/operations/BuildOperationDescriptor;Lorg/gradle/internal/operations/BuildOperationState;Lorg/gradle/internal/operations/BuildOperationState;Lorg/gradle/internal/operations/DefaultBuildOperationRunner$ReadableBuildOperationContext;Lorg/gradle/internal/operations/DefaultBuildOperationRunner$BuildOperationExecutionListener;)Ljava/lang/Object; (12 bytes) @ 0x000001b4b9f5e4cc [0x000001b4b9f5e440+0x000000000000008c]
J 9546 c1 org.gradle.internal.operations.DefaultBuildOperationRunner.execute(Lorg/gradle/internal/operations/BuildOperationDescriptor$Builder;Lorg/gradle/internal/operations/BuildOperationState;Lorg/gradle/internal/operations/DefaultBuildOperationRunner$BuildOperationExecution;)Ljava/lang/Object; (147 bytes) @ 0x000001b4ba3e2494 [0x000001b4ba3e1900+0x0000000000000b94]
J 7001 c1 org.gradle.internal.operations.DefaultBuildOperationRunner.execute(Lorg/gradle/internal/operations/BuildOperation;Lorg/gradle/internal/operations/BuildOperationWorker;Lorg/gradle/internal/operations/BuildOperationState;)V (23 bytes) @ 0x000001b4b9fc11a4 [0x000001b4b9fc0ee0+0x00000000000002c4]
J 8626 c1 org.gradle.internal.operations.DefaultBuildOperationRunner.run(Lorg/gradle/internal/operations/RunnableBuildOperation;)V (13 bytes) @ 0x000001b4ba22a864 [0x000001b4ba22a480+0x00000000000003e4]
j  org.gradle.configuration.BuildOperationFiringProjectsPreparer.prepareProjects(Lorg/gradle/api/internal/GradleInternal;)V+13
j  org.gradle.initialization.VintageBuildModelController.lambda$prepareProjects$2()V+8
j  org.gradle.initialization.VintageBuildModelController$$Lambda+0x000001b4e96a54b8.run()V+4
j  org.gradle.internal.model.StateTransitionController.lambda$doTransition$14(Ljava/lang/Runnable;)Lorg/gradle/internal/build/ExecutionResult;+1
j  org.gradle.internal.model.StateTransitionController$$Lambda+0x000001b4e945f9f0.get()Ljava/lang/Object;+4
j  org.gradle.internal.model.StateTransitionController.doTransition(Lorg/gradle/internal/model/StateTransitionController$State;Lorg/gradle/internal/model/StateTransitionController$State;Ljava/util/function/Supplier;)Lorg/gradle/internal/build/ExecutionResult;+24
j  org.gradle.internal.model.StateTransitionController.doTransition(Lorg/gradle/internal/model/StateTransitionController$State;Lorg/gradle/internal/model/StateTransitionController$State;Ljava/lang/Runnable;)V+9
j  org.gradle.internal.model.StateTransitionController.lambda$transitionIfNotPreviously$11(Lorg/gradle/internal/model/StateTransitionController$State;Lorg/gradle/internal/model/StateTransitionController$State;Ljava/lang/Runnable;)V+16
j  org.gradle.internal.model.StateTransitionController$$Lambda+0x000001b4e945f7c8.run()V+16
j  org.gradle.internal.work.DefaultSynchronizer.withLock(Ljava/lang/Runnable;)V+6
j  org.gradle.internal.model.StateTransitionController.transitionIfNotPreviously(Lorg/gradle/internal/model/StateTransitionController$State;Lorg/gradle/internal/model/StateTransitionController$State;Ljava/lang/Runnable;)V+13
j  org.gradle.initialization.VintageBuildModelController.prepareProjects()V+16
j  org.gradle.initialization.VintageBuildModelController.getConfiguredModel()Lorg/gradle/api/internal/GradleInternal;+5
j  org.gradle.internal.build.DefaultBuildLifecycleController.lambda$withProjectsConfigured$1(Ljava/util/function/Function;)Ljava/lang/Object;+5
j  org.gradle.internal.build.DefaultBuildLifecycleController$$Lambda+0x000001b4e945f150.get()Ljava/lang/Object;+8
j  org.gradle.internal.model.StateTransitionController.lambda$notInState$3(Lorg/gradle/internal/model/StateTransitionController$State;Ljava/util/function/Supplier;)Ljava/lang/Object;+11
j  org.gradle.internal.model.StateTransitionController$$Lambda+0x000001b4e945f378.create()Ljava/lang/Object;+12
j  org.gradle.internal.work.DefaultSynchronizer.withLock(Lorg/gradle/internal/Factory;)Ljava/lang/Object;+6
j  org.gradle.internal.model.StateTransitionController.notInState(Lorg/gradle/internal/model/StateTransitionController$State;Ljava/util/function/Supplier;)Ljava/lang/Object;+12
j  org.gradle.internal.build.DefaultBuildLifecycleController.withProjectsConfigured(Ljava/util/function/Function;)Ljava/lang/Object;+14
j  org.gradle.internal.build.DefaultBuildToolingModelController.locateBuilderForTarget(Ljava/lang/String;Z)Lorg/gradle/tooling/provider/model/internal/ToolingModelScope;+38
j  org.gradle.internal.buildtree.DefaultBuildTreeModelCreator$DefaultBuildTreeModelController.lambda$locateBuilderForBuildTarget$0(Ljava/lang/String;ZLorg/gradle/internal/build/BuildToolingModelController;)Lorg/gradle/tooling/provider/model/internal/ToolingModelScope;+3
j  org.gradle.internal.buildtree.DefaultBuildTreeModelCreator$DefaultBuildTreeModelController$$Lambda+0x000001b4e9444400.apply(Ljava/lang/Object;)Ljava/lang/Object;+12
j  org.gradle.internal.build.DefaultBuildLifecycleController.withToolingModels(Ljava/util/function/Function;)Ljava/lang/Object;+15
j  org.gradle.internal.build.AbstractBuildState.withToolingModels(Ljava/util/function/Function;)Ljava/lang/Object;+5
j  org.gradle.internal.buildtree.DefaultBuildTreeModelCreator$DefaultBuildTreeModelController.locateBuilderForBuildTarget(Lorg/gradle/internal/build/BuildState;Ljava/lang/String;Z)Lorg/gradle/tooling/provider/model/internal/ToolingModelScope;+8
j  org.gradle.internal.buildtree.DefaultBuildTreeModelCreator$DefaultBuildTreeModelController.locateBuilderForDefaultTarget(Ljava/lang/String;Z)Lorg/gradle/tooling/provider/model/internal/ToolingModelScope;+10
j  org.gradle.internal.buildtree.DefaultBuildTreeModelCreator$DefaultBuildTreeModelController.locateBuilderForTarget(Lorg/gradle/internal/buildtree/BuildTreeModelTarget;Ljava/lang/String;Z)Lorg/gradle/tooling/provider/model/internal/ToolingModelScope;+10
j  org.gradle.internal.buildtree.DefaultBuildTreeModelCreator$DefaultBuildTreeModelController.access$200(Lorg/gradle/internal/buildtree/DefaultBuildTreeModelCreator$DefaultBuildTreeModelController;Lorg/gradle/internal/buildtree/BuildTreeModelTarget;Ljava/lang/String;Z)Lorg/gradle/tooling/provider/model/internal/ToolingModelScope;+4
j  org.gradle.internal.buildtree.DefaultBuildTreeModelCreator$DefaultBuildTreeModelController$1.call(Lorg/gradle/internal/operations/BuildOperationContext;)Ljava/lang/Object;+24
j  org.gradle.internal.operations.DefaultBuildOperationRunner$CallableBuildOperationWorker.execute(Lorg/gradle/internal/operations/CallableBuildOperation;Lorg/gradle/internal/operations/BuildOperationContext;)V+3
j  org.gradle.internal.operations.DefaultBuildOperationRunner$CallableBuildOperationWorker.execute(Lorg/gradle/internal/operations/BuildOperation;Lorg/gradle/internal/operations/BuildOperationContext;)V+6
j  org.gradle.internal.operations.DefaultBuildOperationRunner$2.execute(Lorg/gradle/internal/operations/BuildOperationDescriptor;Lorg/gradle/internal/operations/BuildOperationState;Lorg/gradle/internal/operations/BuildOperationState;Lorg/gradle/internal/operations/DefaultBuildOperationRunner$ReadableBuildOperationContext;Lorg/gradle/internal/operations/DefaultBuildOperationRunner$BuildOperationExecutionListener;)Lorg/gradle/internal/operations/BuildOperation;+22
j  org.gradle.internal.operations.DefaultBuildOperationRunner$2.execute(Lorg/gradle/internal/operations/BuildOperationDescriptor;Lorg/gradle/internal/operations/BuildOperationState;Lorg/gradle/internal/operations/BuildOperationState;Lorg/gradle/internal/operations/DefaultBuildOperationRunner$ReadableBuildOperationContext;Lorg/gradle/internal/operations/DefaultBuildOperationRunner$BuildOperationExecutionListener;)Ljava/lang/Object;+8
j  org.gradle.internal.operations.DefaultBuildOperationRunner.execute(Lorg/gradle/internal/operations/BuildOperationDescriptor$Builder;Lorg/gradle/internal/operations/BuildOperationState;Lorg/gradle/internal/operations/DefaultBuildOperationRunner$BuildOperationExecution;)Ljava/lang/Object;+141
j  org.gradle.internal.operations.DefaultBuildOperationRunner.execute(Lorg/gradle/internal/operations/BuildOperation;Lorg/gradle/internal/operations/BuildOperationWorker;Lorg/gradle/internal/operations/BuildOperationState;)V+18
j  org.gradle.internal.operations.DefaultBuildOperationRunner.call(Lorg/gradle/internal/operations/CallableBuildOperation;)Ljava/lang/Object;+16
j  org.gradle.internal.buildtree.DefaultBuildTreeModelCreator$DefaultBuildTreeModelController.getModel(Lorg/gradle/internal/buildtree/BuildTreeModelTarget;Ljava/lang/String;Ljava/lang/Object;)Ljava/lang/Object;+18
j  org.gradle.tooling.internal.provider.runner.BuildModelActionRunner$ModelCreateAction.fromBuildModel(Lorg/gradle/internal/buildtree/BuildTreeModelController;)Ljava/lang/Object;+14
j  org.gradle.internal.buildtree.DefaultBuildTreeModelCreator.fromBuildModel(Lorg/gradle/internal/buildtree/BuildTreeModelAction;)Ljava/lang/Object;+10
j  org.gradle.internal.cc.impl.barrier.BarrierAwareBuildTreeModelCreator.fromBuildModel$lambda$1(Lorg/gradle/internal/cc/impl/barrier/BarrierAwareBuildTreeModelCreator;Lorg/gradle/internal/buildtree/BuildTreeModelAction;)Ljava/lang/Object;+5
j  org.gradle.internal.cc.impl.barrier.BarrierAwareBuildTreeModelCreator$$Lambda+0x000001b4e9440228.invoke()Ljava/lang/Object;+8
j  org.gradle.internal.cc.impl.barrier.VintageConfigurationTimeActionRunner.runConfigurationTimeAction(Lkotlin/jvm/functions/Function0;)Ljava/lang/Object;+25
j  org.gradle.internal.cc.impl.barrier.BarrierAwareBuildTreeModelCreator.fromBuildModel(Lorg/gradle/internal/buildtree/BuildTreeModelAction;)Ljava/lang/Object;+17
j  org.gradle.internal.buildtree.DefaultBuildTreeLifecycleController.lambda$fromBuildModel$2(Lorg/gradle/internal/buildtree/BuildTreeModelAction;Z)Lorg/gradle/internal/build/ExecutionResult;+57
j  org.gradle.internal.buildtree.DefaultBuildTreeLifecycleController$$Lambda+0x000001b4e943ba50.get()Ljava/lang/Object;+12
j  org.gradle.internal.buildtree.DefaultBuildTreeLifecycleController.lambda$runBuild$4(Ljava/util/function/Supplier;)Ljava/lang/Object;+1
j  org.gradle.internal.buildtree.DefaultBuildTreeLifecycleController$$Lambda+0x000001b4e943bc78.get()Ljava/lang/Object;+8
j  org.gradle.internal.model.StateTransitionController.lambda$transition$6(Ljava/util/function/Supplier;)Lorg/gradle/internal/build/ExecutionResult;+1
j  org.gradle.internal.model.StateTransitionController$$Lambda+0x000001b4e9439228.get()Ljava/lang/Object;+4
j  org.gradle.internal.model.StateTransitionController.doTransition(Lorg/gradle/internal/model/StateTransitionController$State;Lorg/gradle/internal/model/StateTransitionController$State;Ljava/util/function/Supplier;)Lorg/gradle/internal/build/ExecutionResult;+24
j  org.gradle.internal.model.StateTransitionController.lambda$transition$7(Lorg/gradle/internal/model/StateTransitionController$State;Lorg/gradle/internal/model/StateTransitionController$State;Ljava/util/function/Supplier;)Ljava/lang/Object;+9
j  org.gradle.internal.model.StateTransitionController$$Lambda+0x000001b4e9439000.create()Ljava/lang/Object;+16
j  org.gradle.internal.work.DefaultSynchronizer.withLock(Lorg/gradle/internal/Factory;)Ljava/lang/Object;+6
j  org.gradle.internal.model.StateTransitionController.transition(Lorg/gradle/internal/model/StateTransitionController$State;Lorg/gradle/internal/model/StateTransitionController$State;Ljava/util/function/Supplier;)Ljava/lang/Object;+13
j  org.gradle.internal.buildtree.DefaultBuildTreeLifecycleController.runBuild(Ljava/util/function/Supplier;)Ljava/lang/Object;+17
j  org.gradle.internal.buildtree.DefaultBuildTreeLifecycleController.fromBuildModel(ZLorg/gradle/internal/buildtree/BuildTreeModelAction;)Ljava/lang/Object;+9
j  org.gradle.tooling.internal.provider.runner.BuildModelActionRunner.run(Lorg/gradle/internal/invocation/BuildAction;Lorg/gradle/internal/buildtree/BuildTreeLifecycleController;)Lorg/gradle/internal/buildtree/BuildActionRunner$Result;+40
j  org.gradle.launcher.exec.ChainingBuildActionRunner.run(Lorg/gradle/internal/invocation/BuildAction;Lorg/gradle/internal/buildtree/BuildTreeLifecycleController;)Lorg/gradle/internal/buildtree/BuildActionRunner$Result;+34
j  org.gradle.internal.buildtree.ProblemReportingBuildActionRunner.run(Lorg/gradle/internal/invocation/BuildAction;Lorg/gradle/internal/buildtree/BuildTreeLifecycleController;)Lorg/gradle/internal/buildtree/BuildActionRunner$Result;+12
j  org.gradle.launcher.exec.BuildOutcomeReportingBuildActionRunner.run(Lorg/gradle/internal/invocation/BuildAction;Lorg/gradle/internal/buildtree/BuildTreeLifecycleController;)Lorg/gradle/internal/buildtree/BuildActionRunner$Result;+69
j  org.gradle.tooling.internal.provider.FileSystemWatchingBuildActionRunner.run(Lorg/gradle/internal/invocation/BuildAction;Lorg/gradle/internal/buildtree/BuildTreeLifecycleController;)Lorg/gradle/internal/buildtree/BuildActionRunner$Result;+317
j  org.gradle.launcher.exec.BuildCompletionNotifyingBuildActionRunner.run(Lorg/gradle/internal/invocation/BuildAction;Lorg/gradle/internal/buildtree/BuildTreeLifecycleController;)Lorg/gradle/internal/buildtree/BuildActionRunner$Result;+6
j  org.gradle.launcher.exec.RootBuildLifecycleBuildActionExecutor.lambda$execute$0(Lorg/gradle/internal/invocation/BuildAction;Lorg/gradle/internal/buildtree/BuildTreeLifecycleController;)Lorg/gradle/internal/buildtree/BuildActionRunner$Result;+6
j  org.gradle.launcher.exec.RootBuildLifecycleBuildActionExecutor$$Lambda+0x000001b4e94272e0.apply(Ljava/lang/Object;)Ljava/lang/Object;+12
j  org.gradle.composite.internal.DefaultRootBuildState.run(Ljava/util/function/Function;)Ljava/lang/Object;+92
j  org.gradle.launcher.exec.RootBuildLifecycleBuildActionExecutor.execute(Lorg/gradle/internal/invocation/BuildAction;Lorg/gradle/internal/buildtree/BuildTreeContext;)Lorg/gradle/internal/buildtree/BuildActionRunner$Result;+119
j  org.gradle.internal.buildtree.InitDeprecationLoggingActionExecutor.execute(Lorg/gradle/internal/invocation/BuildAction;Lorg/gradle/internal/buildtree/BuildTreeContext;)Lorg/gradle/internal/buildtree/BuildActionRunner$Result;+83
j  org.gradle.internal.buildtree.InitProblems.execute(Lorg/gradle/internal/invocation/BuildAction;Lorg/gradle/internal/buildtree/BuildTreeContext;)Lorg/gradle/internal/buildtree/BuildActionRunner$Result;+13
j  org.gradle.internal.buildtree.DefaultBuildTreeContext.execute(Lorg/gradle/internal/invocation/BuildAction;)Lorg/gradle/internal/buildtree/BuildActionRunner$Result;+64
j  org.gradle.launcher.exec.BuildTreeLifecycleBuildActionExecutor.lambda$execute$0(Lorg/gradle/internal/invocation/BuildAction;Lorg/gradle/internal/buildtree/BuildTreeContext;)Lorg/gradle/internal/buildtree/BuildActionRunner$Result;+2
j  org.gradle.launcher.exec.BuildTreeLifecycleBuildActionExecutor$$Lambda+0x000001b4e92b7928.apply(Ljava/lang/Object;)Ljava/lang/Object;+8
j  org.gradle.internal.buildtree.BuildTreeState.run(Ljava/util/function/Function;)Ljava/lang/Object;+47
j  org.gradle.launcher.exec.BuildTreeLifecycleBuildActionExecutor.execute(Lorg/gradle/internal/invocation/BuildAction;Lorg/gradle/internal/session/BuildSessionContext;)Lorg/gradle/internal/buildtree/BuildActionRunner$Result;+74
j  org.gradle.launcher.exec.RunAsBuildOperationBuildActionExecutor$2.call(Lorg/gradle/internal/operations/BuildOperationContext;)Lorg/gradle/internal/buildtree/BuildActionRunner$Result;+25
j  org.gradle.launcher.exec.RunAsBuildOperationBuildActionExecutor$2.call(Lorg/gradle/internal/operations/BuildOperationContext;)Ljava/lang/Object;+2
j  org.gradle.internal.operations.DefaultBuildOperationRunner$CallableBuildOperationWorker.execute(Lorg/gradle/internal/operations/CallableBuildOperation;Lorg/gradle/internal/operations/BuildOperationContext;)V+3
j  org.gradle.internal.operations.DefaultBuildOperationRunner$CallableBuildOperationWorker.execute(Lorg/gradle/internal/operations/BuildOperation;Lorg/gradle/internal/operations/BuildOperationContext;)V+6
j  org.gradle.internal.operations.DefaultBuildOperationRunner$2.execute(Lorg/gradle/internal/operations/BuildOperationDescriptor;Lorg/gradle/internal/operations/BuildOperationState;Lorg/gradle/internal/operations/BuildOperationState;Lorg/gradle/internal/operations/DefaultBuildOperationRunner$ReadableBuildOperationContext;Lorg/gradle/internal/operations/DefaultBuildOperationRunner$BuildOperationExecutionListener;)Lorg/gradle/internal/operations/BuildOperation;+22
j  org.gradle.internal.operations.DefaultBuildOperationRunner$2.execute(Lorg/gradle/internal/operations/BuildOperationDescriptor;Lorg/gradle/internal/operations/BuildOperationState;Lorg/gradle/internal/operations/BuildOperationState;Lorg/gradle/internal/operations/DefaultBuildOperationRunner$ReadableBuildOperationContext;Lorg/gradle/internal/operations/DefaultBuildOperationRunner$BuildOperationExecutionListener;)Ljava/lang/Object;+8
j  org.gradle.internal.operations.DefaultBuildOperationRunner.execute(Lorg/gradle/internal/operations/BuildOperationDescriptor$Builder;Lorg/gradle/internal/operations/BuildOperationState;Lorg/gradle/internal/operations/DefaultBuildOperationRunner$BuildOperationExecution;)Ljava/lang/Object;+141
j  org.gradle.internal.operations.DefaultBuildOperationRunner.execute(Lorg/gradle/internal/operations/BuildOperation;Lorg/gradle/internal/operations/BuildOperationWorker;Lorg/gradle/internal/operations/BuildOperationState;)V+18
j  org.gradle.internal.operations.DefaultBuildOperationRunner.call(Lorg/gradle/internal/operations/CallableBuildOperation;)Ljava/lang/Object;+16
j  org.gradle.launcher.exec.RunAsBuildOperationBuildActionExecutor.execute(Lorg/gradle/internal/invocation/BuildAction;Lorg/gradle/internal/session/BuildSessionContext;)Lorg/gradle/internal/buildtree/BuildActionRunner$Result;+23
j  org.gradle.launcher.exec.RunAsWorkerThreadBuildActionExecutor.lambda$execute$0(Lorg/gradle/internal/invocation/BuildAction;Lorg/gradle/internal/session/BuildSessionContext;)Lorg/gradle/internal/buildtree/BuildActionRunner$Result;+6
j  org.gradle.launcher.exec.RunAsWorkerThreadBuildActionExecutor$$Lambda+0x000001b4e9285c20.create()Ljava/lang/Object;+12
j  org.gradle.internal.work.DefaultWorkerLeaseService.withLocks(Ljava/util/Collection;Lorg/gradle/internal/Factory;)Ljava/lang/Object;+28
j  org.gradle.internal.work.DefaultWorkerLeaseService.runAsWorkerThread(Lorg/gradle/internal/Factory;)Ljava/lang/Object;+33
j  org.gradle.launcher.exec.RunAsWorkerThreadBuildActionExecutor.execute(Lorg/gradle/internal/invocation/BuildAction;Lorg/gradle/internal/session/BuildSessionContext;)Lorg/gradle/internal/buildtree/BuildActionRunner$Result;+12
j  org.gradle.tooling.internal.provider.continuous.ContinuousBuildActionExecutor.execute(Lorg/gradle/internal/invocation/BuildAction;Lorg/gradle/internal/session/BuildSessionContext;)Lorg/gradle/internal/buildtree/BuildActionRunner$Result;+58
j  org.gradle.tooling.internal.provider.SubscribableBuildActionExecutor.execute(Lorg/gradle/internal/invocation/BuildAction;Lorg/gradle/internal/session/BuildSessionContext;)Lorg/gradle/internal/buildtree/BuildActionRunner$Result;+30
j  org.gradle.internal.session.DefaultBuildSessionContext.execute(Lorg/gradle/internal/invocation/BuildAction;)Lorg/gradle/internal/buildtree/BuildActionRunner$Result;+64
j  org.gradle.internal.buildprocess.execution.BuildSessionLifecycleBuildActionExecutor$ActionImpl.apply(Lorg/gradle/internal/session/BuildSessionContext;)Lorg/gradle/launcher/exec/BuildActionResult;+6
j  org.gradle.internal.buildprocess.execution.BuildSessionLifecycleBuildActionExecutor$ActionImpl.apply(Ljava/lang/Object;)Ljava/lang/Object;+5
j  org.gradle.internal.session.BuildSessionState.run(Ljava/util/function/Function;)Ljava/lang/Object;+5
j  org.gradle.internal.buildprocess.execution.BuildSessionLifecycleBuildActionExecutor.execute(Lorg/gradle/internal/invocation/BuildAction;Lorg/gradle/launcher/exec/BuildActionParameters;Lorg/gradle/initialization/BuildRequestContext;)Lorg/gradle/launcher/exec/BuildActionResult;+95
j  org.gradle.internal.buildprocess.execution.BuildSessionLifecycleBuildActionExecutor.execute(Lorg/gradle/internal/invocation/BuildAction;Ljava/lang/Object;Ljava/lang/Object;)Lorg/gradle/launcher/exec/BuildActionResult;+10
j  org.gradle.internal.buildprocess.execution.StartParamsValidatingActionExecutor.execute(Lorg/gradle/internal/invocation/BuildAction;Lorg/gradle/launcher/exec/BuildActionParameters;Lorg/gradle/initialization/BuildRequestContext;)Lorg/gradle/launcher/exec/BuildActionResult;+142
j  org.gradle.internal.buildprocess.execution.StartParamsValidatingActionExecutor.execute(Lorg/gradle/internal/invocation/BuildAction;Ljava/lang/Object;Ljava/lang/Object;)Lorg/gradle/launcher/exec/BuildActionResult;+10
j  org.gradle.internal.buildprocess.execution.SessionFailureReportingActionExecutor.execute(Lorg/gradle/internal/invocation/BuildAction;Lorg/gradle/launcher/exec/BuildActionParameters;Lorg/gradle/initialization/BuildRequestContext;)Lorg/gradle/launcher/exec/BuildActionResult;+7
j  org.gradle.internal.buildprocess.execution.SessionFailureReportingActionExecutor.execute(Lorg/gradle/internal/invocation/BuildAction;Ljava/lang/Object;Ljava/lang/Object;)Lorg/gradle/launcher/exec/BuildActionResult;+10
j  org.gradle.internal.buildprocess.execution.SetupLoggingActionExecutor.execute(Lorg/gradle/internal/invocation/BuildAction;Lorg/gradle/launcher/exec/BuildActionParameters;Lorg/gradle/initialization/BuildRequestContext;)Lorg/gradle/launcher/exec/BuildActionResult;+50
j  org.gradle.internal.buildprocess.execution.SetupLoggingActionExecutor.execute(Lorg/gradle/internal/invocation/BuildAction;Ljava/lang/Object;Ljava/lang/Object;)Lorg/gradle/launcher/exec/BuildActionResult;+10
j  org.gradle.launcher.daemon.server.exec.ExecuteBuild.doBuild(Lorg/gradle/launcher/daemon/server/api/DaemonCommandExecution;Lorg/gradle/launcher/daemon/protocol/Build;)V+147
j  org.gradle.launcher.daemon.server.exec.BuildCommandOnly.execute(Lorg/gradle/launcher/daemon/server/api/DaemonCommandExecution;)V+49
j  org.gradle.launcher.daemon.server.api.DaemonCommandExecution.proceed()Z+23
j  org.gradle.launcher.daemon.server.exec.WatchForDisconnection.execute(Lorg/gradle/launcher/daemon/server/api/DaemonCommandExecution;)V+19
j  org.gradle.launcher.daemon.server.api.DaemonCommandExecution.proceed()Z+23
j  org.gradle.launcher.daemon.server.exec.ResetDeprecationLogger.execute(Lorg/gradle/launcher/daemon/server/api/DaemonCommandExecution;)V+7
j  org.gradle.launcher.daemon.server.api.DaemonCommandExecution.proceed()Z+23
j  org.gradle.launcher.daemon.server.exec.RequestStopIfSingleUsedDaemon.execute(Lorg/gradle/launcher/daemon/server/api/DaemonCommandExecution;)V+33
j  org.gradle.launcher.daemon.server.api.DaemonCommandExecution.proceed()Z+23
j  org.gradle.launcher.daemon.server.exec.ForwardClientInput.lambda$execute$0(Lorg/gradle/launcher/daemon/server/api/DaemonCommandExecution;Lorg/gradle/internal/daemon/clientinput/StdinHandler;)Ljava/lang/Object;+11
j  org.gradle.launcher.daemon.server.exec.ForwardClientInput$$Lambda+0x000001b4e9190230.apply(Ljava/lang/Object;)Ljava/lang/Object;+8
j  org.gradle.internal.daemon.clientinput.ClientInputForwarder.forwardInput(Ljava/util/function/Function;)Ljava/lang/Object;+46
j  org.gradle.launcher.daemon.server.exec.ForwardClientInput.execute(Lorg/gradle/launcher/daemon/server/api/DaemonCommandExecution;)V+10
j  org.gradle.launcher.daemon.server.api.DaemonCommandExecution.proceed()Z+23
j  org.gradle.launcher.daemon.server.exec.LogAndCheckHealth.execute(Lorg/gradle/launcher/daemon/server/api/DaemonCommandExecution;)V+51
j  org.gradle.launcher.daemon.server.api.DaemonCommandExecution.proceed()Z+23
j  org.gradle.launcher.daemon.server.exec.LogToClient.doBuild(Lorg/gradle/launcher/daemon/server/api/DaemonCommandExecution;Lorg/gradle/launcher/daemon/protocol/Build;)V+87
j  org.gradle.launcher.daemon.server.exec.BuildCommandOnly.execute(Lorg/gradle/launcher/daemon/server/api/DaemonCommandExecution;)V+49
j  org.gradle.launcher.daemon.server.api.DaemonCommandExecution.proceed()Z+23
j  org.gradle.launcher.daemon.server.exec.EstablishBuildEnvironment.doBuild(Lorg/gradle/launcher/daemon/server/api/DaemonCommandExecution;Lorg/gradle/launcher/daemon/protocol/Build;)V+356
j  org.gradle.launcher.daemon.server.exec.BuildCommandOnly.execute(Lorg/gradle/launcher/daemon/server/api/DaemonCommandExecution;)V+49
j  org.gradle.launcher.daemon.server.api.DaemonCommandExecution.proceed()Z+23
j  org.gradle.launcher.daemon.server.exec.StartBuildOrRespondWithBusy$1.run()V+44
j  org.gradle.launcher.daemon.server.DaemonStateCoordinator.lambda$runCommand$0(Ljava/lang/Runnable;)V+1
j  org.gradle.launcher.daemon.server.DaemonStateCoordinator$$Lambda+0x000001b4e918edc0.run()V+8
j  org.gradle.internal.concurrent.ExecutorPolicy$CatchAndRecordFailures.onExecute(Ljava/lang/Runnable;)V+1
j  org.gradle.internal.concurrent.AbstractManagedExecutor$1.run()V+25
j  java.util.concurrent.ThreadPoolExecutor.runWorker(Ljava/util/concurrent/ThreadPoolExecutor$Worker;)V+92 java.base@21.0.12.1
j  java.util.concurrent.ThreadPoolExecutor$Worker.run()V+5 java.base@21.0.12.1
j  java.lang.Thread.runWith(Ljava/lang/Object;Ljava/lang/Runnable;)V+5 java.base@21.0.12.1
j  java.lang.Thread.run()V+19 java.base@21.0.12.1
v  ~StubRoutines::call_stub 0x000001b4c8fa100d

Compiled method (n/a) 352069  918     n 0       java.lang.ClassLoader::defineClass1 (native)
 total in heap  [0x000001b4c974ad10,0x000001b4c974b2a8] = 1432
 relocation     [0x000001b4c974ae70,0x000001b4c974aea8] = 56
 main code      [0x000001b4c974aec0,0x000001b4c974b2a1] = 993
 stub code      [0x000001b4c974b2a1,0x000001b4c974b2a8] = 7

[Constant Pool (empty)]

[MachCode]
[Entry Point]
  # {method} {0x000001b4e8434c38} 'defineClass1' '(Ljava/lang/ClassLoader;Ljava/lang/String;[BIILjava/security/ProtectionDomain;Ljava/lang/String;)Ljava/lang/Class;' in 'java/lang/ClassLoader'
  # parm0:    rdx:rdx   = 'java/lang/ClassLoader'
  # parm1:    r8:r8     = 'java/lang/String'
  # parm2:    r9:r9     = '[B'
  # parm3:    rdi       = int
  # parm4:    rsi       = int
  # parm5:    rcx:rcx   = 'java/security/ProtectionDomain'
  # parm6:    [sp+0xa0]   = 'java/lang/String'  (sp of caller)
  0x000001b4c974aec0: 448b 5208 | 49bb 0000 | 00e8 b401 | 0000 4d03 | d349 3bc2 | 0f84 0600 

  0x000001b4c974aed8: ;   {runtime_call ic_miss_stub}
  0x000001b4c974aed8: 0000 e9a1 | 388a ff90 
[Verified Entry Point]
  0x000001b4c974aee0: 8984 2400 | 80ff ff55 | 488b ec48 | 81ec 9000 | 0000 6690 | 4181 7f20 | 0d00 0000 

  0x000001b4c974aefc: ;   {runtime_call StubRoutines (final stubs)}
  0x000001b4c974aefc: 7405 e8dd | b588 ff48 | 837d 1000 | 488d 4510 | 480f 4445 | 1048 8944 | 2440 4889 | 4c24 7048 
  0x000001b4c974af1c: 83f9 0048 | 8d44 2470 | 480f 4444 | 2470 4889 | 4424 3848 | 8974 2430 | 4889 7c24 | 284c 894c 
  0x000001b4c974af3c: 2458 4983 | f900 488d | 4424 5848 | 0f44 4424 | 5848 8944 | 2420 4c89 | 4424 5049 | 83f8 004c 
  0x000001b4c974af5c: 8d4c 2450 | 4c0f 444c | 2450 4889 | 5424 4848 | 83fa 004c | 8d44 2448 | 4c0f 4444 

  0x000001b4c974af78: ;   {oop(a 'java/lang/Class'{0x0000000600464020} = 'java/lang/ClassLoader')}
  0x000001b4c974af78: 2448 49be | 2040 4600 | 0600 0000 | 4c89 7424 | 784c 8d74 | 2478 498b | d6c5 f877 

  0x000001b4c974af94: ;   {internal_word}
  0x000001b4c974af94: 49ba 91af | 74c9 b401 | 0000 4d89 | 97a8 0300 | 0049 89a7 | a003 0000 

  0x000001b4c974afac: ;   {external_word}
  0x000001b4c974afac: 49ba 066d | d9ef fc7f | 0000 4180 | 3a00 0f84 | 4e00 0000 | 5241 5041 

  0x000001b4c974afc4: ;   {metadata({method} {0x000001b4e8434c38} 'defineClass1' '(Ljava/lang/ClassLoader;Ljava/lang/String;[BIILjava/security/ProtectionDomain;Ljava/lang/String;)Ljava/lang/Class;' in 'java/lang/ClassLoader')}
  0x000001b4c974afc4: 5148 ba30 | 4c43 e8b4 | 0100 0049 | 8bcf 4883 | ec20 40f6 | c40f 0f84 | 1900 0000 | 4883 ec08 
  0x000001b4c974afe4: ;   {runtime_call}
  0x000001b4c974afe4: 48b8 e0ea | 82ef fc7f | 0000 ffd0 | 4883 c408 | e90c 0000 

  0x000001b4c974aff8: ;   {runtime_call}
  0x000001b4c974aff8: 0048 b8e0 | ea82 effc | 7f00 00ff | d048 83c4 | 2041 5941 | 585a 498d | 8fc0 0300 | 0041 c787 
  0x000001b4c974b018: 4c04 0000 | 0400 0000 

  0x000001b4c974b020: ;   {runtime_call}
  0x000001b4c974b020: 48b8 ac16 | bb7f fd7f | 0000 ffd0 | c5f8 7741 | c787 4c04 | 0000 0500 | 0000 f083 | 4424 c000 
  0x000001b4c974b040: 493b af50 | 0400 000f | 870e 0000 | 0041 83bf | 4804 0000 | 000f 842b | 0000 00c5 | f877 4889 
  0x000001b4c974b060: 45f8 498b | cf4c 8be4 | 4883 ec20 | 4883 e4f0 

  0x000001b4c974b070: ;   {runtime_call}
  0x000001b4c974b070: 48b8 0058 | 4eef fc7f | 0000 ffd0 | 498b e44d | 33e4 488b | 45f8 41c7 | 874c 0400 | 0008 0000 
  0x000001b4c974b090: 0041 83bf | c804 0000 | 020f 84d5 

  0x000001b4c974b09c: ;   {external_word}
  0x000001b4c974b09c: 0100 0049 | ba06 6dd9 | effc 7f00 | 0041 803a | 000f 844c | 0000 0048 

  0x000001b4c974b0b4: ;   {metadata({method} {0x000001b4e8434c38} 'defineClass1' '(Ljava/lang/ClassLoader;Ljava/lang/String;[BIILjava/security/ProtectionDomain;Ljava/lang/String;)Ljava/lang/Class;' in 'java/lang/ClassLoader')}
  0x000001b4c974b0b4: 8945 f848 | ba30 4c43 | e8b4 0100 | 0049 8bcf | 4883 ec20 | 40f6 c40f | 0f84 1900 | 0000 4883 
  0x000001b4c974b0d4: ;   {runtime_call}
  0x000001b4c974b0d4: ec08 48b8 | e0ea 82ef | fc7f 0000 | ffd0 4883 | c408 e90c 

  0x000001b4c974b0e8: ;   {runtime_call}
  0x000001b4c974b0e8: 0000 0048 | b8e0 ea82 | effc 7f00 | 00ff d048 | 83c4 2048 | 8b45 f849 | c787 a003 | 0000 0000 
  0x000001b4c974b108: 0000 49c7 | 87a8 0300 | 0000 0000 | 00c5 f877 | 4885 c00f | 8430 0100 | 00a8 030f | 8508 0000 
  0x000001b4c974b128: 0048 8b00 | e920 0100 | 00a8 010f | 8509 0000 | 0048 8b40 | fee9 0f01 | 0000 488b | 40ff 4180 
  0x000001b4c974b148: 7f40 000f | 8400 0100 | 0048 83f8 | 000f 84f6 | 0000 0049 | 8b4f 2848 | 83f9 000f | 8414 0000 
  0x000001b4c974b168: 0048 83e9 | 0849 894f | 2849 034f | 3848 8901 | e9d4 0000 | 0048 83ec | 7048 8904 | 2448 894c 
  0x000001b4c974b188: 2408 4889 | 5424 104c | 8944 2418 | 4c89 4c24 | 204c 8954 | 2428 4c89 | 5c24 30c5 | fb11 4424 
  0x000001b4c974b1a8: 40c5 fb11 | 4c24 48c5 | fb11 5424 | 50c5 fb11 | 5c24 58c5 | fb11 6424 | 60c5 fb11 | 6c24 6849 
  0x000001b4c974b1c8: 8bd7 488b | c848 83ec | 2040 f6c4 | 0f0f 8419 | 0000 0048 

  0x000001b4c974b1dc: ;   {runtime_call}
  0x000001b4c974b1dc: 83ec 0848 | b820 a441 | effc 7f00 | 00ff d048 | 83c4 08e9 | 0c00 0000 

  0x000001b4c974b1f4: ;   {runtime_call}
  0x000001b4c974b1f4: 48b8 20a4 | 41ef fc7f | 0000 ffd0 | 4883 c420 | c5fb 106c | 2468 c5fb | 1064 2460 | c5fb 105c 
  0x000001b4c974b214: 2458 c5fb | 1054 2450 | c5fb 104c | 2448 c5fb | 1044 2440 | 4c8b 5c24 | 304c 8b54 | 2428 4c8b 
  0x000001b4c974b234: 4c24 204c | 8b44 2418 | 488b 5424 | 1048 8b4c | 2408 488b | 0424 4883 | c470 c5f8 | 7749 8b8f 
  0x000001b4c974b254: 3004 0000 | c781 0001 | 0000 0000 | 0000 c949 | 837f 0800 | 0f85 0100 

  0x000001b4c974b26c: ;   {runtime_call StubRoutines (initial stubs)}
  0x000001b4c974b26c: 0000 c3e9 | 8c5c 85ff | c5f8 7748 | 8945 f84c | 8be4 4883 | ec20 4883 

  0x000001b4c974b284: ;   {runtime_call}
  0x000001b4c974b284: e4f0 48b8 | 3022 83ef | fc7f 0000 | ffd0 498b | e44d 33e4 | 488b 45f8 | e9fe fdff | fff4 f4f4 
  0x000001b4c974b2a4: f4f4 f4f4 
[/MachCode]


Compiled method (c2) 352088 11846       4       java.security.SecureClassLoader::defineClass (16 bytes)
 total in heap  [0x000001b4c9cbb910,0x000001b4c9cc15e8] = 23768
 relocation     [0x000001b4c9cbba70,0x000001b4c9cbbe40] = 976
 main code      [0x000001b4c9cbbe40,0x000001b4c9cbf330] = 13552
 stub code      [0x000001b4c9cbf330,0x000001b4c9cbf4a0] = 368
 oops           [0x000001b4c9cbf4a0,0x000001b4c9cbf4b8] = 24
 metadata       [0x000001b4c9cbf4b8,0x000001b4c9cbf6a0] = 488
 scopes data    [0x000001b4c9cbf6a0,0x000001b4c9cc08d0] = 4656
 scopes pcs     [0x000001b4c9cc08d0,0x000001b4c9cc10e0] = 2064
 dependencies   [0x000001b4c9cc10e0,0x000001b4c9cc1108] = 40
 handler table  [0x000001b4c9cc1108,0x000001b4c9cc1528] = 1056
 nul chk table  [0x000001b4c9cc1528,0x000001b4c9cc15e8] = 192

[Constant Pool (empty)]

[MachCode]
[Entry Point]
  # {method} {0x000001b4e804e0e8} 'defineClass' '(Ljava/lang/String;[BIILjava/security/CodeSource;)Ljava/lang/Class;' in 'java/security/SecureClassLoader'
  # this:     rdx:rdx   = 'java/security/SecureClassLoader'
  # parm0:    r8:r8     = 'java/lang/String'
  # parm1:    r9:r9     = '[B'
  # parm2:    rdi       = int
  # parm3:    rsi       = int
  # parm4:    rcx:rcx   = 'java/security/CodeSource'
  #           [sp+0xd0]  (sp of caller)
  0x000001b4c9cbbe40: 448b 5208 | 49bb 0000 | 00e8 b401 | 0000 4d03 | d349 3bc2 

  0x000001b4c9cbbe54: ;   {runtime_call ic_miss_stub}
  0x000001b4c9cbbe54: 0f85 2629 | 33ff 6690 | 0f1f 4000 
[Verified Entry Point]
  0x000001b4c9cbbe60: 8984 2400 | 80ff ff55 | 4881 ecc0 | 0000 0090 | 4181 7f20 | 0d00 0000 | 0f85 a234 | 0000 8974 
  0x000001b4c9cbbe80: 243c 897c | 2438 4c89 | 4c24 304c | 8944 2420 | 4889 5424 | 2848 8be9 | 4885 c90f | 84a3 2400 
  0x000001b4c9cbbea0: 004d 8b87 | b801 0000 | 4d8b d049 | 83c2 104d | 3b97 c801 | 0000 0f83 | 8d1d 0000 | 4d89 97b8 
  0x000001b4c9cbbec0: 0100 0041 | 0f0d 8ac0 | 0000 0049 | c700 0100 

  0x000001b4c9cbbed0: ;   {metadata('java/security/SecureClassLoader$CodeSourceKey')}
  0x000001b4c9cbbed0: 0000 41c7 | 4008 b8b4 | 1100 4c8b | dd49 c1eb | 0345 8958 | 0c4d 8b8f | b801 0000 | 4c8b 5424 
  0x000001b4c9cbbef0: 2841 8b6a | 504d 8bd1 | 4983 c210 | 4d3b 97c8 | 0100 000f | 8311 1d00 | 004d 8997 | b801 0000 
  0x000001b4c9cbbf10: 410f 0d8a | c000 0000 | 49c7 0101 

  0x000001b4c9cbbf1c: ;   {metadata('java/security/SecureClassLoader$1')}
  0x000001b4c9cbbf1c: 0000 0041 | c741 0850 | ba11 004c | 8b54 2428 | 4d8b da49 | c1eb 0345 | 8959 0c45 | 8b5c ec08 
  0x000001b4c9cbbf3c: ;   {metadata('java/util/concurrent/ConcurrentHashMap')}
  0x000001b4c9cbbf3c: 4181 fb80 | 2706 000f | 85f3 2100 | 0049 8d14 | ec66 6690 

  0x000001b4c9cbbf50: ;   {optimized virtual_call}
  0x000001b4c9cbbf50: c5f8 77e8 

  0x000001b4c9cbbf54: ; ImmutableOopMap {[32]=Oop [40]=Oop [48]=Oop }
                      ;*invokeinterface computeIfAbsent {reexecute=0 rethrow=0 return_oop=1}
                      ; - java.security.SecureClassLoader::getProtectionDomain@28
                      ; - java.security.SecureClassLoader::defineClass@9
  0x000001b4c9cbbf54: 28f4 b2ef 

  0x000001b4c9cbbf58: ;   {other}
  0x000001b4c9cbbf58: 0f1f 8400 | 4806 0000 

  0x000001b4c9cbbf60: ; implicit exception: dispatches to 0x000001b4c9cbeecc
  0x000001b4c9cbbf60: 448b 5008 

  0x000001b4c9cbbf64: ;   {metadata('java/security/ProtectionDomain')}
  0x000001b4c9cbbf64: 4181 fae8 | 5800 000f | 853f 2e00 | 0048 8944 | 2448 4c8b | 7424 2045 | 8b5e 14c4 | c179 6ec3 
  0x000001b4c9cbbf84: ; implicit exception: dispatches to 0x000001b4c9cbeef0
  0x000001b4c9cbbf84: 478b 44dc | 0c45 85c0 | 0f86 ca21 | 0000 450f | be4e 1045 | 85c9 0f85 | f422 0000 | c442 32f7 
  0x000001b4c9cbbfa4: c845 3bc8 | 458b d145 | 0f4f d049 | c1e3 03c5 | f97e c14d | 8d6c cc10 | 4585 d20f | 8ed0 0000 
  0x000001b4c9cbbfc4: 0045 3bc2 | 0f82 aa21 | 0000 b82f | 0000 0049 | 8bfd 418b | d248 8bdf | 83fa 100f | 8c79 0000 
  0x000001b4c9cbbfe4: 0083 fa20 | 0f8c 3600 | 0000 c5f9 | 6ec8 c4e2 | 7d78 c9c5 | edef d28b | ca83 e1e0 | 83e2 1fc5 
  0x000001b4c9cbc004: fe6f 1bc5 | e574 d9c4 | e27d 17d3 | 0f83 6900 | 0000 4883 | c320 83e9 | 2075 e4e9 | 0d00 0000 
  0x000001b4c9cbc024: c5f9 6ec8 | c5e9 efd2 | c4e2 7100 | ca83 fa10 | 0f8c 2400 | 0000 8bca | 83e1 f083 | e20f c5fa 
  0x000001b4c9cbc044: 6f1b c5e1 | 74d9 c4e2 | 7917 d30f | 832a 0000 | 0048 83c3 | 1083 e910 | 75e4 85d2 

  0x000001b4c9cbc060: ;   {no_reloc}
  0x000001b4c9cbc060: 0f84 1200 | 0000 0fb6 | 0b3b c174 | 1c48 83c3 | 0183 ea01 | 7402 ebee | bbff ffff | ffeb 0dc5 
  0x000001b4c9cbc080: fdd7 cb0f | bcc1 4803 | d848 2bdf | 83fb ff0f | 855f 2200 | 0041 0fb6 | 6d00 83fd | 5b0f 84b9 
  0x000001b4c9cbc0a0: 2200 0045 | 8d51 fb45 | 85d2 7c0e | 410f be4d | 0083 f96a | 0f84 550b | 0000 488b | 5c24 284c 
  0x000001b4c9cbc0c0: 8b54 2448 | 458b 5210 | 4489 5424 | 4045 8d51 | ff41 8d48 | ff44 3bd1 | 440f 4fd1 | 4585 d20f 
  0x000001b4c9cbc0e0: 8ced 0b00 | 0033 ff89 | 7c24 440f | 1f44 0000 | 453b d00f | 8349 1d00 | 0043 807c | 1310 2e74 
  0x000001b4c9cbc100: 1a49 8bbf | 5804 0000 | 41ff ca49 

  0x000001b4c9cbc10c: ; ImmutableOopMap {r11=Oop r13=Derived_oop_r11 rcx=Oop rbx=Oop r14=Oop xmm0=NarrowOop [40]=Oop [48]=Oop [64]=NarrowOop [72]=Oop }
                      ;*goto {reexecute=1 rethrow=0 return_oop=0}
                      ; - (reexecute) java.lang.StringLatin1::lastIndexOf@35
                      ; - java.lang.String::lastIndexOf@13
                      ; - java.lang.String::lastIndexOf@8
                      ; - java.lang.ClassLoader::checkCerts@3
                      ; - java.lang.ClassLoader::preDefineClass@113
                      ; - java.lang.ClassLoader::defineClass@4
                      ; - java.security.SecureClassLoader::defineClass@12
                      ;   {poll}
  0x000001b4c9cbc10c: 8bce 8507 | 4585 d27d | db41 baff | ffff ff41 | 83fa ff0f | 84ba 0b00 | 0045 85d2 | 0f8c 9221 
  0x000001b4c9cbc12c: 0000 453b | d10f 8f6d | 2200 0045 | 3bd1 0f84 | c70a 0000 | 4585 d20f | 846b 0b00 | 0049 8bb7 
  0x000001b4c9cbc14c: b801 0000 | 4c8b ce49 | 83c1 184d | 3b8f c801 | 0000 0f83 | 081b 0000 | 4d89 8fb8 | 0100 0041 
  0x000001b4c9cbc16c: 0f0d 89c0 | 0000 0048 | c706 0100 

  0x000001b4c9cbc178: ;   {metadata('java/lang/String')}
  0x000001b4c9cbc178: 0000 c746 | 0878 e800 | 0044 8966 | 0c4c 8966 | 1045 3bd0 | 0f85 9c00 | 0000 4d63 | d041 81f8 
  0x000001b4c9cbc198: 0000 1000 | 0f87 cc1d | 0000 498b | bfb8 0100 | 004d 8d4a | 1749 83e1 | f848 8bcf | 4903 c949 
  0x000001b4c9cbc1b8: 3b8f c801 | 0000 0f83 | aa1d 0000 | 4989 8fb8 | 0100 000f | 0d89 c000 | 0000 48c7 | 0701 0000 
  0x000001b4c9cbc1d8: 000f 0d89 | 0001 0000 

  0x000001b4c9cbc1e0: ;   {metadata({type array byte})}
  0x000001b4c9cbc1e0: c747 0818 | 2300 0044 | 8947 0c0f | 0d89 4001 | 0000 0f0d | 8980 0100 | 0048 8bd7 | 4883 c210 
  0x000001b4c9cbc200: 4983 c207 | 49c1 ea03 | 498b cd4d | 8bc2 c5f8 | 7749 ba60 | 4bfd c8b4 | 0100 0041 

  0x000001b4c9cbc21c: ;   {other}
  0x000001b4c9cbc21c: ffd2 0f1f | 8400 0000 | 0000 4c8b | efe9 da00 | 0000 4181 | fa00 0010 | 000f 8795 | 1f00 004d 
  0x000001b4c9cbc23c: 63ca 498b | d545 3bc2 | 418b e841 | 0f4f ea44 | 3bc5 0f82 | f01f 0000 | 443b d50f | 82e7 1f00 
  0x000001b4c9cbc25c: 0049 83c1 | 174d 8bc1 | 4983 e0f8 | 4181 fa00 | 0010 000f | 87ab 1a00 | 004d 8baf | b801 0000 
  0x000001b4c9cbc27c: 498b cd49 | 03c8 493b | 8fc8 0100 | 000f 8391 | 1a00 0049 | 898f b801 | 0000 0f0d | 89c0 0000 
  0x000001b4c9cbc29c: 0049 c745 | 0001 0000 | 000f 0d89 | 0001 0000 

  0x000001b4c9cbc2ac: ;   {metadata({type array byte})}
  0x000001b4c9cbc2ac: 41c7 4508 | 1823 0000 | 4589 550c | 0f0d 8940 | 0100 000f | 0d89 8001 | 0000 4d8b | dd49 83c3 
  0x000001b4c9cbc2cc: 1049 c1e9 | 0385 ed0f | 84ff 1e00 | 0041 3bea | 0f8c 6c12 | 0000 4983 | c0f0 49c1 | e803 488b 
  0x000001b4c9cbc2ec: ca49 8bd3 | c5f8 7749 | ba60 4bfd | c8b4 0100 | 0041 ffd2 

  0x000001b4c9cbc300: ;   {other}
  0x000001b4c9cbc300: 0f1f 8400 | 0000 0000 | 4180 7f40 | 000f 85d1 | 0d00 004c | 8bd6 4d8b | c549 c1e8 | 0344 8946 
  0x000001b4c9cbc320: 144d 8bdd | 4d33 da49 | c1eb 164d | 85db 741a | 49c1 ea09 | 48b9 0000 | 01d8 b401 | 0000 4903 
  0x000001b4c9cbc340: ca80 3902 | 0f85 d10d | 0000 4488 | 6610 488b | fe44 8b54 | 2440 478b | 5cd4 1445 | 85db 0f85 
  0x000001b4c9cbc360: 8a09 0000 | 438b 4cd4 | 1085 c90f | 853b 0a00 

  0x000001b4c9cbc370: ;   {oop(""{0x00000006004041a8})}
  0x000001b4c9cbc370: 0049 b9a8 | 4140 0006 | 0000 0049 | b800 0001 | d8b4 0100 

  0x000001b4c9cbc384: ;   {oop(a 'java/security/cert/Certificate'[0] {0x0000000600454918})}
  0x000001b4c9cbc384: 0049 bb18 | 4945 0006 | 0000 0044 | 8b53 2c45 | 85d2 0f84 | 531d 0000 | 4c89 5c24 | 684c 8bdf 
  0x000001b4c9cbc3a4: 4c89 4424 | 604c 894c | 2458 4889 | 5c24 504c | 8974 2420 | 4b8d 14d4 | bf01 0000 | 004d 8bc3 
  0x000001b4c9cbc3c4: 4c8b 4c24 | 6849 8bee 

  0x000001b4c9cbc3cc: ;   {optimized virtual_call}
  0x000001b4c9cbc3cc: c5f8 77e8 

  0x000001b4c9cbc3d0: ; ImmutableOopMap {rbp=Oop [32]=Oop [40]=Oop [48]=Oop [72]=Oop [80]=Oop [88]=Oop [104]=Oop }
                      ;*invokevirtual putVal {reexecute=0 rethrow=0 return_oop=1}
                      ; - java.util.concurrent.ConcurrentHashMap::putIfAbsent@4
                      ; - java.lang.ClassLoader::checkCerts@62
                      ; - java.lang.ClassLoader::preDefineClass@113
                      ; - java.lang.ClassLoader::defineClass@4
                      ; - java.security.SecureClassLoader::defineClass@12
  0x000001b4c9cbc3d0: 0c00 e2ff 

  0x000001b4c9cbc3d4: ;   {other}
  0x000001b4c9cbc3d4: 0f1f 8400 | c40a 0002 | 4885 c074 | 3344 8b58 

  0x000001b4c9cbc3e4: ;   {metadata('java/security/cert/Certificate'[])}
  0x000001b4c9cbc3e4: 0841 81fb | 2029 1000 | 0f85 fe29 | 0000 4c8b | c848 8b4c | 2468 448b | 410c 458b | 590c 4585 
  0x000001b4c9cbc404: c00f 872b | 1600 0045 | 85db 0f87 | 641f 0000 | 4c8b 5424 | 4845 8b52 | 1043 8b6c | d40c 458b 
  0x000001b4c9cbc424: 5cec 3845 | 85db 0f84 | dc1c 0000 | 4b8d 14dc | 4d8d 04ec 

  0x000001b4c9cbc438: ;   {optimized virtual_call}
  0x000001b4c9cbc438: c5f8 77e8 

  0x000001b4c9cbc43c: ; ImmutableOopMap {[32]=Oop [40]=Oop [48]=Oop [72]=Oop [88]=Oop }
                      ;*invokevirtual toExternalForm {reexecute=0 rethrow=0 return_oop=1}
                      ; - java.net.URL::toExternalForm@5
                      ; - java.net.URL::toString@1
                      ; - java.lang.ClassLoader::defineClassSourceLocation@22
                      ; - java.lang.ClassLoader::defineClass@12
                      ; - java.security.SecureClassLoader::defineClass@12
  0x000001b4c9cbc43c: 6053 c3ff 

  0x000001b4c9cbc440: ;   {other}
  0x000001b4c9cbc440: 0f1f 8400 | 300b 0003 | 488b 5424 | 284c 8b44 | 2420 4c8b | 4c24 308b | 7c24 388b | 7424 3c48 
  0x000001b4c9cbc460: 8b4c 2448 | 4889 0424 

  0x000001b4c9cbc468: ;   {static_call}
  0x000001b4c9cbc468: c5f8 77e8 

  0x000001b4c9cbc46c: ; ImmutableOopMap {[40]=Oop [72]=Oop [88]=Oop }
                      ;*invokestatic defineClass1 {reexecute=0 rethrow=0 return_oop=1}
                      ; - java.lang.ClassLoader::defineClass@27
                      ; - java.security.SecureClassLoader::defineClass@12
  0x000001b4c9cbc46c: 70ea a8ff 

  0x000001b4c9cbc470: ;   {other}
  0x000001b4c9cbc470: 0f1f 8400 | 600b 0004 | 4889 4424 | 2044 8b58 | 3c45 85db | 7409 4b8d | 1cdc e933 | 0300 004c 
  0x000001b4c9cbc490: 8b50 1045 | 8b42 0845 | 85c0 0f8c | 141d 0000 | 448b 582c | 4585 db0f | 84d0 0700 | 004f 8d04 
  0x000001b4c9cbc4b0: dc45 8b48 | 1443 8b54 | cc0c 410f | be58 10c4 | e262 f7ca | 448d 51ff | 85db 0f85 | a820 0000 
  0x000001b4c9cbc4d0: 4b8d 2ccc | 448d 5aff | 453b da45 | 0f4f da45 | 85db 7c2e | 0f1f 8400 | 0000 0000 | 6666 6690 
  0x000001b4c9cbc4f0: 443b da0f | 832c 1b00 | 0042 807c | 1d10 2e74 | 1749 8b9f | 5804 0000 

  0x000001b4c9cbc508: ; ImmutableOopMap {r8=Oop r9=NarrowOop rbp=Oop [32]=Oop [40]=Oop [72]=Oop [88]=Oop }
                      ;*goto {reexecute=1 rethrow=0 return_oop=0}
                      ; - (reexecute) java.lang.StringLatin1::lastIndexOf@35
                      ; - java.lang.String::lastIndexOf@13
                      ; - java.lang.String::lastIndexOf@8
                      ; - java.lang.Class::getPackageName@47
                      ; - java.lang.ClassLoader::postDefineClass@2
                      ; - java.lang.ClassLoader::defineClass@37
                      ; - java.security.SecureClassLoader::defineClass@12
                      ;   {poll}
  0x000001b4c9cbc508: 41ff cb85 | 0345 85db | 7dde 41bb | ffff ffff | 4183 fbff | 0f84 4f02 | 0000 4585 | db0f 8cad 
  0x000001b4c9cbc528: 2000 0044 | 3bd9 0f8f | dc20 0000 | 443b d90f | 8438 0700 | 0045 85db | 0f84 7d07 | 0000 498b 
  0x000001b4c9cbc548: 9fb8 0100 | 004c 8bd3 | 4983 c218 | 4d3b 97c8 | 0100 000f | 837a 1800 | 004d 8997 | b801 0000 
  0x000001b4c9cbc568: 410f 0d8a | c000 0000 | 48c7 0301 

  0x000001b4c9cbc574: ;   {metadata('java/lang/String')}
  0x000001b4c9cbc574: 0000 00c7 | 4308 78e8 | 0000 4489 | 630c 4c89 | 6310 4f8d | 54cc 1044 | 3bda 0f85 | 9e00 0000 
  0x000001b4c9cbc594: 4863 f281 | fa00 0010 | 000f 87d8 | 1a00 0049 | 8bbf b801 | 0000 4c8d | 5e17 4983 | e3f8 4c8b 
  0x000001b4c9cbc5b4: c74d 03c3 | 4d3b 87c8 | 0100 000f | 83b6 1a00 | 004d 8987 | b801 0000 | 410f 0d88 | c000 0000 
  0x000001b4c9cbc5d4: 48c7 0701 | 0000 0041 | 0f0d 8800 

  0x000001b4c9cbc5e0: ;   {metadata({type array byte})}
  0x000001b4c9cbc5e0: 0100 00c7 | 4708 1823 | 0000 8957 | 0c41 0f0d | 8840 0100 | 0041 0f0d | 8880 0100 | 0048 8bd7 
  0x000001b4c9cbc600: 4883 c210 | 4883 c607 | 48c1 ee03 | 498b ca4c | 8bc6 c5f8 | 7749 ba60 | 4bfd c8b4 | 0100 0041 
  0x000001b4c9cbc620: ;   {other}
  0x000001b4c9cbc620: ffd2 0f1f | 8400 0000 | 0000 488b | f7e9 df00 | 0000 4181 | fb00 0010 | 000f 8758 | 1e00 0049 
  0x000001b4c9cbc640: 63cb 413b | d38b fa41 | 0f4f fb89 | 7c24 3c3b | d70f 82b1 | 1e00 0044 | 3bdf 0f82 | a81e 0000 
  0x000001b4c9cbc660: 4883 c117 | 4c8b c949 | 83e1 f841 | 81fb 0000 | 1000 0f87 | 1418 0000 | 498b b7b8 | 0100 004c 
  0x000001b4c9cbc680: 8bc6 4d03 | c14d 3b87 | c801 0000 | 0f83 fa17 | 0000 4d89 | 87b8 0100 | 0041 0f0d | 88c0 0000 
  0x000001b4c9cbc6a0: 0048 c706 | 0100 0000 | 410f 0d88 | 0001 0000 

  0x000001b4c9cbc6b0: ;   {metadata({type array byte})}
  0x000001b4c9cbc6b0: c746 0818 | 2300 0044 | 895e 0c41 | 0f0d 8840 | 0100 0041 | 0f0d 8880 | 0100 0048 | 8bd6 4883 
  0x000001b4c9cbc6d0: c210 48c1 | e903 8b6c | 243c 85ed | 0f84 bd1d | 0000 413b | eb0f 8c90 | 0f00 0049 | 83c1 f049 
  0x000001b4c9cbc6f0: c1e9 0349 | 8bca 4d8b | c1c5 f877 | 49ba 604b | fdc8 b401 | 0000 41ff 

  0x000001b4c9cbc708: ;   {other}
  0x000001b4c9cbc708: d20f 1f84 | 0000 0000 | 0041 807f | 4000 0f85 | d00e 0000 | 4c8b d34c | 8bde 49c1 | eb03 4489 
  0x000001b4c9cbc728: 5b14 4c8b | de4d 33da | 49c1 eb16 | 4d85 db74 | 1a49 c1ea | 0948 b900 | 0001 d8b4 | 0100 0049 
  0x000001b4c9cbc748: 03ca 8039 | 020f 85d0 | 0e00 0044 | 8863 1048 | 8bd3 6690 

  0x000001b4c9cbc75c: ;   {optimized virtual_call}
  0x000001b4c9cbc75c: c5f8 77e8 

  0x000001b4c9cbc760: ; ImmutableOopMap {[32]=Oop [40]=Oop [72]=Oop }
                      ;*invokevirtual intern {reexecute=0 rethrow=0 return_oop=1}
                      ; - java.lang.Class::getPackageName@65
                      ; - java.lang.ClassLoader::postDefineClass@2
                      ; - java.lang.ClassLoader::defineClass@37
                      ; - java.security.SecureClassLoader::defineClass@12
  0x000001b4c9cbc760: 7cbc a4ff 

  0x000001b4c9cbc764: ;   {other}
  0x000001b4c9cbc764: 0f1f 8400 | 540e 0006 | 4889 4424 | 5841 807f | 4000 0f85 | 450d 0000 | 488b 5c24 | 584c 8bd3 
  0x000001b4c9cbc784: 49c1 ea03 | 4c8b 5c24 | 2045 8953 | 3c4d 8bd3 | 4c8b db4d | 33da 49c1 | eb16 4d85 | db74 1f48 
  0x000001b4c9cbc7a4: 85db 741a | 49c1 ea09 | 48b9 0000 | 01d8 b401 | 0000 4903 | ca80 3902 | 0f85 3b0d | 0000 4c8b 
  0x000001b4c9cbc7c4: 4424 2841 | 8b78 3885 | ff0f 8451 | 1900 0048 | 8bcb 8b43 | 0c4c 8b54 | 2420 458b | 4a30 85c0 
  0x000001b4c9cbc7e4: 0f84 ae03 | 0000 418b | 5cfc 2885 | db0f 840c | 0200 0041 | 8b6c dc0c | 85ed 0f86 | 101b 0000 
  0x000001b4c9cbc804: 448b d041 | c1ea 1044 | 33d0 4d8d | 1cdc 4181 | e2ff ffff | 7fff cd41 | 23ea 4863 | dd45 8b5c 
  0x000001b4c9cbc824: 9b10 4585 | db0f 84d4 | 0100 0043 | 8b7c dc0c | 4b8d 34dc | 413b fa0f | 84d7 0000 | 0085 ff0f 
  0x000001b4c9cbc844: 8ca9 0100 | 0047 8b5c | dc18 4585 | db0f 84ac | 0100 004b | 8d34 dc8b | 7e0c 498b 

  0x000001b4c9cbc860: ;   {no_reloc}
  0x000001b4c9cbc860: 9758 0400 

  0x000001b4c9cbc864: ; ImmutableOopMap {r8=Oop r9=NarrowOop rcx=Oop rsi=Oop [32]=Oop [72]=Oop }
                      ;*if_icmpne {reexecute=1 rethrow=0 return_oop=0}
                      ; - (reexecute) java.util.concurrent.ConcurrentHashMap::get@127
                      ; - java.lang.ClassLoader::getNamedPackage@5
                      ; - java.lang.ClassLoader::postDefineClass@9
                      ; - java.lang.ClassLoader::defineClass@37
                      ; - java.security.SecureClassLoader::defineClass@12
                      ;   {poll}
  0x000001b4c9cbc864: 0085 0241 | 3bfa 7411 | 8b5e 1885 | db0f 848c | 0100 0049 | 8d34 dceb | de8b 6e10 | 4c8b dd49 
  0x000001b4c9cbc884: c1e3 034c | 3bd9 747f | 85ed 0f84 | 6a21 0000 | 4889 7424 | 5844 8954 | 2450 4489 | 4c24 4048 
  0x000001b4c9cbc8a4: 894c 2438 | 4c8b 5424 | 204c 8954 | 2430 4c8b | 5424 484c | 8954 2428 | 4c89 4424 | 204d 8d04 
  0x000001b4c9cbc8c4: ec48 8bd1 | 488b 6c24 | 3066 6690 

  0x000001b4c9cbc8d0: ;   {optimized virtual_call}
  0x000001b4c9cbc8d0: c5f8 77e8 

  0x000001b4c9cbc8d4: ; ImmutableOopMap {rbp=Oop [32]=Oop [40]=Oop [56]=Oop [64]=NarrowOop [88]=Oop }
                      ;*invokevirtual equals {reexecute=0 rethrow=0 return_oop=0}
                      ; - java.util.concurrent.ConcurrentHashMap::get@149
                      ; - java.lang.ClassLoader::getNamedPackage@5
                      ; - java.lang.ClassLoader::postDefineClass@9
                      ; - java.lang.ClassLoader::defineClass@37
                      ; - java.security.SecureClassLoader::defineClass@12
  0x000001b4c9cbc8d4: e87d a5ff 

  0x000001b4c9cbc8d8: ;   {other}
  0x000001b4c9cbc8d8: 0f1f 8400 | c80f 0008 | 85c0 0f84 | 5021 0000 | 4c8b 4424 | 204c 8b54 | 2428 4c89 | 5424 4848 
  0x000001b4c9cbc8f8: 896c 2420 | 488b 4c24 | 3844 8b4c | 2440 488b | 7424 588b | 6e14 85ed | 0f84 ed00 | 0000 eb6f 
  0x000001b4c9cbc918: 438b 6cdc | 1048 8bdd | 48c1 e303 | 483b d974 | 5585 ed0f | 84e8 1e00 | 0044 895c | 2440 4489 
  0x000001b4c9cbc938: 5424 3c44 | 894c 2438 | 4c89 4424 | 284d 8d04 | ec48 8bd1 | 488b e948 | 8974 2458 

  0x000001b4c9cbc954: ;   {optimized virtual_call}
  0x000001b4c9cbc954: c5f8 77e8 

  0x000001b4c9cbc958: ; ImmutableOopMap {rbp=Oop [32]=Oop [40]=Oop [56]=NarrowOop [64]=NarrowOop [72]=Oop [88]=Oop }
                      ;*invokevirtual equals {reexecute=0 rethrow=0 return_oop=0}
                      ; - java.util.concurrent.ConcurrentHashMap::get@73
                      ; - java.lang.ClassLoader::getNamedPackage@5
                      ; - java.lang.ClassLoader::postDefineClass@9
                      ; - java.lang.ClassLoader::defineClass@37
                      ; - java.security.SecureClassLoader::defineClass@12
  0x000001b4c9cbc958: 647d a5ff 

  0x000001b4c9cbc95c: ;   {other}
  0x000001b4c9cbc95c: 0f1f 8400 | 4c10 0009 | 85c0 0f84 | 9212 0000 | 4c8b 4424 | 2848 8bcd | 448b 4c24 | 3844 8b5c 
  0x000001b4c9cbc97c: 2440 438b | 6cdc 1485 | ed74 7c45 | 8b54 ec08 | 49bb 0000 | 00e8 b401 | 0000 4d03 | da4d 8b53 
  0x000001b4c9cbc99c: ;   {metadata('java/lang/NamedPackage')}
  0x000001b4c9cbc99c: 3849 bbe8 | c001 e8b4 | 0100 004d | 3bd3 0f85 | ec17 0000 | 4c8b 5424 | 4845 8b4a | 1043 8b5c 
  0x000001b4c9cbc9bc: cc14 85db | 0f85 a607 | 0000 478b | 54cc 1045 | 85d2 0f85 | 4308 0000 | 488b 4424 | 20c5 f877 
  0x000001b4c9cbc9dc: 4881 c4c0 | 0000 005d 

  0x000001b4c9cbc9e4: ;   {poll_return}
  0x000001b4c9cbc9e4: 493b a750 | 0400 000f | 8719 2900 | 00c3 438b 

  0x000001b4c9cbc9f4: ;   {metadata('java/util/concurrent/ConcurrentHashMap$ReservationNode')}
  0x000001b4c9cbc9f4: 5cdc 0881 | fbd0 6a17 | 000f 85b2 | 0f00 0049 | 8b87 b801 | 0000 4c8b | d049 83c2 | 184d 3b97 
  0x000001b4c9cbca14: c801 0000 | 0f83 ef14 | 0000 4d89 | 97b8 0100 | 0041 0f0d | 8ac0 0000 | 0048 c700 | 0100 0000 
  0x000001b4c9cbca34: ;   {metadata('java/lang/NamedPackage')}
  0x000001b4c9cbca34: c740 08e8 | c001 0044 | 8960 0c4c | 8960 1044 | 8b51 1447 | 8b5c d40c | 4585 db0f | 86dd 0d00 
  0x000001b4c9cbca54: 004c 8944 | 2428 4889 | 4c24 3048 | 8944 2450 | 498b e948 | c1e5 0344 | 894c 2438 | 488b 5424 
  0x000001b4c9cbca74: 3066 6690 

  0x000001b4c9cbca78: ;   {optimized virtual_call}
  0x000001b4c9cbca78: c5f8 77e8 

  0x000001b4c9cbca7c: ; ImmutableOopMap {rbp=Oop [32]=Oop [40]=Oop [48]=Oop [56]=NarrowOop [72]=Oop [80]=Oop }
                      ;*invokevirtual intern {reexecute=0 rethrow=0 return_oop=1}
                      ; - java.lang.NamedPackage::<init>@47
                      ; - java.lang.ClassLoader::getNamedPackage@22
                      ; - java.lang.ClassLoader::postDefineClass@9
                      ; - java.lang.ClassLoader::defineClass@37
                      ; - java.security.SecureClassLoader::defineClass@12
  0x000001b4c9cbca7c: 60b9 a4ff 

  0x000001b4c9cbca80: ;   {other}
  0x000001b4c9cbca80: 0f1f 8400 | 7011 000a | 488b d841 | 807f 4000 | 0f85 b40c | 0000 488b | 7c24 504c | 8bd3 49c1 
  0x000001b4c9cbcaa0: ea03 4489 | 570c 4c8b | d74c 8bdb | 4d33 da49 | c1eb 164d | 85db 741f | 4885 db74 | 1a49 c1ea 
  0x000001b4c9cbcac0: 0948 b900 | 0001 d8b4 | 0100 0049 | 03ca 8039 | 020f 850a | 0d00 0041 | 807f 4000 | 0f85 310c 
  0x000001b4c9cbcae0: 0000 8b5c | 2438 895f | 104c 8bd5 | 4c8b df4d | 33d3 49c1 | ea16 4d85 | d274 1e85 | db74 1a49 
  0x000001b4c9cbcb00: c1eb 0948 | b900 0001 | d8b4 0100 | 0049 03cb | 8039 020f | 8577 0c00 | 004c 8b5c | 2428 458b 
  0x000001b4c9cbcb20: 5338 4585 | d20f 840d | 1a00 0048 | 897c 2450 | 4b8d 14d4 | 4c8b 4424 | 304c 8bcf 

  0x000001b4c9cbcb3c: ;   {optimized virtual_call}
  0x000001b4c9cbcb3c: c5f8 77e8 

  0x000001b4c9cbcb40: ; ImmutableOopMap {[32]=Oop [40]=Oop [56]=NarrowOop [72]=Oop [80]=Oop }
                      ;*invokevirtual putIfAbsent {reexecute=0 rethrow=0 return_oop=1}
                      ; - java.lang.ClassLoader::getNamedPackage@32
                      ; - java.lang.ClassLoader::postDefineClass@9
                      ; - java.lang.ClassLoader::defineClass@37
                      ; - java.security.SecureClassLoader::defineClass@12
  0x000001b4c9cbcb40: 7c24 b0ff 

  0x000001b4c9cbcb44: ;   {other}
  0x000001b4c9cbcb44: 0f1f 8400 | 3412 000b | 4885 c00f | 8431 0c00 | 0044 8b50 | 0849 bb00 | 0000 e8b4 | 0100 004d 
  0x000001b4c9cbcb64: 03da 4d8b 

  0x000001b4c9cbcb68: ;   {metadata('java/lang/NamedPackage')}
  0x000001b4c9cbcb68: 5338 49bb | e8c0 01e8 | b401 0000 | 4d3b d30f | 84d7 1900 | 00ba deff | ffff 488b | e866 6690 
  0x000001b4c9cbcb88: ;   {runtime_call UncommonTrapBlob}
  0x000001b4c9cbcb88: c5f8 77e8 

  0x000001b4c9cbcb8c: ; ImmutableOopMap {rbp=Oop }
                      ;*checkcast {reexecute=0 rethrow=0 return_oop=0}
                      ; - java.lang.ClassLoader::getNamedPackage@35
                      ; - java.lang.ClassLoader::postDefineClass@9
                      ; - java.lang.ClassLoader::defineClass@37
                      ; - java.security.SecureClassLoader::defineClass@12
  0x000001b4c9cbcb8c: f077 33ff 

  0x000001b4c9cbcb90: ;   {other}
  0x000001b4c9cbcb90: 0f1f 8400 | 8012 000c | 440f b65b | 1145 85db | 0f85 ce0a | 0000 440f | be53 1045 | 85d2 0f85 
  0x000001b4c9cbcbb0: a01c 0000 | 4489 4c24 | 3c48 895c | 2430 448b | 5314 498d | 2cfc 897c | 2438 498b | d248 c1e2 
  0x000001b4c9cbcbd0: 0366 6690 

  0x000001b4c9cbcbd4: ;   {static_call}
  0x000001b4c9cbcbd4: c5f8 77e8 

  0x000001b4c9cbcbd8: ; ImmutableOopMap {rbp=Oop [32]=Oop [40]=Oop [48]=Oop [56]=NarrowOop [60]=NarrowOop [72]=Oop }
                      ;*invokestatic hashCode {reexecute=0 rethrow=0 return_oop=0}
                      ; - java.lang.String::hashCode@27
                      ; - java.util.concurrent.ConcurrentHashMap::get@1
                      ; - java.lang.ClassLoader::getNamedPackage@5
                      ; - java.lang.ClassLoader::postDefineClass@9
                      ; - java.lang.ClassLoader::defineClass@37
                      ; - java.security.SecureClassLoader::defineClass@12
  0x000001b4c9cbcbd8: a424 33ff 

  0x000001b4c9cbcbdc: ;   {other}
  0x000001b4c9cbcbdc: 0f1f 8400 | cc12 000d | 85c0 0f84 | f40f 0000 | 488b 4c24 | 3089 410c | 4c8b 4424 | 288b 7c24 
  0x000001b4c9cbcbfc: 3844 8b4c | 243c e9e3 | fbff ff49 | 8bf6 e93f | f7ff ff41 | 83f8 040f | 865d 1b00 | 00c4 c179 
  0x000001b4c9cbcc1c: 7ec2 4380 | 7cd4 1161 | 0f85 90f4 | ffff 4380 | 7cd4 1276 | 0f85 84f4 | ffff 4380 | 7cd4 1361 
  0x000001b4c9cbcc3c: 0f85 78f4 | ffff 4380 | 7cd4 142e | 0f85 6cf4 

  0x000001b4c9cbcc4c: ;   {oop(a 'jdk/internal/loader/ClassLoaders$PlatformClassLoader'{0x00000006004006f0})}
  0x000001b4c9cbcc4c: ffff 49ba | f006 4000 | 0600 0000 | 488b 4c24 | 2849 3bca | 0f85 e220 

  0x000001b4c9cbcc64: ;   {oop(a 'jdk/internal/loader/ClassLoaders$PlatformClassLoader'{0x00000006004006f0})}
  0x000001b4c9cbcc64: 0000 48bb | f006 4000 | 0600 0000 | e94a f4ff | ff49 8bd8 | e9da faff | ff48 8bd0 

  0x000001b4c9cbcc80: ;   {optimized virtual_call}
  0x000001b4c9cbcc80: c5f8 77e8 

  0x000001b4c9cbcc84: ; ImmutableOopMap {[32]=Oop [40]=Oop [72]=Oop [88]=Oop }
                      ;*invokevirtual initClassName {reexecute=0 rethrow=0 return_oop=1}
                      ; - java.lang.Class::getName@14
                      ; - java.lang.Class::getPackageName@40
                      ; - java.lang.ClassLoader::postDefineClass@2
                      ; - java.lang.ClassLoader::defineClass@37
                      ; - java.security.SecureClassLoader::defineClass@12
  0x000001b4c9cbcc84: 5815 a7ff 

  0x000001b4c9cbcc88: ;   {other}
  0x000001b4c9cbcc88: 0f1f 8400 | 7813 000e | 4c8b c048 | 85c0 0f85 | 15f8 ffff | baf6 ffff | ff66 6690 

  0x000001b4c9cbcca4: ;   {runtime_call UncommonTrapBlob}
  0x000001b4c9cbcca4: c5f8 77e8 

  0x000001b4c9cbcca8: ; ImmutableOopMap {}
                      ;*invokevirtual lastIndexOf {reexecute=0 rethrow=0 return_oop=0}
                      ; - java.lang.Class::getPackageName@47
                      ; - java.lang.ClassLoader::postDefineClass@2
                      ; - java.lang.ClassLoader::defineClass@37
                      ; - java.security.SecureClassLoader::defineClass@12
  0x000001b4c9cbcca8: d476 33ff 

  0x000001b4c9cbccac: ;   {other}
  0x000001b4c9cbccac: 0f1f 8400 | 9c13 000f 

  0x000001b4c9cbccb4: ;   {oop(""{0x00000006004041a8})}
  0x000001b4c9cbccb4: 48be a841 | 4000 0600 | 0000 e98b 

  0x000001b4c9cbccc0: ;   {oop(""{0x00000006004041a8})}
  0x000001b4c9cbccc0: f6ff ff48 | bba8 4140 | 0006 0000 | 00e9 85fa | ffff 4533 | d244 8954 | 2444 e936 

  0x000001b4c9cbccdc: ;   {oop(""{0x00000006004041a8})}
  0x000001b4c9cbccdc: f4ff ff48 | bfa8 4140 | 0006 0000 | 00e9 63f6 | ffff 478b | 44dc 0c47 | 8b54 dc08 | 4d63 e84b 
  0x000001b4c9cbccfc: 8d2c dc49 | c1e5 0241 | 81f8 0000 | 0400 0f87 | 881a 0000 | 498b b7b8 | 0100 004d | 8d4d 1749 
  0x000001b4c9cbcd1c: 83e1 f848 | 8bce 4903 | c949 3b8f | c801 0000 | 0f83 661a | 0000 4989 | 8fb8 0100 | 000f 0d89 
  0x000001b4c9cbcd3c: c000 0000 | 48c7 0601 | 0000 0044 | 8956 0844 | 8946 0c0f | 0d89 0001 | 0000 0f0d | 8940 0100 
  0x000001b4c9cbcd5c: 000f 0d89 | 8001 0000 | 4b8d 4cdc | 1048 8bd6 | 4883 c210 | 4983 c507 | 49c1 ed03 | 4d8b c5c5 
  0x000001b4c9cbcd7c: f877 49ba | 604b fdc8 | b401 0000 

  0x000001b4c9cbcd88: ;   {other}
  0x000001b4c9cbcd88: 41ff d20f | 1f84 0000 

  0x000001b4c9cbcd90: ;   {oop(""{0x00000006004041a8})}
  0x000001b4c9cbcd90: 0000 0049 | b9a8 4140 | 0006 0000 | 0049 b800 | 0001 d8b4 | 0100 00e9 | 3003 0000 | 498b 87b8 
  0x000001b4c9cbcdb0: 0100 004c | 8bd0 4983 | c218 448b | 5c24 404b | 8d14 dc4d | 3b97 c801 | 0000 0f83 | 181b 0000 
  0x000001b4c9cbcdd0: 4d89 97b8 | 0100 0041 | 0f0d 8ac0 | 0000 0048 | c700 0100 

  0x000001b4c9cbcde4: ;   {metadata('java/util/ArrayList')}
  0x000001b4c9cbcde4: 0000 c740 | 08d0 890b | 0044 8960 | 0c44 8960 

  0x000001b4c9cbcdf4: ;   {oop(a 'java/lang/Object'[0] {0x00000006004687a8})}
  0x000001b4c9cbcdf4: 10c7 4014 | f5d0 08c0 | 4c8b c845 | 8b5c cc0c | 4585 db76 

  0x000001b4c9cbce08: ;   {oop(""{0x00000006004041a8})}
  0x000001b4c9cbce08: 1948 bea8 | 4140 0006 | 0000 0048 | b800 0001 | d8b4 0100 | 0045 33c0 

  0x000001b4c9cbce20: ;   {oop(""{0x00000006004041a8})}
  0x000001b4c9cbce20: eb46 49ba | a841 4000 | 0600 0000 | 49bb 0000 | 01d8 b401 | 0000 e9ee | 0000 000f | 1f44 0000 
  0x000001b4c9cbce40: 4889 6c24 | 284c 8b74 | 2420 488b | 5c24 5048 | 8b74 2458 | 488b 4424 | 6048 8b7c | 2468 488b 
  0x000001b4c9cbce60: 5424 704c | 8b4c 2478 

  0x000001b4c9cbce68: ; implicit exception: dispatches to 0x000001b4c9cbf088
  0x000001b4c9cbce68: 458b 54cc | 0c45 3bc2 | 0f83 c31c | 0000 4d8d | 14cc 478b | 5482 1047 | 8b5c d410 

  0x000001b4c9cbce84: ; implicit exception: dispatches to 0x000001b4c9cbf0b8
  0x000001b4c9cbce84: 478b 54dc | 1044 8984 | 2480 0000 | 004c 894c | 2478 4889 | 5424 7048 | 897c 2468 | 4889 4424 
  0x000001b4c9cbcea4: 6048 8974 | 2458 4889 | 5c24 504c | 8974 2420 | 488b 6c24 | 284d 8bc2 | 49c1 e003 | 498b d190 
  0x000001b4c9cbcec4: ;   {optimized virtual_call}
  0x000001b4c9cbcec4: c5f8 77e8 

  0x000001b4c9cbcec8: ; ImmutableOopMap {rbp=Oop [32]=Oop [48]=Oop [64]=NarrowOop [72]=Oop [80]=Oop [88]=Oop [104]=Oop [112]=Oop [120]=Oop }
                      ;*invokevirtual addAll {reexecute=0 rethrow=0 return_oop=0}
                      ; - java.security.CodeSource::getCertificates@57
                      ; - java.lang.ClassLoader::checkCerts@34
                      ; - java.lang.ClassLoader::preDefineClass@113
                      ; - java.lang.ClassLoader::defineClass@4
                      ; - java.security.SecureClassLoader::defineClass@12
  0x000001b4c9cbcec8: b41b 33ff 

  0x000001b4c9cbcecc: ;   {other}
  0x000001b4c9cbcecc: 0f1f 8400 | bc15 0010 | 4d8b 9758 | 0400 0044 | 8b5c 2440 | 438b 4cdc | 1044 8b84 | 2480 0000 
  0x000001b4c9cbceec: ; ImmutableOopMap {rcx=NarrowOop rbp=Oop [32]=Oop [48]=Oop [64]=NarrowOop [72]=Oop [80]=Oop [88]=Oop [104]=Oop [112]=Oop [120]=Oop }
                      ;*goto {reexecute=1 rethrow=0 return_oop=0}
                      ; - (reexecute) java.security.CodeSource::getCertificates@64
                      ; - java.lang.ClassLoader::checkCerts@34
                      ; - java.lang.ClassLoader::preDefineClass@113
                      ; - java.lang.ClassLoader::defineClass@4
                      ; - java.security.SecureClassLoader::defineClass@12
  0x000001b4c9cbceec: 0041 ffc0 

  0x000001b4c9cbcef0: ;   {poll}
  0x000001b4c9cbcef0: 4185 0245 | 8b54 cc0c | 453b c20f | 8c3f ffff | ff48 896c | 2428 4c8b | 7424 2048 | 8b5c 2450 
  0x000001b4c9cbcf10: 4c8b 5424 | 584c 8b5c | 2460 488b | 7c24 6848 | 8b54 2470 | 4c8b 4c24 | 7849 8b87 | b801 0000 
  0x000001b4c9cbcf30: 4c8b c049 | 83c0 104d | 3b87 c801 | 0000 0f83 | 341a 0000 | 4d89 87b8 | 0100 0041 | 0f0d 88c0 
  0x000001b4c9cbcf50: 0000 0048 | c700 0100 | 0000 410f | 0d88 0001 

  0x000001b4c9cbcf60: ;   {metadata('java/security/cert/Certificate'[])}
  0x000001b4c9cbcf60: 0000 c740 | 0820 2910 | 0041 0f0d | 8840 0100 | 0044 8960 | 0c41 0f0d | 8880 0100 | 0048 8b6c 
  0x000001b4c9cbcf80: 2428 4c89 | 7424 2048 | 895c 2450 | 4c89 5424 | 584c 895c | 2460 4889 | 7c24 6848 | 8954 2470 
  0x000001b4c9cbcfa0: 4c89 4c24 | 784c 8bc0 | 488b 5424 | 7866 6690 

  0x000001b4c9cbcfb0: ;   {optimized virtual_call}
  0x000001b4c9cbcfb0: c5f8 77e8 

  0x000001b4c9cbcfb4: ; ImmutableOopMap {rbp=Oop [32]=Oop [48]=Oop [64]=NarrowOop [72]=Oop [80]=Oop [88]=Oop [104]=Oop [112]=Oop }
                      ;*invokevirtual toArray {reexecute=0 rethrow=0 return_oop=1}
                      ; - java.security.CodeSource::getCertificates@73
                      ; - java.lang.ClassLoader::checkCerts@34
                      ; - java.lang.ClassLoader::preDefineClass@113
                      ; - java.lang.ClassLoader::defineClass@4
                      ; - java.security.SecureClassLoader::defineClass@12
  0x000001b4c9cbcfb4: c81a 33ff 

  0x000001b4c9cbcfb8: ;   {other}
  0x000001b4c9cbcfb8: 0f1f 8400 | a816 0012 | 488b f844 

  0x000001b4c9cbcfc4: ;   {metadata('java/security/cert/Certificate'[])}
  0x000001b4c9cbcfc4: 8b58 0841 | 81fb 2029 | 1000 0f85 | 701e 0000 | 4180 7f40 | 000f 851d | 1400 008b | 5c24 404c 
  0x000001b4c9cbcfe4: 8b54 2470 | 4c8b df49 | c1eb 0345 | 895c dc14 | 4c8b df4d | 33da 49c1 | eb16 4d85 | db74 1a49 
  0x000001b4c9cbd004: c1ea 0948 | b900 0001 | d8b4 0100 | 0049 03ca | 8039 020f | 851b 1400 | 0044 8b47 | 0c44 8b5f 
  0x000001b4c9cbd024: 084d 63d0 | 49c1 e202 | 4181 f800 | 0004 000f | 878c 1900 | 0049 8bb7 | b801 0000 | 4d8d 4a17 
  0x000001b4c9cbd044: 4983 e1f8 | 488b ce49 | 03c9 493b | 8fc8 0100 | 000f 836a | 1900 0049 | 898f b801 | 0000 0f0d 
  0x000001b4c9cbd064: 89c0 0000 | 0048 c706 | 0100 0000 | 4489 5e08 | 4489 460c | 0f0d 8900 | 0100 000f | 0d89 4001 
  0x000001b4c9cbd084: 0000 0f0d | 8980 0100 | 0048 8bcf | 4883 c110 | 488b d648 | 83c2 1049 | 83c2 0749 | c1ea 034d 
  0x000001b4c9cbd0a4: 8bc2 c5f8 | 7749 ba60 | 4bfd c8b4 | 0100 0041 

  0x000001b4c9cbd0b4: ;   {other}
  0x000001b4c9cbd0b4: ffd2 0f1f | 8400 0000 | 0000 4889 | 6c24 284c | 8b74 2420 | 488b 5c24 | 504c 8b4c | 2458 4c8b 
  0x000001b4c9cbd0d4: 4424 6048 | 8b7c 2468 | 4c8b dee9 | abf2 ffff | 448b 5614 | 4585 d20f | 8422 f2ff | ff4d 8b5f 
  0x000001b4c9cbd0f4: 2849 8bca | 48c1 e103 | 4d85 db0f | 84d7 1200 | 004d 8b57 | 384b 894c | 1af8 4983 | c3f8 4d89 
  0x000001b4c9cbd114: 5f28 e9f8 | f1ff ff4d | 8b57 484d | 8b5f 58f0 | 8344 24c0 | 0080 3900 | 0f84 18f2 | ffff 4488 
  0x000001b4c9cbd134: 214d 85d2 | 7520 498b | d7c5 f877 | 49ba 00a4 | 41ef fc7f | 0000 41ff 

  0x000001b4c9cbd14c: ;   {other}
  0x000001b4c9cbd14c: d20f 1f84 | 0000 0000 | 00e9 f0f1 | ffff 4b89 | 4c13 f849 | 83c2 f84d | 8957 48e9 | def1 ffff 
  0x000001b4c9cbd16c: 418b 7cdc | 0c45 8b5c | dc08 498d | 2cdc 4c63 | cf49 c1e1 | 0281 ff00 | 0004 000f | 870b 1700 
  0x000001b4c9cbd18c: 0049 8b87 | b801 0000 | 4d8d 5117 | 4983 e2f8 | 488b c849 | 03ca 493b | 8fc8 0100 | 000f 83e9 
  0x000001b4c9cbd1ac: 1600 0049 | 898f b801 | 0000 0f0d | 89c0 0000 | 0048 c700 | 0100 0000 | 4489 5808 | 8978 0c0f 
  0x000001b4c9cbd1cc: 0d89 0001 | 0000 0f0d | 8940 0100 | 000f 0d89 | 8001 0000 | 488b f849 | 8d4c dc10 | 488b d748 
  0x000001b4c9cbd1ec: 83c2 1049 | 83c1 0749 | c1e9 034d | 8bc1 c5f8 | 7749 ba60 | 4bfd c8b4 | 0100 0041 

  0x000001b4c9cbd208: ;   {other}
  0x000001b4c9cbd208: ffd2 0f1f | 8400 0000 | 0000 e98d | 0200 0049 | 8b87 b801 | 0000 4c8b | d849 83c3 | 184b 8d1c 
  0x000001b4c9cbd228: cc4d 3b9f | c801 0000 | 0f83 2618 | 0000 4d89 | 9fb8 0100 | 0041 0f0d | 8bc0 0000 | 0048 c700 
  0x000001b4c9cbd248: 0100 0000 

  0x000001b4c9cbd24c: ;   {metadata('java/util/ArrayList')}
  0x000001b4c9cbd24c: c740 08d0 | 890b 0044 | 8960 0c44 | 8960 1043 | 8b7c d40c 

  0x000001b4c9cbd260: ;   {oop(a 'java/lang/Object'[0] {0x00000006004687a8})}
  0x000001b4c9cbd260: c740 14f5 | d008 c048 | 8bc8 85ff | 0f86 a400 | 0000 4533 | dbeb 1666 | 0f1f 8400 | 0000 0000 
  0x000001b4c9cbd280: 4c8b c548 | 8b5c 2430 | 488b 4c24 | 3843 8b7c | d40c 443b | df0f 8385 | 1900 0049 | c1e2 0343 
  0x000001b4c9cbd2a0: 8b7c 9a10 

  0x000001b4c9cbd2a4: ; implicit exception: dispatches to 0x000001b4c9cbf100
  0x000001b4c9cbd2a4: 458b 54fc | 1047 8b54 | d410 4489 | 5c24 2c48 | 894c 2438 | 4889 5c24 | 3044 894c | 2428 498b 
  0x000001b4c9cbd2c4: e84d 8bc2 | 49c1 e003 | 488b d190 

  0x000001b4c9cbd2d0: ;   {optimized virtual_call}
  0x000001b4c9cbd2d0: c5f8 77e8 

  0x000001b4c9cbd2d4: ; ImmutableOopMap {rbp=Oop [32]=Oop [40]=NarrowOop [48]=Oop [56]=Oop }
                      ;*invokevirtual addAll {reexecute=0 rethrow=0 return_oop=0}
                      ; - java.security.CodeSource::getCertificates@57
                      ; - java.lang.ClassLoader::postDefineClass@24
                      ; - java.lang.ClassLoader::defineClass@37
                      ; - java.security.SecureClassLoader::defineClass@12
  0x000001b4c9cbd2d4: a817 33ff 

  0x000001b4c9cbd2d8: ;   {other}
  0x000001b4c9cbd2d8: 0f1f 8400 | c819 0013 | 498b 8f58 | 0400 0044 | 8b4c 2428 | 478b 54cc | 1044 8b5c | 242c 41ff 
  0x000001b4c9cbd2f8: ; ImmutableOopMap {r10=NarrowOop r9=NarrowOop rbp=Oop [32]=Oop [48]=Oop [56]=Oop }
                      ;*goto {reexecute=1 rethrow=0 return_oop=0}
                      ; - (reexecute) java.security.CodeSource::getCertificates@64
                      ; - java.lang.ClassLoader::postDefineClass@24
                      ; - java.lang.ClassLoader::defineClass@37
                      ; - java.security.SecureClassLoader::defineClass@12
                      ;   {poll}
  0x000001b4c9cbd2f8: c385 0147 | 8b44 d40c | 453b d80f | 8c77 ffff | ff4c 8bc5 | 488b 5c24 | 3048 8b4c | 2438 498b 
  0x000001b4c9cbd318: 87b8 0100 | 004c 8bd0 | 4983 c210 | 4d3b 97c8 | 0100 000f | 836e 1700 | 004d 8997 | b801 0000 
  0x000001b4c9cbd338: 410f 0d8a | c000 0000 | 48c7 0001 | 0000 0041 | 0f0d 8a00 

  0x000001b4c9cbd34c: ;   {metadata('java/security/cert/Certificate'[])}
  0x000001b4c9cbd34c: 0100 00c7 | 4008 2029 | 1000 410f | 0d8a 4001 | 0000 4489 | 600c 410f | 0d8a 8001 | 0000 4c89 
  0x000001b4c9cbd36c: 4424 2841 | 8be9 4889 | 5c24 3048 | 894c 2438 | 4c8b c048 | 8b54 2438 

  0x000001b4c9cbd384: ;   {optimized virtual_call}
  0x000001b4c9cbd384: c5f8 77e8 

  0x000001b4c9cbd388: ; ImmutableOopMap {rbp=NarrowOop [32]=Oop [40]=Oop [48]=Oop }
                      ;*invokevirtual toArray {reexecute=0 rethrow=0 return_oop=1}
                      ; - java.security.CodeSource::getCertificates@73
                      ; - java.lang.ClassLoader::postDefineClass@24
                      ; - java.lang.ClassLoader::defineClass@37
                      ; - java.security.SecureClassLoader::defineClass@12
  0x000001b4c9cbd388: f416 33ff 

  0x000001b4c9cbd38c: ;   {other}
  0x000001b4c9cbd38c: 0f1f 8400 | 7c1a 0015 | 488b d844 

  0x000001b4c9cbd398: ;   {metadata('java/security/cert/Certificate'[])}
  0x000001b4c9cbd398: 8b58 0841 | 81fb 2029 | 1000 0f85 | e81a 0000 | 4180 7f40 | 000f 8599 | 1200 008b | fd4c 8bd3 
  0x000001b4c9cbd3b8: 4c89 5424 | 384c 8b54 | 2430 4c8b | 5c24 384d | 8bc3 49c1 | e803 4589 | 44fc 144d | 33da 49c1 
  0x000001b4c9cbd3d8: eb16 4d85 | db74 1649 | c1ea 094c | 8b44 2460 | 4d03 c241 | 8038 020f | 8591 1200 | 004c 8b54 
  0x000001b4c9cbd3f8: 2438 458b | 420c 458b | 5208 4963 | e848 c1e5 | 0241 81f8 | 0000 0400 | 0f87 bf16 | 0000 498b 
  0x000001b4c9cbd418: 87b8 0100 | 004c 8d5d | 1749 83e3 | f84c 8bc8 | 4d03 cb4d | 3b8f c801 | 0000 0f83 | 9d16 0000 
  0x000001b4c9cbd438: 4d89 8fb8 | 0100 0041 | 0f0d 89c0 | 0000 0048 | c700 0100 | 0000 4489 | 5008 4489 | 400c 410f 
  0x000001b4c9cbd458: 0d89 0001 | 0000 410f | 0d89 4001 | 0000 410f | 0d89 8001 | 0000 488b | f848 8b4c | 2438 4883 
  0x000001b4c9cbd478: c110 488b | d748 83c2 | 1048 83c5 | 0748 c1ed | 034c 8bc5 | c5f8 7749 | ba60 4bfd | c8b4 0100 
  0x000001b4c9cbd498: ;   {no_reloc}
  0x000001b4c9cbd498: 0041 ffd2 

  0x000001b4c9cbd49c: ;   {other}
  0x000001b4c9cbd49c: 0f1f 8400 | 0000 0000 | 488b 5424 | 204c 8bc7 

  0x000001b4c9cbd4ac: ;   {optimized virtual_call}
  0x000001b4c9cbd4ac: c5f8 77e8 

  0x000001b4c9cbd4b0: ; ImmutableOopMap {[32]=Oop }
                      ;*invokevirtual setSigners {reexecute=0 rethrow=0 return_oop=0}
                      ; - java.lang.ClassLoader::setSigners@2
                      ; - java.lang.ClassLoader::postDefineClass@35
                      ; - java.lang.ClassLoader::defineClass@37
                      ; - java.security.SecureClassLoader::defineClass@12
  0x000001b4c9cbd4b0: cc15 33ff 

  0x000001b4c9cbd4b4: ;   {other}
  0x000001b4c9cbd4b4: 0f1f 8400 | a41b 0016 | e913 f5ff | ff4c 8b54 | 2420 458b | 5a3c 4585 | db0f 84a9 | f2ff ff4d 
  0x000001b4c9cbd4d4: 8b57 2849 | 8bcb 48c1 | e103 4d85 | d20f 84d1 | 1000 004d | 8b5f 384b | 894c 13f8 | 4983 c2f8 
  0x000001b4c9cbd4f4: 4d89 5728 | e97f f2ff | ff4d 8b57 | 584d 8b5f | 48f0 8344 | 24c0 0080 | 3900 0f84 | aef2 ffff 
  0x000001b4c9cbd514: 4488 214d | 85db 7520 | 498b d7c5 | f877 49ba | 00a4 41ef | fc7f 0000 

  0x000001b4c9cbd52c: ;   {other}
  0x000001b4c9cbd52c: 41ff d20f | 1f84 0000 | 0000 00e9 | 86f2 ffff | 4b89 4c1a | f849 83c3 | f84d 895f | 48e9 74f2 
  0x000001b4c9cbd54c: ffff 4c63 | c54d 8d50 | 1049 8bca | 4883 e1f8 | 498b fd48 | 03f9 49c1 | ea03 4d2b | ca49 8bc9 
  0x000001b4c9cbd56c: 4833 c048 | 83f9 087f | 1048 ffc9 | 784f 4889 | 04cf 48ff | c97d f7eb | 44c5 fdef | c0e9 0d00 
  0x000001b4c9cbd58c: 0000 c5fe | 7f07 c5fe | 7f47 2048 | 83c7 4048 | 83e9 087d | ed48 83c1 | 047c 0cc5 | fe7f 0748 
  0x000001b4c9cbd5ac: 83c7 2048 | 83e9 0448 | 83c1 047e | 1048 ffc9 | c5f9 d607 | 4883 c708 | 48ff c97d | f348 8bca 
  0x000001b4c9cbd5cc: 498b d3c5 | f877 49ba | c044 fdc8 | b401 0000 

  0x000001b4c9cbd5dc: ;   {other}
  0x000001b4c9cbd5dc: 41ff d20f | 1f84 0000 | 0000 00e9 | 1ced ffff | 448b 5b14 | 4585 db0f | 8423 f1ff | ff4d 8b57 
  0x000001b4c9cbd5fc: 2849 8bcb | 48c1 e103 | 4d85 d20f | 84e1 1000 | 004d 8b5f | 384b 894c | 13f8 4983 | c2f8 4d89 
  0x000001b4c9cbd61c: 5728 e9f9 | f0ff ff4d | 8b57 484d | 8b5f 58f0 | 8344 24c0 | 0080 3900 | 0f84 19f1 | ffff 4488 
  0x000001b4c9cbd63c: 214d 85d2 | 7520 498b | d7c5 f877 | 49ba 00a4 | 41ef fc7f | 0000 41ff 

  0x000001b4c9cbd654: ;   {other}
  0x000001b4c9cbd654: d20f 1f84 | 0000 0000 | 00e9 f1f0 | ffff 4b89 | 4c13 f849 | 83c2 f84d | 8957 48e9 | dff0 ffff 
  0x000001b4c9cbd674: 33c0 e96f | f1ff ff4c | 63c5 4d8d | 5810 4d8b | cb49 83e1 | f848 8bfe | 4903 f949 | c1eb 0349 
  0x000001b4c9cbd694: 2bcb 4833 | c048 83f9 | 087f 1048 | ffc9 784f | 4889 04cf | 48ff c97d | f7eb 44c5 | fdef c0e9 
  0x000001b4c9cbd6b4: 0d00 0000 | c5fe 7f07 | c5fe 7f47 | 2048 83c7 | 4048 83e9 | 087d ed48 | 83c1 047c | 0cc5 fe7f 
  0x000001b4c9cbd6d4: 0748 83c7 | 2048 83e9 | 0448 83c1 | 047e 1048 | ffc9 c5f9 | d607 4883 | c708 48ff | c97d f349 
  0x000001b4c9cbd6f4: 8bca c5f8 | 7749 bac0 | 44fd c8b4 | 0100 0041 

  0x000001b4c9cbd704: ;   {other}
  0x000001b4c9cbd704: ffd2 0f1f | 8400 0000 | 0000 e9fe | efff ff44 | 8b57 1045 | 85d2 0f84 | c2f3 ffff | 4d8b 5f28 
  0x000001b4c9cbd724: 498b ca48 | c1e1 034d | 85db 0f84 | 0210 0000 | 4d8b 5738 | 4b89 4c1a | f849 83c3 | f84d 895f 
  0x000001b4c9cbd744: 28e9 98f3 | ffff 488b | 7c24 5044 | 8b5f 0c45 | 85db 0f84 | 3ff3 ffff | 4d8b 5728 | 498b cb48 
  0x000001b4c9cbd764: c1e1 034d | 85d2 0f84 | e60f 0000 | 4d8b 5f38 | 4b89 4c13 | f849 83c2 | f84d 8957 | 28e9 15f3 
  0x000001b4c9cbd784: ffff 4c8b | 4424 28e9 | 20f2 ffff | 4d8b 5748 | 4d8b 5f58 | f083 4424 | c000 8039 | 000f 8472 
  0x000001b4c9cbd7a4: f3ff ff44 | 8821 4d85 | d275 2049 | 8bd7 c5f8 | 7749 ba00 | a441 effc | 7f00 0041 

  0x000001b4c9cbd7c0: ;   {other}
  0x000001b4c9cbd7c0: ffd2 0f1f | 8400 0000 | 0000 e94a | f3ff ff4b | 894c 13f8 | 4983 c2f8 | 4d89 5748 | e938 f3ff 
  0x000001b4c9cbd7e0: ff4d 8b57 | 584d 8b5f | 48f0 8344 | 24c0 0080 | 3900 0f84 | dff2 ffff | 4488 214d | 85db 7520 
  0x000001b4c9cbd800: 498b d7c5 | f877 49ba | 00a4 41ef | fc7f 0000 

  0x000001b4c9cbd810: ;   {other}
  0x000001b4c9cbd810: 41ff d20f | 1f84 0000 | 0000 00e9 | b7f2 ffff | 4b89 4c1a | f849 83c3 | f84d 895f | 48e9 a5f2 
  0x000001b4c9cbd830: ffff 4585 | c90f 8415 | 1400 0048 | 8944 2450 | 4889 4c24 | 304c 8944 | 2428 4f8d | 14cc 4c89 
  0x000001b4c9cbd850: 5424 5844 | 894c 2438 | 498b d290 

  0x000001b4c9cbd85c: ;   {optimized virtual_call}
  0x000001b4c9cbd85c: c5f8 77e8 

  0x000001b4c9cbd860: ; ImmutableOopMap {[32]=Oop [40]=Oop [48]=Oop [56]=NarrowOop [72]=Oop [80]=Oop [88]=Oop }
                      ;*invokevirtual isNamed {reexecute=0 rethrow=0 return_oop=0}
                      ; - java.lang.NamedPackage::<init>@12
                      ; - java.lang.ClassLoader::getNamedPackage@22
                      ; - java.lang.ClassLoader::postDefineClass@9
                      ; - java.lang.ClassLoader::defineClass@37
                      ; - java.security.SecureClassLoader::defineClass@12
  0x000001b4c9cbd860: dcb1 85ef 

  0x000001b4c9cbd864: ;   {other}
  0x000001b4c9cbd864: 0f1f 8400 | 541f 0017 | 85c0 0f84 | a707 0000 | 498b 87b8 | 0100 004c | 8bd0 4983 | c228 4d3b 
  0x000001b4c9cbd884: 97c8 0100 | 000f 838a | 1200 004d | 8997 b801 | 0000 410f | 0d8a c000 | 0000 48c7 | 0001 0000 
  0x000001b4c9cbd8a4: ;   {metadata('java/lang/InternalError')}
  0x000001b4c9cbd8a4: 00c7 4008 | 3807 0100 | 4489 600c | 4c89 6010 | 4c89 6018 | 4c89 6020 | 4c8b d04c | 8954 2468 
  0x000001b4c9cbd8c4: 498b 87b8 | 0100 004c | 8bd0 4983 | c218 4d3b | 97c8 0100 | 000f 831a | 1200 004d | 8997 b801 
  0x000001b4c9cbd8e4: 0000 410f | 0d8a c000 | 0000 48c7 | 0001 0000 

  0x000001b4c9cbd8f4: ;   {metadata('java/lang/StringBuilder')}
  0x000001b4c9cbd8f4: 00c7 4008 | 4080 0000 | 4489 600c | 4c89 6010 | 488b e848 | 8bd5 6690 

  0x000001b4c9cbd90c: ;   {optimized virtual_call}
  0x000001b4c9cbd90c: c5f8 77e8 

  0x000001b4c9cbd910: ; ImmutableOopMap {rbp=Oop [32]=Oop [40]=Oop [48]=Oop [56]=NarrowOop [72]=Oop [80]=Oop [88]=Oop [104]=Oop }
                      ;*invokespecial <init> {reexecute=0 rethrow=0 return_oop=0}
                      ; - java.lang.NamedPackage::<init>@26
                      ; - java.lang.ClassLoader::getNamedPackage@22
                      ; - java.lang.ClassLoader::postDefineClass@9
                      ; - java.lang.ClassLoader::defineClass@37
                      ; - java.security.SecureClassLoader::defineClass@12
  0x000001b4c9cbd910: 6c11 33ff 

  0x000001b4c9cbd914: ;   {other}
  0x000001b4c9cbd914: 0f1f 8400 | 0420 0018 

  0x000001b4c9cbd91c: ;   {oop("unnamed package in  "{0x00000006004d8238})}
  0x000001b4c9cbd91c: 49b8 3882 | 4d00 0600 | 0000 488b | d566 6690 

  0x000001b4c9cbd92c: ;   {optimized virtual_call}
  0x000001b4c9cbd92c: c5f8 77e8 

  0x000001b4c9cbd930: ; ImmutableOopMap {[32]=Oop [40]=Oop [48]=Oop [56]=NarrowOop [72]=Oop [80]=Oop [88]=Oop [104]=Oop }
                      ;*invokevirtual append {reexecute=0 rethrow=0 return_oop=1}
                      ; - java.lang.NamedPackage::<init>@31
                      ; - java.lang.ClassLoader::getNamedPackage@22
                      ; - java.lang.ClassLoader::postDefineClass@9
                      ; - java.lang.ClassLoader::defineClass@37
                      ; - java.security.SecureClassLoader::defineClass@12
  0x000001b4c9cbd930: 4c11 33ff 

  0x000001b4c9cbd934: ;   {other}
  0x000001b4c9cbd934: 0f1f 8400 | 2420 0019 | 4885 c00f | 8423 1300 | 0048 8bd0 | 4c8b 4424 | 5866 6690 

  0x000001b4c9cbd950: ;   {optimized virtual_call}
  0x000001b4c9cbd950: c5f8 77e8 

  0x000001b4c9cbd954: ; ImmutableOopMap {[32]=Oop [40]=Oop [48]=Oop [56]=NarrowOop [72]=Oop [80]=Oop [104]=Oop }
                      ;*invokevirtual append {reexecute=0 rethrow=0 return_oop=1}
                      ; - java.lang.NamedPackage::<init>@35
                      ; - java.lang.ClassLoader::getNamedPackage@22
                      ; - java.lang.ClassLoader::postDefineClass@9
                      ; - java.lang.ClassLoader::defineClass@37
                      ; - java.security.SecureClassLoader::defineClass@12
  0x000001b4c9cbd954: 2811 33ff 

  0x000001b4c9cbd958: ;   {other}
  0x000001b4c9cbd958: 0f1f 8400 | 4820 001a | 4885 c00f | 841b 1300 | 0048 8bd0 

  0x000001b4c9cbd96c: ;   {optimized virtual_call}
  0x000001b4c9cbd96c: c5f8 77e8 

  0x000001b4c9cbd970: ; ImmutableOopMap {[32]=Oop [40]=Oop [48]=Oop [56]=NarrowOop [72]=Oop [80]=Oop [104]=Oop }
                      ;*invokevirtual toString {reexecute=0 rethrow=0 return_oop=1}
                      ; - java.lang.NamedPackage::<init>@38
                      ; - java.lang.ClassLoader::getNamedPackage@22
                      ; - java.lang.ClassLoader::postDefineClass@9
                      ; - java.lang.ClassLoader::defineClass@37
                      ; - java.security.SecureClassLoader::defineClass@12
  0x000001b4c9cbd970: 0c11 33ff 

  0x000001b4c9cbd974: ;   {other}
  0x000001b4c9cbd974: 0f1f 8400 | 6420 001b | 488b 5424 | 684c 8bc0 | 4c8b 5424 | 484c 8954 | 2440 6690 

  0x000001b4c9cbd990: ;   {optimized virtual_call}
  0x000001b4c9cbd990: c5f8 77e8 

  0x000001b4c9cbd994: ; ImmutableOopMap {[32]=Oop [40]=Oop [48]=Oop [56]=NarrowOop [64]=Oop [80]=Oop [104]=Oop }
                      ;*invokespecial <init> {reexecute=0 rethrow=0 return_oop=0}
                      ; - java.lang.NamedPackage::<init>@41
                      ; - java.lang.ClassLoader::getNamedPackage@22
                      ; - java.lang.ClassLoader::postDefineClass@9
                      ; - java.lang.ClassLoader::defineClass@37
                      ; - java.security.SecureClassLoader::defineClass@12
  0x000001b4c9cbd994: e810 33ff 

  0x000001b4c9cbd998: ;   {other}
  0x000001b4c9cbd998: 0f1f 8400 | 8820 001c | 488b 5424 | 68c5 f877 | 4881 c4c0 | 0000 005d 

  0x000001b4c9cbd9b0: ;   {runtime_call _rethrow_Java}
  0x000001b4c9cbd9b0: e94b 9136 

  0x000001b4c9cbd9b4: ;   {metadata('java/util/concurrent/ConcurrentHashMap$ForwardingNode')}
  0x000001b4c9cbd9b4: ff81 fbe8 | 0418 000f | 85fb 1200 | 0044 894c | 2440 4889 | 4c24 384c | 8b5c 2420 | 4c89 5c24 
  0x000001b4c9cbd9d4: 304c 8b5c | 2448 4c89 | 5c24 284c | 8944 2420 | 488b d645 | 8bc2 4c8b | c948 8b6c | 2430 6690 
  0x000001b4c9cbd9f4: ;   {optimized virtual_call}
  0x000001b4c9cbd9f4: c5f8 77e8 

  0x000001b4c9cbd9f8: ; ImmutableOopMap {rbp=Oop [32]=Oop [40]=Oop [48]=Oop [56]=Oop [64]=NarrowOop }
                      ;*invokevirtual find {reexecute=0 rethrow=0 return_oop=1}
                      ; - java.util.concurrent.ConcurrentHashMap::get@93
                      ; - java.lang.ClassLoader::getNamedPackage@5
                      ; - java.lang.ClassLoader::postDefineClass@9
                      ; - java.lang.ClassLoader::defineClass@37
                      ; - java.security.SecureClassLoader::defineClass@12
  0x000001b4c9cbd9f8: 8410 33ff 

  0x000001b4c9cbd9fc: ;   {other}
  0x000001b4c9cbd9fc: 0f1f 8400 | ec20 001d | 4885 c00f | 844b 0600 | 008b 6814 | 85ed 0f84 | f60c 0000 | 4c8b 4424 
  0x000001b4c9cbda1c: 204c 8b54 | 2428 4c89 | 5424 484c | 8b54 2430 | 4c89 5424 | 20e9 51ef | ffff 453b | c30f 85f4 
  0x000001b4c9cbda3c: 0000 0045 | 8d50 ff45 | 3bd0 0f83 | a812 0000 | 4585 db0f | 869f 1200 | 0041 8d73 | ff33 ffeb 
  0x000001b4c9cbda5c: 378b bc24 | 8000 0000 | ffc7 3bbc | 2494 0000 | 000f 8ddd | 0000 0048 | 8b4c 2470 | 4c8b 4c24 
  0x000001b4c9cbda7c: 5044 8b84 | 2494 0000 | 0044 8b9c | 2490 0000 | 008b b424 | 9800 0000 | 8b5c b910 | 413b f30f 
  0x000001b4c9cbda9c: 83f7 1000 | 0085 db0f | 84ef 1000 | 004d 8d14 | dc33 ed48 | 894c 2470 | 4489 8424 | 9400 0000 
  0x000001b4c9cbdabc: 4489 9c24 | 9000 0000 | 89b4 2498 | 0000 0089 | bc24 8000 | 0000 899c | 2484 0000 | 004c 8994 
  0x000001b4c9cbdadc: 24a0 0000 | 00eb 1266 | 0f1f 8400 | 0000 0000 | 6666 6690 | 4c8b 4c24 | 5045 8b5c 

  0x000001b4c9cbdaf8: ;   {no_reloc}
  0x000001b4c9cbdaf8: a910 4c89 | 4c24 504d | 8bc3 49c1 | e003 488b | 9424 a000 | 0000 6690 

  0x000001b4c9cbdb10: ;   {optimized virtual_call}
  0x000001b4c9cbdb10: c5f8 77e8 

  0x000001b4c9cbdb14: ; ImmutableOopMap {[32]=Oop [40]=Oop [48]=Oop [72]=Oop [80]=Oop [88]=Oop [112]=Oop [132]=NarrowOop [160]=Oop }
                      ;*invokevirtual equals {reexecute=0 rethrow=0 return_oop=0}
                      ; - java.lang.ClassLoader::compareCerts@81
                      ; - java.lang.ClassLoader::checkCerts@80
                      ; - java.lang.ClassLoader::preDefineClass@113
                      ; - java.lang.ClassLoader::defineClass@4
                      ; - java.security.SecureClassLoader::defineClass@12
  0x000001b4c9cbdb14: 680f 33ff 

  0x000001b4c9cbdb18: ;   {other}
  0x000001b4c9cbdb18: 0f1f 8400 | 0822 001e | 85c0 0f85 | 35ff ffff | ffc5 3bac | 2490 0000 | 007c bdba | 45ff ffff 
  0x000001b4c9cbdb38: 488b 6c24 | 2866 6690 

  0x000001b4c9cbdb40: ;   {runtime_call UncommonTrapBlob}
  0x000001b4c9cbdb40: c5f8 77e8 

  0x000001b4c9cbdb44: ; ImmutableOopMap {rbp=Oop [32]=Oop [48]=Oop [72]=Oop }
                      ;*ifne {reexecute=1 rethrow=0 return_oop=0}
                      ; - (reexecute) java.lang.ClassLoader::checkCerts@83
                      ; - java.lang.ClassLoader::preDefineClass@113
                      ; - java.lang.ClassLoader::defineClass@4
                      ; - java.security.SecureClassLoader::defineClass@12
  0x000001b4c9cbdb44: 3868 33ff 

  0x000001b4c9cbdb48: ;   {other}
  0x000001b4c9cbdb48: 0f1f 8400 | 3822 001f | 4533 d2eb | 1644 8b54 | 2478 41ff | c244 3b94 | 2490 0000 | 000f 8da9 
  0x000001b4c9cbdb68: e8ff ff4c | 8b5c 2450 | 478b 4c93 | 1045 85c9 | 0f84 5a10 | 0000 4f8d | 04cc 33ed | 4489 5424 
  0x000001b4c9cbdb88: 7844 894c | 247c 4c89 | 8424 9800 | 0000 6666 | 0f1f 8400 | 0000 0000 | 4c8b 5424 | 7045 8b5c 
  0x000001b4c9cbdba8: aa10 4d8b | c349 c1e0 | 0348 8b94 | 2498 0000 | 0066 6690 

  0x000001b4c9cbdbbc: ;   {optimized virtual_call}
  0x000001b4c9cbdbbc: c5f8 77e8 

  0x000001b4c9cbdbc0: ; ImmutableOopMap {[32]=Oop [40]=Oop [48]=Oop [72]=Oop [80]=Oop [88]=Oop [112]=Oop [124]=NarrowOop [152]=Oop }
                      ;*invokevirtual equals {reexecute=0 rethrow=0 return_oop=0}
                      ; - java.lang.ClassLoader::compareCerts@166
                      ; - java.lang.ClassLoader::checkCerts@80
                      ; - java.lang.ClassLoader::preDefineClass@113
                      ; - java.lang.ClassLoader::defineClass@4
                      ; - java.security.SecureClassLoader::defineClass@12
  0x000001b4c9cbdbc0: bc0e 33ff 

  0x000001b4c9cbdbc4: ;   {other}
  0x000001b4c9cbdbc4: 0f1f 8400 | b422 0020 | 85c0 7585 | ffc5 3bac | 2494 0000 | 007c c5e9 | 53ff ffff | 488b 4c24 
  0x000001b4c9cbdbe4: 30c6 4111 | 0133 c04c | 8b44 2428 | 8b7c 2438 | 448b 4c24 | 3ce9 eceb | ffff 4c8b | 4424 2848 
  0x000001b4c9cbdc04: 8bcd 448b | 4c24 3844 | 8b54 243c | 448b 5c24 | 40e9 2fec 

  0x000001b4c9cbdc18: ;   {metadata('java/security/SecureClassLoader$1')}
  0x000001b4c9cbdc18: ffff 48ba | 50ba 11e8 | b401 0000 | 4c89 4424 | 5066 6690 

  0x000001b4c9cbdc2c: ;   {runtime_call _new_instance_Java}
  0x000001b4c9cbdc2c: c5f8 77e8 

  0x000001b4c9cbdc30: ; ImmutableOopMap {rbp=NarrowOop [32]=Oop [40]=Oop [48]=Oop [80]=Oop }
                      ;*new {reexecute=0 rethrow=0 return_oop=1}
                      ; - java.security.SecureClassLoader::getProtectionDomain@20
                      ; - java.security.SecureClassLoader::defineClass@9
  0x000001b4c9cbdc30: 4c22 36ff 

  0x000001b4c9cbdc34: ;   {other}
  0x000001b4c9cbdc34: 0f1f 8400 | 2423 0021 | 4c8b c84c | 8b44 2450 | e9de e2ff 

  0x000001b4c9cbdc48: ;   {metadata('java/security/SecureClassLoader$CodeSourceKey')}
  0x000001b4c9cbdc48: ff48 bab8 | b411 e8b4 | 0100 0090 

  0x000001b4c9cbdc54: ;   {runtime_call _new_instance_Java}
  0x000001b4c9cbdc54: c5f8 77e8 

  0x000001b4c9cbdc58: ; ImmutableOopMap {rbp=Oop [32]=Oop [40]=Oop [48]=Oop }
                      ;*new {reexecute=0 rethrow=0 return_oop=1}
                      ; - java.security.SecureClassLoader::getProtectionDomain@6
                      ; - java.security.SecureClassLoader::defineClass@9
  0x000001b4c9cbdc58: 2422 36ff 

  0x000001b4c9cbdc5c: ;   {other}
  0x000001b4c9cbdc5c: 0f1f 8400 | 4c23 0022 | 4c8b c0e9 | 6ee2 ffff | 4489 5424 | 7844 8b54 | 2440 4489 | 5424 5c48 
  0x000001b4c9cbdc7c: 895c 2470 | 4c89 6c24 | 684c 895c | 2460 448b | 5c24 4444 | 895c 2458 | 4489 4424 | 54c5 fa11 
  0x000001b4c9cbdc9c: 4424 504c | 8b54 2448 | 4c89 5424 | 404c 8974 | 2420 488b 

  0x000001b4c9cbdcb0: ;   {metadata('java/lang/String')}
  0x000001b4c9cbdcb0: 6c24 2848 | ba78 e800 | e8b4 0100 | 0066 6690 

  0x000001b4c9cbdcc0: ;   {runtime_call _new_instance_Java}
  0x000001b4c9cbdcc0: c5f8 77e8 

  0x000001b4c9cbdcc4: ; ImmutableOopMap {rbp=Oop [32]=Oop [48]=Oop [64]=Oop [80]=NarrowOop [92]=NarrowOop [96]=Oop [104]=Derived_oop_[96] [112]=Oop }
                      ;*new {reexecute=0 rethrow=0 return_oop=1}
                      ; - java.lang.StringLatin1::newString@7
                      ; - java.lang.String::substring@41
                      ; - java.lang.ClassLoader::checkCerts@21
                      ; - java.lang.ClassLoader::preDefineClass@113
                      ; - java.lang.ClassLoader::defineClass@4
                      ; - java.security.SecureClassLoader::defineClass@12
  0x000001b4c9cbdcc4: b821 36ff 

  0x000001b4c9cbdcc8: ;   {other}
  0x000001b4c9cbdcc8: 0f1f 8400 | b823 0023 | 4889 6c24 | 284c 8b74 | 2420 4c8b | 5424 404c | 8954 2448 | c5fa 1044 
  0x000001b4c9cbdce8: 2450 448b | 4424 5444 | 8b5c 2458 | 4489 5c24 | 444c 8b5c | 2460 488b | 7c24 6848 | 8b5c 2470 
  0x000001b4c9cbdd08: 8b4c 245c | 894c 2440 | 448b 5424 | 7848 8bf0 | 4c8b efe9 | 69e4 ffff | 4c89 8424 | 8800 0000 
  0x000001b4c9cbdd28: 4c89 8c24 | 8000 0000 | 4889 7424 | 7844 8954 | 2470 448b | 4424 4044 | 8944 2454 | 4889 5c24 
  0x000001b4c9cbdd48: 6848 8954 | 2460 4c89 | 5c24 5844 | 8b54 2444 | 4489 5424 | 504c 8974 | 2440 4c8b | 5424 284c 
  0x000001b4c9cbdd68: 8954 2420 

  0x000001b4c9cbdd6c: ;   {metadata({type array byte})}
  0x000001b4c9cbdd6c: 48ba 1823 | 00e8 b401 | 0000 448b | 4424 7090 

  0x000001b4c9cbdd7c: ;   {runtime_call _new_array_nozero_Java}
  0x000001b4c9cbdd7c: c5f8 77e8 

  0x000001b4c9cbdd80: ; ImmutableOopMap {[32]=Oop [48]=Oop [64]=Oop [72]=Oop [84]=NarrowOop [88]=Oop [96]=Derived_oop_[88] [104]=Oop [120]=Oop }
                      ;*newarray {reexecute=0 rethrow=0 return_oop=1}
                      ; - java.util.Arrays::copyOfRangeByte@10
                      ; - java.util.Arrays::copyOfRange@13
                      ; - java.lang.StringLatin1::newString@16
                      ; - java.lang.String::substring@41
                      ; - java.lang.ClassLoader::checkCerts@21
                      ; - java.lang.ClassLoader::preDefineClass@113
                      ; - java.lang.ClassLoader::defineClass@4
                      ; - java.security.SecureClassLoader::defineClass@12
  0x000001b4c9cbdd80: 7c66 36ff 

  0x000001b4c9cbdd84: ;   {other}
  0x000001b4c9cbdd84: 0f1f 8400 | 7424 0024 | 4c8b 5424 | 204c 8954 | 2428 4c8b | 7424 4044 | 8b5c 2450 | 4489 5c24 
  0x000001b4c9cbdda4: 4448 8b54 | 2460 488b | 5c24 6844 | 8b54 2454 | 4489 5424 | 4044 8b54 | 2470 488b | 7424 784c 
  0x000001b4c9cbddc4: 8b8c 2480 | 0000 004c | 8b84 2488 | 0000 004c | 8be8 e9eb | e4ff ff44 | 895c 2440 | 8954 243c 
  0x000001b4c9cbdde4: 4489 4c24 | 384c 8b54 | 2420 4c89 | 5424 304c | 8b54 2448 | 4c89 5424 

  0x000001b4c9cbddfc: ;   {metadata('java/lang/String')}
  0x000001b4c9cbddfc: 2048 ba78 | e800 e8b4 | 0100 0090 

  0x000001b4c9cbde08: ;   {runtime_call _new_instance_Java}
  0x000001b4c9cbde08: c5f8 77e8 

  0x000001b4c9cbde0c: ; ImmutableOopMap {rbp=Oop [32]=Oop [40]=Oop [48]=Oop [56]=NarrowOop }
                      ;*new {reexecute=0 rethrow=0 return_oop=1}
                      ; - java.lang.StringLatin1::newString@7
                      ; - java.lang.String::substring@41
                      ; - java.lang.Class::getPackageName@62
                      ; - java.lang.ClassLoader::postDefineClass@2
                      ; - java.lang.ClassLoader::defineClass@37
                      ; - java.security.SecureClassLoader::defineClass@12
  0x000001b4c9cbde0c: 7020 36ff 

  0x000001b4c9cbde10: ;   {other}
  0x000001b4c9cbde10: 0f1f 8400 | 0025 0025 | 4c8b 5c24 | 204c 895c | 2448 4c8b | 5c24 304c | 895c 2420 | 448b 4c24 
  0x000001b4c9cbde30: 388b 5424 | 3c44 8b5c | 2440 488b | d8e9 44e7 | ffff bae4 | ffff ff44 | 8954 2420 | 448b 5c24 
  0x000001b4c9cbde50: 3844 895c | 2424 448b | 5424 3c44 | 8954 2438 | 4889 5c24 | 584c 8974 | 2460 448b | 5424 4044 
  0x000001b4c9cbde70: 8954 243c | c5fa 1144 | 2444 6690 

  0x000001b4c9cbde7c: ;   {runtime_call UncommonTrapBlob}
  0x000001b4c9cbde7c: c5f8 77e8 

  0x000001b4c9cbde80: ; ImmutableOopMap {[40]=Oop [48]=Oop [60]=NarrowOop [68]=NarrowOop [72]=Oop [88]=Oop [96]=Oop }
                      ;*baload {reexecute=0 rethrow=0 return_oop=0}
                      ; - java.lang.StringLatin1::lastIndexOf@24
                      ; - java.lang.String::lastIndexOf@13
                      ; - java.lang.String::lastIndexOf@8
                      ; - java.lang.ClassLoader::checkCerts@3
                      ; - java.lang.ClassLoader::preDefineClass@113
                      ; - java.lang.ClassLoader::defineClass@4
                      ; - java.security.SecureClassLoader::defineClass@12
  0x000001b4c9cbde80: fc64 33ff 

  0x000001b4c9cbde84: ;   {other}
  0x000001b4c9cbde84: 0f1f 8400 | 7425 0026 | 4c89 4c24 | 7048 894c | 2468 4c89 | 5424 5848 | 895c 2450 | 4489 5c24 
  0x000001b4c9cbdea4: 384c 8b54 | 2420 4c89 | 5424 304c | 8b54 2448 | 4c89 5424 

  0x000001b4c9cbdeb8: ;   {metadata({type array byte})}
  0x000001b4c9cbdeb8: 2048 ba18 | 2300 e8b4 | 0100 0045 | 8bc3 6690 

  0x000001b4c9cbdec8: ;   {runtime_call _new_array_nozero_Java}
  0x000001b4c9cbdec8: c5f8 77e8 

  0x000001b4c9cbdecc: ; ImmutableOopMap {rbp=Oop [88]=Derived_oop_rbp [32]=Oop [40]=Oop [48]=Oop [80]=Oop }
                      ;*newarray {reexecute=0 rethrow=0 return_oop=1}
                      ; - java.util.Arrays::copyOfRangeByte@10
                      ; - java.util.Arrays::copyOfRange@13
                      ; - java.lang.StringLatin1::newString@16
                      ; - java.lang.String::substring@41
                      ; - java.lang.Class::getPackageName@62
                      ; - java.lang.ClassLoader::postDefineClass@2
                      ; - java.lang.ClassLoader::defineClass@37
                      ; - java.security.SecureClassLoader::defineClass@12
  0x000001b4c9cbdecc: 3065 36ff 

  0x000001b4c9cbded0: ;   {other}
  0x000001b4c9cbded0: 0f1f 8400 | c025 0027 | 4c8b 5424 | 204c 8954 | 2448 4c8b | 5424 304c | 8954 2420 | 448b 5c24 
  0x000001b4c9cbdef0: 3848 8b5c | 2450 4c8b | 5424 5848 | 8b4c 2468 | 4c8b 4c24 | 7048 8bf0 | e9be e7ff | ff44 894c 
  0x000001b4c9cbdf10: 2438 4889 | 4c24 304c | 8b54 2420 | 4c89 5424 | 284c 8b54 | 2448 4c89 | 5424 2049 

  0x000001b4c9cbdf2c: ;   {metadata('java/lang/NamedPackage')}
  0x000001b4c9cbdf2c: 8be8 48ba | e8c0 01e8 | b401 0000 

  0x000001b4c9cbdf38: ;   {runtime_call _new_instance_Java}
  0x000001b4c9cbdf38: c5f8 77e8 

  0x000001b4c9cbdf3c: ; ImmutableOopMap {rbp=Oop [32]=Oop [40]=Oop [48]=Oop [56]=NarrowOop }
                      ;*new {reexecute=0 rethrow=0 return_oop=1}
                      ; - java.lang.ClassLoader::getNamedPackage@16
                      ; - java.lang.ClassLoader::postDefineClass@9
                      ; - java.lang.ClassLoader::defineClass@37
                      ; - java.security.SecureClassLoader::defineClass@12
  0x000001b4c9cbdf3c: 401f 36ff 

  0x000001b4c9cbdf40: ;   {other}
  0x000001b4c9cbdf40: 0f1f 8400 | 3026 0028 | 4c8b c54c | 8b54 2420 | 4c89 5424 | 484c 8b54 | 2428 4c89 | 5424 2048 
  0x000001b4c9cbdf60: 8b4c 2430 | 448b 4c24 | 38e9 d5ea | ffff 4c89 | 9424 8000 | 0000 4889 | 7424 7844 | 8b54 2440 
  0x000001b4c9cbdf80: 4489 5424 | 7048 895c | 2468 4c89 | 6c24 604c | 895c 2458 | 448b 5424 | 4444 8954 | 2454 c5fa 
  0x000001b4c9cbdfa0: 1144 2450 | 4c8b 5424 | 484c 8954 | 2440 4c89 | 7424 2048 | 8b6c 2428 

  0x000001b4c9cbdfb8: ;   {metadata({type array byte})}
  0x000001b4c9cbdfb8: 48ba 1823 | 00e8 b401 | 0000 6690 

  0x000001b4c9cbdfc4: ;   {runtime_call _new_array_nozero_Java}
  0x000001b4c9cbdfc4: c5f8 77e8 

  0x000001b4c9cbdfc8: ; ImmutableOopMap {rbp=Oop [32]=Oop [48]=Oop [64]=Oop [80]=NarrowOop [88]=Oop [96]=Derived_oop_[88] [104]=Oop [112]=NarrowOop [120]=Oop }
                      ;*invokevirtual clone {reexecute=1 rethrow=0 return_oop=1}
                      ; - (reexecute) java.util.Arrays::copyOfRange@18
                      ; - java.lang.StringLatin1::newString@16
                      ; - java.lang.String::substring@41
                      ; - java.lang.ClassLoader::checkCerts@21
                      ; - java.lang.ClassLoader::preDefineClass@113
                      ; - java.lang.ClassLoader::defineClass@4
                      ; - java.security.SecureClassLoader::defineClass@12
  0x000001b4c9cbdfc8: 3464 36ff 

  0x000001b4c9cbdfcc: ;   {other}
  0x000001b4c9cbdfcc: 0f1f 8400 | bc26 0029 | 4889 6c24 | 284c 8b74 | 2420 4c8b | 5424 404c | 8954 2448 | 448b 5c24 
  0x000001b4c9cbdfec: 5444 895c | 2444 4c8b | 6c24 6048 | 8b5c 2468 | 448b 5424 | 7044 8954 | 2440 488b | 7424 784c 
  0x000001b4c9cbe00c: 8b94 2480 | 0000 0048 | 8bf8 e9de | e1ff ff44 | 8b4c 2438 | e93f eaff | ffba e4ff | ffff 488b 
  0x000001b4c9cbe02c: 6c24 204c | 8b54 2448 | 4c89 5424 | 304c 8944 | 2448 4489 | 4c24 5844 | 895c 245c 

  0x000001b4c9cbe048: ;   {runtime_call UncommonTrapBlob}
  0x000001b4c9cbe048: c5f8 77e8 

  0x000001b4c9cbe04c: ; ImmutableOopMap {rbp=Oop [40]=Oop [48]=Oop [72]=Oop [88]=NarrowOop }
                      ;*baload {reexecute=0 rethrow=0 return_oop=0}
                      ; - java.lang.StringLatin1::lastIndexOf@24
                      ; - java.lang.String::lastIndexOf@13
                      ; - java.lang.String::lastIndexOf@8
                      ; - java.lang.Class::getPackageName@47
                      ; - java.lang.ClassLoader::postDefineClass@2
                      ; - java.lang.ClassLoader::defineClass@37
                      ; - java.security.SecureClassLoader::defineClass@12
  0x000001b4c9cbe04c: 3063 33ff 

  0x000001b4c9cbe050: ;   {other}
  0x000001b4c9cbe050: 0f1f 8400 | 4027 002a | 4c8b 4424 | 204c 8b54 | 2428 4c89 | 5424 4848 | 896c 2420 | 488b 4c24 
  0x000001b4c9cbe070: 3844 8b4c | 2440 e988 | e9ff ff48 | 8974 2468 | 4c89 5424 | 5848 895c | 2450 448b | da44 894c 
  0x000001b4c9cbe090: 2438 4c8b | 5424 204c | 8954 2430 | 4c8b 5424 | 484c 8954 

  0x000001b4c9cbe0a4: ;   {metadata({type array byte})}
  0x000001b4c9cbe0a4: 2420 48ba | 1823 00e8 | b401 0000 | 458b c390 

  0x000001b4c9cbe0b4: ;   {runtime_call _new_array_nozero_Java}
  0x000001b4c9cbe0b4: c5f8 77e8 

  0x000001b4c9cbe0b8: ; ImmutableOopMap {rbp=Oop [88]=Derived_oop_rbp [32]=Oop [40]=Oop [48]=Oop [56]=NarrowOop [80]=Oop }
                      ;*invokevirtual clone {reexecute=1 rethrow=0 return_oop=1}
                      ; - (reexecute) java.util.Arrays::copyOfRange@18
                      ; - java.lang.StringLatin1::newString@16
                      ; - java.lang.String::substring@41
                      ; - java.lang.Class::getPackageName@62
                      ; - java.lang.ClassLoader::postDefineClass@2
                      ; - java.lang.ClassLoader::defineClass@37
                      ; - java.security.SecureClassLoader::defineClass@12
  0x000001b4c9cbe0b8: 4463 36ff 

  0x000001b4c9cbe0bc: ;   {other}
  0x000001b4c9cbe0bc: 0f1f 8400 | ac27 002b | 4c8b 5424 | 204c 8954 | 2448 4c8b | 5424 304c | 8954 2420 | 488b 5c24 
  0x000001b4c9cbe0dc: 504c 8b54 | 2458 488b | 7424 6848 | 8bf8 e90e | e5ff ffba | f6ff ffff | 488b ef4c | 895c 2420 
  0x000001b4c9cbe0fc: ;   {runtime_call UncommonTrapBlob}
  0x000001b4c9cbe0fc: c5f8 77e8 

  0x000001b4c9cbe100: ; ImmutableOopMap {rbp=Oop [32]=Oop }
                      ;*invokevirtual putIfAbsent {reexecute=0 rethrow=0 return_oop=0}
                      ; - java.lang.ClassLoader::checkCerts@62
                      ; - java.lang.ClassLoader::preDefineClass@113
                      ; - java.lang.ClassLoader::defineClass@4
                      ; - java.security.SecureClassLoader::defineClass@12
  0x000001b4c9cbe100: 7c62 33ff 

  0x000001b4c9cbe104: ;   {other}
  0x000001b4c9cbe104: 0f1f 8400 | f427 002c | baf6 ffff | ff66 6690 

  0x000001b4c9cbe114: ;   {runtime_call UncommonTrapBlob}
  0x000001b4c9cbe114: c5f8 77e8 

  0x000001b4c9cbe118: ; ImmutableOopMap {rbp=NarrowOop }
                      ;*invokevirtual toExternalForm {reexecute=0 rethrow=0 return_oop=0}
                      ; - java.net.URL::toExternalForm@5
                      ; - java.net.URL::toString@1
                      ; - java.lang.ClassLoader::defineClassSourceLocation@22
                      ; - java.lang.ClassLoader::defineClass@12
                      ; - java.security.SecureClassLoader::defineClass@12
  0x000001b4c9cbe118: 6462 33ff 

  0x000001b4c9cbe11c: ;   {other}
  0x000001b4c9cbe11c: 0f1f 8400 | 0c28 002d | baf6 ffff | ff48 8beb 

  0x000001b4c9cbe12c: ;   {runtime_call UncommonTrapBlob}
  0x000001b4c9cbe12c: c5f8 77e8 

  0x000001b4c9cbe130: ; ImmutableOopMap {rbp=Oop }
                      ;*invokevirtual get {reexecute=0 rethrow=0 return_oop=0}
                      ; - java.lang.ClassLoader::getNamedPackage@5
                      ; - java.lang.ClassLoader::postDefineClass@9
                      ; - java.lang.ClassLoader::defineClass@37
                      ; - java.security.SecureClassLoader::defineClass@12
  0x000001b4c9cbe130: 4c62 33ff 

  0x000001b4c9cbe134: ;   {other}
  0x000001b4c9cbe134: 0f1f 8400 | 2428 002e | bade ffff | ff4c 8944 | 2440 4c89 | 4c24 4890 

  0x000001b4c9cbe14c: ;   {runtime_call UncommonTrapBlob}
  0x000001b4c9cbe14c: c5f8 77e8 

  0x000001b4c9cbe150: ; ImmutableOopMap {rbp=NarrowOop [32]=Oop [40]=Oop [48]=Oop [64]=Oop [72]=Oop }
                      ;*invokeinterface computeIfAbsent {reexecute=0 rethrow=0 return_oop=0}
                      ; - java.security.SecureClassLoader::getProtectionDomain@28
                      ; - java.security.SecureClassLoader::defineClass@9
  0x000001b4c9cbe150: 2c62 33ff 

  0x000001b4c9cbe154: ;   {other}
  0x000001b4c9cbe154: 0f1f 8400 | 4428 002f | ba45 ffff | ff48 8b6c | 2428 6690 

  0x000001b4c9cbe168: ;   {runtime_call UncommonTrapBlob}
  0x000001b4c9cbe168: c5f8 77e8 

  0x000001b4c9cbe16c: ; ImmutableOopMap {rbp=Oop [32]=Oop [48]=Oop [72]=Oop }
                      ;*ifeq {reexecute=1 rethrow=0 return_oop=0}
                      ; - (reexecute) java.lang.ClassLoader::checkName@8
                      ; - java.lang.ClassLoader::preDefineClass@1
                      ; - java.lang.ClassLoader::defineClass@4
                      ; - java.security.SecureClassLoader::defineClass@12
  0x000001b4c9cbe16c: 1062 33ff 

  0x000001b4c9cbe170: ;   {other}
  0x000001b4c9cbe170: 0f1f 8400 | 6028 0030 | bace ffff | ff48 8b6c | 2428 894c | 2458 4489 | 5424 5c90 

  0x000001b4c9cbe18c: ;   {runtime_call UncommonTrapBlob}
  0x000001b4c9cbe18c: c5f8 77e8 

  0x000001b4c9cbe190: ; ImmutableOopMap {rbp=Oop [32]=Oop [48]=Oop [72]=Oop [88]=NarrowOop }
                      ;*invokestatic indexOfChar {reexecute=0 rethrow=0 return_oop=0}
                      ; - java.lang.StringLatin1::indexOf@33
                      ; - java.lang.String::indexOf@17
                      ; - java.lang.String::indexOf@3
                      ; - java.lang.ClassLoader::checkName@16
                      ; - java.lang.ClassLoader::preDefineClass@1
                      ; - java.lang.ClassLoader::defineClass@4
                      ; - java.security.SecureClassLoader::defineClass@12
  0x000001b4c9cbe190: ec61 33ff 

  0x000001b4c9cbe194: ;   {other}
  0x000001b4c9cbe194: 0f1f 8400 | 8428 0031 | bade ffff | ff66 6690 

  0x000001b4c9cbe1a4: ;   {runtime_call UncommonTrapBlob}
  0x000001b4c9cbe1a4: c5f8 77e8 

  0x000001b4c9cbe1a8: ; ImmutableOopMap {rbp=NarrowOop }
                      ;*checkcast {reexecute=0 rethrow=0 return_oop=0}
                      ; - java.lang.ClassLoader::getNamedPackage@8
                      ; - java.lang.ClassLoader::postDefineClass@9
                      ; - java.lang.ClassLoader::defineClass@37
                      ; - java.security.SecureClassLoader::defineClass@12
  0x000001b4c9cbe1a8: d461 33ff 

  0x000001b4c9cbe1ac: ;   {other}
  0x000001b4c9cbe1ac: 0f1f 8400 | 9c28 0032 | ba45 ffff | ff48 8944 | 2440 6690 

  0x000001b4c9cbe1c0: ;   {runtime_call UncommonTrapBlob}
  0x000001b4c9cbe1c0: c5f8 77e8 

  0x000001b4c9cbe1c4: ; ImmutableOopMap {[32]=Oop [40]=Oop [64]=Oop [72]=Oop }
                      ;*ifeq {reexecute=1 rethrow=0 return_oop=0}
                      ; - (reexecute) java.lang.Class::getPackageName@13
                      ; - java.lang.ClassLoader::postDefineClass@2
                      ; - java.lang.ClassLoader::defineClass@37
                      ; - java.security.SecureClassLoader::defineClass@12
  0x000001b4c9cbe1c4: b861 33ff 

  0x000001b4c9cbe1c8: ;   {other}
  0x000001b4c9cbe1c8: 0f1f 8400 | b828 0033 | 4d63 cae9 | 66e0 ffff | 4983 c1fe | 498b c949 | 8bfb 4833 | c048 83f9 
  0x000001b4c9cbe1e8: 087f 1048 | ffc9 784f | 4889 04cf | 48ff c97d | f7eb 44c5 | fdef c0e9 | 0d00 0000 | c5fe 7f07 
  0x000001b4c9cbe208: c5fe 7f47 | 2048 83c7 | 4048 83e9 | 087d ed48 | 83c1 047c | 0cc5 fe7f | 0748 83c7 | 2048 83e9 
  0x000001b4c9cbe228: 0448 83c1 | 047e 1048 | ffc9 c5f9 | d607 4883 | c708 48ff | c97d f3e9 | c4e0 ffff | bacc ffff 
  0x000001b4c9cbe248: ff44 8954 | 2420 448b | 5c24 3844 | 895c 2424 | 448b 5424 | 3c44 8954 | 2438 4889 | 5c24 584c 
  0x000001b4c9cbe268: 8974 2460 | 448b 5424 | 4044 8954 | 243c 4889 | 7424 68c5 | fa11 4424 | 7066 6690 

  0x000001b4c9cbe284: ;   {runtime_call UncommonTrapBlob}
  0x000001b4c9cbe284: c5f8 77e8 

  0x000001b4c9cbe288: ; ImmutableOopMap {[40]=Oop [48]=Oop [60]=NarrowOop [72]=Oop [88]=Oop [96]=Oop [104]=Oop [112]=NarrowOop }
                      ;*newarray {reexecute=1 rethrow=0 return_oop=0}
                      ; - (reexecute) java.util.Arrays::copyOfRangeByte@10
                      ; - java.util.Arrays::copyOfRange@13
                      ; - java.lang.StringLatin1::newString@16
                      ; - java.lang.String::substring@41
                      ; - java.lang.ClassLoader::checkCerts@21
                      ; - java.lang.ClassLoader::preDefineClass@113
                      ; - java.lang.ClassLoader::defineClass@4
                      ; - java.security.SecureClassLoader::defineClass@12
  0x000001b4c9cbe288: f460 33ff 

  0x000001b4c9cbe28c: ;   {other}
  0x000001b4c9cbe28c: 0f1f 8400 | 7c29 0034 | 4533 db45 | 85c9 410f | 94c3 ba45 | ffff ff48 | 8b6c 2428 | 4489 5c24 
  0x000001b4c9cbe2ac: 6066 6690 

  0x000001b4c9cbe2b0: ;   {runtime_call UncommonTrapBlob}
  0x000001b4c9cbe2b0: c5f8 77e8 

  0x000001b4c9cbe2b4: ; ImmutableOopMap {rbp=Oop [32]=Oop [48]=Oop [72]=Oop }
                      ;*ifeq {reexecute=1 rethrow=0 return_oop=0}
                      ; - (reexecute) java.lang.String::indexOf@4
                      ; - java.lang.String::indexOf@3
                      ; - java.lang.ClassLoader::checkName@16
                      ; - java.lang.ClassLoader::preDefineClass@1
                      ; - java.lang.ClassLoader::defineClass@4
                      ; - java.security.SecureClassLoader::defineClass@12
  0x000001b4c9cbe2b4: c860 33ff 

  0x000001b4c9cbe2b8: ;   {other}
  0x000001b4c9cbe2b8: 0f1f 8400 | a829 0035 | ba45 ffff | ff44 8954 | 2420 4489 | 5424 2448 | 895c 2458 | 4c89 7424 
  0x000001b4c9cbe2d8: 604c 8974 | 2468 4489 | 4c24 7090 

  0x000001b4c9cbe2e4: ;   {runtime_call UncommonTrapBlob}
  0x000001b4c9cbe2e4: c5f8 77e8 

  0x000001b4c9cbe2e8: ; ImmutableOopMap {[40]=Oop [48]=Oop [64]=NarrowOop [72]=Oop [88]=Oop [96]=Oop [104]=Oop }
                      ;*if_icmpgt {reexecute=1 rethrow=0 return_oop=0}
                      ; - (reexecute) jdk.internal.util.Preconditions::checkFromToIndex@6
                      ; - java.lang.String::checkBoundsBeginEnd@6
                      ; - java.lang.String::substring@8
                      ; - java.lang.ClassLoader::checkCerts@21
                      ; - java.lang.ClassLoader::preDefineClass@113
                      ; - java.lang.ClassLoader::defineClass@4
                      ; - java.security.SecureClassLoader::defineClass@12
  0x000001b4c9cbe2e8: 9460 33ff 

  0x000001b4c9cbe2ec: ;   {other}
  0x000001b4c9cbe2ec: 0f1f 8400 | dc29 0036 | ba45 ffff | ff48 8b6c | 2428 895c | 2450 6690 

  0x000001b4c9cbe304: ;   {runtime_call UncommonTrapBlob}
  0x000001b4c9cbe304: c5f8 77e8 

  0x000001b4c9cbe308: ; ImmutableOopMap {rbp=Oop [32]=Oop [48]=Oop [72]=Oop }
                      ;*if_icmpne {reexecute=1 rethrow=0 return_oop=0}
                      ; - (reexecute) java.lang.ClassLoader::checkName@20
                      ; - java.lang.ClassLoader::preDefineClass@1
                      ; - java.lang.ClassLoader::defineClass@4
                      ; - java.security.SecureClassLoader::defineClass@12
  0x000001b4c9cbe308: 7460 33ff 

  0x000001b4c9cbe30c: ;   {other}
  0x000001b4c9cbe30c: 0f1f 8400 | fc29 0037 | ba45 ffff | ff4c 8b54 | 2448 4c89 | 5424 384c | 8944 2440 | 4889 4c24 
  0x000001b4c9cbe32c: 4844 894c | 2450 6690 

  0x000001b4c9cbe334: ;   {runtime_call UncommonTrapBlob}
  0x000001b4c9cbe334: c5f8 77e8 

  0x000001b4c9cbe338: ; ImmutableOopMap {[32]=Oop [56]=Oop [64]=Oop [72]=Oop [80]=NarrowOop }
                      ;*ifle {reexecute=1 rethrow=0 return_oop=0}
                      ; - (reexecute) java.util.concurrent.ConcurrentHashMap::get@23
                      ; - java.lang.ClassLoader::getNamedPackage@5
                      ; - java.lang.ClassLoader::postDefineClass@9
                      ; - java.lang.ClassLoader::defineClass@37
                      ; - java.security.SecureClassLoader::defineClass@12
  0x000001b4c9cbe338: 4460 33ff 

  0x000001b4c9cbe33c: ;   {other}
  0x000001b4c9cbe33c: 0f1f 8400 | 2c2a 0038 | ba45 ffff | ff66 6690 

  0x000001b4c9cbe34c: ;   {runtime_call UncommonTrapBlob}
  0x000001b4c9cbe34c: c5f8 77e8 

  0x000001b4c9cbe350: ; ImmutableOopMap {rbp=Oop [32]=Oop [40]=Oop [48]=Oop }
                      ;*ifnonnull {reexecute=1 rethrow=0 return_oop=0}
                      ; - (reexecute) java.security.SecureClassLoader::getProtectionDomain@1
                      ; - java.security.SecureClassLoader::defineClass@9
  0x000001b4c9cbe350: 2c60 33ff 

  0x000001b4c9cbe354: ;   {other}
  0x000001b4c9cbe354: 0f1f 8400 | 442a 0039 | ba45 ffff | ff4c 8974 | 2450 6690 

  0x000001b4c9cbe368: ;   {runtime_call UncommonTrapBlob}
  0x000001b4c9cbe368: c5f8 77e8 

  0x000001b4c9cbe36c: ; ImmutableOopMap {[40]=Oop [48]=Oop [72]=Oop [80]=Oop }
                      ;*if_icmpne {reexecute=1 rethrow=0 return_oop=0}
                      ; - (reexecute) java.lang.ClassLoader::checkName@30
                      ; - java.lang.ClassLoader::preDefineClass@1
                      ; - java.lang.ClassLoader::defineClass@4
                      ; - java.security.SecureClassLoader::defineClass@12
  0x000001b4c9cbe36c: 1060 33ff 

  0x000001b4c9cbe370: ;   {other}
  0x000001b4c9cbe370: 0f1f 8400 | 602a 003a | ba45 ffff | ff48 8b6c | 2428 4c8b | 5424 484c | 8954 2440 | 4489 5c24 
  0x000001b4c9cbe390: 4866 6690 

  0x000001b4c9cbe394: ;   {runtime_call UncommonTrapBlob}
  0x000001b4c9cbe394: c5f8 77e8 

  0x000001b4c9cbe398: ; ImmutableOopMap {rbp=Oop [32]=Oop [48]=Oop [64]=Oop }
                      ;*ifne {reexecute=1 rethrow=0 return_oop=0}
                      ; - (reexecute) java.lang.ClassLoader::compareCerts@7
                      ; - java.lang.ClassLoader::checkCerts@80
                      ; - java.lang.ClassLoader::preDefineClass@113
                      ; - java.lang.ClassLoader::defineClass@4
                      ; - java.security.SecureClassLoader::defineClass@12
  0x000001b4c9cbe398: e45f 33ff 

  0x000001b4c9cbe39c: ;   {other}
  0x000001b4c9cbe39c: 0f1f 8400 | 8c2a 003b | ba45 ffff | ff44 8954 | 2420 4489 | 5424 2448 | 895c 2458 | 4c89 7424 
  0x000001b4c9cbe3bc: 604c 8974 | 2468 4489 | 4c24 7044 | 894c 2474 

  0x000001b4c9cbe3cc: ;   {runtime_call UncommonTrapBlob}
  0x000001b4c9cbe3cc: c5f8 77e8 

  0x000001b4c9cbe3d0: ; ImmutableOopMap {[40]=Oop [48]=Oop [64]=NarrowOop [72]=Oop [88]=Oop [96]=Oop [104]=Oop }
                      ;*if_icmple {reexecute=1 rethrow=0 return_oop=0}
                      ; - (reexecute) jdk.internal.util.Preconditions::checkFromToIndex@11
                      ; - java.lang.String::checkBoundsBeginEnd@6
                      ; - java.lang.String::substring@8
                      ; - java.lang.ClassLoader::checkCerts@21
                      ; - java.lang.ClassLoader::preDefineClass@113
                      ; - java.lang.ClassLoader::defineClass@4
                      ; - java.security.SecureClassLoader::defineClass@12
  0x000001b4c9cbe3d0: ac5f 33ff 

  0x000001b4c9cbe3d4: ;   {other}
  0x000001b4c9cbe3d4: 0f1f 8400 | c42a 003c | 498b d7c5 | f877 49ba | 20a4 41ef | fc7f 0000 

  0x000001b4c9cbe3ec: ;   {other}
  0x000001b4c9cbe3ec: 41ff d20f | 1f84 0000 | 0000 00e9 | 17df ffff | 8b5c 2440 | 458b 54dc | 1445 85d2 | 0f84 d5eb 
  0x000001b4c9cbe40c: ffff 4d8b | 5f28 498b | ca48 c1e1 | 034d 85db | 0f84 7a08 | 0000 4d8b | 5738 4b89 | 4c1a f849 
  0x000001b4c9cbe42c: 83c3 f84d | 895f 28e9 | abeb ffff | 4d8b 5748 | 4d8b 5f58 | f083 4424 | c000 8039 | 0074 3244 
  0x000001b4c9cbe44c: 8821 4d85 | d274 0f4b | 894c 13f8 | 4983 c2f8 | 4d89 5748 | eb1b 498b | d7c5 f877 | 49ba 00a4 
  0x000001b4c9cbe46c: 41ef fc7f | 0000 41ff 

  0x000001b4c9cbe474: ;   {other}
  0x000001b4c9cbe474: d20f 1f84 | 0000 0000 | 0045 8b5c | dc14 4585 | db0f 84f5 | 0800 0049 | 8bfb 48c1 | e703 e986 
  0x000001b4c9cbe494: ebff ff49 | 63cb e9a3 | e1ff ff48 | 83c1 fe48 | 8bfa 4833 | c048 83f9 | 087f 1048 | ffc9 784f 
  0x000001b4c9cbe4b4: 4889 04cf | 48ff c97d | f7eb 44c5 | fdef c0e9 | 0d00 0000 | c5fe 7f07 | c5fe 7f47 | 2048 83c7 
  0x000001b4c9cbe4d4: 4048 83e9 | 087d ed48 | 83c1 047c | 0cc5 fe7f | 0748 83c7 | 2048 83e9 | 0448 83c1 | 047e 1048 
  0x000001b4c9cbe4f4: ffc9 c5f9 | d607 4883 | c708 48ff | c97d f3e9 | 09e2 ffff | bacc ffff | ff4c 8b54 | 2448 4c89 
  0x000001b4c9cbe514: 5424 3048 | 895c 2450 | 4489 4c24 | 5844 895c | 2460 6690 

  0x000001b4c9cbe528: ;   {runtime_call UncommonTrapBlob}
  0x000001b4c9cbe528: c5f8 77e8 

  0x000001b4c9cbe52c: ; ImmutableOopMap {[32]=Oop [40]=Oop [48]=Oop [80]=Oop [88]=NarrowOop }
                      ;*newarray {reexecute=1 rethrow=0 return_oop=0}
                      ; - (reexecute) java.util.Arrays::copyOfRangeByte@10
                      ; - java.util.Arrays::copyOfRange@13
                      ; - java.lang.StringLatin1::newString@16
                      ; - java.lang.String::substring@41
                      ; - java.lang.Class::getPackageName@62
                      ; - java.lang.ClassLoader::postDefineClass@2
                      ; - java.lang.ClassLoader::defineClass@37
                      ; - java.security.SecureClassLoader::defineClass@12
  0x000001b4c9cbe52c: 505e 33ff 

  0x000001b4c9cbe530: ;   {other}
  0x000001b4c9cbe530: 0f1f 8400 | 202c 003d | baf6 ffff | ff48 897c | 2420 6690 

  0x000001b4c9cbe544: ;   {runtime_call UncommonTrapBlob}
  0x000001b4c9cbe544: c5f8 77e8 

  0x000001b4c9cbe548: ; ImmutableOopMap {[32]=Oop [48]=Oop }
                      ;*invokevirtual putIfAbsent {reexecute=0 rethrow=0 return_oop=0}
                      ; - java.lang.ClassLoader::getNamedPackage@32
                      ; - java.lang.ClassLoader::postDefineClass@9
                      ; - java.lang.ClassLoader::defineClass@37
                      ; - java.security.SecureClassLoader::defineClass@12
  0x000001b4c9cbe548: 345e 33ff 

  0x000001b4c9cbe54c: ;   {other}
  0x000001b4c9cbe54c: 0f1f 8400 | 3c2c 003e | 488b e8ba | 54ff ffff | 4c8b 5424 | 484c 8954 | 2440 6690 

  0x000001b4c9cbe568: ;   {runtime_call UncommonTrapBlob}
  0x000001b4c9cbe568: c5f8 77e8 

  0x000001b4c9cbe56c: ; ImmutableOopMap {rbp=Oop [32]=Oop [40]=Oop [56]=NarrowOop [64]=Oop [80]=Oop }
                      ;*ifnull {reexecute=1 rethrow=0 return_oop=0}
                      ; - (reexecute) java.lang.ClassLoader::getNamedPackage@42
                      ; - java.lang.ClassLoader::postDefineClass@9
                      ; - java.lang.ClassLoader::defineClass@37
                      ; - java.security.SecureClassLoader::defineClass@12
  0x000001b4c9cbe56c: 105e 33ff 

  0x000001b4c9cbe570: ;   {other}
  0x000001b4c9cbe570: 0f1f 8400 | 602c 003f | 85db 448b | 4c24 4441 | 0f94 c1ba | 45ff ffff | 488b 6c24 | 204c 8b5c 
  0x000001b4c9cbe590: 2448 4c89 | 5c24 304c | 8944 2450 | 4489 5424 | 5844 894c | 245c 6690 

  0x000001b4c9cbe5a8: ;   {runtime_call UncommonTrapBlob}
  0x000001b4c9cbe5a8: c5f8 77e8 

  0x000001b4c9cbe5ac: ; ImmutableOopMap {rbp=Oop [40]=Oop [48]=Oop [80]=Oop }
                      ;*ifeq {reexecute=1 rethrow=0 return_oop=0}
                      ; - (reexecute) java.lang.String::lastIndexOf@4
                      ; - java.lang.String::lastIndexOf@8
                      ; - java.lang.Class::getPackageName@47
                      ; - java.lang.ClassLoader::postDefineClass@2
                      ; - java.lang.ClassLoader::defineClass@37
                      ; - java.security.SecureClassLoader::defineClass@12
  0x000001b4c9cbe5ac: d05d 33ff 

  0x000001b4c9cbe5b0: ;   {other}
  0x000001b4c9cbe5b0: 0f1f 8400 | a02c 0040 | 498b d7c5 | f877 49ba | 20a4 41ef | fc7f 0000 

  0x000001b4c9cbe5c8: ;   {other}
  0x000001b4c9cbe5c8: 41ff d20f | 1f84 0000 | 0000 00e9 | a4e1 ffff | ba45 ffff | ff48 8b6c | 2420 4c8b | 5424 484c 
  0x000001b4c9cbe5e8: 8954 2430 | 4c89 4424 | 4844 895c | 2458 894c | 245c 4489 | 5c24 6090 

  0x000001b4c9cbe600: ;   {runtime_call UncommonTrapBlob}
  0x000001b4c9cbe600: c5f8 77e8 

  0x000001b4c9cbe604: ; ImmutableOopMap {rbp=Oop [40]=Oop [48]=Oop [72]=Oop }
                      ;*if_icmpgt {reexecute=1 rethrow=0 return_oop=0}
                      ; - (reexecute) jdk.internal.util.Preconditions::checkFromToIndex@6
                      ; - java.lang.String::checkBoundsBeginEnd@6
                      ; - java.lang.String::substring@8
                      ; - java.lang.Class::getPackageName@62
                      ; - java.lang.ClassLoader::postDefineClass@2
                      ; - java.lang.ClassLoader::defineClass@37
                      ; - java.security.SecureClassLoader::defineClass@12
  0x000001b4c9cbe604: 785d 33ff 

  0x000001b4c9cbe608: ;   {other}
  0x000001b4c9cbe608: 0f1f 8400 | f82c 0041 | ba45 ffff | ff48 8b6c | 2420 4c8b | 5424 484c | 8954 2430 | 4c89 4424 
  0x000001b4c9cbe628: 4844 895c | 2458 894c | 245c 4489 | 5c24 6089 | 4c24 6490 

  0x000001b4c9cbe63c: ;   {runtime_call UncommonTrapBlob}
  0x000001b4c9cbe63c: c5f8 77e8 

  0x000001b4c9cbe640: ; ImmutableOopMap {rbp=Oop [40]=Oop [48]=Oop [72]=Oop }
                      ;*if_icmple {reexecute=1 rethrow=0 return_oop=0}
                      ; - (reexecute) jdk.internal.util.Preconditions::checkFromToIndex@11
                      ; - java.lang.String::checkBoundsBeginEnd@6
                      ; - java.lang.String::substring@8
                      ; - java.lang.Class::getPackageName@62
                      ; - java.lang.ClassLoader::postDefineClass@2
                      ; - java.lang.ClassLoader::defineClass@37
                      ; - java.security.SecureClassLoader::defineClass@12
  0x000001b4c9cbe640: 3c5d 33ff 

  0x000001b4c9cbe644: ;   {other}
  0x000001b4c9cbe644: 0f1f 8400 | 342d 0042 | 8bfd 458b | 54ec 1445 | 85d2 0f84 | 59ed ffff | 4d8b 5f28 | 498b ca48 
  0x000001b4c9cbe664: c1e1 034d | 85db 0f84 | b806 0000 | 4d8b 5738 | 4b89 4c1a | f849 83c3 | f84d 895f | 28e9 2fed 
  0x000001b4c9cbe684: ffff 4d8b | 5748 4d8b | 5f58 f083 | 4424 c000 | 4180 3800 | 7435 4588 | 204d 85d2 | 740f 4f89 
  0x000001b4c9cbe6a4: 4413 f849 | 83c2 f84d | 8957 48eb | 1e49 8bc8 | 498b d7c5 | f877 49ba | 00a4 41ef | fc7f 0000 
  0x000001b4c9cbe6c4: ;   {other}
  0x000001b4c9cbe6c4: 41ff d20f | 1f84 0000 | 0000 0045 | 8b5c fc14 | 4585 db0f | 84bb 0600 | 004d 8bd3 | 49c1 e203 
  0x000001b4c9cbe6e4: 4c89 5424 | 38e9 07ed | ffff 498b | d7c5 f877 | 49ba 20a4 | 41ef fc7f | 0000 41ff 

  0x000001b4c9cbe700: ;   {other}
  0x000001b4c9cbe700: d20f 1f84 | 0000 0000 | 00e9 0ee0 | ffff 4c8b | 4424 204c | 8b54 2428 | 4c89 5424 | 484c 8b54 
  0x000001b4c9cbe720: 2430 4c89 | 5424 2048 | 8b4c 2438 | 448b 4c24 | 40e9 cde2 | ffff 498b | d7c5 f877 | 49ba 20a4 
  0x000001b4c9cbe740: 41ef fc7f | 0000 41ff 

  0x000001b4c9cbe748: ;   {other}
  0x000001b4c9cbe748: d20f 1f84 | 0000 0000 | 00e9 8ce3 | ffff 498b | d7c5 f877 | 49ba 20a4 | 41ef fc7f | 0000 41ff 
  0x000001b4c9cbe768: ;   {other}
  0x000001b4c9cbe768: d20f 1f84 | 0000 0000 | 00e9 25e3 | ffff bae4 | ffff ff48 | 8b6c 2428 | c5fa 1144 | 2454 6690 
  0x000001b4c9cbe788: ;   {runtime_call UncommonTrapBlob}
  0x000001b4c9cbe788: c5f8 77e8 

  0x000001b4c9cbe78c: ; ImmutableOopMap {rbp=Oop [32]=Oop [48]=Oop [72]=Oop [84]=NarrowOop }
                      ;*baload {reexecute=0 rethrow=0 return_oop=0}
                      ; - jdk.internal.util.ArraysSupport::mismatch@82
                      ; - java.lang.String::startsWith@70
                      ; - java.lang.String::startsWith@3
                      ; - java.lang.ClassLoader::preDefineClass@43
                      ; - java.lang.ClassLoader::defineClass@4
                      ; - java.security.SecureClassLoader::defineClass@12
  0x000001b4c9cbe78c: f05b 33ff 

  0x000001b4c9cbe790: ;   {other}
  0x000001b4c9cbe790: 0f1f 8400 | 802e 0043 | 4c89 6c24 | 6844 895c | 2454 4889 | 7c24 6048 | 895c 2458 | 448b 5c24 
  0x000001b4c9cbe7b0: 4444 895c | 2450 4c89 | 7424 404c | 8b5c 2428 | 4c89 5c24 | 2048 ba00 | 0000 e8b4 | 0100 0049 
  0x000001b4c9cbe7d0: 03d2 6690 

  0x000001b4c9cbe7d4: ;   {runtime_call _new_array_Java}
  0x000001b4c9cbe7d4: c5f8 77e8 

  0x000001b4c9cbe7d8: ; ImmutableOopMap {rbp=Oop [32]=Oop [48]=Oop [64]=Oop [72]=Oop [84]=NarrowOop [88]=Oop [96]=Oop }
                      ;*invokevirtual clone {reexecute=1 rethrow=0 return_oop=1}
                      ; - (reexecute) java.security.CodeSource::getCertificates@11
                      ; - java.lang.ClassLoader::checkCerts@34
                      ; - java.lang.ClassLoader::preDefineClass@113
                      ; - java.lang.ClassLoader::defineClass@4
                      ; - java.security.SecureClassLoader::defineClass@12
  0x000001b4c9cbe7d8: 2459 36ff 

  0x000001b4c9cbe7dc: ;   {other}
  0x000001b4c9cbe7dc: 0f1f 8400 | cc2e 0044 | 4c8b 5c24 | 204c 895c | 2428 4c8b | 7424 4044 | 8b5c 2450 | 4489 5c24 
  0x000001b4c9cbe7fc: 4448 8b5c | 2458 488b | 7c24 6044 | 8b5c 2454 | 4c8b 6c24 | 6848 8bf0 | e94b e5ff | ffba 45ff 
  0x000001b4c9cbe81c: ffff 488b | 5c24 4848 | 895c 2438 | 4c89 4424 | 4044 894c | 2450 4889 | 4c24 5844 | 895c 2454 
  0x000001b4c9cbe83c: 4489 5424 | 6066 6690 

  0x000001b4c9cbe844: ;   {runtime_call UncommonTrapBlob}
  0x000001b4c9cbe844: c5f8 77e8 

  0x000001b4c9cbe848: ; ImmutableOopMap {rbp=NarrowOop [32]=Oop [56]=Oop [64]=Oop [80]=NarrowOop [84]=NarrowOop [88]=Oop }
                      ;*ifnull {reexecute=1 rethrow=0 return_oop=0}
                      ; - (reexecute) java.util.concurrent.ConcurrentHashMap::get@67
                      ; - java.lang.ClassLoader::getNamedPackage@5
                      ; - java.lang.ClassLoader::postDefineClass@9
                      ; - java.lang.ClassLoader::defineClass@37
                      ; - java.security.SecureClassLoader::defineClass@12
  0x000001b4c9cbe848: 345b 33ff 

  0x000001b4c9cbe84c: ;   {other}
  0x000001b4c9cbe84c: 0f1f 8400 | 3c2f 0045 | 4585 d244 | 8b5c 2444 | 410f 94c3 | ba45 ffff | ff4c 8b54 | 2448 4c89 
  0x000001b4c9cbe86c: 5424 3044 | 894c 2448 | 897c 244c | 4889 5c24 | 5048 895c | 2458 4489 | 5c24 6090 

  0x000001b4c9cbe888: ;   {runtime_call UncommonTrapBlob}
  0x000001b4c9cbe888: c5f8 77e8 

  0x000001b4c9cbe88c: ; ImmutableOopMap {[32]=Oop [40]=Oop [48]=Oop [72]=NarrowOop [76]=NarrowOop [80]=Oop [88]=Oop }
                      ;*ifeq {reexecute=1 rethrow=0 return_oop=0}
                      ; - (reexecute) java.lang.String::hashCode@20
                      ; - java.util.concurrent.ConcurrentHashMap::get@1
                      ; - java.lang.ClassLoader::getNamedPackage@5
                      ; - java.lang.ClassLoader::postDefineClass@9
                      ; - java.lang.ClassLoader::defineClass@37
                      ; - java.security.SecureClassLoader::defineClass@12
  0x000001b4c9cbe88c: f05a 33ff 

  0x000001b4c9cbe890: ;   {other}
  0x000001b4c9cbe890: 0f1f 8400 | 802f 0046 | 4c89 4c24 | 3889 5c24 | 304c 8b54 | 2420 4c89 | 5424 284c | 8944 2420 
  0x000001b4c9cbe8b0: 48ba 0000 | 00e8 b401 | 0000 4903 | d344 8bc7 

  0x000001b4c9cbe8c0: ;   {runtime_call _new_array_Java}
  0x000001b4c9cbe8c0: c5f8 77e8 

  0x000001b4c9cbe8c4: ; ImmutableOopMap {rbp=Oop [32]=Oop [40]=Oop [48]=NarrowOop }
                      ;*invokevirtual clone {reexecute=1 rethrow=0 return_oop=1}
                      ; - (reexecute) java.security.CodeSource::getCertificates@11
                      ; - java.lang.ClassLoader::postDefineClass@24
                      ; - java.lang.ClassLoader::defineClass@37
                      ; - java.security.SecureClassLoader::defineClass@12
  0x000001b4c9cbe8c4: 3858 36ff 

  0x000001b4c9cbe8c8: ;   {other}
  0x000001b4c9cbe8c8: 0f1f 8400 | b82f 0047 | 4c8b 5424 | 284c 8954 | 2420 8b5c | 2430 4c8b | 4c24 38e9 | f8e8 ffff 
  0x000001b4c9cbe8e8: 4889 5424 | 7089 4c24 | 6848 897c | 2460 4489 | 5c24 5448 | 895c 2458 | 448b 5c24 | 4444 895c 
  0x000001b4c9cbe908: 2450 4c8b | 5424 484c | 8954 2440 | 4c89 7424 | 2048 8b6c 

  0x000001b4c9cbe91c: ;   {metadata('java/util/ArrayList')}
  0x000001b4c9cbe91c: 2428 48ba | d089 0be8 | b401 0000 

  0x000001b4c9cbe928: ;   {runtime_call _new_instance_Java}
  0x000001b4c9cbe928: c5f8 77e8 

  0x000001b4c9cbe92c: ; ImmutableOopMap {rbp=Oop [32]=Oop [48]=Oop [64]=Oop [84]=NarrowOop [88]=Oop [96]=Oop [104]=NarrowOop [112]=Oop }
                      ;*new {reexecute=0 rethrow=0 return_oop=1}
                      ; - java.security.CodeSource::getCertificates@25
                      ; - java.lang.ClassLoader::checkCerts@34
                      ; - java.lang.ClassLoader::preDefineClass@113
                      ; - java.lang.ClassLoader::defineClass@4
                      ; - java.security.SecureClassLoader::defineClass@12
  0x000001b4c9cbe92c: 5015 36ff 

  0x000001b4c9cbe930: ;   {other}
  0x000001b4c9cbe930: 0f1f 8400 | 2030 0048 | 4889 6c24 | 284c 8b74 | 2420 4c8b | 5424 404c | 8954 2448 | 448b 5424 
  0x000001b4c9cbe950: 5044 8954 | 2444 488b | 5c24 5844 | 8b5c 2454 | 4489 5c24 | 4048 8b7c | 2460 8b4c | 2468 488b 
  0x000001b4c9cbe970: 5424 70e9 | 7de4 ffff | 4c89 4c24 | 7848 8954 | 2470 4889 | 7c24 684c | 895c 2460 | 4c89 5424 
  0x000001b4c9cbe990: 5848 895c | 2450 4c89 | 7424 2048 | 8b6c 2428 

  0x000001b4c9cbe9a0: ;   {metadata('java/security/cert/Certificate'[])}
  0x000001b4c9cbe9a0: 48ba 2029 | 10e8 b401 | 0000 448b | 4424 4490 

  0x000001b4c9cbe9b0: ;   {runtime_call _new_array_Java}
  0x000001b4c9cbe9b0: c5f8 77e8 

  0x000001b4c9cbe9b4: ; ImmutableOopMap {rbp=Oop [32]=Oop [48]=Oop [64]=NarrowOop [72]=Oop [80]=Oop [88]=Oop [104]=Oop [112]=Oop [120]=Oop }
                      ;*anewarray {reexecute=0 rethrow=0 return_oop=1}
                      ; - java.security.CodeSource::getCertificates@70
                      ; - java.lang.ClassLoader::checkCerts@34
                      ; - java.lang.ClassLoader::preDefineClass@113
                      ; - java.lang.ClassLoader::defineClass@4
                      ; - java.security.SecureClassLoader::defineClass@12
  0x000001b4c9cbe9b4: 4857 36ff 

  0x000001b4c9cbe9b8: ;   {other}
  0x000001b4c9cbe9b8: 0f1f 8400 | a830 0049 | e9e0 e5ff | ff4c 8954 | 2470 4889 | 7c24 2848 | ba00 0000 | e8b4 0100 
  0x000001b4c9cbe9d8: 0049 03d3 

  0x000001b4c9cbe9dc: ;   {runtime_call _new_array_Java}
  0x000001b4c9cbe9dc: c5f8 77e8 

  0x000001b4c9cbe9e0: ; ImmutableOopMap {rbp=Oop [32]=Oop [40]=Oop [48]=Oop [72]=Oop [80]=Oop [88]=Oop [104]=Oop }
                      ;*invokevirtual clone {reexecute=1 rethrow=0 return_oop=1}
                      ; - (reexecute) java.security.CodeSource::getCertificates@86
                      ; - java.lang.ClassLoader::checkCerts@34
                      ; - java.lang.ClassLoader::preDefineClass@113
                      ; - java.lang.ClassLoader::defineClass@4
                      ; - java.security.SecureClassLoader::defineClass@12
  0x000001b4c9cbe9e0: 1c57 36ff 

  0x000001b4c9cbe9e4: ;   {other}
  0x000001b4c9cbe9e4: 0f1f 8400 | d430 004a | 488b 7c24 | 284c 8b54 | 2470 488b | f0e9 8fe6 | ffff ba45 | ffff ff4c 
  0x000001b4c9cbea04: 8b5c 2448 | 4c89 5c24 | 384c 8944 | 2440 4489 | 4c24 5048 | 894c 2458 | 4889 7424 | 6044 8954 
  0x000001b4c9cbea24: 2454 6690 

  0x000001b4c9cbea28: ;   {runtime_call UncommonTrapBlob}
  0x000001b4c9cbea28: c5f8 77e8 

  0x000001b4c9cbea2c: ; ImmutableOopMap {rbp=NarrowOop [32]=Oop [56]=Oop [64]=Oop [80]=NarrowOop [88]=Oop [96]=Oop }
                      ;*ifnull {reexecute=1 rethrow=0 return_oop=0}
                      ; - (reexecute) java.util.concurrent.ConcurrentHashMap::get@143
                      ; - java.lang.ClassLoader::getNamedPackage@5
                      ; - java.lang.ClassLoader::postDefineClass@9
                      ; - java.lang.ClassLoader::defineClass@37
                      ; - java.security.SecureClassLoader::defineClass@12
  0x000001b4c9cbea2c: 5059 33ff 

  0x000001b4c9cbea30: ;   {other}
  0x000001b4c9cbea30: 0f1f 8400 | 2031 004b | ba45 ffff | ff44 8b44 | 2450 4489 | 4424 4489 | 4424 5090 

  0x000001b4c9cbea4c: ;   {runtime_call UncommonTrapBlob}
  0x000001b4c9cbea4c: c5f8 77e8 

  0x000001b4c9cbea50: ; ImmutableOopMap {rbp=Oop [32]=Oop [40]=Oop [56]=Oop [64]=NarrowOop [88]=Oop }
                      ;*ifeq {reexecute=1 rethrow=0 return_oop=0}
                      ; - (reexecute) java.util.concurrent.ConcurrentHashMap::get@152
                      ; - java.lang.ClassLoader::getNamedPackage@5
                      ; - java.lang.ClassLoader::postDefineClass@9
                      ; - java.lang.ClassLoader::defineClass@37
                      ; - java.security.SecureClassLoader::defineClass@12
  0x000001b4c9cbea50: 2c59 33ff 

  0x000001b4c9cbea54: ;   {other}
  0x000001b4c9cbea54: 0f1f 8400 | 4431 004c | 4889 5c24 | 3044 8954 | 242c 4489 | 4c24 2849 

  0x000001b4c9cbea6c: ;   {metadata('java/util/ArrayList')}
  0x000001b4c9cbea6c: 8be8 48ba | d089 0be8 | b401 0000 

  0x000001b4c9cbea78: ;   {runtime_call _new_instance_Java}
  0x000001b4c9cbea78: c5f8 77e8 

  0x000001b4c9cbea7c: ; ImmutableOopMap {rbp=Oop [32]=Oop [40]=NarrowOop [44]=NarrowOop [48]=Oop }
                      ;*new {reexecute=0 rethrow=0 return_oop=1}
                      ; - java.security.CodeSource::getCertificates@25
                      ; - java.lang.ClassLoader::postDefineClass@24
                      ; - java.lang.ClassLoader::defineClass@37
                      ; - java.security.SecureClassLoader::defineClass@12
  0x000001b4c9cbea7c: 0014 36ff 

  0x000001b4c9cbea80: ;   {other}
  0x000001b4c9cbea80: 0f1f 8400 | 7031 004d | 4c8b c544 | 8b4c 2428 | 448b 5424 | 2c48 8b5c | 2430 e9bc | e7ff ff48 
  0x000001b4c9cbeaa0: 894c 2438 | 4889 5c24 | 3041 8be9 | 4c89 4424 

  0x000001b4c9cbeab0: ;   {metadata('java/security/cert/Certificate'[])}
  0x000001b4c9cbeab0: 2848 ba20 | 2910 e8b4 | 0100 0044 | 8b44 2444 

  0x000001b4c9cbeac0: ;   {runtime_call _new_array_Java}
  0x000001b4c9cbeac0: c5f8 77e8 

  0x000001b4c9cbeac4: ; ImmutableOopMap {rbp=NarrowOop [32]=Oop [40]=Oop [48]=Oop [56]=Oop }
                      ;*anewarray {reexecute=0 rethrow=0 return_oop=1}
                      ; - java.security.CodeSource::getCertificates@70
                      ; - java.lang.ClassLoader::postDefineClass@24
                      ; - java.lang.ClassLoader::defineClass@37
                      ; - java.security.SecureClassLoader::defineClass@12
  0x000001b4c9cbeac4: 3856 36ff 

  0x000001b4c9cbeac8: ;   {other}
  0x000001b4c9cbeac8: 0f1f 8400 | b831 004e | e9a7 e8ff | ff48 ba00 | 0000 e8b4 | 0100 0049 | 03d2 6690 

  0x000001b4c9cbeae4: ;   {runtime_call _new_array_Java}
  0x000001b4c9cbeae4: c5f8 77e8 

  0x000001b4c9cbeae8: ; ImmutableOopMap {[32]=Oop [40]=Oop [56]=Oop }
                      ;*invokevirtual clone {reexecute=1 rethrow=0 return_oop=1}
                      ; - (reexecute) java.security.CodeSource::getCertificates@86
                      ; - java.lang.ClassLoader::postDefineClass@24
                      ; - java.lang.ClassLoader::defineClass@37
                      ; - java.security.SecureClassLoader::defineClass@12
  0x000001b4c9cbeae8: 1456 36ff 

  0x000001b4c9cbeaec: ;   {other}
  0x000001b4c9cbeaec: 0f1f 8400 | dc31 004f | e975 e9ff 

  0x000001b4c9cbeaf8: ;   {metadata('java/lang/StringBuilder')}
  0x000001b4c9cbeaf8: ff48 ba40 | 8000 e8b4 | 0100 0090 

  0x000001b4c9cbeb04: ;   {runtime_call _new_instance_Java}
  0x000001b4c9cbeb04: c5f8 77e8 

  0x000001b4c9cbeb08: ; ImmutableOopMap {[32]=Oop [40]=Oop [48]=Oop [56]=NarrowOop [72]=Oop [80]=Oop [88]=Oop [104]=Oop }
                      ;*new {reexecute=0 rethrow=0 return_oop=1}
                      ; - java.lang.NamedPackage::<init>@22
                      ; - java.lang.ClassLoader::getNamedPackage@22
                      ; - java.lang.ClassLoader::postDefineClass@9
                      ; - java.lang.ClassLoader::defineClass@37
                      ; - java.security.SecureClassLoader::defineClass@12
  0x000001b4c9cbeb08: 7413 36ff 

  0x000001b4c9cbeb0c: ;   {other}
  0x000001b4c9cbeb0c: 0f1f 8400 | fc31 0050 | e9eb edff 

  0x000001b4c9cbeb18: ;   {metadata('java/lang/InternalError')}
  0x000001b4c9cbeb18: ff48 ba38 | 0701 e8b4 | 0100 0090 

  0x000001b4c9cbeb24: ;   {runtime_call _new_instance_Java}
  0x000001b4c9cbeb24: c5f8 77e8 

  0x000001b4c9cbeb28: ; ImmutableOopMap {[32]=Oop [40]=Oop [48]=Oop [56]=NarrowOop [72]=Oop [80]=Oop [88]=Oop }
                      ;*new {reexecute=0 rethrow=0 return_oop=1}
                      ; - java.lang.NamedPackage::<init>@18
                      ; - java.lang.ClassLoader::getNamedPackage@22
                      ; - java.lang.ClassLoader::postDefineClass@9
                      ; - java.lang.ClassLoader::defineClass@37
                      ; - java.security.SecureClassLoader::defineClass@12
  0x000001b4c9cbeb28: 5413 36ff 

  0x000001b4c9cbeb2c: ;   {other}
  0x000001b4c9cbeb2c: 0f1f 8400 | 1c32 0051 | e983 edff | ffba e4ff | ffff 488b | 6c24 284c | 8b54 2430 | 4c89 5424 
  0x000001b4c9cbeb4c: 2844 8b54 | 2438 4489 | 5424 3044 | 8b5c 243c | 4489 5c24 | 344c 8b54 | 2448 4c89 | 5424 3848 
  0x000001b4c9cbeb6c: 895c 2448 | 4c89 7424 | 5048 897c | 2458 4c89 | 4c24 6889 | 4c24 7044 | 8944 2474 

  0x000001b4c9cbeb88: ;   {runtime_call UncommonTrapBlob}
  0x000001b4c9cbeb88: c5f8 77e8 

  0x000001b4c9cbeb8c: ; ImmutableOopMap {rbp=Oop [40]=Oop [56]=Oop [64]=NarrowOop [72]=Oop [80]=Oop [88]=Oop [104]=Oop [112]=NarrowOop }
                      ;*aaload {reexecute=0 rethrow=0 return_oop=0}
                      ; - java.security.CodeSource::getCertificates@50
                      ; - java.lang.ClassLoader::checkCerts@34
                      ; - java.lang.ClassLoader::preDefineClass@113
                      ; - java.lang.ClassLoader::defineClass@4
                      ; - java.security.SecureClassLoader::defineClass@12
  0x000001b4c9cbeb8c: f057 33ff 

  0x000001b4c9cbeb90: ;   {other}
  0x000001b4c9cbeb90: 0f1f 8400 | 8032 0052 | ba76 ffff | ff48 8b6c | 2428 4c8b | 5424 484c | 8954 2440 | 4889 4c24 
  0x000001b4c9cbebb0: 5844 8944 | 2460 897c | 2464 895c | 2468 4c89 | 4c24 7044 | 895c 2478 

  0x000001b4c9cbebc8: ;   {runtime_call UncommonTrapBlob}
  0x000001b4c9cbebc8: c5f8 77e8 

  0x000001b4c9cbebcc: ; ImmutableOopMap {rbp=Oop [32]=Oop [48]=Oop [64]=Oop [88]=Oop [104]=NarrowOop [112]=Oop }
                      ;*if_icmpge {reexecute=1 rethrow=0 return_oop=0}
                      ; - (reexecute) java.lang.ClassLoader::compareCerts@67
                      ; - java.lang.ClassLoader::checkCerts@80
                      ; - java.lang.ClassLoader::preDefineClass@113
                      ; - java.lang.ClassLoader::defineClass@4
                      ; - java.security.SecureClassLoader::defineClass@12
  0x000001b4c9cbebcc: b057 33ff 

  0x000001b4c9cbebd0: ;   {other}
  0x000001b4c9cbebd0: 0f1f 8400 | c032 0053 | ba76 ffff | ff48 8b6c | 2428 4c8b | 4424 484c | 8944 2440 | 4c8b 4424 
  0x000001b4c9cbebf0: 7044 8954 | 245c 4489 | 4c24 604c | 8944 2468 | 448b 9424 | 9400 0000 | 4489 5424 | 7066 6690 
  0x000001b4c9cbec10: ;   {runtime_call UncommonTrapBlob}
  0x000001b4c9cbec10: c5f8 77e8 

  0x000001b4c9cbec14: ; ImmutableOopMap {rbp=Oop [32]=Oop [48]=Oop [64]=Oop [80]=Oop [96]=NarrowOop [104]=Oop }
                      ;*if_icmpge {reexecute=1 rethrow=0 return_oop=0}
                      ; - (reexecute) java.lang.ClassLoader::compareCerts@152
                      ; - java.lang.ClassLoader::checkCerts@80
                      ; - java.lang.ClassLoader::preDefineClass@113
                      ; - java.lang.ClassLoader::defineClass@4
                      ; - java.security.SecureClassLoader::defineClass@12
  0x000001b4c9cbec14: 6857 33ff 

  0x000001b4c9cbec18: ;   {other}
  0x000001b4c9cbec18: 0f1f 8400 | 0833 0054 | bae4 ffff | ff4c 8944 | 2428 4489 | 4c24 3048 | 894c 2440 | 4489 5424 
  0x000001b4c9cbec38: 4844 895c | 244c 6690 

  0x000001b4c9cbec40: ;   {runtime_call UncommonTrapBlob}
  0x000001b4c9cbec40: c5f8 77e8 

  0x000001b4c9cbec44: ; ImmutableOopMap {[32]=Oop [40]=Oop [48]=NarrowOop [64]=Oop [72]=NarrowOop }
                      ;*aaload {reexecute=0 rethrow=0 return_oop=0}
                      ; - java.security.CodeSource::getCertificates@50
                      ; - java.lang.ClassLoader::postDefineClass@24
                      ; - java.lang.ClassLoader::defineClass@37
                      ; - java.security.SecureClassLoader::defineClass@12
  0x000001b4c9cbec44: 3857 33ff 

  0x000001b4c9cbec48: ;   {other}
  0x000001b4c9cbec48: 0f1f 8400 | 3833 0055 | baf6 ffff | ff66 6690 

  0x000001b4c9cbec58: ;   {runtime_call UncommonTrapBlob}
  0x000001b4c9cbec58: c5f8 77e8 

  0x000001b4c9cbec5c: ; ImmutableOopMap {}
                      ;*invokevirtual isNamed {reexecute=0 rethrow=0 return_oop=0}
                      ; - java.lang.NamedPackage::<init>@12
                      ; - java.lang.ClassLoader::getNamedPackage@22
                      ; - java.lang.ClassLoader::postDefineClass@9
                      ; - java.lang.ClassLoader::defineClass@37
                      ; - java.security.SecureClassLoader::defineClass@12
  0x000001b4c9cbec5c: 2057 33ff 

  0x000001b4c9cbec60: ;   {other}
  0x000001b4c9cbec60: 0f1f 8400 | 5033 0056 | baf6 ffff | ff8b 6c24 | 3866 6690 

  0x000001b4c9cbec74: ;   {runtime_call UncommonTrapBlob}
  0x000001b4c9cbec74: c5f8 77e8 

  0x000001b4c9cbec78: ; ImmutableOopMap {rbp=NarrowOop }
                      ;*invokevirtual append {reexecute=0 rethrow=0 return_oop=0}
                      ; - java.lang.NamedPackage::<init>@35
                      ; - java.lang.ClassLoader::getNamedPackage@22
                      ; - java.lang.ClassLoader::postDefineClass@9
                      ; - java.lang.ClassLoader::defineClass@37
                      ; - java.security.SecureClassLoader::defineClass@12
  0x000001b4c9cbec78: 0457 33ff 

  0x000001b4c9cbec7c: ;   {other}
  0x000001b4c9cbec7c: 0f1f 8400 | 6c33 0057 | baf6 ffff | ff66 6690 

  0x000001b4c9cbec8c: ;   {runtime_call UncommonTrapBlob}
  0x000001b4c9cbec8c: c5f8 77e8 

  0x000001b4c9cbec90: ; ImmutableOopMap {}
                      ;*invokevirtual toString {reexecute=0 rethrow=0 return_oop=0}
                      ; - java.lang.NamedPackage::<init>@38
                      ; - java.lang.ClassLoader::getNamedPackage@22
                      ; - java.lang.ClassLoader::postDefineClass@9
                      ; - java.lang.ClassLoader::defineClass@37
                      ; - java.security.SecureClassLoader::defineClass@12
  0x000001b4c9cbec90: ec56 33ff 

  0x000001b4c9cbec94: ;   {other}
  0x000001b4c9cbec94: 0f1f 8400 | 8433 0058 | 498b d7c5 | f877 49ba | 20a4 41ef | fc7f 0000 

  0x000001b4c9cbecac: ;   {other}
  0x000001b4c9cbecac: 41ff d20f | 1f84 0000 | 0000 00e9 | 27e3 ffff | bac6 ffff | ff48 8b5c | 2448 4889 | 5c24 304c 
  0x000001b4c9cbeccc: 8944 2438 | 4489 4c24 | 4844 895c | 244c 4489 | 5424 5048 | 894c 2458 

  0x000001b4c9cbece4: ;   {runtime_call UncommonTrapBlob}
  0x000001b4c9cbece4: c5f8 77e8 

  0x000001b4c9cbece8: ; ImmutableOopMap {[32]=Oop [48]=Oop [56]=Oop [72]=NarrowOop [76]=NarrowOop [88]=Oop }
                      ;*invokevirtual find {reexecute=0 rethrow=0 return_oop=0}
                      ; - java.util.concurrent.ConcurrentHashMap::get@93
                      ; - java.lang.ClassLoader::getNamedPackage@5
                      ; - java.lang.ClassLoader::postDefineClass@9
                      ; - java.lang.ClassLoader::defineClass@37
                      ; - java.security.SecureClassLoader::defineClass@12
  0x000001b4c9cbece8: 9456 33ff 

  0x000001b4c9cbecec: ;   {other}
  0x000001b4c9cbecec: 0f1f 8400 | dc33 0059 | ba76 ffff | ff48 8b6c | 2428 4c8b | 5424 484c | 8954 2440 | 4c89 4c24 
  0x000001b4c9cbed0c: 4848 894c | 2458 4489 | 4424 6490 

  0x000001b4c9cbed18: ;   {runtime_call UncommonTrapBlob}
  0x000001b4c9cbed18: c5f8 77e8 

  0x000001b4c9cbed1c: ; ImmutableOopMap {rbp=Oop [32]=Oop [48]=Oop [64]=Oop [72]=Oop [88]=Oop [104]=Oop }
                      ;*if_icmpge {reexecute=1 rethrow=0 return_oop=0}
                      ; - (reexecute) java.lang.ClassLoader::compareCerts@40
                      ; - java.lang.ClassLoader::checkCerts@80
                      ; - java.lang.ClassLoader::preDefineClass@113
                      ; - java.lang.ClassLoader::defineClass@4
                      ; - java.security.SecureClassLoader::defineClass@12
  0x000001b4c9cbed1c: 6056 33ff 

  0x000001b4c9cbed20: ;   {other}
  0x000001b4c9cbed20: 0f1f 8400 | 1034 005a | 498b d7c5 | f877 49ba | 20a4 41ef | fc7f 0000 

  0x000001b4c9cbed38: ;   {other}
  0x000001b4c9cbed38: 41ff d20f | 1f84 0000 | 0000 00e9 | 6de6 ffff | ba37 0100 | 0048 8be9 | 4c8b 5424 | 304c 8954 
  0x000001b4c9cbed58: 2428 448b | 5c24 3844 | 895c 2430 | 448b 5424 | 3c44 8954 | 2434 6690 

  0x000001b4c9cbed70: ;   {runtime_call UncommonTrapBlob}
  0x000001b4c9cbed70: c5f8 77e8 

  0x000001b4c9cbed74: ; ImmutableOopMap {rbp=Oop [32]=Oop [40]=Oop }
                      ;*new {reexecute=0 rethrow=0 return_oop=0}
                      ; - java.lang.ClassLoader::preDefineClass@56
                      ; - java.lang.ClassLoader::defineClass@4
                      ; - java.security.SecureClassLoader::defineClass@12
  0x000001b4c9cbed74: 0856 33ff 

  0x000001b4c9cbed78: ;   {other}
  0x000001b4c9cbed78: 0f1f 8400 | 6834 005b | baf6 ffff | ff66 6690 

  0x000001b4c9cbed88: ;   {runtime_call UncommonTrapBlob}
  0x000001b4c9cbed88: c5f8 77e8 

  0x000001b4c9cbed8c: ; ImmutableOopMap {}
                      ;*invokevirtual clone {reexecute=1 rethrow=0 return_oop=0}
                      ; - (reexecute) java.security.CodeSource::getCertificates@86
                      ; - java.lang.ClassLoader::checkCerts@34
                      ; - java.lang.ClassLoader::preDefineClass@113
                      ; - java.lang.ClassLoader::defineClass@4
                      ; - java.security.SecureClassLoader::defineClass@12
  0x000001b4c9cbed8c: f055 33ff 

  0x000001b4c9cbed90: ;   {other}
  0x000001b4c9cbed90: 0f1f 8400 | 8034 005c | baf6 ffff | ff66 6690 

  0x000001b4c9cbeda0: ;   {runtime_call UncommonTrapBlob}
  0x000001b4c9cbeda0: c5f8 77e8 

  0x000001b4c9cbeda4: ; ImmutableOopMap {}
                      ;*invokevirtual clone {reexecute=1 rethrow=0 return_oop=0}
                      ; - (reexecute) java.security.CodeSource::getCertificates@86
                      ; - java.lang.ClassLoader::postDefineClass@24
                      ; - java.lang.ClassLoader::defineClass@37
                      ; - java.security.SecureClassLoader::defineClass@12
  0x000001b4c9cbeda4: d855 33ff 

  0x000001b4c9cbeda8: ;   {other}
  0x000001b4c9cbeda8: 0f1f 8400 | 9834 005d | bade ffff | ff48 8b6c | 2428 4c8b | 5424 304c | 8954 2428 | 448b 5424 
  0x000001b4c9cbedc8: 3844 8954 | 2430 448b | 5c24 3c44 | 895c 2434 | 4889 4424 | 3866 6690 

  0x000001b4c9cbede0: ;   {runtime_call UncommonTrapBlob}
  0x000001b4c9cbede0: c5f8 77e8 

  0x000001b4c9cbede4: ; ImmutableOopMap {rbp=Oop [32]=Oop [40]=Oop [56]=Oop }
                      ;*checkcast {reexecute=0 rethrow=0 return_oop=0}
                      ; - java.security.SecureClassLoader::getProtectionDomain@33
                      ; - java.security.SecureClassLoader::defineClass@9
  0x000001b4c9cbede4: 9855 33ff 

  0x000001b4c9cbede8: ;   {other}
  0x000001b4c9cbede8: 0f1f 8400 | d834 005e | bade ffff | ff48 8b6c | 2428 4c8b | 5424 304c | 8954 2428 | 448b 5424 
  0x000001b4c9cbee08: 3844 8954 | 2430 448b | 5c24 3c44 | 895c 2434 | 4c8b 5424 | 484c 8954 | 2438 4c8b | 5424 504c 
  0x000001b4c9cbee28: 8954 2440 | 4889 4424 | 5866 6690 

  0x000001b4c9cbee34: ;   {runtime_call UncommonTrapBlob}
  0x000001b4c9cbee34: c5f8 77e8 

  0x000001b4c9cbee38: ; ImmutableOopMap {rbp=Oop [32]=Oop [40]=Oop [56]=Oop [64]=Oop [88]=Oop [104]=Oop }
                      ;*checkcast {reexecute=0 rethrow=0 return_oop=0}
                      ; - java.lang.ClassLoader::checkCerts@65
                      ; - java.lang.ClassLoader::preDefineClass@113
                      ; - java.lang.ClassLoader::defineClass@4
                      ; - java.security.SecureClassLoader::defineClass@12
  0x000001b4c9cbee38: 4455 33ff 

  0x000001b4c9cbee3c: ;   {other}
  0x000001b4c9cbee3c: 0f1f 8400 | 2c35 005f | bade ffff | ff4c 8b54 | 2430 4c89 | 5424 2844 | 8b54 2438 | 4489 5424 
  0x000001b4c9cbee5c: 3044 8b5c | 243c 4489 | 5c24 344c | 8b54 2448 | 4c89 5424 | 384c 8b54 | 2450 4c89 | 5424 4848 
  0x000001b4c9cbee7c: 8944 2460 

  0x000001b4c9cbee80: ;   {runtime_call UncommonTrapBlob}
  0x000001b4c9cbee80: c5f8 77e8 

  0x000001b4c9cbee84: ; ImmutableOopMap {rbp=Oop [32]=Oop [40]=Oop [56]=Oop [64]=NarrowOop [72]=Oop [96]=Oop [104]=Oop }
                      ;*checkcast {reexecute=0 rethrow=0 return_oop=0}
                      ; - java.security.CodeSource::getCertificates@76
                      ; - java.lang.ClassLoader::checkCerts@34
                      ; - java.lang.ClassLoader::preDefineClass@113
                      ; - java.lang.ClassLoader::defineClass@4
                      ; - java.security.SecureClassLoader::defineClass@12
  0x000001b4c9cbee84: f854 33ff 

  0x000001b4c9cbee88: ;   {other}
  0x000001b4c9cbee88: 0f1f 8400 | 7835 0060 | bade ffff | ff48 8944 | 2440 6690 

  0x000001b4c9cbee9c: ;   {runtime_call UncommonTrapBlob}
  0x000001b4c9cbee9c: c5f8 77e8 

  0x000001b4c9cbeea0: ; ImmutableOopMap {rbp=NarrowOop [32]=Oop [40]=Oop [64]=Oop }
                      ;*checkcast {reexecute=0 rethrow=0 return_oop=0}
                      ; - java.security.CodeSource::getCertificates@76
                      ; - java.lang.ClassLoader::postDefineClass@24
                      ; - java.lang.ClassLoader::defineClass@37
                      ; - java.security.SecureClassLoader::defineClass@12
  0x000001b4c9cbeea0: dc54 33ff 

  0x000001b4c9cbeea4: ;   {other}
  0x000001b4c9cbeea4: 0f1f 8400 | 9435 0061 | baf6 ffff | ff49 8be8 | 4c89 4c24 | 2066 6690 

  0x000001b4c9cbeebc: ;   {runtime_call UncommonTrapBlob}
  0x000001b4c9cbeebc: c5f8 77e8 

  0x000001b4c9cbeec0: ; ImmutableOopMap {rbp=Oop [32]=Oop }
                      ;*invokeinterface computeIfAbsent {reexecute=0 rethrow=0 return_oop=0}
                      ; - java.security.SecureClassLoader::getProtectionDomain@28
                      ; - java.security.SecureClassLoader::defineClass@9
  0x000001b4c9cbeec0: bc54 33ff 

  0x000001b4c9cbeec4: ;   {other}
  0x000001b4c9cbeec4: 0f1f 8400 | b435 0062 | baf4 ffff | ff48 8b6c | 2428 4c8b | 5424 304c | 8954 2428 

  0x000001b4c9cbeee0: ;   {runtime_call UncommonTrapBlob}
  0x000001b4c9cbeee0: c5f8 77e8 

  0x000001b4c9cbeee4: ; ImmutableOopMap {rbp=Oop [32]=Oop [40]=Oop }
                      ;*checkcast {reexecute=0 rethrow=0 return_oop=0}
                      ; - java.security.SecureClassLoader::getProtectionDomain@33
                      ; - java.security.SecureClassLoader::defineClass@9
  0x000001b4c9cbeee4: 9854 33ff 

  0x000001b4c9cbeee8: ;   {other}
  0x000001b4c9cbeee8: 0f1f 8400 | d835 0063 | baf6 ffff | ff66 6690 

  0x000001b4c9cbeef8: ;   {runtime_call UncommonTrapBlob}
  0x000001b4c9cbeef8: c5f8 77e8 

  0x000001b4c9cbeefc: ; ImmutableOopMap {}
                      ;*arraylength {reexecute=0 rethrow=0 return_oop=0}
                      ; - java.lang.String::isEmpty@4
                      ; - java.lang.ClassLoader::checkName@5
                      ; - java.lang.ClassLoader::preDefineClass@1
                      ; - java.lang.ClassLoader::defineClass@4
                      ; - java.security.SecureClassLoader::defineClass@12
  0x000001b4c9cbeefc: 8054 33ff 

  0x000001b4c9cbef00: ;   {other}
  0x000001b4c9cbef00: 0f1f 8400 | f035 0064 | baf6 ffff | ff66 6690 

  0x000001b4c9cbef10: ;   {runtime_call UncommonTrapBlob}
  0x000001b4c9cbef10: c5f8 77e8 

  0x000001b4c9cbef14: ; ImmutableOopMap {}
                      ;*invokevirtual getPackageName {reexecute=0 rethrow=0 return_oop=0}
                      ; - java.lang.ClassLoader::postDefineClass@2
                      ; - java.lang.ClassLoader::defineClass@37
                      ; - java.security.SecureClassLoader::defineClass@12
  0x000001b4c9cbef14: 6854 33ff 

  0x000001b4c9cbef18: ;   {other}
  0x000001b4c9cbef18: 0f1f 8400 | 0836 0065 | baf6 ffff | ff66 6690 

  0x000001b4c9cbef28: ;   {runtime_call UncommonTrapBlob}
  0x000001b4c9cbef28: c5f8 77e8 

  0x000001b4c9cbef2c: ; ImmutableOopMap {}
                      ;*invokevirtual hashCode {reexecute=0 rethrow=0 return_oop=0}
                      ; - java.util.concurrent.ConcurrentHashMap::get@1
                      ; - java.lang.ClassLoader::getNamedPackage@5
                      ; - java.lang.ClassLoader::postDefineClass@9
                      ; - java.lang.ClassLoader::defineClass@37
                      ; - java.security.SecureClassLoader::defineClass@12
  0x000001b4c9cbef2c: 5054 33ff 

  0x000001b4c9cbef30: ;   {other}
  0x000001b4c9cbef30: 0f1f 8400 | 2036 0066 | 4d85 d244 | 8b54 2444 | 410f 94c2 | ba45 ffff | ff4c 8b5c | 2448 4c89 
  0x000001b4c9cbef50: 5c24 3048 | 8944 2440 | 4489 5424 | 4866 6690 

  0x000001b4c9cbef60: ;   {runtime_call UncommonTrapBlob}
  0x000001b4c9cbef60: c5f8 77e8 

  0x000001b4c9cbef64: ; ImmutableOopMap {[32]=Oop [40]=Oop [48]=Oop [64]=Oop }
                      ;*ifeq {reexecute=1 rethrow=0 return_oop=0}
                      ; - (reexecute) java.lang.Class::getPackageName@29
                      ; - java.lang.ClassLoader::postDefineClass@2
                      ; - java.lang.ClassLoader::defineClass@37
                      ; - java.security.SecureClassLoader::defineClass@12
  0x000001b4c9cbef64: 1854 33ff 

  0x000001b4c9cbef68: ;   {other}
  0x000001b4c9cbef68: 0f1f 8400 | 5836 0067 | baf6 ffff | ff66 6690 

  0x000001b4c9cbef78: ;   {runtime_call UncommonTrapBlob}
  0x000001b4c9cbef78: c5f8 77e8 

  0x000001b4c9cbef7c: ; ImmutableOopMap {}
                      ;*arraylength {reexecute=0 rethrow=0 return_oop=0}
                      ; - java.lang.String::length@4
                      ; - java.lang.String::lastIndexOf@3
                      ; - java.lang.Class::getPackageName@47
                      ; - java.lang.ClassLoader::postDefineClass@2
                      ; - java.lang.ClassLoader::defineClass@37
                      ; - java.security.SecureClassLoader::defineClass@12
  0x000001b4c9cbef7c: 0054 33ff 

  0x000001b4c9cbef80: ;   {other}
  0x000001b4c9cbef80: 0f1f 8400 | 7036 0068 | ba45 ffff | ff48 8b6c | 2428 6690 

  0x000001b4c9cbef94: ;   {runtime_call UncommonTrapBlob}
  0x000001b4c9cbef94: c5f8 77e8 

  0x000001b4c9cbef98: ; ImmutableOopMap {rbp=Oop [32]=Oop [48]=Oop [72]=Oop }
                      ;*ifnull {reexecute=1 rethrow=0 return_oop=0}
                      ; - (reexecute) java.lang.ClassLoader::checkName@1
                      ; - java.lang.ClassLoader::preDefineClass@1
                      ; - java.lang.ClassLoader::defineClass@4
                      ; - java.security.SecureClassLoader::defineClass@12
  0x000001b4c9cbef98: e453 33ff 

  0x000001b4c9cbef9c: ;   {other}
  0x000001b4c9cbef9c: 0f1f 8400 | 8c36 0069 | ba45 ffff | ff48 8b6c | 2428 4c8b | 5424 304c | 8954 2428 | 448b 5424 
  0x000001b4c9cbefbc: 3844 8954 | 2430 448b | 5c24 3c44 | 895c 2434 | 4c8b 5424 | 484c 8954 | 2438 4889 | 5c24 484c 
  0x000001b4c9cbefdc: 8974 2450 | 4889 7c24 | 5866 6690 

  0x000001b4c9cbefe8: ;   {runtime_call UncommonTrapBlob}
  0x000001b4c9cbefe8: c5f8 77e8 

  0x000001b4c9cbefec: ; ImmutableOopMap {rbp=Oop [40]=Oop [56]=Oop [64]=NarrowOop [72]=Oop [80]=Oop [88]=Oop }
                      ;*ifnull {reexecute=1 rethrow=0 return_oop=0}
                      ; - (reexecute) java.lang.ClassLoader::checkCerts@30
                      ; - java.lang.ClassLoader::preDefineClass@113
                      ; - java.lang.ClassLoader::defineClass@4
                      ; - java.security.SecureClassLoader::defineClass@12
  0x000001b4c9cbefec: 9053 33ff 

  0x000001b4c9cbeff0: ;   {other}
  0x000001b4c9cbeff0: 0f1f 8400 | e036 006a | ba45 ffff | ff48 8b6c | 2428 4c8b | 5c24 304c | 895c 2428 | 448b 4424 
  0x000001b4c9cbf010: 3844 8944 | 2430 448b | 5c24 3c44 | 895c 2434 | 4489 5424 | 4466 6690 

  0x000001b4c9cbf028: ;   {runtime_call UncommonTrapBlob}
  0x000001b4c9cbf028: c5f8 77e8 

  0x000001b4c9cbf02c: ; ImmutableOopMap {rbp=Oop [32]=Oop [40]=Oop [68]=NarrowOop [72]=Oop }
                      ;*ifnull {reexecute=1 rethrow=0 return_oop=0}
                      ; - (reexecute) java.lang.ClassLoader::defineClassSourceLocation@8
                      ; - java.lang.ClassLoader::defineClass@12
                      ; - java.security.SecureClassLoader::defineClass@12
  0x000001b4c9cbf02c: 5053 33ff 

  0x000001b4c9cbf030: ;   {other}
  0x000001b4c9cbf030: 0f1f 8400 | 2037 006b | ba45 ffff | ff66 6690 

  0x000001b4c9cbf040: ;   {runtime_call UncommonTrapBlob}
  0x000001b4c9cbf040: c5f8 77e8 

  0x000001b4c9cbf044: ; ImmutableOopMap {rbp=NarrowOop [32]=Oop [40]=Oop [48]=Oop [72]=Oop }
                      ;*ifnull {reexecute=1 rethrow=0 return_oop=0}
                      ; - (reexecute) java.lang.ClassLoader::defineClassSourceLocation@15
                      ; - java.lang.ClassLoader::defineClass@12
                      ; - java.security.SecureClassLoader::defineClass@12
  0x000001b4c9cbf044: 3853 33ff 

  0x000001b4c9cbf048: ;   {other}
  0x000001b4c9cbf048: 0f1f 8400 | 3837 006c | ba45 ffff | ff48 8b6c | 2420 4489 | 4c24 2090 

  0x000001b4c9cbf060: ;   {runtime_call UncommonTrapBlob}
  0x000001b4c9cbf060: c5f8 77e8 

  0x000001b4c9cbf064: ; ImmutableOopMap {rbp=Oop [32]=NarrowOop }
                      ;*ifnull {reexecute=1 rethrow=0 return_oop=0}
                      ; - (reexecute) java.lang.ClassLoader::postDefineClass@17
                      ; - java.lang.ClassLoader::defineClass@37
                      ; - java.security.SecureClassLoader::defineClass@12
  0x000001b4c9cbf064: 1853 33ff 

  0x000001b4c9cbf068: ;   {other}
  0x000001b4c9cbf068: 0f1f 8400 | 5837 006d | baf6 ffff | ff66 6690 

  0x000001b4c9cbf078: ;   {runtime_call UncommonTrapBlob}
  0x000001b4c9cbf078: c5f8 77e8 

  0x000001b4c9cbf07c: ; ImmutableOopMap {}
                      ;*arraylength {reexecute=0 rethrow=0 return_oop=0}
                      ; - java.lang.String::isEmpty@4
                      ; - java.lang.NamedPackage::<init>@5
                      ; - java.lang.ClassLoader::getNamedPackage@22
                      ; - java.lang.ClassLoader::postDefineClass@9
                      ; - java.lang.ClassLoader::defineClass@37
                      ; - java.security.SecureClassLoader::defineClass@12
  0x000001b4c9cbf07c: 0053 33ff 

  0x000001b4c9cbf080: ;   {other}
  0x000001b4c9cbf080: 0f1f 8400 | 7037 006e | baf6 ffff | ff41 8be8 

  0x000001b4c9cbf090: ;   {runtime_call UncommonTrapBlob}
  0x000001b4c9cbf090: c5f8 77e8 

  0x000001b4c9cbf094: ; ImmutableOopMap {}
                      ;*aaload {reexecute=0 rethrow=0 return_oop=0}
                      ; - java.security.CodeSource::getCertificates@50
                      ; - java.lang.ClassLoader::checkCerts@34
                      ; - java.lang.ClassLoader::preDefineClass@113
                      ; - java.lang.ClassLoader::defineClass@4
                      ; - java.security.SecureClassLoader::defineClass@12
  0x000001b4c9cbf094: e852 33ff 

  0x000001b4c9cbf098: ;   {other}
  0x000001b4c9cbf098: 0f1f 8400 | 8837 006f | baf6 ffff | ff66 6690 

  0x000001b4c9cbf0a8: ;   {runtime_call UncommonTrapBlob}
  0x000001b4c9cbf0a8: c5f8 77e8 

  0x000001b4c9cbf0ac: ; ImmutableOopMap {}
                      ;*invokevirtual getSignerCertPath {reexecute=0 rethrow=0 return_oop=0}
                      ; - java.security.CodeSource::getCertificates@51
                      ; - java.lang.ClassLoader::checkCerts@34
                      ; - java.lang.ClassLoader::preDefineClass@113
                      ; - java.lang.ClassLoader::defineClass@4
                      ; - java.security.SecureClassLoader::defineClass@12
  0x000001b4c9cbf0ac: d052 33ff 

  0x000001b4c9cbf0b0: ;   {other}
  0x000001b4c9cbf0b0: 0f1f 8400 | a037 0070 | baf6 ffff | ff66 6690 

  0x000001b4c9cbf0c0: ;   {runtime_call UncommonTrapBlob}
  0x000001b4c9cbf0c0: c5f8 77e8 

  0x000001b4c9cbf0c4: ; ImmutableOopMap {}
                      ;*invokevirtual getCertificates {reexecute=0 rethrow=0 return_oop=0}
                      ; - java.security.CodeSource::getCertificates@54
                      ; - java.lang.ClassLoader::checkCerts@34
                      ; - java.lang.ClassLoader::preDefineClass@113
                      ; - java.lang.ClassLoader::defineClass@4
                      ; - java.security.SecureClassLoader::defineClass@12
  0x000001b4c9cbf0c4: b852 33ff 

  0x000001b4c9cbf0c8: ;   {other}
  0x000001b4c9cbf0c8: 0f1f 8400 | b837 0071 | baf6 ffff | ff66 6690 

  0x000001b4c9cbf0d8: ;   {runtime_call UncommonTrapBlob}
  0x000001b4c9cbf0d8: c5f8 77e8 

  0x000001b4c9cbf0dc: ; ImmutableOopMap {}
                      ;*arraylength {reexecute=0 rethrow=0 return_oop=0}
                      ; - java.security.CodeSource::getCertificates@40
                      ; - java.lang.ClassLoader::checkCerts@34
                      ; - java.lang.ClassLoader::preDefineClass@113
                      ; - java.lang.ClassLoader::defineClass@4
                      ; - java.security.SecureClassLoader::defineClass@12
  0x000001b4c9cbf0dc: a052 33ff 

  0x000001b4c9cbf0e0: ;   {other}
  0x000001b4c9cbf0e0: 0f1f 8400 | d037 0072 | baf6 ffff | ff41 8beb 

  0x000001b4c9cbf0f0: ;   {runtime_call UncommonTrapBlob}
  0x000001b4c9cbf0f0: c5f8 77e8 

  0x000001b4c9cbf0f4: ; ImmutableOopMap {}
                      ;*aaload {reexecute=0 rethrow=0 return_oop=0}
                      ; - java.security.CodeSource::getCertificates@50
                      ; - java.lang.ClassLoader::postDefineClass@24
                      ; - java.lang.ClassLoader::defineClass@37
                      ; - java.security.SecureClassLoader::defineClass@12
  0x000001b4c9cbf0f4: 8852 33ff 

  0x000001b4c9cbf0f8: ;   {other}
  0x000001b4c9cbf0f8: 0f1f 8400 | e837 0073 | baf6 ffff | ff66 6690 

  0x000001b4c9cbf108: ;   {runtime_call UncommonTrapBlob}
  0x000001b4c9cbf108: c5f8 77e8 

  0x000001b4c9cbf10c: ; ImmutableOopMap {}
                      ;*invokevirtual getSignerCertPath {reexecute=0 rethrow=0 return_oop=0}
                      ; - java.security.CodeSource::getCertificates@51
                      ; - java.lang.ClassLoader::postDefineClass@24
                      ; - java.lang.ClassLoader::defineClass@37
                      ; - java.security.SecureClassLoader::defineClass@12
  0x000001b4c9cbf10c: 7052 33ff 

  0x000001b4c9cbf110: ;   {other}
  0x000001b4c9cbf110: 0f1f 8400 | 0038 0074 | baf6 ffff | ff66 6690 

  0x000001b4c9cbf120: ;   {runtime_call UncommonTrapBlob}
  0x000001b4c9cbf120: c5f8 77e8 

  0x000001b4c9cbf124: ; ImmutableOopMap {}
                      ;*invokevirtual getCertificates {reexecute=0 rethrow=0 return_oop=0}
                      ; - java.security.CodeSource::getCertificates@54
                      ; - java.lang.ClassLoader::postDefineClass@24
                      ; - java.lang.ClassLoader::defineClass@37
                      ; - java.security.SecureClassLoader::defineClass@12
  0x000001b4c9cbf124: 5852 33ff 

  0x000001b4c9cbf128: ;   {other}
  0x000001b4c9cbf128: 0f1f 8400 | 1838 0075 | baf6 ffff | ff66 6690 

  0x000001b4c9cbf138: ;   {runtime_call UncommonTrapBlob}
  0x000001b4c9cbf138: c5f8 77e8 

  0x000001b4c9cbf13c: ; ImmutableOopMap {}
                      ;*arraylength {reexecute=0 rethrow=0 return_oop=0}
                      ; - java.security.CodeSource::getCertificates@40
                      ; - java.lang.ClassLoader::postDefineClass@24
                      ; - java.lang.ClassLoader::defineClass@37
                      ; - java.security.SecureClassLoader::defineClass@12
  0x000001b4c9cbf13c: 4052 33ff 

  0x000001b4c9cbf140: ;   {other}
  0x000001b4c9cbf140: 0f1f 8400 | 3038 0076 | baf4 ffff | ff4c 8b54 | 2430 4c89 | 5424 2844 | 8b54 2438 | 4489 5424 
  0x000001b4c9cbf160: 3044 8b5c | 243c 4489 | 5c24 344c | 8b54 2448 | 4c89 5424 | 384c 8b54 | 2450 4c89 | 5424 4890 
  0x000001b4c9cbf180: ;   {runtime_call UncommonTrapBlob}
  0x000001b4c9cbf180: c5f8 77e8 

  0x000001b4c9cbf184: ; ImmutableOopMap {rbp=Oop [32]=Oop [40]=Oop [56]=Oop [64]=NarrowOop [72]=Oop [104]=Oop }
                      ;*checkcast {reexecute=0 rethrow=0 return_oop=0}
                      ; - java.security.CodeSource::getCertificates@76
                      ; - java.lang.ClassLoader::checkCerts@34
                      ; - java.lang.ClassLoader::preDefineClass@113
                      ; - java.lang.ClassLoader::defineClass@4
                      ; - java.security.SecureClassLoader::defineClass@12
  0x000001b4c9cbf184: f851 33ff 

  0x000001b4c9cbf188: ;   {other}
  0x000001b4c9cbf188: 0f1f 8400 | 7838 0077 | ba97 ffff | ff4c 8b54 | 2430 4c89 | 5424 2844 | 8b54 2438 | 4489 5424 
  0x000001b4c9cbf1a8: 3044 8b5c | 243c 4489 | 5c24 344c | 8b54 2440 | 4c89 5424 | 384c 8b54 | 2478 4c89 | 5424 6090 
  0x000001b4c9cbf1c8: ;   {runtime_call UncommonTrapBlob}
  0x000001b4c9cbf1c8: c5f8 77e8 

  0x000001b4c9cbf1cc: ; ImmutableOopMap {rbp=Oop [32]=Oop [40]=Oop [56]=Oop [80]=NarrowOop [96]=Oop [104]=Oop [112]=NarrowOop [120]=Oop }
                      ;*invokevirtual clone {reexecute=1 rethrow=0 return_oop=0}
                      ; - (reexecute) java.util.Arrays::copyOfRange@18
                      ; - java.lang.StringLatin1::newString@16
                      ; - java.lang.String::substring@41
                      ; - java.lang.ClassLoader::checkCerts@21
                      ; - java.lang.ClassLoader::preDefineClass@113
                      ; - java.lang.ClassLoader::defineClass@4
                      ; - java.security.SecureClassLoader::defineClass@12
  0x000001b4c9cbf1cc: b051 33ff 

  0x000001b4c9cbf1d0: ;   {other}
  0x000001b4c9cbf1d0: 0f1f 8400 | c038 0078 | baf4 ffff | ff66 6690 

  0x000001b4c9cbf1e0: ;   {runtime_call UncommonTrapBlob}
  0x000001b4c9cbf1e0: c5f8 77e8 

  0x000001b4c9cbf1e4: ; ImmutableOopMap {rbp=NarrowOop [32]=Oop [40]=Oop }
                      ;*checkcast {reexecute=0 rethrow=0 return_oop=0}
                      ; - java.security.CodeSource::getCertificates@76
                      ; - java.lang.ClassLoader::postDefineClass@24
                      ; - java.lang.ClassLoader::defineClass@37
                      ; - java.security.SecureClassLoader::defineClass@12
  0x000001b4c9cbf1e4: 9851 33ff 

  0x000001b4c9cbf1e8: ;   {other}
  0x000001b4c9cbf1e8: 0f1f 8400 | d838 0079 | ba97 ffff | ff48 8b6c | 2430 6690 

  0x000001b4c9cbf1fc: ;   {runtime_call UncommonTrapBlob}
  0x000001b4c9cbf1fc: c5f8 77e8 

  0x000001b4c9cbf200: ; ImmutableOopMap {rbp=Oop [32]=Oop [40]=Oop [56]=NarrowOop [80]=Oop }
                      ;*invokevirtual clone {reexecute=1 rethrow=0 return_oop=0}
                      ; - (reexecute) java.util.Arrays::copyOfRange@18
                      ; - java.lang.StringLatin1::newString@16
                      ; - java.lang.String::substring@41
                      ; - java.lang.Class::getPackageName@62
                      ; - java.lang.ClassLoader::postDefineClass@2
                      ; - java.lang.ClassLoader::defineClass@37
                      ; - java.security.SecureClassLoader::defineClass@12
  0x000001b4c9cbf200: 7c51 33ff 

  0x000001b4c9cbf204: ;   {other}
  0x000001b4c9cbf204: 0f1f 8400 | f438 007a | ba97 ffff | ff48 8b6c | 2420 4c8b | 5424 304c | 8954 2428 | 448b 5c24 
  0x000001b4c9cbf224: 3844 895c | 2430 448b | 5424 3c44 | 8954 2434 | 4c8b 5424 | 484c 8954 | 2438 4c8b | 5424 584c 
  0x000001b4c9cbf244: 8954 2448 

  0x000001b4c9cbf248: ;   {runtime_call UncommonTrapBlob}
  0x000001b4c9cbf248: c5f8 77e8 

  0x000001b4c9cbf24c: ; ImmutableOopMap {rbp=Oop [40]=Oop [56]=Oop [64]=Oop [72]=Oop [84]=NarrowOop [96]=Oop }
                      ;*invokevirtual clone {reexecute=1 rethrow=0 return_oop=0}
                      ; - (reexecute) java.security.CodeSource::getCertificates@11
                      ; - java.lang.ClassLoader::checkCerts@34
                      ; - java.lang.ClassLoader::preDefineClass@113
                      ; - java.lang.ClassLoader::defineClass@4
                      ; - java.security.SecureClassLoader::defineClass@12
  0x000001b4c9cbf24c: 3051 33ff 

  0x000001b4c9cbf250: ;   {other}
  0x000001b4c9cbf250: 0f1f 8400 | 4039 007b | ba97 ffff | ff48 8b6c | 2428 6690 

  0x000001b4c9cbf264: ;   {runtime_call UncommonTrapBlob}
  0x000001b4c9cbf264: c5f8 77e8 

  0x000001b4c9cbf268: ; ImmutableOopMap {rbp=Oop [32]=Oop [48]=NarrowOop }
                      ;*invokevirtual clone {reexecute=1 rethrow=0 return_oop=0}
                      ; - (reexecute) java.security.CodeSource::getCertificates@11
                      ; - java.lang.ClassLoader::postDefineClass@24
                      ; - java.lang.ClassLoader::defineClass@37
                      ; - java.security.SecureClassLoader::defineClass@12
  0x000001b4c9cbf268: 1451 33ff 

  0x000001b4c9cbf26c: ;   {other}
  0x000001b4c9cbf26c: 0f1f 8400 | 5c39 007c | ba97 ffff | ff4c 8b54 | 2448 4c89 | 5424 404c | 8b54 2450 | 4c89 5424 
  0x000001b4c9cbf28c: 4866 6690 

  0x000001b4c9cbf290: ;   {runtime_call UncommonTrapBlob}
  0x000001b4c9cbf290: c5f8 77e8 

  0x000001b4c9cbf294: ; ImmutableOopMap {rbp=Oop [32]=Oop [40]=Oop [48]=Oop [64]=Oop [72]=Oop [104]=Oop }
                      ;*invokevirtual clone {reexecute=1 rethrow=0 return_oop=0}
                      ; - (reexecute) java.security.CodeSource::getCertificates@86
                      ; - java.lang.ClassLoader::checkCerts@34
                      ; - java.lang.ClassLoader::preDefineClass@113
                      ; - java.lang.ClassLoader::defineClass@4
                      ; - java.security.SecureClassLoader::defineClass@12
  0x000001b4c9cbf294: e850 33ff 

  0x000001b4c9cbf298: ;   {other}
  0x000001b4c9cbf298: 0f1f 8400 | 8839 007d | ba97 ffff | ff66 6690 

  0x000001b4c9cbf2a8: ;   {runtime_call UncommonTrapBlob}
  0x000001b4c9cbf2a8: c5f8 77e8 

  0x000001b4c9cbf2ac: ; ImmutableOopMap {[32]=Oop [40]=Oop [56]=Oop }
                      ;*invokevirtual clone {reexecute=1 rethrow=0 return_oop=0}
                      ; - (reexecute) java.security.CodeSource::getCertificates@86
                      ; - java.lang.ClassLoader::postDefineClass@24
                      ; - java.lang.ClassLoader::defineClass@37
                      ; - java.security.SecureClassLoader::defineClass@12
  0x000001b4c9cbf2ac: d050 33ff 

  0x000001b4c9cbf2b0: ;   {other}
  0x000001b4c9cbf2b0: 0f1f 8400 | a039 007e | eb48 eb46 | eb44 eb42 | eb40 eb3e | eb3c eb3a | eb38 eb36 | eb34 eb32 
  0x000001b4c9cbf2d0: eb30 eb2e | eb2c eb2a | eb28 eb26 | eb24 eb22 | eb20 eb1e | eb1c eb1a | eb18 eb16 | eb14 eb12 
  0x000001b4c9cbf2f0: eb10 eb0e | eb0c eb0a | eb08 eb06 | eb04 eb02 | eb00 488b | d0e9 9be6 

  0x000001b4c9cbf308: ;   {internal_word}
  0x000001b4c9cbf308: ffff 49ba | e4c9 cbc9 | b401 0000 | 4d89 9768 

  0x000001b4c9cbf318: ;   {runtime_call SafepointBlob}
  0x000001b4c9cbf318: 0400 00e9 | 6061 33ff 

  0x000001b4c9cbf320: ;   {runtime_call StubRoutines (final stubs)}
  0x000001b4c9cbf320: e8bb 7131 | ffe9 54cb | ffff f4f4 | f4f4 f4f4 
[Stub Code]
  0x000001b4c9cbf330: ;   {no_reloc}
  0x000001b4c9cbf330: 48bb 0000 | 0000 0000 

  0x000001b4c9cbf338: ;   {runtime_call nmethod}
  0x000001b4c9cbf338: 0000 e9fb 

  0x000001b4c9cbf33c: ;   {static_stub}
  0x000001b4c9cbf33c: ffff ff48 | bb00 0000 | 0000 0000 

  0x000001b4c9cbf348: ;   {runtime_call nmethod}
  0x000001b4c9cbf348: 00e9 fbff 

  0x000001b4c9cbf34c: ;   {static_stub}
  0x000001b4c9cbf34c: ffff 48bb | 0000 0000 | 0000 0000 

  0x000001b4c9cbf358: ;   {runtime_call nmethod}
  0x000001b4c9cbf358: e9fb ffff 

  0x000001b4c9cbf35c: ;   {static_stub}
  0x000001b4c9cbf35c: ff48 bb00 | 0000 0000 

  0x000001b4c9cbf364: ;   {runtime_call nmethod}
  0x000001b4c9cbf364: 0000 00e9 | fbff ffff 

  0x000001b4c9cbf36c: ;   {static_stub}
  0x000001b4c9cbf36c: 48bb 0000 | 0000 0000 

  0x000001b4c9cbf374: ;   {runtime_call nmethod}
  0x000001b4c9cbf374: 0000 e9fb 

  0x000001b4c9cbf378: ;   {static_stub}
  0x000001b4c9cbf378: ffff ff48 | bb00 0000 | 0000 0000 

  0x000001b4c9cbf384: ;   {runtime_call nmethod}
  0x000001b4c9cbf384: 00e9 fbff 

  0x000001b4c9cbf388: ;   {static_stub}
  0x000001b4c9cbf388: ffff 48bb | 0000 0000 | 0000 0000 

  0x000001b4c9cbf394: ;   {runtime_call nmethod}
  0x000001b4c9cbf394: e9fb ffff 

  0x000001b4c9cbf398: ;   {static_stub}
  0x000001b4c9cbf398: ff48 bb00 | 0000 0000 

  0x000001b4c9cbf3a0: ;   {runtime_call nmethod}
  0x000001b4c9cbf3a0: 0000 00e9 | fbff ffff 

  0x000001b4c9cbf3a8: ;   {static_stub}
  0x000001b4c9cbf3a8: 48bb 0000 | 0000 0000 

  0x000001b4c9cbf3b0: ;   {runtime_call nmethod}
  0x000001b4c9cbf3b0: 0000 e9fb 

  0x000001b4c9cbf3b4: ;   {static_stub}
  0x000001b4c9cbf3b4: ffff ff48 | bb00 0000 | 0000 0000 

  0x000001b4c9cbf3c0: ;   {runtime_call nmethod}
  0x000001b4c9cbf3c0: 00e9 fbff 

  0x000001b4c9cbf3c4: ;   {static_stub}
  0x000001b4c9cbf3c4: ffff 48bb | 0000 0000 | 0000 0000 

  0x000001b4c9cbf3d0: ;   {runtime_call nmethod}
  0x000001b4c9cbf3d0: e9fb ffff 

  0x000001b4c9cbf3d4: ;   {static_stub}
  0x000001b4c9cbf3d4: ff48 bb00 | 0000 0000 

  0x000001b4c9cbf3dc: ;   {runtime_call nmethod}
  0x000001b4c9cbf3dc: 0000 00e9 | fbff ffff 

  0x000001b4c9cbf3e4: ;   {static_stub}
  0x000001b4c9cbf3e4: 48bb 0000 | 0000 0000 

  0x000001b4c9cbf3ec: ;   {runtime_call nmethod}
  0x000001b4c9cbf3ec: 0000 e9fb 

  0x000001b4c9cbf3f0: ;   {static_stub}
  0x000001b4c9cbf3f0: ffff ff48 | bb00 0000 | 0000 0000 

  0x000001b4c9cbf3fc: ;   {runtime_call nmethod}
  0x000001b4c9cbf3fc: 00e9 fbff 

  0x000001b4c9cbf400: ;   {static_stub}
  0x000001b4c9cbf400: ffff 48bb | 0000 0000 | 0000 0000 

  0x000001b4c9cbf40c: ;   {runtime_call nmethod}
  0x000001b4c9cbf40c: e9fb ffff 

  0x000001b4c9cbf410: ;   {static_stub}
  0x000001b4c9cbf410: ff48 bb00 | 0000 0000 

  0x000001b4c9cbf418: ;   {runtime_call nmethod}
  0x000001b4c9cbf418: 0000 00e9 | fbff ffff 

  0x000001b4c9cbf420: ;   {static_stub}
  0x000001b4c9cbf420: 48bb 0000 | 0000 0000 

  0x000001b4c9cbf428: ;   {runtime_call nmethod}
  0x000001b4c9cbf428: 0000 e9fb 

  0x000001b4c9cbf42c: ;   {static_stub}
  0x000001b4c9cbf42c: ffff ff48 | bb00 0000 | 0000 0000 

  0x000001b4c9cbf438: ;   {runtime_call nmethod}
  0x000001b4c9cbf438: 00e9 fbff 

  0x000001b4c9cbf43c: ;   {static_stub}
  0x000001b4c9cbf43c: ffff 48bb | 0000 0000 | 0000 0000 

  0x000001b4c9cbf448: ;   {runtime_call nmethod}
  0x000001b4c9cbf448: e9fb ffff 

  0x000001b4c9cbf44c: ;   {static_stub}
  0x000001b4c9cbf44c: ff48 bb00 | 0000 0000 

  0x000001b4c9cbf454: ;   {runtime_call nmethod}
  0x000001b4c9cbf454: 0000 00e9 | fbff ffff 

  0x000001b4c9cbf45c: ;   {static_stub}
  0x000001b4c9cbf45c: 48bb 0000 | 0000 0000 

  0x000001b4c9cbf464: ;   {runtime_call nmethod}
  0x000001b4c9cbf464: 0000 e9fb 

  0x000001b4c9cbf468: ;   {static_stub}
  0x000001b4c9cbf468: ffff ff48 | bb00 0000 | 0000 0000 

  0x000001b4c9cbf474: ;   {runtime_call nmethod}
  0x000001b4c9cbf474: 00e9 fbff 

  0x000001b4c9cbf478: ;   {static_stub}
  0x000001b4c9cbf478: ffff 48bb | 0000 0000 | 0000 0000 

  0x000001b4c9cbf484: ;   {runtime_call nmethod}
  0x000001b4c9cbf484: e9fb ffff 

  0x000001b4c9cbf488: ;   {runtime_call ExceptionBlob}
  0x000001b4c9cbf488: ffe9 7213 | 36ff e800 | 0000 0048 | 832c 2405 

  0x000001b4c9cbf498: ;   {runtime_call DeoptimizationBlob}
  0x000001b4c9cbf498: e983 5233 | fff4 f4f4 
[/MachCode]


Compiled method (c1) 352374 4658   !   3       java.net.URLClassLoader::defineClass (224 bytes)
 total in heap  [0x000001b4b9382410,0x000001b4b9384d88] = 10616
 relocation     [0x000001b4b9382570,0x000001b4b9382830] = 704
 main code      [0x000001b4b9382840,0x000001b4b9384278] = 6712
 stub code      [0x000001b4b9384278,0x000001b4b9384418] = 416
 oops           [0x000001b4b9384418,0x000001b4b9384420] = 8
 metadata       [0x000001b4b9384420,0x000001b4b93844b0] = 144
 scopes data    [0x000001b4b93844b0,0x000001b4b9384978] = 1224
 scopes pcs     [0x000001b4b9384978,0x000001b4b9384cf8] = 896
 dependencies   [0x000001b4b9384cf8,0x000001b4b9384d08] = 16
 handler table  [0x000001b4b9384d08,0x000001b4b9384d50] = 72
 nul chk table  [0x000001b4b9384d50,0x000001b4b9384d88] = 56

[Constant Pool (empty)]

[MachCode]
[Entry Point]
  # {method} {0x000001b52905d878} 'defineClass' '(Ljava/lang/String;Ljdk/internal/loader/Resource;)Ljava/lang/Class;' in 'java/net/URLClassLoader'
  # this:     rdx:rdx   = 'java/net/URLClassLoader'
  # parm0:    r8:r8     = 'java/lang/String'
  # parm1:    r9:r9     = 'jdk/internal/loader/Resource'
  #           [sp+0x150]  (sp of caller)
  0x000001b4b9382840: 448b 5208 | 49bb 0000 | 00e8 b401 | 0000 4d03 | d34c 3bd0 

  0x000001b4b9382854: ;   {runtime_call ic_miss_stub}
  0x000001b4b9382854: 0f85 26bf | c60f 660f | 1f44 0000 
[Verified Entry Point]
  0x000001b4b9382860: 8984 2400 | 80ff ff55 | 4881 ec40 | 0100 0090 | 4181 7f20 | 0d00 0000 

  0x000001b4b9382878: ;   {runtime_call StubRoutines (final stubs)}
  0x000001b4b9382878: 7405 e861 | 3cc5 0f48 | 8994 24b8 | 0000 004c | 8984 24a8 | 0000 004c | 898c 24b0 

  0x000001b4b9382894: ;   {metadata(method data for {method} {0x000001b52905d878} 'defineClass' '(Ljava/lang/String;Ljdk/internal/loader/Resource;)Ljava/lang/Class;' in 'java/net/URLClassLoader')}
  0x000001b4b9382894: 0000 0048 | bea0 1f13 | 29b5 0100 | 008b becc | 0000 0083 | c702 89be | cc00 0000 | 81e7 fe07 
  0x000001b4b93828b4: 0000 85ff | 0f84 7b16 

  0x000001b4b93828bc: ;   {metadata(method data for {method} {0x000001b52905d878} 'defineClass' '(Ljava/lang/String;Ljdk/internal/loader/Resource;)Ljava/lang/Class;' in 'java/net/URLClassLoader')}
  0x000001b4b93828bc: 0000 48be | a01f 1329 | b501 0000 | 4883 8610 | 0100 0001 

  0x000001b4b93828d0: ;   {runtime_call}
  0x000001b4b93828d0: 48b8 d030 | 7cef fc7f | 0000 ffd0 

  0x000001b4b93828dc: ;   {other}
  0x000001b4b93828dc: 0f1f 8400 | 0000 0000 | 4889 8424 | c000 0000 | 4c8b 8424 | a800 0000 

  0x000001b4b93828f4: ; implicit exception: dispatches to 0x000001b4b9383f5a
  0x000001b4b93828f4: 493b 0049 

  0x000001b4b93828f8: ;   {metadata(method data for {method} {0x000001b52905d878} 'defineClass' '(Ljava/lang/String;Ljdk/internal/loader/Resource;)Ljava/lang/Class;' in 'java/net/URLClassLoader')}
  0x000001b4b93828f8: 8bc8 48ba | a01f 1329 | b501 0000 | 4883 8220 | 0100 0001 

  0x000001b4b938290c: ;   {metadata(method data for {method} {0x000001b4e8453a10} 'lastIndexOf' '(I)I' in 'java/lang/String')}
  0x000001b4b938290c: 48b9 e870 | 0629 b501 | 0000 8b91 | cc00 0000 | 83c2 0289 | 91cc 0000 | 0081 e2fe | ff1f 0085 
  0x000001b4b938292c: d20f 842c | 1600 0049 

  0x000001b4b9382934: ;   {metadata(method data for {method} {0x000001b4e8453a10} 'lastIndexOf' '(I)I' in 'java/lang/String')}
  0x000001b4b9382934: 8bc8 48ba | e870 0629 | b501 0000 | 4883 8210 | 0100 0001 

  0x000001b4b9382948: ;   {metadata(method data for {method} {0x000001b4e800ee90} 'length' '()I' in 'java/lang/String')}
  0x000001b4b9382948: 48b9 d806 | 0129 b501 | 0000 8b91 | cc00 0000 | 83c2 0289 | 91cc 0000 | 0081 e2fe | ff1f 0085 
  0x000001b4b9382968: d20f 8411 | 1600 0041 | 8b70 1448 | c1e6 038b | 560c 498b 

  0x000001b4b938297c: ;   {metadata(method data for {method} {0x000001b4e800ee90} 'length' '()I' in 'java/lang/String')}
  0x000001b4b938297c: c849 b9d8 | 0601 29b5 | 0100 0049 | 8381 1001 

  0x000001b4b938298c: ;   {metadata(method data for {method} {0x000001b4e8454cf8} 'coder' '()B' in 'java/lang/String')}
  0x000001b4b938298c: 0000 0148 | b940 c300 | 29b5 0100 | 0044 8b89 | cc00 0000 | 4183 c102 | 4489 89cc | 0000 0041 
  0x000001b4b93829ac: 81e1 feff | 1f00 4585 | c90f 84eb 

  0x000001b4b93829b8: ;   {metadata(method data for {method} {0x000001b4e8454cf8} 'coder' '()B' in 'java/lang/String')}
  0x000001b4b93829b8: 1500 0048 | b940 c300 | 29b5 0100 | 00ff 8120 | 0100 0045 | 0fbe 4810 

  0x000001b4b93829d0: ;   {metadata(method data for {method} {0x000001b4e8454cf8} 'coder' '()B' in 'java/lang/String')}
  0x000001b4b93829d0: 48b9 40c3 | 0029 b501 | 0000 ff81 | 3001 0000 | 498b c9c1 | e118 c1f9 | 18d3 fa48 | 8bfa ffcf 
  0x000001b4b93829f0: ;   {metadata(method data for {method} {0x000001b4e8453a10} 'lastIndexOf' '(I)I' in 'java/lang/String')}
  0x000001b4b93829f0: 498b d048 | bbe8 7006 | 29b5 0100 | 0048 8383 | 4801 0000 

  0x000001b4b9382a04: ;   {metadata(method data for {method} {0x000001b4e8453960} 'lastIndexOf' '(II)I' in 'java/lang/String')}
  0x000001b4b9382a04: 0148 ba90 | 3006 29b5 | 0100 008b | 9acc 0000 | 0083 c302 | 899a cc00 | 0000 81e3 | feff 1f00 
  0x000001b4b9382a24: 85db 0f84 | 9b15 0000 

  0x000001b4b9382a2c: ;   {metadata(method data for {method} {0x000001b4e8453960} 'lastIndexOf' '(II)I' in 'java/lang/String')}
  0x000001b4b9382a2c: 498b d048 | bb90 3006 | 29b5 0100 | 0048 8383 | 1001 0000 

  0x000001b4b9382a40: ;   {metadata(method data for {method} {0x000001b4e84540f0} 'isLatin1' '()Z' in 'java/lang/String')}
  0x000001b4b9382a40: 0148 ba80 | 9a00 29b5 | 0100 008b | 9acc 0000 | 0083 c302 | 899a cc00 | 0000 81e3 | feff 1f00 
  0x000001b4b9382a60: 85db 0f84 | 8015 0000 

  0x000001b4b9382a68: ;   {metadata(method data for {method} {0x000001b4e84540f0} 'isLatin1' '()Z' in 'java/lang/String')}
  0x000001b4b9382a68: 48ba 809a | 0029 b501 | 0000 ff82 | 2001 0000 

  0x000001b4b9382a78: ;   {metadata(method data for {method} {0x000001b4e84540f0} 'isLatin1' '()Z' in 'java/lang/String')}
  0x000001b4b9382a78: 4585 c948 | ba80 9a00 | 29b5 0100 | 0049 c7c1 | 3001 0000 | 7507 49c7 | c140 0100 | 004a 8b1c 
  0x000001b4b9382a98: 0a48 8d5b | 014a 891c | 0a0f 851a 

  0x000001b4b9382aa4: ;   {metadata(method data for {method} {0x000001b4e84540f0} 'isLatin1' '()Z' in 'java/lang/String')}
  0x000001b4b9382aa4: 0000 0048 | ba80 9a00 | 29b5 0100 | 00ff 8250 | 0100 00ba | 0100 0000 | e905 0000 | 00ba 0000 
  0x000001b4b9382ac4: 0000 83e2 

  0x000001b4b9382ac8: ;   {metadata(method data for {method} {0x000001b4e8453960} 'lastIndexOf' '(II)I' in 'java/lang/String')}
  0x000001b4b9382ac8: 0185 d248 | ba90 3006 | 29b5 0100 | 0049 c7c1 | 4801 0000 | 7407 49c7 | c158 0100 | 004a 8b1c 
  0x000001b4b9382ae8: 0a48 8d5b | 014a 891c | 0a0f 8442 

  0x000001b4b9382af4: ;   {metadata(method data for {method} {0x000001b4e8453960} 'lastIndexOf' '(II)I' in 'java/lang/String')}
  0x000001b4b9382af4: 0000 0048 | ba90 3006 | 29b5 0100 | 0048 8382 | 6801 0000 | 0148 8bd6 | 41b8 2e00 | 0000 4c8b 
  0x000001b4b9382b14: ;   {static_call}
  0x000001b4b9382b14: cf66 90e8 

  0x000001b4b9382b18: ; ImmutableOopMap {[168]=Oop [176]=Oop [184]=Oop }
                      ;*invokestatic lastIndexOf {reexecute=0 rethrow=0 return_oop=0}
                      ; - java.lang.String::lastIndexOf@13
                      ; - java.lang.String::lastIndexOf@8
                      ; - java.net.URLClassLoader::defineClass@7
  0x000001b4b9382b18: 04c5 7f10 

  0x000001b4b9382b1c: ;   {other}
  0x000001b4b9382b1c: 0f1f 8400 | 0c07 0000 

  0x000001b4b9382b24: ;   {metadata(method data for {method} {0x000001b4e8453960} 'lastIndexOf' '(II)I' in 'java/lang/String')}
  0x000001b4b9382b24: 48ba 9030 | 0629 b501 | 0000 ff82 | 7801 0000 | e92b 0000 

  0x000001b4b9382b38: ;   {metadata(method data for {method} {0x000001b4e8453960} 'lastIndexOf' '(II)I' in 'java/lang/String')}
  0x000001b4b9382b38: 0048 ba90 | 3006 29b5 | 0100 0048 | 8382 9001 | 0000 0148 | 8bd6 41b8 | 2e00 0000 

  0x000001b4b9382b54: ;   {static_call}
  0x000001b4b9382b54: 4c8b cfe8 

  0x000001b4b9382b58: ; ImmutableOopMap {[168]=Oop [176]=Oop [184]=Oop }
                      ;*invokestatic lastIndexOf {reexecute=0 rethrow=0 return_oop=0}
                      ; - java.lang.String::lastIndexOf@25
                      ; - java.lang.String::lastIndexOf@8
                      ; - java.net.URLClassLoader::defineClass@7
  0x000001b4b9382b58: 24c5 c60f 

  0x000001b4b9382b5c: ;   {other}
  0x000001b4b9382b5c: 0f1f 8400 | 4c07 0001 | 8984 24c8 | 0000 004c | 8b8c 24b0 | 0000 0049 | 3b01 498b 

  0x000001b4b9382b78: ;   {metadata(method data for {method} {0x000001b52905d878} 'defineClass' '(Ljava/lang/String;Ljdk/internal/loader/Resource;)Ljava/lang/Class;' in 'java/net/URLClassLoader')}
  0x000001b4b9382b78: d148 bea0 | 1f13 29b5 | 0100 008b | 5208 49ba | 0000 00e8 | b401 0000 | 4903 d248 | 3b96 6801 
  0x000001b4b9382b98: 0000 750d | 4883 8670 | 0100 0001 | e960 0000 | 0048 3b96 | 7801 0000 | 750d 4883 | 8680 0100 
  0x000001b4b9382bb8: 0001 e94a | 0000 0048 | 83be 6801 | 0000 0075 | 1748 8996 | 6801 0000 | 48c7 8670 | 0100 0001 
  0x000001b4b9382bd8: 0000 00e9 | 2900 0000 | 4883 be78 | 0100 0000 | 7517 4889 | 9678 0100 | 0048 c786 | 8001 0000 
  0x000001b4b9382bf8: 0100 0000 | e908 0000 | 0048 8386 | 5801 0000 | 0149 8bd1 | 9048 b8ff | ffff ffff 

  0x000001b4b9382c14: ;   {virtual_call}
  0x000001b4b9382c14: ffff ffe8 

  0x000001b4b9382c18: ; ImmutableOopMap {[168]=Oop [176]=Oop [184]=Oop }
                      ;*invokevirtual getCodeSourceURL {reexecute=0 rethrow=0 return_oop=0}
                      ; - java.net.URLClassLoader::defineClass@13
  0x000001b4b9382c18: 74f6 f00f 

  0x000001b4b9382c1c: ;   {other}
  0x000001b4b9382c1c: 0f1f 8400 | 0c08 0002 | 4889 8424 | d000 0000 | 448b 8c24 | c800 0000 | 4183 f9ff 

  0x000001b4b9382c38: ;   {metadata(method data for {method} {0x000001b52905d878} 'defineClass' '(Ljava/lang/String;Ljdk/internal/loader/Resource;)Ljava/lang/Class;' in 'java/net/URLClassLoader')}
  0x000001b4b9382c38: 49b8 a01f | 1329 b501 | 0000 48c7 | c290 0100 | 0074 0748 | c7c2 a001 | 0000 498b | 3410 488d 
  0x000001b4b9382c58: 7601 4989 | 3410 0f84 | 1f04 0000 | 4c8b 8424 | a800 0000 

  0x000001b4b9382c6c: ;   {metadata(method data for {method} {0x000001b52905d878} 'defineClass' '(Ljava/lang/String;Ljdk/internal/loader/Resource;)Ljava/lang/Class;' in 'java/net/URLClassLoader')}
  0x000001b4b9382c6c: 48ba a01f | 1329 b501 | 0000 4883 | 82b0 0100 | 0001 41b8 | 0000 0000 | 488b 9424 | a800 0000 
  0x000001b4b9382c8c: ;   {optimized virtual_call}
  0x000001b4b9382c8c: 6666 90e8 

  0x000001b4b9382c90: ; ImmutableOopMap {[168]=Oop [176]=Oop [184]=Oop [208]=Oop }
                      ;*invokevirtual substring {reexecute=0 rethrow=0 return_oop=0}
                      ; - java.net.URLClassLoader::defineClass@28
  0x000001b4b9382c90: ec45 4010 

  0x000001b4b9382c94: ;   {other}
  0x000001b4b9382c94: 0f1f 8400 | 8408 0003 | 4889 8424 | d800 0000 | 4c8b 8c24 | b000 0000 

  0x000001b4b9382cac: ;   {metadata(method data for {method} {0x000001b52905d878} 'defineClass' '(Ljava/lang/String;Ljdk/internal/loader/Resource;)Ljava/lang/Class;' in 'java/net/URLClassLoader')}
  0x000001b4b9382cac: 48ba a01f | 1329 b501 | 0000 458b | 4908 49ba | 0000 00e8 | b401 0000 | 4d03 ca4c | 3b8a f801 
  0x000001b4b9382ccc: 0000 750d | 4883 8200 | 0200 0001 | e960 0000 | 004c 3b8a | 0802 0000 | 750d 4883 | 8210 0200 
  0x000001b4b9382cec: 0001 e94a | 0000 0048 | 83ba f801 | 0000 0075 | 174c 898a | f801 0000 | 48c7 8200 | 0200 0001 
  0x000001b4b9382d0c: 0000 00e9 | 2900 0000 | 4883 ba08 | 0200 0000 | 7517 4c89 | 8a08 0200 | 0048 c782 | 1002 0000 
  0x000001b4b9382d2c: 0100 0000 | e908 0000 | 0048 8382 | e801 0000 | 0148 8b94 | 24b0 0000 | 0048 b830 | 2421 e8b4 
  0x000001b4b9382d4c: ;   {virtual_call}
  0x000001b4b9382d4c: 0100 00e8 

  0x000001b4b9382d50: ; ImmutableOopMap {[168]=Oop [176]=Oop [184]=Oop [208]=Oop [216]=Oop }
                      ;*invokevirtual getManifest {reexecute=0 rethrow=0 return_oop=0}
                      ; - java.net.URLClassLoader::defineClass@34
  0x000001b4b9382d50: 0c2a 1a00 

  0x000001b4b9382d54: ;   {other}
  0x000001b4b9382d54: 0f1f 8400 | 4409 0004 | 4889 8424 | e000 0000 | 488b 9424 | b800 0000 

  0x000001b4b9382d6c: ;   {metadata(method data for {method} {0x000001b52905d878} 'defineClass' '(Ljava/lang/String;Ljdk/internal/loader/Resource;)Ljava/lang/Class;' in 'java/net/URLClassLoader')}
  0x000001b4b9382d6c: 49b8 a01f | 1329 b501 | 0000 4983 | 8020 0200 | 0001 4c8b | 8424 d800 | 0000 4c8b | c848 8bbc 
  0x000001b4b9382d8c: 24d0 0000 | 0048 8b94 | 24b8 0000 | 0066 0f1f 

  0x000001b4b9382d9c: ;   {optimized virtual_call}
  0x000001b4b9382d9c: 4400 00e8 

  0x000001b4b9382da0: ; ImmutableOopMap {[168]=Oop [176]=Oop [184]=Oop [208]=Oop [216]=Oop [224]=Oop }
                      ;*invokevirtual getAndVerifyPackage {reexecute=0 rethrow=0 return_oop=0}
                      ; - java.net.URLClassLoader::defineClass@46
  0x000001b4b9382da0: fcbb 9d10 

  0x000001b4b9382da4: ;   {other}
  0x000001b4b9382da4: 0f1f 8400 | 9409 0005 

  0x000001b4b9382dac: ;   {metadata(method data for {method} {0x000001b52905d878} 'defineClass' '(Ljava/lang/String;Ljdk/internal/loader/Resource;)Ljava/lang/Class;' in 'java/net/URLClassLoader')}
  0x000001b4b9382dac: 4885 c049 | b8a0 1f13 | 29b5 0100 | 0049 c7c1 | 5802 0000 | 7507 49c7 | c168 0200 | 004b 8b3c 
  0x000001b4b9382dcc: 0848 8d7f | 014b 893c | 080f 85a8 | 0200 0048 | 8b84 24e0 | 0000 0048 

  0x000001b4b9382de4: ;   {metadata(method data for {method} {0x000001b52905d878} 'defineClass' '(Ljava/lang/String;Ljdk/internal/loader/Resource;)Ljava/lang/Class;' in 'java/net/URLClassLoader')}
  0x000001b4b9382de4: 85c0 49b8 | a01f 1329 | b501 0000 | 49c7 c178 | 0200 0074 | 0749 c7c1 | 8802 0000 | 4b8b 3c08 
  0x000001b4b9382e04: 488d 7f01 | 4b89 3c08 | 488b 9424 | b800 0000 | 0f84 d000 

  0x000001b4b9382e18: ;   {metadata(method data for {method} {0x000001b52905d878} 'defineClass' '(Ljava/lang/String;Ljdk/internal/loader/Resource;)Ljava/lang/Class;' in 'java/net/URLClassLoader')}
  0x000001b4b9382e18: 0000 49b8 | a01f 1329 | b501 0000 | 8b52 0849 | ba00 0000 | e8b4 0100 | 0049 03d2 | 493b 90a8 
  0x000001b4b9382e38: 0200 0075 | 0d49 8380 | b002 0000 | 01e9 6000 | 0000 493b | 90b8 0200 | 0075 0d49 | 8380 c002 
  0x000001b4b9382e58: 0000 01e9 | 4a00 0000 | 4983 b8a8 | 0200 0000 | 7517 4989 | 90a8 0200 | 0049 c780 | b002 0000 
  0x000001b4b9382e78: 0100 0000 | e929 0000 | 0049 83b8 | b802 0000 | 0075 1749 | 8990 b802 | 0000 49c7 | 80c0 0200 
  0x000001b4b9382e98: 0001 0000 | 00e9 0800 | 0000 4983 | 8098 0200 | 0001 4c8b | 8424 d800 | 0000 4c8b | c848 8bbc 
  0x000001b4b9382eb8: 24d0 0000 | 0048 8b94 | 24b8 0000 

  0x000001b4b9382ec4: ;   {optimized virtual_call}
  0x000001b4b9382ec4: 0066 90e8 

  0x000001b4b9382ec8: ; ImmutableOopMap {[168]=Oop [176]=Oop [184]=Oop [208]=Oop [216]=Oop [224]=Oop }
                      ;*invokevirtual definePackage {reexecute=0 rethrow=0 return_oop=0}
                      ; - java.net.URLClassLoader::defineClass@64
  0x000001b4b9382ec8: 5455 4f00 

  0x000001b4b9382ecc: ;   {other}
  0x000001b4b9382ecc: 0f1f 8400 | bc0a 0006 

  0x000001b4b9382ed4: ;   {metadata(method data for {method} {0x000001b52905d878} 'defineClass' '(Ljava/lang/String;Ljdk/internal/loader/Resource;)Ljava/lang/Class;' in 'java/net/URLClassLoader')}
  0x000001b4b9382ed4: 49b8 a01f | 1329 b501 | 0000 41ff | 80d0 0200 | 00e9 f200 

  0x000001b4b9382ee8: ;   {metadata(method data for {method} {0x000001b52905d878} 'defineClass' '(Ljava/lang/String;Ljdk/internal/loader/Resource;)Ljava/lang/Class;' in 'java/net/URLClassLoader')}
  0x000001b4b9382ee8: 0000 49b8 | a01f 1329 | b501 0000 | 8b52 0849 | ba00 0000 | e8b4 0100 | 0049 03d2 | 493b 90f8 
  0x000001b4b9382f08: 0200 0075 | 0d49 8380 | 0003 0000 | 01e9 6000 | 0000 493b | 9008 0300 | 0075 0d49 | 8380 1003 
  0x000001b4b9382f28: 0000 01e9 | 4a00 0000 | 4983 b8f8 | 0200 0000 | 7517 4989 | 90f8 0200 | 0049 c780 | 0003 0000 
  0x000001b4b9382f48: 0100 0000 | e929 0000 | 0049 83b8 | 0803 0000 | 0075 1749 | 8990 0803 | 0000 49c7 | 8010 0300 
  0x000001b4b9382f68: 0001 0000 | 00e9 0800 | 0000 4983 | 80e8 0200 | 0001 4c8b | 8424 d800 

  0x000001b4b9382f80: ;   {oop(nullptr)}
  0x000001b4b9382f80: 0000 49b9 | 0000 0000 | 0000 0000 

  0x000001b4b9382f8c: ;   {oop(nullptr)}
  0x000001b4b9382f8c: 48bf 0000 | 0000 0000 

  0x000001b4b9382f94: ;   {oop(nullptr)}
  0x000001b4b9382f94: 0000 48be | 0000 0000 | 0000 0000 

  0x000001b4b9382fa0: ;   {oop(nullptr)}
  0x000001b4b9382fa0: 48b9 0000 | 0000 0000 | 0000 4d33 | d24c 8914 | 244d 33d2 | 4c89 5424 | 084d 33d2 | 4c89 5424 
  0x000001b4b9382fc0: 1048 8b94 | 24b8 0000 | 0066 0f1f 

  0x000001b4b9382fcc: ;   {optimized virtual_call}
  0x000001b4b9382fcc: 4400 00e8 

  0x000001b4b9382fd0: ; ImmutableOopMap {[168]=Oop [176]=Oop [184]=Oop [208]=Oop [216]=Oop [224]=Oop }
                      ;*invokevirtual definePackage {reexecute=0 rethrow=0 return_oop=0}
                      ; - java.net.URLClassLoader::defineClass@81
  0x000001b4b9382fd0: acba c60f 

  0x000001b4b9382fd4: ;   {other}
  0x000001b4b9382fd4: 0f1f 8400 | c40b 0007 

  0x000001b4b9382fdc: ;   {metadata(method data for {method} {0x000001b52905d878} 'defineClass' '(Ljava/lang/String;Ljdk/internal/loader/Resource;)Ljava/lang/Class;' in 'java/net/URLClassLoader')}
  0x000001b4b9382fdc: 48b8 a01f | 1329 b501 | 0000 ff80 | 2003 0000 | e992 0000 | 004c 8b8c | 24e0 0000 | 0049 8b87 
  0x000001b4b9382ffc: 0005 0000 | 4d33 d24d | 8997 0005 | 0000 4d33 | d24d 8997 | 0805 0000 | 488b 9424 | b800 0000 
  0x000001b4b938301c: ;   {metadata(method data for {method} {0x000001b52905d878} 'defineClass' '(Ljava/lang/String;Ljdk/internal/loader/Resource;)Ljava/lang/Class;' in 'java/net/URLClassLoader')}
  0x000001b4b938301c: 49b8 a01f | 1329 b501 | 0000 4983 | 8038 0300 | 0001 4c8b | 8424 d800 | 0000 488b | bc24 d000 
  0x000001b4b938303c: 0000 488b | 9424 b800 

  0x000001b4b9383044: ;   {optimized virtual_call}
  0x000001b4b9383044: 0000 90e8 

  0x000001b4b9383048: ; ImmutableOopMap {[168]=Oop [176]=Oop [184]=Oop [208]=Oop [216]=Oop }
                      ;*invokevirtual getAndVerifyPackage {reexecute=0 rethrow=0 return_oop=0}
                      ; - java.net.URLClassLoader::defineClass@97
  0x000001b4b9383048: 34ba c60f 

  0x000001b4b938304c: ;   {other}
  0x000001b4b938304c: 0f1f 8400 | 3c0c 0008 

  0x000001b4b9383054: ;   {metadata(method data for {method} {0x000001b52905d878} 'defineClass' '(Ljava/lang/String;Ljdk/internal/loader/Resource;)Ljava/lang/Class;' in 'java/net/URLClassLoader')}
  0x000001b4b9383054: 4885 c048 | b8a0 1f13 | 29b5 0100 | 0048 c7c2 | 8003 0000 | 7407 48c7 | c270 0300 | 0048 8b34 
  0x000001b4b9383074: 1048 8d76 | 0148 8934 | 100f 84cf | 0a00 004c | 8b8c 24b0 | 0000 0049 

  0x000001b4b938308c: ;   {metadata(method data for {method} {0x000001b52905d878} 'defineClass' '(Ljava/lang/String;Ljdk/internal/loader/Resource;)Ljava/lang/Class;' in 'java/net/URLClassLoader')}
  0x000001b4b938308c: 8bc1 48ba | a01f 1329 | b501 0000 | 8b40 0849 | ba00 0000 | e8b4 0100 | 0049 03c2 | 483b 8268 
  0x000001b4b93830ac: 0400 0075 | 0d48 8382 | 7004 0000 | 01e9 6000 | 0000 483b | 8278 0400 | 0075 0d48 | 8382 8004 
  0x000001b4b93830cc: 0000 01e9 | 4a00 0000 | 4883 ba68 | 0400 0000 | 7517 4889 | 8268 0400 | 0048 c782 | 7004 0000 
  0x000001b4b93830ec: 0100 0000 | e929 0000 | 0048 83ba | 7804 0000 | 0075 1748 | 8982 7804 | 0000 48c7 | 8280 0400 
  0x000001b4b938310c: 0001 0000 | 00e9 0800 | 0000 4883 | 8258 0400 

  0x000001b4b938311c: ;   {metadata(method data for {method} {0x000001b4e81700b0} 'getByteBuffer' '()Ljava/nio/ByteBuffer;' in 'jdk/internal/loader/Resource')}
  0x000001b4b938311c: 0001 48b8 | e020 1629 | b501 0000 | 8b90 cc00 | 0000 83c2 | 0289 90cc | 0000 0081 | e2fe ff1f 
  0x000001b4b938313c: 0085 d20f | 84c9 0e00 | 0049 8bc1 

  0x000001b4b9383148: ;   {metadata(method data for {method} {0x000001b4e81700b0} 'getByteBuffer' '()Ljava/nio/ByteBuffer;' in 'jdk/internal/loader/Resource')}
  0x000001b4b9383148: 48ba e020 | 1629 b501 | 0000 4883 | 8210 0100 | 0001 488d | 9424 2001 | 0000 4c89 | 4a08 498b 
  0x000001b4b9383168: 0148 83c8 | 0148 8902 | f049 0fb1 | 110f 8412 | 0000 0048 | 2bc4 4825 | 07f0 ffff | 4889 020f 
  0x000001b4b9383188: 85a2 0e00 | 0049 ff87 | 5005 0000 

  0x000001b4b9383194: ;   {metadata(method data for {method} {0x000001b4e8170370} 'cachedInputStream' '()Ljava/io/InputStream;' in 'jdk/internal/loader/Resource')}
  0x000001b4b9383194: 48ba 4095 | 1029 b501 | 0000 8bb2 | cc00 0000 | 83c6 0289 | b2cc 0000 | 0081 e6fe | ff1f 0085 
  0x000001b4b93831b4: f60f 8487 | 0e00 0041 | 8b51 0c48 | c1e2 0348 

  0x000001b4b93831c4: ;   {metadata(method data for {method} {0x000001b4e8170370} 'cachedInputStream' '()Ljava/io/InputStream;' in 'jdk/internal/loader/Resource')}
  0x000001b4b93831c4: 85d2 48ba | 4095 1029 | b501 0000 | 48c7 c610 | 0100 0075 | 0748 c7c6 | 2001 0000 | 488b 3c32 
  0x000001b4b93831e4: 488d 7f01 | 4889 3c32 | 0f85 e600 | 0000 498b 

  0x000001b4b93831f4: ;   {metadata(method data for {method} {0x000001b4e8170370} 'cachedInputStream' '()Ljava/io/InputStream;' in 'jdk/internal/loader/Resource')}
  0x000001b4b93831f4: d148 be40 | 9510 29b5 | 0100 008b | 5208 49ba | 0000 00e8 | b401 0000 | 4903 d248 | 3b96 4001 
  0x000001b4b9383214: 0000 750d | 4883 8648 | 0100 0001 | e960 0000 | 0048 3b96 | 5001 0000 | 750d 4883 | 8658 0100 
  0x000001b4b9383234: 0001 e94a | 0000 0048 | 83be 4001 | 0000 0075 | 1748 8996 | 4001 0000 | 48c7 8648 | 0100 0001 
  0x000001b4b9383254: 0000 00e9 | 2900 0000 | 4883 be50 | 0100 0000 | 7517 4889 | 9650 0100 | 0048 c786 | 5801 0000 
  0x000001b4b9383274: 0100 0000 | e908 0000 | 0048 8386 | 3001 0000 | 0149 8bd1 | 0f1f 4400 | 0048 b8ff | ffff ffff 
  0x000001b4b9383294: ;   {virtual_call}
  0x000001b4b9383294: ffff ffe8 

  0x000001b4b9383298: ; ImmutableOopMap {[168]=Oop [176]=Oop [184]=Oop [208]=Oop [296]=Oop }
                      ;*invokevirtual getInputStream {reexecute=0 rethrow=0 return_oop=0}
                      ; - jdk.internal.loader.Resource::cachedInputStream@9
                      ; - jdk.internal.loader.Resource::getByteBuffer@1
                      ; - java.net.URLClassLoader::defineClass@132
  0x000001b4b9383298: 9c2c dd0f 

  0x000001b4b938329c: ;   {other}
  0x000001b4b938329c: 0f1f 8400 | 8c0e 0009 | 410f be57 | 4085 d24c | 8b8c 24b0 | 0000 000f | 85aa 0d00 | 004c 8bd0 
  0x000001b4b93832bc: 49c1 ea03 | 4589 510c | 498b d148 | 33d0 48c1 | ea16 4883 | fa00 0f85 | ab0d 0000 | 418b 510c 
  0x000001b4b93832dc: 48c1 e203 | 488d 8424 | 2001 0000 | 488b 3048 | 85f6 0f84 | 0f00 0000 | 488b 7808 | f048 0fb1 
  0x000001b4b93832fc: 370f 8598 | 0d00 0049 | ff8f 5005 | 0000 4885 

  0x000001b4b938330c: ;   {metadata(method data for {method} {0x000001b4e81700b0} 'getByteBuffer' '()Ljava/nio/ByteBuffer;' in 'jdk/internal/loader/Resource')}
  0x000001b4b938330c: d275 1648 | bbe0 2016 | 29b5 0100 | 0080 8b41 | 0100 0001 | e9e7 0000 

  0x000001b4b9383324: ;   {metadata('sun/nio/ByteBuffered')}
  0x000001b4b9383324: 0048 b878 | 3336 e8b4 | 0100 008b | 5a08 49ba | 0000 00e8 | b401 0000 | 4903 da48 | 3b43 200f 
  0x000001b4b9383344: 841a 0000 | 0048 3bd8 | 0f84 1100 | 0000 5350 

  0x000001b4b9383354: ;   {runtime_call slow_subtype_check Runtime1 stub}
  0x000001b4b9383354: e827 20d3 | 0f5b 5b85 | db0f 848d 

  0x000001b4b9383360: ;   {metadata(method data for {method} {0x000001b4e81700b0} 'getByteBuffer' '()Ljava/nio/ByteBuffer;' in 'jdk/internal/loader/Resource')}
  0x000001b4b9383360: 0000 0048 | bbe0 2016 | 29b5 0100 | 008b 4208 | 49ba 0000 | 00e8 b401 | 0000 4903 | c248 3b83 
  0x000001b4b9383380: 5801 0000 | 750d 4883 | 8360 0100 | 0001 e97e | 0000 0048 | 3b83 6801 | 0000 750d | 4883 8370 
  0x000001b4b93833a0: 0100 0001 | e968 0000 | 0048 83bb | 5801 0000 | 0075 1748 | 8983 5801 | 0000 48c7 | 8360 0100 
  0x000001b4b93833c0: 0001 0000 | 00e9 4700 | 0000 4883 | bb68 0100 | 0000 7517 | 4889 8368 | 0100 0048 | c783 7001 
  0x000001b4b93833e0: 0000 0100 | 0000 e926 | 0000 00e9 | 2100 0000 

  0x000001b4b93833f0: ;   {metadata(method data for {method} {0x000001b4e81700b0} 'getByteBuffer' '()Ljava/nio/ByteBuffer;' in 'jdk/internal/loader/Resource')}
  0x000001b4b93833f0: 48bb e020 | 1629 b501 | 0000 4883 | ab48 0100 | 0001 e905 | 0000 00e9 | 0500 0000 | 4833 f6eb 
  0x000001b4b9383410: 0748 c7c6 | 0100 0000 

  0x000001b4b9383418: ;   {metadata(method data for {method} {0x000001b4e81700b0} 'getByteBuffer' '()Ljava/nio/ByteBuffer;' in 'jdk/internal/loader/Resource')}
  0x000001b4b9383418: 85f6 48be | e020 1629 | b501 0000 | 48c7 c780 | 0100 0074 | 0748 c7c7 | 9001 0000 | 488b 1c3e 
  0x000001b4b9383438: 488d 5b01 | 4889 1c3e | 0f84 bb01 | 0000 4885 

  0x000001b4b9383448: ;   {metadata(method data for {method} {0x000001b4e81700b0} 'getByteBuffer' '()Ljava/nio/ByteBuffer;' in 'jdk/internal/loader/Resource')}
  0x000001b4b9383448: d275 1648 | bfe0 2016 | 29b5 0100 | 0080 8f99 | 0100 0001 | e9e7 0000 

  0x000001b4b9383460: ;   {metadata('sun/nio/ByteBuffered')}
  0x000001b4b9383460: 0048 bb78 | 3336 e8b4 | 0100 008b | 7a08 49ba | 0000 00e8 | b401 0000 | 4903 fa48 | 3b5f 200f 
  0x000001b4b9383480: 841a 0000 | 0048 3bfb | 0f84 1100 | 0000 5753 

  0x000001b4b9383490: ;   {runtime_call slow_subtype_check Runtime1 stub}
  0x000001b4b9383490: e8eb 1ed3 | 0f5f 5f85 | ff0f 848d 

  0x000001b4b938349c: ;   {metadata(method data for {method} {0x000001b4e81700b0} 'getByteBuffer' '()Ljava/nio/ByteBuffer;' in 'jdk/internal/loader/Resource')}
  0x000001b4b938349c: 0000 0048 | bfe0 2016 | 29b5 0100 | 008b 5a08 | 49ba 0000 | 00e8 b401 | 0000 4903 | da48 3b9f 
  0x000001b4b93834bc: b001 0000 | 750d 4883 | 87b8 0100 | 0001 e979 | 0000 0048 | 3b9f c001 | 0000 750d | 4883 87c8 
  0x000001b4b93834dc: 0100 0001 | e963 0000 | 0048 83bf | b001 0000 | 0075 1748 | 899f b001 | 0000 48c7 | 87b8 0100 
  0x000001b4b93834fc: 0001 0000 | 00e9 4200 | 0000 4883 | bfc0 0100 | 0000 7517 | 4889 9fc0 | 0100 0048 | c787 c801 
  0x000001b4b938351c: 0000 0100 | 0000 e921 | 0000 00e9 | 1c00 0000 

  0x000001b4b938352c: ;   {metadata(method data for {method} {0x000001b4e81700b0} 'getByteBuffer' '()Ljava/nio/ByteBuffer;' in 'jdk/internal/loader/Resource')}
  0x000001b4b938352c: 48bf e020 | 1629 b501 | 0000 4883 | afa0 0100 | 0001 e96e | 0b00 00e9 | 0000 0000 

  0x000001b4b9383548: ; implicit exception: dispatches to 0x000001b4b93840ba
  0x000001b4b9383548: 483b 0248 

  0x000001b4b938354c: ;   {metadata(method data for {method} {0x000001b4e81700b0} 'getByteBuffer' '()Ljava/nio/ByteBuffer;' in 'jdk/internal/loader/Resource')}
  0x000001b4b938354c: 8bf2 48bf | e020 1629 | b501 0000 | 8b76 0849 | ba00 0000 | e8b4 0100 | 0049 03f2 | 483b b7e8 
  0x000001b4b938356c: 0100 0075 | 0d48 8387 | f001 0000 | 01e9 6000 | 0000 483b | b7f8 0100 | 0075 0d48 | 8387 0002 
  0x000001b4b938358c: 0000 01e9 | 4a00 0000 | 4883 bfe8 | 0100 0000 | 7517 4889 | b7e8 0100 | 0048 c787 | f001 0000 
  0x000001b4b93835ac: 0100 0000 | e929 0000 | 0048 83bf | f801 0000 | 0075 1748 | 89b7 f801 | 0000 48c7 | 8700 0200 
  0x000001b4b93835cc: 0001 0000 | 00e9 0800 | 0000 4883 | 87d8 0100 | 0001 0f1f | 8000 0000 | 0048 b8ff | ffff ffff 
  0x000001b4b93835ec: ;   {virtual_call}
  0x000001b4b93835ec: ffff ffe8 

  0x000001b4b93835f0: ; ImmutableOopMap {[168]=Oop [176]=Oop [184]=Oop [208]=Oop }
                      ;*invokeinterface getByteBuffer {reexecute=0 rethrow=0 return_oop=0}
                      ; - jdk.internal.loader.Resource::getByteBuffer@16
                      ; - java.net.URLClassLoader::defineClass@132
  0x000001b4b93835f0: 8cb7 c60f 

  0x000001b4b93835f4: ;   {other}
  0x000001b4b93835f4: 0f1f 8400 | e411 000a | e90a 0000 

  0x000001b4b9383600: ;   {oop(nullptr)}
  0x000001b4b9383600: 0048 b800 | 0000 0000 | 0000 0048 

  0x000001b4b938360c: ;   {metadata(method data for {method} {0x000001b52905d878} 'defineClass' '(Ljava/lang/String;Ljdk/internal/loader/Resource;)Ljava/lang/Class;' in 'java/net/URLClassLoader')}
  0x000001b4b938360c: 85c0 48ba | a01f 1329 | b501 0000 | 48c7 c690 | 0400 0074 | 0748 c7c6 | a004 0000 | 488b 3c32 
  0x000001b4b938362c: 488d 7f01 | 4889 3c32 | 0f84 3002 | 0000 4889 | 8424 e800 | 0000 4c8b | 8c24 b000 

  0x000001b4b9383648: ;   {metadata(method data for {method} {0x000001b52905d878} 'defineClass' '(Ljava/lang/String;Ljdk/internal/loader/Resource;)Ljava/lang/Class;' in 'java/net/URLClassLoader')}
  0x000001b4b9383648: 0000 48ba | a01f 1329 | b501 0000 | 458b 4908 | 49ba 0000 | 00e8 b401 | 0000 4d03 | ca4c 3b8a 
  0x000001b4b9383668: c004 0000 | 750d 4883 | 82c8 0400 | 0001 e960 | 0000 004c | 3b8a d004 | 0000 750d | 4883 82d8 
  0x000001b4b9383688: 0400 0001 | e94a 0000 | 0048 83ba | c004 0000 | 0075 174c | 898a c004 | 0000 48c7 | 82c8 0400 
  0x000001b4b93836a8: 0001 0000 | 00e9 2900 | 0000 4883 | bad0 0400 | 0000 7517 | 4c89 8ad0 | 0400 0048 | c782 d804 
  0x000001b4b93836c8: 0000 0100 | 0000 e908 | 0000 0048 | 8382 b004 | 0000 0148 | 8b94 24b0 | 0000 0066 | 9048 b8ff 
  0x000001b4b93836e8: ffff ffff 

  0x000001b4b93836ec: ;   {virtual_call}
  0x000001b4b93836ec: ffff ffe8 

  0x000001b4b93836f0: ; ImmutableOopMap {[168]=Oop [184]=Oop [208]=Oop [232]=Oop }
                      ;*invokevirtual getCodeSigners {reexecute=0 rethrow=0 return_oop=0}
                      ; - java.net.URLClassLoader::defineClass@143
  0x000001b4b93836f0: 8cb6 c60f 

  0x000001b4b93836f4: ;   {other}
  0x000001b4b93836f4: 0f1f 8400 | e412 000b 

  0x000001b4b93836fc: ;   {metadata('java/security/CodeSource')}
  0x000001b4b93836fc: 4c8b c848 | ba28 5c00 | e8b4 0100 | 0049 8b87 | b801 0000 | 488d 7828 | 493b bfc8 | 0100 000f 
  0x000001b4b938371c: 879e 0900 | 0049 89bf | b801 0000 | 48c7 0001 | 0000 0048 | 8bca 49ba | 0000 00e8 | b401 0000 
  0x000001b4b938373c: 492b ca89 | 4808 4833 | c989 480c | 4833 c948 | 8948 1048 | 8948 1848 | 8948 204c 

  0x000001b4b9383758: ;   {metadata(method data for {method} {0x000001b52905d878} 'defineClass' '(Ljava/lang/String;Ljdk/internal/loader/Resource;)Ljava/lang/Class;' in 'java/net/URLClassLoader')}
  0x000001b4b9383758: 8bc0 48ba | a01f 1329 | b501 0000 | 4883 82e8 | 0400 0001 | 4c8b 8424 | d000 0000 | 488b d048 
  0x000001b4b9383778: 8984 24f0 

  0x000001b4b938377c: ;   {optimized virtual_call}
  0x000001b4b938377c: 0000 00e8 

  0x000001b4b9383780: ; ImmutableOopMap {[168]=Oop [184]=Oop [232]=Oop [240]=Oop }
                      ;*invokespecial <init> {reexecute=0 rethrow=0 return_oop=0}
                      ; - java.net.URLClassLoader::defineClass@156
  0x000001b4b9383780: fcb2 c60f 

  0x000001b4b9383784: ;   {other}
  0x000001b4b9383784: 0f1f 8400 | 7413 000c 

  0x000001b4b938378c: ;   {metadata(method data for {method} {0x000001b52905d878} 'defineClass' '(Ljava/lang/String;Ljdk/internal/loader/Resource;)Ljava/lang/Class;' in 'java/net/URLClassLoader')}
  0x000001b4b938378c: 49b8 a01f | 1329 b501 | 0000 4983 | 80f8 0400 

  0x000001b4b938379c: ;   {metadata(method data for {method} {0x000001b4e81042a8} 'getReadClassBytesTime' '()Ljdk/internal/perf/PerfCounter;' in 'jdk/internal/perf/PerfCounter')}
  0x000001b4b938379c: 0001 49b8 | 2092 1829 | b501 0000 | 418b 90cc | 0000 0083 | c202 4189 | 90cc 0000 | 0081 e2fe 
  0x000001b4b93837bc: ff1f 0085 | d20f 8405 

  0x000001b4b93837c4: ;   {oop(a 'jdk/internal/perf/PerfCounter'{0x000000060041d2f0})}
  0x000001b4b93837c4: 0900 0048 | baf0 d241 | 0006 0000 | 004c 8bc2 

  0x000001b4b93837d4: ;   {metadata(method data for {method} {0x000001b52905d878} 'defineClass' '(Ljava/lang/String;Ljdk/internal/loader/Resource;)Ljava/lang/Class;' in 'java/net/URLClassLoader')}
  0x000001b4b93837d4: 48be a01f | 1329 b501 

  0x000001b4b93837dc: ;   {metadata('jdk/internal/perf/PerfCounter')}
  0x000001b4b93837dc: 0000 49ba | 6036 10e8 | b401 0000 | 4c89 9618 | 0500 0048 | 8386 2005 | 0000 014c | 8b84 24c0 
  0x000001b4b93837fc: ;   {optimized virtual_call}
  0x000001b4b93837fc: 0000 00e8 

  0x000001b4b9383800: ; ImmutableOopMap {[168]=Oop [184]=Oop [232]=Oop [240]=Oop }
                      ;*invokevirtual addElapsedTimeFrom {reexecute=0 rethrow=0 return_oop=0}
                      ; - java.net.URLClassLoader::defineClass@165
  0x000001b4b9383800: 7cb2 c60f 

  0x000001b4b9383804: ;   {other}
  0x000001b4b9383804: 0f1f 8400 | f413 000d | 488b 9424 | b800 0000 

  0x000001b4b9383814: ;   {metadata(method data for {method} {0x000001b52905d878} 'defineClass' '(Ljava/lang/String;Ljdk/internal/loader/Resource;)Ljava/lang/Class;' in 'java/net/URLClassLoader')}
  0x000001b4b9383814: 49b8 a01f | 1329 b501 | 0000 4983 | 8040 0500 | 0001 4c8b | 8424 a800 | 0000 4c8b | 8c24 e800 
  0x000001b4b9383834: 0000 488b | bc24 f000 | 0000 488b | 9424 b800 

  0x000001b4b9383844: ;   {optimized virtual_call}
  0x000001b4b9383844: 0000 90e8 

  0x000001b4b9383848: ; ImmutableOopMap {}
                      ;*invokevirtual defineClass {reexecute=0 rethrow=0 return_oop=0}
                      ; - java.net.URLClassLoader::defineClass@174
  0x000001b4b9383848: 34b2 c60f 

  0x000001b4b938384c: ;   {other}
  0x000001b4b938384c: 0f1f 8400 | 3c14 000e | 4881 c440 | 0100 005d 

  0x000001b4b938385c: ;   {poll_return}
  0x000001b4b938385c: 493b a750 | 0400 000f | 8784 0800 | 00c3 4c8b | 8c24 b000 | 0000 498b 

  0x000001b4b9383874: ;   {metadata(method data for {method} {0x000001b52905d878} 'defineClass' '(Ljava/lang/String;Ljdk/internal/loader/Resource;)Ljava/lang/Class;' in 'java/net/URLClassLoader')}
  0x000001b4b9383874: f948 bba0 | 1f13 29b5 | 0100 008b | 7f08 49ba | 0000 00e8 | b401 0000 | 4903 fa48 | 3bbb 8805 
  0x000001b4b9383894: 0000 750d | 4883 8390 | 0500 0001 | e960 0000 | 0048 3bbb | 9805 0000 | 750d 4883 | 83a0 0500 
  0x000001b4b93838b4: 0001 e94a | 0000 0048 | 83bb 8805 | 0000 0075 | 1748 89bb | 8805 0000 | 48c7 8390 | 0500 0001 
  0x000001b4b93838d4: 0000 00e9 | 2900 0000 | 4883 bb98 | 0500 0000 | 7517 4889 | bb98 0500 | 0048 c783 | a005 0000 
  0x000001b4b93838f4: 0100 0000 | e908 0000 | 0048 8383 | 7805 0000 | 0149 8bd1 | 0f1f 4400 | 0048 b8ff | ffff ffff 
  0x000001b4b9383914: ;   {virtual_call}
  0x000001b4b9383914: ffff ffe8 

  0x000001b4b9383918: ; ImmutableOopMap {[168]=Oop [176]=Oop [184]=Oop [208]=Oop }
                      ;*invokevirtual getBytes {reexecute=0 rethrow=0 return_oop=0}
                      ; - java.net.URLClassLoader::defineClass@179
  0x000001b4b9383918: d428 dd0f 

  0x000001b4b938391c: ;   {other}
  0x000001b4b938391c: 0f1f 8400 | 0c15 000f | 4c8b 8c24 | b000 0000 

  0x000001b4b938392c: ;   {metadata(method data for {method} {0x000001b52905d878} 'defineClass' '(Ljava/lang/String;Ljdk/internal/loader/Resource;)Ljava/lang/Class;' in 'java/net/URLClassLoader')}
  0x000001b4b938392c: 48ba a01f | 1329 b501 | 0000 458b | 4908 49ba | 0000 00e8 | b401 0000 | 4d03 ca4c | 3b8a c005 
  0x000001b4b938394c: 0000 750d | 4883 82c8 | 0500 0001 | e960 0000 | 004c 3b8a | d005 0000 | 750d 4883 | 82d8 0500 
  0x000001b4b938396c: 0001 e94a | 0000 0048 | 83ba c005 | 0000 0075 | 174c 898a | c005 0000 | 48c7 82c8 | 0500 0001 
  0x000001b4b938398c: 0000 00e9 | 2900 0000 | 4883 bad0 | 0500 0000 | 7517 4c89 | 8ad0 0500 | 0048 c782 | d805 0000 
  0x000001b4b93839ac: 0100 0000 | e908 0000 | 0048 8382 | b005 0000 | 0148 8b94 | 24b0 0000 | 0048 8984 | 24f8 0000 
  0x000001b4b93839cc: 0048 b8ff | ffff ffff 

  0x000001b4b93839d4: ;   {virtual_call}
  0x000001b4b93839d4: ffff ffe8 

  0x000001b4b93839d8: ; ImmutableOopMap {[168]=Oop [184]=Oop [208]=Oop [248]=Oop }
                      ;*invokevirtual getCodeSigners {reexecute=0 rethrow=0 return_oop=0}
                      ; - java.net.URLClassLoader::defineClass@185
  0x000001b4b93839d8: ac2a dd0f 

  0x000001b4b93839dc: ;   {other}
  0x000001b4b93839dc: 0f1f 8400 | cc15 0010 

  0x000001b4b93839e4: ;   {metadata('java/security/CodeSource')}
  0x000001b4b93839e4: 4c8b c848 | ba28 5c00 | e8b4 0100 | 0049 8b87 | b801 0000 | 488d 7828 | 493b bfc8 | 0100 000f 
  0x000001b4b9383a04: 87fa 0600 | 0049 89bf | b801 0000 | 48c7 0001 | 0000 0048 | 8bca 49ba | 0000 00e8 | b401 0000 
  0x000001b4b9383a24: 492b ca89 | 4808 4833 | c989 480c | 4833 c948 | 8948 1048 | 8948 1848 | 8948 204c 

  0x000001b4b9383a40: ;   {metadata(method data for {method} {0x000001b52905d878} 'defineClass' '(Ljava/lang/String;Ljdk/internal/loader/Resource;)Ljava/lang/Class;' in 'java/net/URLClassLoader')}
  0x000001b4b9383a40: 8bc0 48ba | a01f 1329 | b501 0000 | 4883 82e8 | 0500 0001 | 4c8b 8424 | d000 0000 | 488b d048 
  0x000001b4b9383a60: 8984 2400 

  0x000001b4b9383a64: ;   {optimized virtual_call}
  0x000001b4b9383a64: 0100 00e8 

  0x000001b4b9383a68: ; ImmutableOopMap {[168]=Oop [184]=Oop [248]=Oop [256]=Oop }
                      ;*invokespecial <init> {reexecute=0 rethrow=0 return_oop=0}
                      ; - java.net.URLClassLoader::defineClass@198
  0x000001b4b9383a68: b4a2 d400 

  0x000001b4b9383a6c: ;   {other}
  0x000001b4b9383a6c: 0f1f 8400 | 5c16 0011 

  0x000001b4b9383a74: ;   {metadata(method data for {method} {0x000001b52905d878} 'defineClass' '(Ljava/lang/String;Ljdk/internal/loader/Resource;)Ljava/lang/Class;' in 'java/net/URLClassLoader')}
  0x000001b4b9383a74: 49b8 a01f | 1329 b501 | 0000 4983 | 80f8 0500 

  0x000001b4b9383a84: ;   {metadata(method data for {method} {0x000001b4e81042a8} 'getReadClassBytesTime' '()Ljdk/internal/perf/PerfCounter;' in 'jdk/internal/perf/PerfCounter')}
  0x000001b4b9383a84: 0001 49b8 | 2092 1829 | b501 0000 | 418b 90cc | 0000 0083 | c202 4189 | 90cc 0000 | 0081 e2fe 
  0x000001b4b9383aa4: ff1f 0085 | d20f 8461 

  0x000001b4b9383aac: ;   {oop(a 'jdk/internal/perf/PerfCounter'{0x000000060041d2f0})}
  0x000001b4b9383aac: 0600 0048 | baf0 d241 | 0006 0000 | 004c 8bc2 

  0x000001b4b9383abc: ;   {metadata(method data for {method} {0x000001b52905d878} 'defineClass' '(Ljava/lang/String;Ljdk/internal/loader/Resource;)Ljava/lang/Class;' in 'java/net/URLClassLoader')}
  0x000001b4b9383abc: 48be a01f | 1329 b501 | 0000 4883 | 8620 0600 | 0001 4c8b | 8424 c000 

  0x000001b4b9383ad4: ;   {optimized virtual_call}
  0x000001b4b9383ad4: 0000 90e8 

  0x000001b4b9383ad8: ; ImmutableOopMap {[168]=Oop [184]=Oop [248]=Oop [256]=Oop }
                      ;*invokevirtual addElapsedTimeFrom {reexecute=0 rethrow=0 return_oop=0}
                      ; - java.net.URLClassLoader::defineClass@207
  0x000001b4b9383ad8: 64bd 4f10 

  0x000001b4b9383adc: ;   {other}
  0x000001b4b9383adc: 0f1f 8400 | cc16 0012 | 488b 8424 | f800 0000 

  0x000001b4b9383aec: ; implicit exception: dispatches to 0x000001b4b9384131
  0x000001b4b9383aec: 8b70 0c48 | 8b94 24b8 

  0x000001b4b9383af4: ;   {metadata(method data for {method} {0x000001b52905d878} 'defineClass' '(Ljava/lang/String;Ljdk/internal/loader/Resource;)Ljava/lang/Class;' in 'java/net/URLClassLoader')}
  0x000001b4b9383af4: 0000 0049 | b8a0 1f13 | 29b5 0100 | 0049 8380 | 4006 0000 | 014c 8b84 | 24a8 0000 | 004c 8bc8 
  0x000001b4b9383b14: bf00 0000 | 0048 8b8c | 2400 0100 | 0048 8b94 | 24b8 0000 | 0066 0f1f 

  0x000001b4b9383b2c: ;   {optimized virtual_call}
  0x000001b4b9383b2c: 4400 00e8 

  0x000001b4b9383b30: ; ImmutableOopMap {}
                      ;*invokevirtual defineClass {reexecute=0 rethrow=0 return_oop=0}
                      ; - java.net.URLClassLoader::defineClass@220
  0x000001b4b9383b30: 2c83 9310 

  0x000001b4b9383b34: ;   {other}
  0x000001b4b9383b34: 0f1f 8400 | 2417 0013 | 4881 c440 | 0100 005d 

  0x000001b4b9383b44: ;   {poll_return}
  0x000001b4b9383b44: 493b a750 | 0400 000f | 87e5 0500 | 00c3 660f | 1f44 0000 

  0x000001b4b9383b58: ;   {no_reloc}
  0x000001b4b9383b58: e9fe 0500 | 0000 0000 | 0000 80ba | 3101 0000 | 040f 85fb | 0500 0049 | 8b87 b801 | 0000 488d 
  0x000001b4b9383b78: 7828 493b | bfc8 0100 | 000f 87e3 | 0500 0049 | 89bf b801 | 0000 48c7 | 0001 0000 | 0048 8bca 
  0x000001b4b9383b98: 49ba 0000 | 00e8 b401 | 0000 492b | ca89 4808 | 4833 c989 | 480c 4833 | c948 8948 | 1048 8948 
  0x000001b4b9383bb8: 1848 8948 

  0x000001b4b9383bbc: ;   {metadata('java/lang/StringBuilder')}
  0x000001b4b9383bbc: 2048 ba40 | 8000 e8b4 | 0100 0048 | 8984 2410 | 0100 0049 | 8b87 b801 | 0000 488d | 7818 493b 
  0x000001b4b9383bdc: bfc8 0100 | 000f 8790 | 0500 0049 | 89bf b801 | 0000 48c7 | 0001 0000 | 0048 8bca | 49ba 0000 
  0x000001b4b9383bfc: 00e8 b401 | 0000 492b | ca89 4808 | 4833 c989 | 480c 4833 | c948 8948 | 104c 8bc0 

  0x000001b4b9383c18: ;   {metadata(method data for {method} {0x000001b52905d878} 'defineClass' '(Ljava/lang/String;Ljdk/internal/loader/Resource;)Ljava/lang/Class;' in 'java/net/URLClassLoader')}
  0x000001b4b9383c18: 48ba a01f | 1329 b501 | 0000 4883 | 8290 0300 

  0x000001b4b9383c28: ;   {metadata(method data for {method} {0x000001b4e84619d8} '<init>' '()V' in 'java/lang/StringBuilder')}
  0x000001b4b9383c28: 0001 49b8 | 18f4 0029 | b501 0000 | 418b 90cc | 0000 0083 | c202 4189 | 90cc 0000 | 0081 e2fe 
  0x000001b4b9383c48: ff1f 0085 | d20f 8431 | 0500 004c 

  0x000001b4b9383c54: ;   {metadata(method data for {method} {0x000001b4e84619d8} '<init>' '()V' in 'java/lang/StringBuilder')}
  0x000001b4b9383c54: 8bc0 48ba | 18f4 0029 | b501 0000 | 4883 8210 | 0100 0001 | 41b8 1000 | 0000 488b | d048 8984 
  0x000001b4b9383c74: 2408 0100 | 0066 0f1f 

  0x000001b4b9383c7c: ;   {optimized virtual_call}
  0x000001b4b9383c7c: 4400 00e8 

  0x000001b4b9383c80: ; ImmutableOopMap {[216]=Oop [264]=Oop [272]=Oop }
                      ;*invokespecial <init> {reexecute=0 rethrow=0 return_oop=0}
                      ; - java.lang.StringBuilder::<init>@3
                      ; - java.net.URLClassLoader::defineClass@111
  0x000001b4b9383c80: fcad c60f 

  0x000001b4b9383c84: ;   {other}
  0x000001b4b9383c84: 0f1f 8400 | 7418 0014 | 488b 8424 | 0801 0000 

  0x000001b4b9383c94: ;   {metadata(method data for {method} {0x000001b52905d878} 'defineClass' '(Ljava/lang/String;Ljdk/internal/loader/Resource;)Ljava/lang/Class;' in 'java/net/URLClassLoader')}
  0x000001b4b9383c94: 49b8 a01f | 1329 b501 | 0000 4983 | 80a0 0300 

  0x000001b4b9383ca4: ;   {metadata(method data for {method} {0x000001b4e84617c8} 'append' '(Ljava/lang/String;)Ljava/lang/StringBuilder;' in 'java/lang/StringBuilder')}
  0x000001b4b9383ca4: 0001 49b8 | 08f7 0029 | b501 0000 | 418b 90cc | 0000 0083 | c202 4189 | 90cc 0000 | 0081 e2fe 
  0x000001b4b9383cc4: ff1f 0085 | d20f 84d6 | 0400 0048 | 8b84 2408 

  0x000001b4b9383cd4: ;   {metadata(method data for {method} {0x000001b4e84617c8} 'append' '(Ljava/lang/String;)Ljava/lang/StringBuilder;' in 'java/lang/StringBuilder')}
  0x000001b4b9383cd4: 0100 0049 | b808 f700 | 29b5 0100 | 0049 8380 | 1001 0000 

  0x000001b4b9383ce8: ;   {oop("Cannot find package "{0x000000060041d308})}
  0x000001b4b9383ce8: 0149 b808 | d341 0006 | 0000 0048 | 8b94 2408 | 0100 000f 

  0x000001b4b9383cfc: ;   {optimized virtual_call}
  0x000001b4b9383cfc: 1f40 00e8 

  0x000001b4b9383d00: ; ImmutableOopMap {[216]=Oop [264]=Oop [272]=Oop }
                      ;*invokespecial append {reexecute=0 rethrow=0 return_oop=0}
                      ; - java.lang.StringBuilder::append@2
                      ; - java.net.URLClassLoader::defineClass@116
  0x000001b4b9383d00: 7cad c60f 

  0x000001b4b9383d04: ;   {other}
  0x000001b4b9383d04: 0f1f 8400 | f418 0015 | 488b 8424 | 0801 0000 

  0x000001b4b9383d14: ;   {metadata(method data for {method} {0x000001b52905d878} 'defineClass' '(Ljava/lang/String;Ljdk/internal/loader/Resource;)Ljava/lang/Class;' in 'java/net/URLClassLoader')}
  0x000001b4b9383d14: 49b8 a01f | 1329 b501 | 0000 4983 | 80d8 0300 

  0x000001b4b9383d24: ;   {metadata(method data for {method} {0x000001b4e84617c8} 'append' '(Ljava/lang/String;)Ljava/lang/StringBuilder;' in 'java/lang/StringBuilder')}
  0x000001b4b9383d24: 0001 49b8 | 08f7 0029 | b501 0000 | 418b 90cc | 0000 0083 | c202 4189 | 90cc 0000 | 0081 e2fe 
  0x000001b4b9383d44: ff1f 0085 | d20f 8477 | 0400 0048 | 8b84 2408 

  0x000001b4b9383d54: ;   {metadata(method data for {method} {0x000001b4e84617c8} 'append' '(Ljava/lang/String;)Ljava/lang/StringBuilder;' in 'java/lang/StringBuilder')}
  0x000001b4b9383d54: 0100 0049 | b808 f700 | 29b5 0100 | 0049 8380 | 1001 0000 | 014c 8b84 | 24d8 0000 | 0048 8b94 
  0x000001b4b9383d74: 2408 0100 | 0066 0f1f 

  0x000001b4b9383d7c: ;   {optimized virtual_call}
  0x000001b4b9383d7c: 4400 00e8 

  0x000001b4b9383d80: ; ImmutableOopMap {[264]=Oop [272]=Oop }
                      ;*invokespecial append {reexecute=0 rethrow=0 return_oop=0}
                      ; - java.lang.StringBuilder::append@2
                      ; - java.net.URLClassLoader::defineClass@121
  0x000001b4b9383d80: fcac c60f 

  0x000001b4b9383d84: ;   {other}
  0x000001b4b9383d84: 0f1f 8400 | 7419 0016 | 488b 8424 | 0801 0000 

  0x000001b4b9383d94: ;   {metadata(method data for {method} {0x000001b52905d878} 'defineClass' '(Ljava/lang/String;Ljdk/internal/loader/Resource;)Ljava/lang/Class;' in 'java/net/URLClassLoader')}
  0x000001b4b9383d94: 48ba a01f | 1329 b501 | 0000 4883 | 8210 0400 

  0x000001b4b9383da4: ;   {metadata(method data for {method} {0x000001b4e8008958} 'toString' '()Ljava/lang/String;' in 'java/lang/StringBuilder')}
  0x000001b4b9383da4: 0001 48ba | 70ff 0029 | b501 0000 | 8bb2 cc00 | 0000 83c6 | 0289 b2cc | 0000 0081 | e6fe ff1f 
  0x000001b4b9383dc4: 0085 f60f | 841a 0400 

  0x000001b4b9383dcc: ;   {metadata('java/lang/String')}
  0x000001b4b9383dcc: 0048 ba78 | e800 e8b4 | 0100 0049 | 8b87 b801 | 0000 488d | 7818 493b | bfc8 0100 | 000f 8719 
  0x000001b4b9383dec: 0400 0049 | 89bf b801 | 0000 48c7 | 0001 0000 | 0048 8bca | 49ba 0000 | 00e8 b401 | 0000 492b 
  0x000001b4b9383e0c: ca89 4808 | 4833 c989 | 480c 4833 | c948 8948 | 104c 8bc0 

  0x000001b4b9383e20: ;   {metadata(method data for {method} {0x000001b4e8008958} 'toString' '()Ljava/lang/String;' in 'java/lang/StringBuilder')}
  0x000001b4b9383e20: 49b9 70ff | 0029 b501 | 0000 4983 | 8110 0100 

  0x000001b4b9383e30: ;   {metadata(method data for {method} {0x000001b4e8455ab8} '<init>' '(Ljava/lang/StringBuilder;)V' in 'java/lang/String')}
  0x000001b4b9383e30: 0001 49b8 | b800 0129 | b501 0000 | 458b 88cc | 0000 0041 | 83c1 0245 | 8988 cc00 | 0000 4181 
  0x000001b4b9383e50: e1fe ff1f | 0045 85c9 | 0f84 b703 | 0000 4c8b 

  0x000001b4b9383e60: ;   {metadata(method data for {method} {0x000001b4e8455ab8} '<init>' '(Ljava/lang/StringBuilder;)V' in 'java/lang/String')}
  0x000001b4b9383e60: c049 b9b8 | 0001 29b5 | 0100 0049 | 8381 1001 | 0000 014c | 8b84 2408 

  0x000001b4b9383e78: ;   {oop(nullptr)}
  0x000001b4b9383e78: 0100 0049 | b900 0000 | 0000 0000 | 0048 8bd0 | 4889 8424 | 1801 0000 | 0f1f 8000 

  0x000001b4b9383e94: ;   {optimized virtual_call}
  0x000001b4b9383e94: 0000 00e8 

  0x000001b4b9383e98: ; ImmutableOopMap {[272]=Oop [280]=Oop }
                      ;*invokespecial <init> {reexecute=0 rethrow=0 return_oop=0}
                      ; - java.lang.String::<init>@3
                      ; - java.lang.StringBuilder::toString@5
                      ; - java.net.URLClassLoader::defineClass@124
  0x000001b4b9383e98: e4ab c60f 

  0x000001b4b9383e9c: ;   {other}
  0x000001b4b9383e9c: 0f1f 8400 | 8c1a 0017 | 488b 8424 | 1001 0000 

  0x000001b4b9383eac: ;   {metadata(method data for {method} {0x000001b52905d878} 'defineClass' '(Ljava/lang/String;Ljdk/internal/loader/Resource;)Ljava/lang/Class;' in 'java/net/URLClassLoader')}
  0x000001b4b9383eac: 49b8 a01f | 1329 b501 | 0000 4983 | 8048 0400 | 0001 4c8b | 8424 1801 | 0000 488b | 9424 1001 
  0x000001b4b9383ecc: ;   {optimized virtual_call}
  0x000001b4b9383ecc: 0000 90e8 

  0x000001b4b9383ed0: ; ImmutableOopMap {[272]=Oop }
                      ;*invokespecial <init> {reexecute=0 rethrow=0 return_oop=0}
                      ; - java.net.URLClassLoader::defineClass@127
  0x000001b4b9383ed0: acab c60f 

  0x000001b4b9383ed4: ;   {other}
  0x000001b4b9383ed4: 0f1f 8400 | c41a 0018 | 488b 8424 | 1001 0000 | e980 0300 | 0049 8b87 | 0005 0000 | 4d33 d24d 
  0x000001b4b9383ef4: 8997 0005 | 0000 4d33 | d24d 8997 | 0805 0000 | 488b f048 | 8d84 2420 | 0100 0048 | 8b38 4885 
  0x000001b4b9383f14: ff0f 840f | 0000 0048 | 8b58 08f0 | 480f b13b | 0f85 0c03 | 0000 49ff | 8f50 0500 | 0048 8bc6 
  0x000001b4b9383f34: e930 0300 

  0x000001b4b9383f38: ;   {metadata({method} {0x000001b52905d878} 'defineClass' '(Ljava/lang/String;Ljdk/internal/loader/Resource;)Ljava/lang/Class;' in 'java/net/URLClassLoader')}
  0x000001b4b9383f38: 0049 ba70 | d805 29b5 | 0100 004c | 8954 2408 | 48c7 0424 | ffff ffff 

  0x000001b4b9383f50: ;   {runtime_call counter_overflow Runtime1 stub}
  0x000001b4b9383f50: e82b 3bd3 

  0x000001b4b9383f54: ; ImmutableOopMap {rdx=Oop r8=Oop r9=Oop [168]=Oop [176]=Oop [184]=Oop }
                      ;*synchronization entry
                      ; - java.net.URLClassLoader::defineClass@-1
  0x000001b4b9383f54: 0fe9 64e9 

  0x000001b4b9383f58: ;   {runtime_call throw_null_pointer_exception Runtime1 stub}
  0x000001b4b9383f58: ffff e8a1 

  0x000001b4b9383f5c: ; ImmutableOopMap {r8=Oop [168]=Oop [176]=Oop [184]=Oop }
                      ;*invokevirtual lastIndexOf {reexecute=0 rethrow=0 return_oop=0}
                      ; - java.net.URLClassLoader::defineClass@7
                      ;   {metadata({method} {0x000001b4e8453a10} 'lastIndexOf' '(I)I' in 'java/lang/String')}
  0x000001b4b9383f5c: e0c9 0f49 | ba08 3a45 | e8b4 0100 | 004c 8954 | 2408 48c7 | 0424 ffff 

  0x000001b4b9383f74: ;   {runtime_call counter_overflow Runtime1 stub}
  0x000001b4b9383f74: ffff e805 

  0x000001b4b9383f78: ; ImmutableOopMap {r8=Oop [168]=Oop [176]=Oop [184]=Oop }
                      ;*synchronization entry
                      ; - java.lang.String::lastIndexOf@-1
                      ; - java.net.URLClassLoader::defineClass@7
  0x000001b4b9383f78: 3bd3 0fe9 | b3e9 ffff 

  0x000001b4b9383f80: ;   {metadata({method} {0x000001b4e800ee90} 'length' '()I' in 'java/lang/String')}
  0x000001b4b9383f80: 49ba 88ee | 00e8 b401 | 0000 4c89 | 5424 0848 | c704 24ff 

  0x000001b4b9383f94: ;   {runtime_call counter_overflow Runtime1 stub}
  0x000001b4b9383f94: ffff ffe8 

  0x000001b4b9383f98: ; ImmutableOopMap {r8=Oop [168]=Oop [176]=Oop [184]=Oop }
                      ;*synchronization entry
                      ; - java.lang.String::length@-1
                      ; - java.lang.String::lastIndexOf@3
                      ; - java.net.URLClassLoader::defineClass@7
  0x000001b4b9383f98: e43a d30f | e9ce e9ff 

  0x000001b4b9383fa0: ;   {runtime_call throw_null_pointer_exception Runtime1 stub}
  0x000001b4b9383fa0: ffe8 5ae0 

  0x000001b4b9383fa4: ; ImmutableOopMap {r8=Oop rsi=Oop [168]=Oop [176]=Oop [184]=Oop }
                      ;*arraylength {reexecute=0 rethrow=0 return_oop=0}
                      ; - java.lang.String::length@4
                      ; - java.lang.String::lastIndexOf@3
                      ; - java.net.URLClassLoader::defineClass@7
                      ;   {metadata({method} {0x000001b4e8454cf8} 'coder' '()B' in 'java/lang/String')}
  0x000001b4b9383fa4: c90f 49ba | f04c 45e8 | b401 0000 | 4c89 5424 | 0848 c704 | 24ff ffff 

  0x000001b4b9383fbc: ;   {runtime_call counter_overflow Runtime1 stub}
  0x000001b4b9383fbc: ffe8 be3a 

  0x000001b4b9383fc0: ; ImmutableOopMap {r8=Oop rsi=Oop [168]=Oop [176]=Oop [184]=Oop }
                      ;*synchronization entry
                      ; - java.lang.String::coder@-1
                      ; - java.lang.String::length@6
                      ; - java.lang.String::lastIndexOf@3
                      ; - java.net.URLClassLoader::defineClass@7
  0x000001b4b9383fc0: d30f e9f4 

  0x000001b4b9383fc4: ;   {metadata({method} {0x000001b4e8453960} 'lastIndexOf' '(II)I' in 'java/lang/String')}
  0x000001b4b9383fc4: e9ff ff49 | ba58 3945 | e8b4 0100 | 004c 8954 | 2408 48c7 | 0424 ffff 

  0x000001b4b9383fdc: ;   {runtime_call counter_overflow Runtime1 stub}
  0x000001b4b9383fdc: ffff e89d 

  0x000001b4b9383fe0: ; ImmutableOopMap {r8=Oop rsi=Oop [168]=Oop [176]=Oop [184]=Oop }
                      ;*synchronization entry
                      ; - java.lang.String::lastIndexOf@-1
                      ; - java.lang.String::lastIndexOf@8
                      ; - java.net.URLClassLoader::defineClass@7
  0x000001b4b9383fe0: 3ad3 0fe9 | 44ea ffff 

  0x000001b4b9383fe8: ;   {metadata({method} {0x000001b4e84540f0} 'isLatin1' '()Z' in 'java/lang/String')}
  0x000001b4b9383fe8: 49ba e840 | 45e8 b401 | 0000 4c89 | 5424 0848 | c704 24ff 

  0x000001b4b9383ffc: ;   {runtime_call counter_overflow Runtime1 stub}
  0x000001b4b9383ffc: ffff ffe8 

  0x000001b4b9384000: ; ImmutableOopMap {r8=Oop rsi=Oop [168]=Oop [176]=Oop [184]=Oop }
                      ;*synchronization entry
                      ; - java.lang.String::isLatin1@-1
                      ; - java.lang.String::lastIndexOf@1
                      ; - java.lang.String::lastIndexOf@8
                      ; - java.net.URLClassLoader::defineClass@7
  0x000001b4b9384000: 7c3a d30f | e95f eaff 

  0x000001b4b9384008: ;   {runtime_call throw_null_pointer_exception Runtime1 stub}
  0x000001b4b9384008: ffe8 f2df 

  0x000001b4b938400c: ; ImmutableOopMap {r9=Oop [168]=Oop [176]=Oop [184]=Oop }
                      ;*invokevirtual getCodeSourceURL {reexecute=0 rethrow=0 return_oop=0}
                      ; - java.net.URLClassLoader::defineClass@13
                      ;   {metadata({method} {0x000001b4e81700b0} 'getByteBuffer' '()Ljava/nio/ByteBuffer;' in 'jdk/internal/loader/Resource')}
  0x000001b4b938400c: c90f 49ba | a800 17e8 | b401 0000 | 4c89 5424 | 0848 c704 | 24ff ffff 

  0x000001b4b9384024: ;   {runtime_call counter_overflow Runtime1 stub}
  0x000001b4b9384024: ffe8 563a 

  0x000001b4b9384028: ; ImmutableOopMap {r9=Oop [168]=Oop [176]=Oop [184]=Oop [208]=Oop }
                      ;*synchronization entry
                      ; - jdk.internal.loader.Resource::getByteBuffer@-1
                      ; - java.net.URLClassLoader::defineClass@132
  0x000001b4b9384028: d30f e916 | f1ff ff4c | 894c 2408 | 4889 1424 

  0x000001b4b9384038: ;   {runtime_call monitorenter_nofpu Runtime1 stub}
  0x000001b4b9384038: e843 19d3 

  0x000001b4b938403c: ; ImmutableOopMap {r9=Oop [168]=Oop [176]=Oop [184]=Oop [208]=Oop [296]=Oop }
                      ;*synchronization entry
                      ; - jdk.internal.loader.Resource::cachedInputStream@-1
                      ; - jdk.internal.loader.Resource::getByteBuffer@1
                      ; - java.net.URLClassLoader::defineClass@132
  0x000001b4b938403c: 0fe9 52f1 

  0x000001b4b9384040: ;   {metadata({method} {0x000001b4e8170370} 'cachedInputStream' '()Ljava/io/InputStream;' in 'jdk/internal/loader/Resource')}
  0x000001b4b9384040: ffff 49ba | 6803 17e8 | b401 0000 | 4c89 5424 | 0848 c704 | 24ff ffff 

  0x000001b4b9384058: ;   {runtime_call counter_overflow Runtime1 stub}
  0x000001b4b9384058: ffe8 223a 

  0x000001b4b938405c: ; ImmutableOopMap {r9=Oop [168]=Oop [176]=Oop [184]=Oop [208]=Oop [296]=Oop }
                      ;*synchronization entry
                      ; - jdk.internal.loader.Resource::cachedInputStream@-1
                      ; - jdk.internal.loader.Resource::getByteBuffer@1
                      ; - java.net.URLClassLoader::defineClass@132
  0x000001b4b938405c: d30f e958 | f1ff ff41 | 8b51 0c48 | c1e2 0348 | 83fa 000f | 8444 f2ff | ff48 8914 

  0x000001b4b9384078: ;   {runtime_call g1_pre_barrier_slow}
  0x000001b4b9384078: 24e8 0240 | d30f e936 | f2ff ff48 | 83f8 000f | 844b f2ff | ff4c 890c 

  0x000001b4b9384090: ;   {runtime_call g1_post_barrier_slow}
  0x000001b4b9384090: 24e8 ea42 | d30f e93d | f2ff ff48 | 8d84 2420 | 0100 0048 

  0x000001b4b93840a4: ;   {runtime_call monitorexit_nofpu Runtime1 stub}
  0x000001b4b93840a4: 8904 24e8 | d41e d30f | e959 f2ff | ff48 8914 

  0x000001b4b93840b4: ;   {runtime_call throw_class_cast_exception Runtime1 stub}
  0x000001b4b93840b4: 24e8 c60c 

  0x000001b4b93840b8: ; ImmutableOopMap {[168]=Oop [176]=Oop [184]=Oop [208]=Oop }
                      ;*checkcast {reexecute=0 rethrow=0 return_oop=0}
                      ; - jdk.internal.loader.Resource::getByteBuffer@13
                      ; - java.net.URLClassLoader::defineClass@132
                      ;   {runtime_call throw_null_pointer_exception Runtime1 stub}
  0x000001b4b93840b8: d30f e841 

  0x000001b4b93840bc: ; ImmutableOopMap {rdx=Oop [168]=Oop [176]=Oop [184]=Oop [208]=Oop }
                      ;*invokeinterface getByteBuffer {reexecute=0 rethrow=0 return_oop=0}
                      ; - jdk.internal.loader.Resource::getByteBuffer@16
                      ; - java.net.URLClassLoader::defineClass@132
  0x000001b4b93840bc: dfc9 0f48 

  0x000001b4b93840c0: ;   {runtime_call fast_new_instance Runtime1 stub}
  0x000001b4b93840c0: 8bd2 e839 

  0x000001b4b93840c4: ; ImmutableOopMap {r9=Oop [168]=Oop [184]=Oop [208]=Oop [232]=Oop }
                      ;*new {reexecute=0 rethrow=0 return_oop=0}
                      ; - java.net.URLClassLoader::defineClass@148
  0x000001b4b93840c4: d6c9 0fe9 | 8bf6 ffff 

  0x000001b4b93840cc: ;   {metadata({method} {0x000001b4e81042a8} 'getReadClassBytesTime' '()Ljdk/internal/perf/PerfCounter;' in 'jdk/internal/perf/PerfCounter')}
  0x000001b4b93840cc: 49ba a042 | 10e8 b401 | 0000 4c89 | 5424 0848 | c704 24ff 

  0x000001b4b93840e0: ;   {runtime_call counter_overflow Runtime1 stub}
  0x000001b4b93840e0: ffff ffe8 

  0x000001b4b93840e4: ; ImmutableOopMap {[168]=Oop [184]=Oop [232]=Oop [240]=Oop }
                      ;*synchronization entry
                      ; - jdk.internal.perf.PerfCounter::getReadClassBytesTime@-1
                      ; - java.net.URLClassLoader::defineClass@161
  0x000001b4b93840e4: 9839 d30f | e9da f6ff 

  0x000001b4b93840ec: ;   {internal_word}
  0x000001b4b93840ec: ff49 ba5c | 3838 b9b4 | 0100 004d | 8997 6804 

  0x000001b4b93840fc: ;   {runtime_call SafepointBlob}
  0x000001b4b93840fc: 0000 e97d | 13c7 0f48 

  0x000001b4b9384104: ;   {runtime_call fast_new_instance Runtime1 stub}
  0x000001b4b9384104: 8bd2 e8f5 

  0x000001b4b9384108: ; ImmutableOopMap {r9=Oop [168]=Oop [184]=Oop [208]=Oop [248]=Oop }
                      ;*new {reexecute=0 rethrow=0 return_oop=0}
                      ; - java.net.URLClassLoader::defineClass@190
  0x000001b4b9384108: d5c9 0fe9 | 2ff9 ffff 

  0x000001b4b9384110: ;   {metadata({method} {0x000001b4e81042a8} 'getReadClassBytesTime' '()Ljdk/internal/perf/PerfCounter;' in 'jdk/internal/perf/PerfCounter')}
  0x000001b4b9384110: 49ba a042 | 10e8 b401 | 0000 4c89 | 5424 0848 | c704 24ff 

  0x000001b4b9384124: ;   {runtime_call counter_overflow Runtime1 stub}
  0x000001b4b9384124: ffff ffe8 

  0x000001b4b9384128: ; ImmutableOopMap {[168]=Oop [184]=Oop [248]=Oop [256]=Oop }
                      ;*synchronization entry
                      ; - jdk.internal.perf.PerfCounter::getReadClassBytesTime@-1
                      ; - java.net.URLClassLoader::defineClass@203
  0x000001b4b9384128: 5439 d30f | e97e f9ff 

  0x000001b4b9384130: ;   {runtime_call throw_null_pointer_exception Runtime1 stub}
  0x000001b4b9384130: ffe8 cade 

  0x000001b4b9384134: ; ImmutableOopMap {rax=Oop [168]=Oop [184]=Oop [256]=Oop }
                      ;*arraylength {reexecute=0 rethrow=0 return_oop=0}
                      ; - java.net.URLClassLoader::defineClass@217
                      ;   {internal_word}
  0x000001b4b9384134: c90f 49ba | 443b 38b9 | b401 0000 | 4d89 9768 

  0x000001b4b9384144: ;   {runtime_call SafepointBlob}
  0x000001b4b9384144: 0400 00e9 | 3413 c70f 

  0x000001b4b938414c: ;   {metadata(nullptr)}
  0x000001b4b938414c: 48ba 0000 | 0000 0000 | 0000 b800 

  0x000001b4b9384158: ;   {runtime_call load_klass_patching Runtime1 stub}
  0x000001b4b9384158: 0f05 0ae8 

  0x000001b4b938415c: ; ImmutableOopMap {[216]=Oop }
                      ;*new {reexecute=1 rethrow=0 return_oop=0}
                      ; - (reexecute) java.net.URLClassLoader::defineClass@103
  0x000001b4b938415c: a028 d30f | e9f3 f9ff 

  0x000001b4b9384164: ;   {runtime_call throw_null_pointer_exception Runtime1 stub}
  0x000001b4b9384164: ffe8 96de 

  0x000001b4b9384168: ; ImmutableOopMap {[216]=Oop }
                      ;*new {reexecute=0 rethrow=0 return_oop=0}
                      ; - java.net.URLClassLoader::defineClass@103
  0x000001b4b9384168: c90f 488b 

  0x000001b4b938416c: ;   {runtime_call fast_new_instance_init_check Runtime1 stub}
  0x000001b4b938416c: d2e8 8ed2 

  0x000001b4b9384170: ; ImmutableOopMap {[216]=Oop }
                      ;*new {reexecute=0 rethrow=0 return_oop=0}
                      ; - java.net.URLClassLoader::defineClass@103
  0x000001b4b9384170: c90f e946 | faff ff48 

  0x000001b4b9384178: ;   {runtime_call fast_new_instance Runtime1 stub}
  0x000001b4b9384178: 8bd2 e881 

  0x000001b4b938417c: ; ImmutableOopMap {[216]=Oop [272]=Oop }
                      ;*new {reexecute=0 rethrow=0 return_oop=0}
                      ; - java.net.URLClassLoader::defineClass@107
  0x000001b4b938417c: d5c9 0fe9 | 91fa ffff 

  0x000001b4b9384184: ;   {metadata({method} {0x000001b4e84619d8} '<init>' '()V' in 'java/lang/StringBuilder')}
  0x000001b4b9384184: 49ba d019 | 46e8 b401 | 0000 4c89 | 5424 0848 | c704 24ff 

  0x000001b4b9384198: ;   {runtime_call counter_overflow Runtime1 stub}
  0x000001b4b9384198: ffff ffe8 

  0x000001b4b938419c: ; ImmutableOopMap {rax=Oop [216]=Oop [272]=Oop }
                      ;*synchronization entry
                      ; - java.lang.StringBuilder::<init>@-1
                      ; - java.net.URLClassLoader::defineClass@111
  0x000001b4b938419c: e038 d30f | e9ae faff 

  0x000001b4b93841a4: ;   {metadata({method} {0x000001b4e84617c8} 'append' '(Ljava/lang/String;)Ljava/lang/StringBuilder;' in 'java/lang/StringBuilder')}
  0x000001b4b93841a4: ff49 bac0 | 1746 e8b4 | 0100 004c | 8954 2408 | 48c7 0424 | ffff ffff 

  0x000001b4b93841bc: ;   {runtime_call counter_overflow Runtime1 stub}
  0x000001b4b93841bc: e8bf 38d3 

  0x000001b4b93841c0: ; ImmutableOopMap {[216]=Oop [264]=Oop [272]=Oop }
                      ;*synchronization entry
                      ; - java.lang.StringBuilder::append@-1
                      ; - java.net.URLClassLoader::defineClass@116
  0x000001b4b93841c0: 0fe9 09fb 

  0x000001b4b93841c4: ;   {metadata({method} {0x000001b4e84617c8} 'append' '(Ljava/lang/String;)Ljava/lang/StringBuilder;' in 'java/lang/StringBuilder')}
  0x000001b4b93841c4: ffff 49ba | c017 46e8 | b401 0000 | 4c89 5424 | 0848 c704 | 24ff ffff 

  0x000001b4b93841dc: ;   {runtime_call counter_overflow Runtime1 stub}
  0x000001b4b93841dc: ffe8 9e38 

  0x000001b4b93841e0: ; ImmutableOopMap {[216]=Oop [264]=Oop [272]=Oop }
                      ;*synchronization entry
                      ; - java.lang.StringBuilder::append@-1
                      ; - java.net.URLClassLoader::defineClass@121
  0x000001b4b93841e0: d30f e968 

  0x000001b4b93841e4: ;   {metadata({method} {0x000001b4e8008958} 'toString' '()Ljava/lang/String;' in 'java/lang/StringBuilder')}
  0x000001b4b93841e4: fbff ff49 | ba50 8900 | e8b4 0100 | 004c 8954 | 2408 48c7 | 0424 ffff 

  0x000001b4b93841fc: ;   {runtime_call counter_overflow Runtime1 stub}
  0x000001b4b93841fc: ffff e87d 

  0x000001b4b9384200: ; ImmutableOopMap {[264]=Oop [272]=Oop }
                      ;*synchronization entry
                      ; - java.lang.StringBuilder::toString@-1
                      ; - java.net.URLClassLoader::defineClass@124
  0x000001b4b9384200: 38d3 0fe9 | c5fb ffff 

  0x000001b4b9384208: ;   {runtime_call fast_new_instance Runtime1 stub}
  0x000001b4b9384208: 488b d2e8 

  0x000001b4b938420c: ; ImmutableOopMap {[264]=Oop [272]=Oop }
                      ;*new {reexecute=0 rethrow=0 return_oop=0}
                      ; - java.lang.StringBuilder::toString@0
                      ; - java.net.URLClassLoader::defineClass@124
  0x000001b4b938420c: f0d4 c90f | e908 fcff 

  0x000001b4b9384214: ;   {metadata({method} {0x000001b4e8455ab8} '<init>' '(Ljava/lang/StringBuilder;)V' in 'java/lang/String')}
  0x000001b4b9384214: ff49 bab0 | 5a45 e8b4 | 0100 004c | 8954 2408 | 48c7 0424 | ffff ffff 

  0x000001b4b938422c: ;   {runtime_call counter_overflow Runtime1 stub}
  0x000001b4b938422c: e84f 38d3 

  0x000001b4b9384230: ; ImmutableOopMap {rax=Oop [264]=Oop [272]=Oop }
                      ;*synchronization entry
                      ; - java.lang.String::<init>@-1
                      ; - java.lang.StringBuilder::toString@5
                      ; - java.net.URLClassLoader::defineClass@124
  0x000001b4b9384230: 0fe9 28fc | ffff 488d | 8424 2001 | 0000 4889 

  0x000001b4b9384240: ;   {runtime_call monitorexit_nofpu Runtime1 stub}
  0x000001b4b9384240: 0424 e839 | 1dd3 0fe9 | e5fc ffff | 498b 8700 | 0500 0049 | c787 0005 | 0000 0000 | 0000 49c7 
  0x000001b4b9384260: 8708 0500 | 0000 0000 | 0048 81c4 | 4001 0000 

  0x000001b4b9384270: ;   {runtime_call unwind_exception Runtime1 stub}
  0x000001b4b9384270: 5de9 8aec | c90f f4f4 
[Stub Code]
  0x000001b4b9384278: ;   {no_reloc}
  0x000001b4b9384278: 0f1f 4400 

  0x000001b4b938427c: ;   {static_stub}
  0x000001b4b938427c: 0048 bb00 | 0000 0000 

  0x000001b4b9384284: ;   {runtime_call nmethod}
  0x000001b4b9384284: 0000 00e9 | fbff ffff 

  0x000001b4b938428c: ;   {static_stub}
  0x000001b4b938428c: 9048 bb00 | 0000 0000 

  0x000001b4b9384294: ;   {runtime_call nmethod}
  0x000001b4b9384294: 0000 00e9 | fbff ffff 

  0x000001b4b938429c: ;   {static_stub}
  0x000001b4b938429c: 9048 bb00 | 0000 0000 

  0x000001b4b93842a4: ;   {runtime_call nmethod}
  0x000001b4b93842a4: 0000 00e9 | fbff ffff 

  0x000001b4b93842ac: ;   {static_stub}
  0x000001b4b93842ac: 9048 bb00 | 0000 0000 

  0x000001b4b93842b4: ;   {runtime_call nmethod}
  0x000001b4b93842b4: 0000 00e9 | fbff ffff 

  0x000001b4b93842bc: ;   {static_stub}
  0x000001b4b93842bc: 9048 bb00 | 0000 0000 

  0x000001b4b93842c4: ;   {runtime_call nmethod}
  0x000001b4b93842c4: 0000 00e9 | fbff ffff 

  0x000001b4b93842cc: ;   {static_stub}
  0x000001b4b93842cc: 9048 bb00 | 0000 0000 

  0x000001b4b93842d4: ;   {runtime_call nmethod}
  0x000001b4b93842d4: 0000 00e9 | fbff ffff 

  0x000001b4b93842dc: ;   {static_stub}
  0x000001b4b93842dc: 9048 bb00 | 0000 0000 

  0x000001b4b93842e4: ;   {runtime_call nmethod}
  0x000001b4b93842e4: 0000 00e9 | fbff ffff 

  0x000001b4b93842ec: ;   {static_stub}
  0x000001b4b93842ec: 9048 bb00 | 0000 0000 

  0x000001b4b93842f4: ;   {runtime_call nmethod}
  0x000001b4b93842f4: 0000 00e9 | fbff ffff 

  0x000001b4b93842fc: ;   {static_stub}
  0x000001b4b93842fc: 9048 bb00 | 0000 0000 

  0x000001b4b9384304: ;   {runtime_call nmethod}
  0x000001b4b9384304: 0000 00e9 | fbff ffff 

  0x000001b4b938430c: ;   {static_stub}
  0x000001b4b938430c: 9048 bb00 | 0000 0000 

  0x000001b4b9384314: ;   {runtime_call nmethod}
  0x000001b4b9384314: 0000 00e9 | fbff ffff 

  0x000001b4b938431c: ;   {static_stub}
  0x000001b4b938431c: 9048 bb00 | 0000 0000 

  0x000001b4b9384324: ;   {runtime_call nmethod}
  0x000001b4b9384324: 0000 00e9 | fbff ffff 

  0x000001b4b938432c: ;   {static_stub}
  0x000001b4b938432c: 9048 bb00 | 0000 0000 

  0x000001b4b9384334: ;   {runtime_call nmethod}
  0x000001b4b9384334: 0000 00e9 | fbff ffff 

  0x000001b4b938433c: ;   {static_stub}
  0x000001b4b938433c: 9048 bb00 | 0000 0000 

  0x000001b4b9384344: ;   {runtime_call nmethod}
  0x000001b4b9384344: 0000 00e9 | fbff ffff 

  0x000001b4b938434c: ;   {static_stub}
  0x000001b4b938434c: 9048 bb00 | 0000 0000 

  0x000001b4b9384354: ;   {runtime_call nmethod}
  0x000001b4b9384354: 0000 00e9 | fbff ffff 

  0x000001b4b938435c: ;   {static_stub}
  0x000001b4b938435c: 48bb 0000 | 0000 0000 

  0x000001b4b9384364: ;   {runtime_call nmethod}
  0x000001b4b9384364: 0000 e9fb 

  0x000001b4b9384368: ;   {static_stub}
  0x000001b4b9384368: ffff ff48 | bb00 0000 | 0000 0000 

  0x000001b4b9384374: ;   {runtime_call nmethod}
  0x000001b4b9384374: 00e9 fbff 

  0x000001b4b9384378: ;   {static_stub}
  0x000001b4b9384378: ffff 48bb | 0000 0000 | 0000 0000 

  0x000001b4b9384384: ;   {runtime_call nmethod}
  0x000001b4b9384384: e9fb ffff 

  0x000001b4b9384388: ;   {static_stub}
  0x000001b4b9384388: ff48 bb00 | 0000 0000 

  0x000001b4b9384390: ;   {runtime_call nmethod}
  0x000001b4b9384390: 0000 00e9 | fbff ffff 

  0x000001b4b9384398: ;   {static_stub}
  0x000001b4b9384398: 48bb 0000 | 0000 0000 

  0x000001b4b93843a0: ;   {runtime_call nmethod}
  0x000001b4b93843a0: 0000 e9fb 

  0x000001b4b93843a4: ;   {static_stub}
  0x000001b4b93843a4: ffff ff48 | bb00 0000 | 0000 0000 

  0x000001b4b93843b0: ;   {runtime_call nmethod}
  0x000001b4b93843b0: 00e9 fbff 

  0x000001b4b93843b4: ;   {static_stub}
  0x000001b4b93843b4: ffff 48bb | 00e7 46e8 | b401 0000 

  0x000001b4b93843c0: ;   {runtime_call I2C/C2I adapters}
  0x000001b4b93843c0: e9a6 6ac6 

  0x000001b4b93843c4: ;   {static_stub}
  0x000001b4b93843c4: 0f48 bb00 | 0000 0000 

  0x000001b4b93843cc: ;   {runtime_call nmethod}
  0x000001b4b93843cc: 0000 00e9 | fbff ffff 

  0x000001b4b93843d4: ;   {static_stub}
  0x000001b4b93843d4: 48bb e0e0 | 04e8 b401 

  0x000001b4b93843dc: ;   {runtime_call I2C/C2I adapters}
  0x000001b4b93843dc: 0000 e912 

  0x000001b4b93843e0: ;   {runtime_call handle_exception_from_callee Runtime1 stub}
  0x000001b4b93843e0: e2c5 0fe8 | 9803 d30f 

  0x000001b4b93843e8: ;   {external_word}
  0x000001b4b93843e8: 48b9 5063 | afef fc7f | 0000 4883 

  0x000001b4b93843f4: ;   {runtime_call}
  0x000001b4b93843f4: e4f0 48b8 | c0c9 71ef | fc7f 0000 

  0x000001b4b9384400: ;   {section_word}
  0x000001b4b9384400: ffd0 f449 | ba03 4438 | b9b4 0100 

  0x000001b4b938440c: ;   {runtime_call DeoptimizationBlob}
  0x000001b4b938440c: 0041 52e9 | 0c03 c70f | f4f4 f4f4 
[/MachCode]


---------------  P R O C E S S  ---------------

Threads class SMR info:
_java_thread_list=0x000001b52e421720, length=242, elements={
0x000001b4b614e850, 0x000001b4e7359410, 0x000001b4e735a070, 0x000001b4e735cae0,
0x000001b4e735f550, 0x000001b4e735ffb0, 0x000001b4e7360a10, 0x000001b4e73617a0,
0x000001b4e7368270, 0x000001b4e756a700, 0x000001b4e75e3200, 0x000001b4e775f140,
0x000001b4e7ebd380, 0x000001b4e760ff70, 0x000001b52e419870, 0x000001b4e78ba3c0,
0x000001b4e784a6a0, 0x000001b52d3b5f10, 0x000001b52d3b6c30, 0x000001b52d3b9390,
0x000001b52d3b8670, 0x000001b52d3b8d00, 0x000001b52d3b65a0, 0x000001b52d3b7950,
0x000001b52fa13a00, 0x000001b52fa14090, 0x000001b52fa15440, 0x000001b52fa15ad0,
0x000001b52fa14720, 0x000001b52fa18f50, 0x000001b52fa19c70, 0x000001b52fa16e80,
0x000001b52fa1a990, 0x000001b52fa1a300, 0x000001b52fa195e0, 0x000001b52fa17ba0,
0x000001b52fa188c0, 0x000001b52fa1b020, 0x000001b531258140, 0x000001b5312587d0,
0x000001b531258e60, 0x000001b5312594f0, 0x000001b531256070, 0x000001b531256700,
0x000001b531259b80, 0x000001b53125a210, 0x000001b531256d90, 0x000001b531257420,
0x000001b531257ab0, 0x000001b53125c2e0, 0x000001b53125d000, 0x000001b53125a8a0,
0x000001b53125d690, 0x000001b53125c970, 0x000001b53125af30, 0x000001b53125b5c0,
0x000001b53125bc50, 0x000001b5310f86e0, 0x000001b5310f8d70, 0x000001b5310f6ca0,
0x000001b5310fa120, 0x000001b5310f9400, 0x000001b5310fa7b0, 0x000001b5310f9a90,
0x000001b5310f8050, 0x000001b5310f7330, 0x000001b5310fae40, 0x000001b5310f79c0,
0x000001b5310fd5a0, 0x000001b5310fcf10, 0x000001b5310fdc30, 0x000001b5310fe2c0,
0x000001b5310fb4d0, 0x000001b5310fbb60, 0x000001b5310fc1f0, 0x000001b5310fc880,
0x000001b530386fe0, 0x000001b53038aaf0, 0x000001b53038a460, 0x000001b530388390,
0x000001b5303890b0, 0x000001b530387670, 0x000001b530388a20, 0x000001b53038b180,
0x000001b530389740, 0x000001b530387d00, 0x000001b53038b810, 0x000001b53038bea0,
0x000001b53038c530, 0x000001b53038cbc0, 0x000001b530389dd0, 0x000001b52e8b7b30,
0x000001b52e8b8850, 0x000001b52e8b6780, 0x000001b52e8b6e10, 0x000001b52e8bd710,
0x000001b52e8bafb0, 0x000001b52e8ba920, 0x000001b52e8bbcd0, 0x000001b52e8bc360,
0x000001b52e8bc9f0, 0x000001b52e8bdda0, 0x000001b52e8bb640, 0x000001b52e8bd080,
0x000001b53038d250, 0x000001b53038d8e0, 0x000001b53038e600, 0x000001b53038df70,
0x000001b52d3b72c0, 0x000001b52f1ae4f0, 0x000001b52f1aeb80, 0x000001b52f1b0c50,
0x000001b52f1aff30, 0x000001b52f1ade60, 0x000001b52f1b12e0, 0x000001b52f1af8a0,
0x000001b52f1b1970, 0x000001b52f1b2000, 0x000001b52f1b2690, 0x000001b52f1b2d20,
0x000001b52f1b3a40, 0x000001b52f1b33b0, 0x000001b52f1b05c0, 0x000001b52f1b4760,
0x000001b52f1b40d0, 0x000001b52f1b4df0, 0x000001b52f1b5480, 0x000001b52e775a60,
0x000001b52e776780, 0x000001b52e776e10, 0x000001b52e774d40, 0x000001b52e7774a0,
0x000001b52e774020, 0x000001b52e777b30, 0x000001b52e7753d0, 0x000001b52e7746b0,
0x000001b52e7781c0, 0x000001b52e778850, 0x000001b52e778ee0, 0x000001b52e779570,
0x000001b52e7760f0, 0x000001b52e77a920, 0x000001b52e77a290, 0x000001b52e779c00,
0x000001b52e77b640, 0x000001b52e77afb0, 0x000001b53122a280, 0x000001b531229bf0,
0x000001b531227b20, 0x000001b531229560, 0x000001b531228840, 0x000001b5312281b0,
0x000001b531228ed0, 0x000001b53122a910, 0x000001b531227490, 0x000001b53122d070,
0x000001b53122c9e0, 0x000001b53122d700, 0x000001b53122dd90, 0x000001b53122c350,
0x000001b53122afa0, 0x000001b53122e420, 0x000001b53122eab0, 0x000001b53122b630,
0x000001b53122bcc0, 0x000001b531cfc340, 0x000001b531cfbcb0, 0x000001b531cfd060,
0x000001b531cfe410, 0x000001b531cfc9d0, 0x000001b531cfdd80, 0x000001b531cfb620,
0x000001b531d004e0, 0x000001b531d00b70, 0x000001b531cfeaa0, 0x000001b531cff7c0,
0x000001b531cfd6f0, 0x000001b531d025b0, 0x000001b531d01200, 0x000001b531cff130,
0x000001b531d01f20, 0x000001b531d01890, 0x000001b531d02c40, 0x000001b531d032d0,
0x000001b531cffe50, 0x000001b531d05a30, 0x000001b531d03ff0, 0x000001b531d053a0,
0x000001b531d04680, 0x000001b531d04d10, 0x000001b531d060c0, 0x000001b531d06750,
0x000001b531d06de0, 0x000001b531d03960, 0x000001b531d08eb0, 0x000001b531d0a8f0,
0x000001b531d09bd0, 0x000001b531d0a260, 0x000001b531d08820, 0x000001b531d09540,
0x000001b531d07b00, 0x000001b531d07470, 0x000001b530cf2220, 0x000001b530cf35d0,
0x000001b530cf1b90, 0x000001b530cf1500, 0x000001b530cf2f40, 0x000001b530cf28b0,
0x000001b530cf5010, 0x000001b530cf42f0, 0x000001b530cf4980, 0x000001b530cf56a0,
0x000001b530cf5d30, 0x000001b530cf6a50, 0x000001b530cf63c0, 0x000001b530cf70e0,
0x000001b530cf3c60, 0x000001b530cf9840, 0x000001b530cf7e00, 0x000001b530cf9ed0,
0x000001b530cf8b20, 0x000001b530cf7770, 0x000001b530cfb280, 0x000001b530cfabf0,
0x000001b530cf91b0, 0x000001b530cfa560, 0x000001b530cfb910, 0x000001b530cf8490,
0x000001b530cfd9e0, 0x000001b530cfe700, 0x000001b530cfbfa0, 0x000001b530cfed90,
0x000001b530cfe070, 0x000001b530cfc630, 0x000001b530cff420, 0x000001b530cffab0,
0x000001b530d00140, 0x000001b533876060, 0x000001b533874bf0, 0x000001b533877ba0,
0x000001b530cfd350, 0x000001b5332f9450
}

Java Threads: ( => current thread )
  0x000001b4b614e850 JavaThread "main"                              [_thread_blocked, id=34588, stack(0x0000009578200000,0x0000009578300000) (1024K)]
  0x000001b4e7359410 JavaThread "Reference Handler"          daemon [_thread_blocked, id=34912, stack(0x0000009578a00000,0x0000009578b00000) (1024K)]
  0x000001b4e735a070 JavaThread "Finalizer"                  daemon [_thread_blocked, id=34916, stack(0x0000009578b00000,0x0000009578c00000) (1024K)]
  0x000001b4e735cae0 JavaThread "Signal Dispatcher"          daemon [_thread_blocked, id=34920, stack(0x0000009578c00000,0x0000009578d00000) (1024K)]
  0x000001b4e735f550 JavaThread "Attach Listener"            daemon [_thread_blocked, id=34924, stack(0x0000009578d00000,0x0000009578e00000) (1024K)]
  0x000001b4e735ffb0 JavaThread "Service Thread"             daemon [_thread_blocked, id=34928, stack(0x0000009578e00000,0x0000009578f00000) (1024K)]
  0x000001b4e7360a10 JavaThread "Monitor Deflation Thread"   daemon [_thread_blocked, id=34936, stack(0x0000009578f00000,0x0000009579000000) (1024K)]
  0x000001b4e73617a0 JavaThread "C2 CompilerThread0"         daemon [_thread_blocked, id=34944, stack(0x0000009579000000,0x0000009579100000) (1024K)]
  0x000001b4e7368270 JavaThread "C1 CompilerThread0"         daemon [_thread_blocked, id=34948, stack(0x0000009579100000,0x0000009579200000) (1024K)]
  0x000001b4e756a700 JavaThread "Common-Cleaner"             daemon [_thread_blocked, id=35000, stack(0x0000009579300000,0x0000009579400000) (1024K)]
  0x000001b4e75e3200 JavaThread "Notification Thread"        daemon [_thread_blocked, id=35120, stack(0x0000009579400000,0x0000009579500000) (1024K)]
  0x000001b4e775f140 JavaThread "Daemon health stats"               [_thread_blocked, id=36728, stack(0x0000009579d00000,0x0000009579e00000) (1024K)]
  0x000001b4e7ebd380 JavaThread "Incoming local TCP Connector on port 42919"        [_thread_in_native, id=5840, stack(0x0000009579a00000,0x0000009579b00000) (1024K)]
  0x000001b4e760ff70 JavaThread "Daemon periodic checks"            [_thread_blocked, id=36260, stack(0x0000009579e00000,0x0000009579f00000) (1024K)]
  0x000001b52e419870 JavaThread "Daemon"                            [_thread_blocked, id=12216, stack(0x0000009579f00000,0x000000957a000000) (1024K)]
  0x000001b4e78ba3c0 JavaThread "Handler for socket connection from /127.0.0.1:42919 to /127.0.0.1:42920"        [_thread_in_native, id=12804, stack(0x000000957a000000,0x000000957a100000) (1024K)]
  0x000001b4e784a6a0 JavaThread "Cancel handler"                    [_thread_blocked, id=35512, stack(0x000000957a100000,0x000000957a200000) (1024K)]
=>0x000001b52d3b5f10 JavaThread "Daemon worker"                     [_thread_in_vm, id=28160, stack(0x000000957a200000,0x000000957a300000) (1024K)]
  0x000001b52d3b6c30 JavaThread "Asynchronous log dispatcher for DefaultDaemonConnection: socket connection from /127.0.0.1:42919 to /127.0.0.1:42920"        [_thread_blocked, id=5260, stack(0x000000957a300000,0x000000957a400000) (1024K)]
  0x000001b52d3b9390 JavaThread "Stdin handler"                     [_thread_blocked, id=26772, stack(0x000000957a400000,0x000000957a500000) (1024K)]
  0x000001b52d3b8670 JavaThread "Daemon client event forwarder"        [_thread_blocked, id=2088, stack(0x000000957a500000,0x000000957a600000) (1024K)]
  0x000001b52d3b8d00 JavaThread "Cache worker for journal cache (C:\Users\AJI\.gradle\caches\journal-1)"        [_thread_blocked, id=37328, stack(0x000000957af00000,0x000000957b000000) (1024K)]
  0x000001b52d3b65a0 JavaThread "File lock request listener"        [_thread_in_native, id=37336, stack(0x000000957b000000,0x000000957b100000) (1024K)]
  0x000001b52d3b7950 JavaThread "Cache worker for file hash cache (C:\Users\AJI\.gradle\caches\9.1.0\fileHashes)"        [_thread_blocked, id=36056, stack(0x0000009579b00000,0x0000009579c00000) (1024K)]
  0x000001b52fa13a00 JavaThread "Cache worker for file hash cache (C:\Users\AJI\Documents\Gostriders\gostriders\android\.gradle\9.1.0\fileHashes)"        [_thread_blocked, id=8268, stack(0x000000957b300000,0x000000957b400000) (1024K)]
  0x000001b52fa14090 JavaThread "Cache worker for Build Output Cleanup Cache (C:\Users\AJI\Documents\Gostriders\gostriders\android\.gradle\buildOutputCleanup)"        [_thread_blocked, id=40080, stack(0x000000957b400000,0x000000957b500000) (1024K)]
  0x000001b52fa15440 JavaThread "File watcher server"        daemon [_thread_in_native, id=27856, stack(0x000000957b500000,0x000000957b600000) (1024K)]
  0x000001b52fa15ad0 JavaThread "File watcher consumer"      daemon [_thread_blocked, id=40864, stack(0x000000957b600000,0x000000957b700000) (1024K)]
  0x000001b52fa14720 JavaThread "Cache worker for checksums cache (C:\Users\AJI\Documents\Gostriders\gostriders\android\.gradle\9.1.0\checksums)"        [_thread_blocked, id=5360, stack(0x000000957b700000,0x000000957b800000) (1024K)]
  0x000001b52fa18f50 JavaThread "Cache worker for file content cache (C:\Users\AJI\.gradle\caches\9.1.0\fileContent)"        [_thread_blocked, id=31296, stack(0x000000957b800000,0x000000957b900000) (1024K)]
  0x000001b52fa19c70 JavaThread "Cache worker for cache directory md-supplier (C:\Users\AJI\.gradle\caches\9.1.0\md-supplier)"        [_thread_blocked, id=40700, stack(0x000000957b900000,0x000000957ba00000) (1024K)]
  0x000001b52fa16e80 JavaThread "Cache worker for cache directory md-rule (C:\Users\AJI\.gradle\caches\9.1.0\md-rule)"        [_thread_blocked, id=40696, stack(0x000000957ba00000,0x000000957bb00000) (1024K)]
  0x000001b52fa1a990 JavaThread "Cache worker for Build Output Cleanup Cache (C:\Users\AJI\develop\flutter\packages\flutter_tools\gradle\.gradle\buildOutputCleanup)"        [_thread_blocked, id=47352, stack(0x000000957bc00000,0x000000957bd00000) (1024K)]
  0x000001b52fa1a300 JavaThread "Unconstrained build operations"        [_thread_blocked, id=43268, stack(0x0000009578100000,0x0000009578200000) (1024K)]
  0x000001b52fa195e0 JavaThread "Unconstrained build operations Thread 2"        [_thread_blocked, id=57132, stack(0x000000957bb00000,0x000000957bc00000) (1024K)]
  0x000001b52fa17ba0 JavaThread "Unconstrained build operations Thread 3"        [_thread_blocked, id=37904, stack(0x000000957bd00000,0x000000957be00000) (1024K)]
  0x000001b52fa188c0 JavaThread "Unconstrained build operations Thread 4"        [_thread_blocked, id=57024, stack(0x000000957be00000,0x000000957bf00000) (1024K)]
  0x000001b52fa1b020 JavaThread "Unconstrained build operations Thread 5"        [_thread_blocked, id=57112, stack(0x000000957bf00000,0x000000957c000000) (1024K)]
  0x000001b531258140 JavaThread "Unconstrained build operations Thread 6"        [_thread_blocked, id=52412, stack(0x000000957c000000,0x000000957c100000) (1024K)]
  0x000001b5312587d0 JavaThread "Unconstrained build operations Thread 7"        [_thread_blocked, id=57052, stack(0x000000957c100000,0x000000957c200000) (1024K)]
  0x000001b531258e60 JavaThread "Unconstrained build operations Thread 8"        [_thread_blocked, id=55200, stack(0x000000957c200000,0x000000957c300000) (1024K)]
  0x000001b5312594f0 JavaThread "Unconstrained build operations Thread 9"        [_thread_blocked, id=55692, stack(0x000000957c300000,0x000000957c400000) (1024K)]
  0x000001b531256070 JavaThread "Unconstrained build operations Thread 10"        [_thread_blocked, id=57028, stack(0x000000957c400000,0x000000957c500000) (1024K)]
  0x000001b531256700 JavaThread "Unconstrained build operations Thread 11"        [_thread_blocked, id=57032, stack(0x000000957c500000,0x000000957c600000) (1024K)]
  0x000001b531259b80 JavaThread "Unconstrained build operations Thread 12"        [_thread_blocked, id=56596, stack(0x000000957c600000,0x000000957c700000) (1024K)]
  0x000001b53125a210 JavaThread "Unconstrained build operations Thread 13"        [_thread_blocked, id=52516, stack(0x000000957c700000,0x000000957c800000) (1024K)]
  0x000001b531256d90 JavaThread "Unconstrained build operations Thread 14"        [_thread_blocked, id=56744, stack(0x000000957c800000,0x000000957c900000) (1024K)]
  0x000001b531257420 JavaThread "Unconstrained build operations Thread 15"        [_thread_blocked, id=57116, stack(0x000000957c900000,0x000000957ca00000) (1024K)]
  0x000001b531257ab0 JavaThread "Unconstrained build operations Thread 16"        [_thread_blocked, id=57108, stack(0x000000957ca00000,0x000000957cb00000) (1024K)]
  0x000001b53125c2e0 JavaThread "Unconstrained build operations Thread 17"        [_thread_blocked, id=54944, stack(0x000000957cb00000,0x000000957cc00000) (1024K)]
  0x000001b53125d000 JavaThread "Unconstrained build operations Thread 18"        [_thread_blocked, id=39984, stack(0x000000957cc00000,0x000000957cd00000) (1024K)]
  0x000001b53125a8a0 JavaThread "Unconstrained build operations Thread 19"        [_thread_blocked, id=45484, stack(0x000000957cd00000,0x000000957ce00000) (1024K)]
  0x000001b53125d690 JavaThread "Unconstrained build operations Thread 20"        [_thread_blocked, id=59724, stack(0x0000009578000000,0x0000009578100000) (1024K)]
  0x000001b53125c970 JavaThread "Unconstrained build operations Thread 21"        [_thread_blocked, id=59728, stack(0x000000957ce00000,0x000000957cf00000) (1024K)]
  0x000001b53125af30 JavaThread "Unconstrained build operations Thread 22"        [_thread_blocked, id=59744, stack(0x000000957cf00000,0x000000957d000000) (1024K)]
  0x000001b53125b5c0 JavaThread "Unconstrained build operations Thread 23"        [_thread_blocked, id=59756, stack(0x000000957d000000,0x000000957d100000) (1024K)]
  0x000001b53125bc50 JavaThread "Unconstrained build operations Thread 24"        [_thread_blocked, id=59760, stack(0x000000957d100000,0x000000957d200000) (1024K)]
  0x000001b5310f86e0 JavaThread "Unconstrained build operations Thread 25"        [_thread_blocked, id=59768, stack(0x000000957d200000,0x000000957d300000) (1024K)]
  0x000001b5310f8d70 JavaThread "Unconstrained build operations Thread 26"        [_thread_blocked, id=59848, stack(0x000000957d300000,0x000000957d400000) (1024K)]
  0x000001b5310f6ca0 JavaThread "Unconstrained build operations Thread 27"        [_thread_blocked, id=59852, stack(0x000000957d400000,0x000000957d500000) (1024K)]
  0x000001b5310fa120 JavaThread "Unconstrained build operations Thread 28"        [_thread_blocked, id=59856, stack(0x000000957d500000,0x000000957d600000) (1024K)]
  0x000001b5310f9400 JavaThread "Unconstrained build operations Thread 29"        [_thread_blocked, id=59860, stack(0x000000957d600000,0x000000957d700000) (1024K)]
  0x000001b5310fa7b0 JavaThread "Unconstrained build operations Thread 30"        [_thread_blocked, id=59864, stack(0x000000957d700000,0x000000957d800000) (1024K)]
  0x000001b5310f9a90 JavaThread "Unconstrained build operations Thread 31"        [_thread_blocked, id=59872, stack(0x000000957d800000,0x000000957d900000) (1024K)]
  0x000001b5310f8050 JavaThread "Unconstrained build operations Thread 32"        [_thread_blocked, id=59876, stack(0x000000957d900000,0x000000957da00000) (1024K)]
  0x000001b5310f7330 JavaThread "Unconstrained build operations Thread 33"        [_thread_blocked, id=59880, stack(0x000000957da00000,0x000000957db00000) (1024K)]
  0x000001b5310fae40 JavaThread "Unconstrained build operations Thread 34"        [_thread_blocked, id=59888, stack(0x000000957db00000,0x000000957dc00000) (1024K)]
  0x000001b5310f79c0 JavaThread "Unconstrained build operations Thread 35"        [_thread_blocked, id=59900, stack(0x000000957dc00000,0x000000957dd00000) (1024K)]
  0x000001b5310fd5a0 JavaThread "Unconstrained build operations Thread 36"        [_thread_blocked, id=59912, stack(0x000000957dd00000,0x000000957de00000) (1024K)]
  0x000001b5310fcf10 JavaThread "Unconstrained build operations Thread 37"        [_thread_blocked, id=59916, stack(0x000000957de00000,0x000000957df00000) (1024K)]
  0x000001b5310fdc30 JavaThread "Unconstrained build operations Thread 38"        [_thread_blocked, id=59920, stack(0x000000957df00000,0x000000957e000000) (1024K)]
  0x000001b5310fe2c0 JavaThread "Unconstrained build operations Thread 39"        [_thread_blocked, id=60004, stack(0x000000957e000000,0x000000957e100000) (1024K)]
  0x000001b5310fb4d0 JavaThread "Unconstrained build operations Thread 40"        [_thread_blocked, id=60008, stack(0x000000957e100000,0x000000957e200000) (1024K)]
  0x000001b5310fbb60 JavaThread "Unconstrained build operations Thread 41"        [_thread_blocked, id=60012, stack(0x000000957e200000,0x000000957e300000) (1024K)]
  0x000001b5310fc1f0 JavaThread "Unconstrained build operations Thread 42"        [_thread_blocked, id=60016, stack(0x000000957e300000,0x000000957e400000) (1024K)]
  0x000001b5310fc880 JavaThread "Unconstrained build operations Thread 43"        [_thread_blocked, id=60020, stack(0x000000957e400000,0x000000957e500000) (1024K)]
  0x000001b530386fe0 JavaThread "Unconstrained build operations Thread 44"        [_thread_blocked, id=60024, stack(0x000000957e500000,0x000000957e600000) (1024K)]
  0x000001b53038aaf0 JavaThread "Unconstrained build operations Thread 45"        [_thread_blocked, id=60028, stack(0x000000957e600000,0x000000957e700000) (1024K)]
  0x000001b53038a460 JavaThread "Unconstrained build operations Thread 46"        [_thread_blocked, id=60036, stack(0x000000957e700000,0x000000957e800000) (1024K)]
  0x000001b530388390 JavaThread "Unconstrained build operations Thread 47"        [_thread_blocked, id=60040, stack(0x000000957e800000,0x000000957e900000) (1024K)]
  0x000001b5303890b0 JavaThread "Unconstrained build operations Thread 48"        [_thread_blocked, id=60044, stack(0x000000957e900000,0x000000957ea00000) (1024K)]
  0x000001b530387670 JavaThread "Unconstrained build operations Thread 49"        [_thread_blocked, id=60048, stack(0x000000957ea00000,0x000000957eb00000) (1024K)]
  0x000001b530388a20 JavaThread "Unconstrained build operations Thread 50"        [_thread_blocked, id=60052, stack(0x000000957eb00000,0x000000957ec00000) (1024K)]
  0x000001b53038b180 JavaThread "Unconstrained build operations Thread 51"        [_thread_blocked, id=60056, stack(0x000000957ec00000,0x000000957ed00000) (1024K)]
  0x000001b530389740 JavaThread "Unconstrained build operations Thread 52"        [_thread_blocked, id=60064, stack(0x000000957ed00000,0x000000957ee00000) (1024K)]
  0x000001b530387d00 JavaThread "Unconstrained build operations Thread 53"        [_thread_blocked, id=60068, stack(0x000000957ee00000,0x000000957ef00000) (1024K)]
  0x000001b53038b810 JavaThread "Unconstrained build operations Thread 54"        [_thread_blocked, id=60072, stack(0x000000957ef00000,0x000000957f000000) (1024K)]
  0x000001b53038bea0 JavaThread "Unconstrained build operations Thread 55"        [_thread_blocked, id=60076, stack(0x000000957f000000,0x000000957f100000) (1024K)]
  0x000001b53038c530 JavaThread "Unconstrained build operations Thread 56"        [_thread_blocked, id=60080, stack(0x000000957f100000,0x000000957f200000) (1024K)]
  0x000001b53038cbc0 JavaThread "Unconstrained build operations Thread 57"        [_thread_blocked, id=60084, stack(0x000000957f200000,0x000000957f300000) (1024K)]
  0x000001b530389dd0 JavaThread "Memory manager"                    [_thread_blocked, id=60400, stack(0x000000957f300000,0x000000957f400000) (1024K)]
  0x000001b52e8b7b30 JavaThread "build event listener"              [_thread_blocked, id=62804, stack(0x000000957fb00000,0x000000957fc00000) (1024K)]
  0x000001b52e8b8850 JavaThread "included builds"                   [_thread_blocked, id=74104, stack(0x000000957f500000,0x000000957f600000) (1024K)]
  0x000001b52e8b6780 JavaThread "Execution worker"                  [_thread_blocked, id=21052, stack(0x000000957f600000,0x000000957f700000) (1024K)]
  0x000001b52e8b6e10 JavaThread "Execution worker Thread 2"         [_thread_blocked, id=42796, stack(0x000000957f700000,0x000000957f800000) (1024K)]
  0x000001b52e8bd710 JavaThread "Execution worker Thread 3"         [_thread_blocked, id=58732, stack(0x000000957f800000,0x000000957f900000) (1024K)]
  0x000001b52e8bafb0 JavaThread "Execution worker Thread 4"         [_thread_blocked, id=77804, stack(0x000000957f900000,0x000000957fa00000) (1024K)]
  0x000001b52e8ba920 JavaThread "Execution worker Thread 5"         [_thread_blocked, id=2076, stack(0x000000957fa00000,0x000000957fb00000) (1024K)]
  0x000001b52e8bbcd0 JavaThread "Execution worker Thread 6"         [_thread_blocked, id=72460, stack(0x000000957fc00000,0x000000957fd00000) (1024K)]
  0x000001b52e8bc360 JavaThread "Execution worker Thread 7"         [_thread_blocked, id=74180, stack(0x000000957fd00000,0x000000957fe00000) (1024K)]
  0x000001b52e8bc9f0 JavaThread "Execution worker Thread 8"         [_thread_blocked, id=72076, stack(0x000000957fe00000,0x000000957ff00000) (1024K)]
  0x000001b52e8bdda0 JavaThread "Execution worker Thread 9"         [_thread_blocked, id=31980, stack(0x000000957ff00000,0x0000009580000000) (1024K)]
  0x000001b52e8bb640 JavaThread "Execution worker Thread 10"        [_thread_blocked, id=73932, stack(0x0000009500000000,0x0000009500100000) (1024K)]
  0x000001b52e8bd080 JavaThread "Execution worker Thread 11"        [_thread_blocked, id=72428, stack(0x0000009500100000,0x0000009500200000) (1024K)]
  0x000001b53038d250 JavaThread "Execution worker Thread 12"        [_thread_blocked, id=42008, stack(0x0000009500200000,0x0000009500300000) (1024K)]
  0x000001b53038d8e0 JavaThread "Execution worker Thread 13"        [_thread_blocked, id=72388, stack(0x0000009500300000,0x0000009500400000) (1024K)]
  0x000001b53038e600 JavaThread "Execution worker Thread 14"        [_thread_blocked, id=60636, stack(0x0000009500400000,0x0000009500500000) (1024K)]
  0x000001b53038df70 JavaThread "Execution worker Thread 15"        [_thread_blocked, id=73876, stack(0x0000009500500000,0x0000009500600000) (1024K)]
  0x000001b52d3b72c0 JavaThread "Execution worker Thread 16"        [_thread_blocked, id=30732, stack(0x0000009500600000,0x0000009500700000) (1024K)]
  0x000001b52f1ae4f0 JavaThread "Execution worker Thread 17"        [_thread_blocked, id=75828, stack(0x0000009500700000,0x0000009500800000) (1024K)]
  0x000001b52f1aeb80 JavaThread "Execution worker Thread 18"        [_thread_blocked, id=30348, stack(0x0000009500800000,0x0000009500900000) (1024K)]
  0x000001b52f1b0c50 JavaThread "Execution worker Thread 19"        [_thread_blocked, id=77248, stack(0x0000009500900000,0x0000009500a00000) (1024K)]
  0x000001b52f1aff30 JavaThread "Cache worker for execution history cache (C:\Users\AJI\develop\flutter\packages\flutter_tools\gradle\.gradle\9.1.0\executionHistory)"        [_thread_blocked, id=73840, stack(0x0000009500a00000,0x0000009500b00000) (1024K)]
  0x000001b52f1ade60 JavaThread "Unconstrained build operations Thread 58"        [_thread_blocked, id=76820, stack(0x0000009500d00000,0x0000009500e00000) (1024K)]
  0x000001b52f1b12e0 JavaThread "Unconstrained build operations Thread 59"        [_thread_blocked, id=76844, stack(0x0000009500e00000,0x0000009500f00000) (1024K)]
  0x000001b52f1af8a0 JavaThread "Unconstrained build operations Thread 60"        [_thread_blocked, id=76828, stack(0x0000009500f00000,0x0000009501000000) (1024K)]
  0x000001b52f1b1970 JavaThread "Unconstrained build operations Thread 61"        [_thread_blocked, id=4204, stack(0x0000009501000000,0x0000009501100000) (1024K)]
  0x000001b52f1b2000 JavaThread "Unconstrained build operations Thread 62"        [_thread_blocked, id=36972, stack(0x0000009501100000,0x0000009501200000) (1024K)]
  0x000001b52f1b2690 JavaThread "Unconstrained build operations Thread 63"        [_thread_blocked, id=46548, stack(0x0000009501200000,0x0000009501300000) (1024K)]
  0x000001b52f1b2d20 JavaThread "Unconstrained build operations Thread 64"        [_thread_blocked, id=75500, stack(0x0000009501300000,0x0000009501400000) (1024K)]
  0x000001b52f1b3a40 JavaThread "Unconstrained build operations Thread 65"        [_thread_blocked, id=74992, stack(0x0000009501400000,0x0000009501500000) (1024K)]
  0x000001b52f1b33b0 JavaThread "Unconstrained build operations Thread 66"        [_thread_blocked, id=72828, stack(0x0000009501500000,0x0000009501600000) (1024K)]
  0x000001b52f1b05c0 JavaThread "Unconstrained build operations Thread 67"        [_thread_blocked, id=77036, stack(0x0000009501600000,0x0000009501700000) (1024K)]
  0x000001b52f1b4760 JavaThread "Unconstrained build operations Thread 68"        [_thread_blocked, id=66968, stack(0x0000009501700000,0x0000009501800000) (1024K)]
  0x000001b52f1b40d0 JavaThread "Unconstrained build operations Thread 69"        [_thread_blocked, id=72816, stack(0x0000009501800000,0x0000009501900000) (1024K)]
  0x000001b52f1b4df0 JavaThread "Unconstrained build operations Thread 70"        [_thread_blocked, id=6440, stack(0x0000009501900000,0x0000009501a00000) (1024K)]
  0x000001b52f1b5480 JavaThread "Unconstrained build operations Thread 71"        [_thread_blocked, id=30932, stack(0x0000009501a00000,0x0000009501b00000) (1024K)]
  0x000001b52e775a60 JavaThread "Unconstrained build operations Thread 72"        [_thread_blocked, id=30380, stack(0x0000009501b00000,0x0000009501c00000) (1024K)]
  0x000001b52e776780 JavaThread "Unconstrained build operations Thread 73"        [_thread_blocked, id=73028, stack(0x0000009501c00000,0x0000009501d00000) (1024K)]
  0x000001b52e776e10 JavaThread "Unconstrained build operations Thread 74"        [_thread_blocked, id=73192, stack(0x0000009501d00000,0x0000009501e00000) (1024K)]
  0x000001b52e774d40 JavaThread "Unconstrained build operations Thread 75"        [_thread_blocked, id=76104, stack(0x0000009501e00000,0x0000009501f00000) (1024K)]
  0x000001b52e7774a0 JavaThread "Unconstrained build operations Thread 76"        [_thread_blocked, id=47332, stack(0x0000009501f00000,0x0000009502000000) (1024K)]
  0x000001b52e774020 JavaThread "Unconstrained build operations Thread 77"        [_thread_blocked, id=40644, stack(0x0000009500b00000,0x0000009500c00000) (1024K)]
  0x000001b52e777b30 JavaThread "Unconstrained build operations Thread 78"        [_thread_blocked, id=30920, stack(0x0000009502000000,0x0000009502100000) (1024K)]
  0x000001b52e7753d0 JavaThread "Unconstrained build operations Thread 79"        [_thread_blocked, id=75940, stack(0x0000009502100000,0x0000009502200000) (1024K)]
  0x000001b52e7746b0 JavaThread "Unconstrained build operations Thread 80"        [_thread_blocked, id=63728, stack(0x0000009502200000,0x0000009502300000) (1024K)]
  0x000001b52e7781c0 JavaThread "Unconstrained build operations Thread 81"        [_thread_blocked, id=68264, stack(0x0000009502300000,0x0000009502400000) (1024K)]
  0x000001b52e778850 JavaThread "Unconstrained build operations Thread 82"        [_thread_blocked, id=67400, stack(0x0000009502400000,0x0000009502500000) (1024K)]
  0x000001b52e778ee0 JavaThread "Unconstrained build operations Thread 83"        [_thread_blocked, id=8728, stack(0x0000009502500000,0x0000009502600000) (1024K)]
  0x000001b52e779570 JavaThread "Unconstrained build operations Thread 84"        [_thread_blocked, id=53900, stack(0x0000009502600000,0x0000009502700000) (1024K)]
  0x000001b52e7760f0 JavaThread "Unconstrained build operations Thread 85"        [_thread_blocked, id=73220, stack(0x0000009502700000,0x0000009502800000) (1024K)]
  0x000001b52e77a920 JavaThread "Unconstrained build operations Thread 86"        [_thread_blocked, id=77060, stack(0x0000009502800000,0x0000009502900000) (1024K)]
  0x000001b52e77a290 JavaThread "Unconstrained build operations Thread 87"        [_thread_blocked, id=60624, stack(0x0000009502900000,0x0000009502a00000) (1024K)]
  0x000001b52e779c00 JavaThread "Unconstrained build operations Thread 88"        [_thread_blocked, id=76452, stack(0x0000009502a00000,0x0000009502b00000) (1024K)]
  0x000001b52e77b640 JavaThread "Unconstrained build operations Thread 89"        [_thread_blocked, id=57088, stack(0x0000009502b00000,0x0000009502c00000) (1024K)]
  0x000001b52e77afb0 JavaThread "Unconstrained build operations Thread 90"        [_thread_blocked, id=6392, stack(0x0000009502c00000,0x0000009502d00000) (1024K)]
  0x000001b53122a280 JavaThread "File lock release action executor Thread 9"        [_thread_blocked, id=77560, stack(0x0000009502d00000,0x0000009502e00000) (1024K)]
  0x000001b531229bf0 JavaThread "Unconstrained build operations Thread 91"        [_thread_blocked, id=51160, stack(0x0000009500c00000,0x0000009500d00000) (1024K)]
  0x000001b531227b20 JavaThread "Unconstrained build operations Thread 92"        [_thread_blocked, id=51168, stack(0x0000009502e00000,0x0000009502f00000) (1024K)]
  0x000001b531229560 JavaThread "Unconstrained build operations Thread 93"        [_thread_blocked, id=51176, stack(0x0000009503000000,0x0000009503100000) (1024K)]
  0x000001b531228840 JavaThread "Unconstrained build operations Thread 94"        [_thread_blocked, id=51180, stack(0x0000009503100000,0x0000009503200000) (1024K)]
  0x000001b5312281b0 JavaThread "Unconstrained build operations Thread 95"        [_thread_blocked, id=51188, stack(0x0000009503200000,0x0000009503300000) (1024K)]
  0x000001b531228ed0 JavaThread "Unconstrained build operations Thread 96"        [_thread_blocked, id=52132, stack(0x0000009503300000,0x0000009503400000) (1024K)]
  0x000001b53122a910 JavaThread "Unconstrained build operations Thread 97"        [_thread_blocked, id=52144, stack(0x0000009503400000,0x0000009503500000) (1024K)]
  0x000001b531227490 JavaThread "Unconstrained build operations Thread 98"        [_thread_blocked, id=52148, stack(0x0000009503500000,0x0000009503600000) (1024K)]
  0x000001b53122d070 JavaThread "Unconstrained build operations Thread 99"        [_thread_blocked, id=52152, stack(0x0000009503600000,0x0000009503700000) (1024K)]
  0x000001b53122c9e0 JavaThread "Unconstrained build operations Thread 100"        [_thread_blocked, id=52156, stack(0x0000009503700000,0x0000009503800000) (1024K)]
  0x000001b53122d700 JavaThread "Unconstrained build operations Thread 101"        [_thread_blocked, id=52184, stack(0x0000009503800000,0x0000009503900000) (1024K)]
  0x000001b53122dd90 JavaThread "Unconstrained build operations Thread 102"        [_thread_blocked, id=52212, stack(0x0000009503900000,0x0000009503a00000) (1024K)]
  0x000001b53122c350 JavaThread "Unconstrained build operations Thread 103"        [_thread_blocked, id=52216, stack(0x0000009503a00000,0x0000009503b00000) (1024K)]
  0x000001b53122afa0 JavaThread "Unconstrained build operations Thread 104"        [_thread_blocked, id=52116, stack(0x0000009503b00000,0x0000009503c00000) (1024K)]
  0x000001b53122e420 JavaThread "Unconstrained build operations Thread 105"        [_thread_blocked, id=50944, stack(0x0000009503c00000,0x0000009503d00000) (1024K)]
  0x000001b53122eab0 JavaThread "Unconstrained build operations Thread 106"        [_thread_blocked, id=52120, stack(0x0000009503d00000,0x0000009503e00000) (1024K)]
  0x000001b53122b630 JavaThread "Unconstrained build operations Thread 107"        [_thread_blocked, id=39756, stack(0x0000009503e00000,0x0000009503f00000) (1024K)]
  0x000001b53122bcc0 JavaThread "Unconstrained build operations Thread 108"        [_thread_blocked, id=47984, stack(0x0000009503f00000,0x0000009504000000) (1024K)]
  0x000001b531cfc340 JavaThread "Unconstrained build operations Thread 109"        [_thread_blocked, id=45364, stack(0x0000009504000000,0x0000009504100000) (1024K)]
  0x000001b531cfbcb0 JavaThread "Unconstrained build operations Thread 110"        [_thread_blocked, id=60828, stack(0x0000009504100000,0x0000009504200000) (1024K)]
  0x000001b531cfd060 JavaThread "Unconstrained build operations Thread 111"        [_thread_blocked, id=60832, stack(0x0000009504200000,0x0000009504300000) (1024K)]
  0x000001b531cfe410 JavaThread "Unconstrained build operations Thread 112"        [_thread_blocked, id=55800, stack(0x0000009504300000,0x0000009504400000) (1024K)]
  0x000001b531cfc9d0 JavaThread "Unconstrained build operations Thread 113"        [_thread_blocked, id=70672, stack(0x0000009504400000,0x0000009504500000) (1024K)]
  0x000001b531cfdd80 JavaThread "Unconstrained build operations Thread 114"        [_thread_blocked, id=55140, stack(0x0000009504500000,0x0000009504600000) (1024K)]
  0x000001b531cfb620 JavaThread "Unconstrained build operations Thread 115"        [_thread_blocked, id=77748, stack(0x0000009504600000,0x0000009504700000) (1024K)]
  0x000001b531d004e0 JavaThread "Unconstrained build operations Thread 116"        [_thread_blocked, id=55128, stack(0x0000009504700000,0x0000009504800000) (1024K)]
  0x000001b531d00b70 JavaThread "Unconstrained build operations Thread 117"        [_thread_blocked, id=77732, stack(0x0000009504800000,0x0000009504900000) (1024K)]
  0x000001b531cfeaa0 JavaThread "Unconstrained build operations Thread 118"        [_thread_blocked, id=72232, stack(0x0000009504900000,0x0000009504a00000) (1024K)]
  0x000001b531cff7c0 JavaThread "Unconstrained build operations Thread 119"        [_thread_blocked, id=50520, stack(0x0000009504a00000,0x0000009504b00000) (1024K)]
  0x000001b531cfd6f0 JavaThread "Unconstrained build operations Thread 120"        [_thread_blocked, id=72268, stack(0x0000009504b00000,0x0000009504c00000) (1024K)]
  0x000001b531d025b0 JavaThread "Unconstrained build operations Thread 121"        [_thread_blocked, id=77708, stack(0x0000009504c00000,0x0000009504d00000) (1024K)]
  0x000001b531d01200 JavaThread "Unconstrained build operations Thread 122"        [_thread_blocked, id=60184, stack(0x0000009504d00000,0x0000009504e00000) (1024K)]
  0x000001b531cff130 JavaThread "Unconstrained build operations Thread 123"        [_thread_blocked, id=76948, stack(0x0000009504e00000,0x0000009504f00000) (1024K)]
  0x000001b531d01f20 JavaThread "Unconstrained build operations Thread 124"        [_thread_blocked, id=77276, stack(0x0000009504f00000,0x0000009505000000) (1024K)]
  0x000001b531d01890 JavaThread "Unconstrained build operations Thread 125"        [_thread_blocked, id=77492, stack(0x0000009505000000,0x0000009505100000) (1024K)]
  0x000001b531d02c40 JavaThread "Unconstrained build operations Thread 126"        [_thread_blocked, id=77604, stack(0x0000009505100000,0x0000009505200000) (1024K)]
  0x000001b531d032d0 JavaThread "Unconstrained build operations Thread 127"        [_thread_blocked, id=72700, stack(0x0000009505200000,0x0000009505300000) (1024K)]
  0x000001b531cffe50 JavaThread "Unconstrained build operations Thread 128"        [_thread_blocked, id=77628, stack(0x0000009505300000,0x0000009505400000) (1024K)]
  0x000001b531d05a30 JavaThread "Unconstrained build operations Thread 129"        [_thread_blocked, id=77564, stack(0x0000009505400000,0x0000009505500000) (1024K)]
  0x000001b531d03ff0 JavaThread "Unconstrained build operations Thread 130"        [_thread_blocked, id=72396, stack(0x0000009505500000,0x0000009505600000) (1024K)]
  0x000001b531d053a0 JavaThread "Unconstrained build operations Thread 131"        [_thread_blocked, id=54276, stack(0x0000009505600000,0x0000009505700000) (1024K)]
  0x000001b531d04680 JavaThread "Unconstrained build operations Thread 132"        [_thread_blocked, id=22224, stack(0x0000009505700000,0x0000009505800000) (1024K)]
  0x000001b531d04d10 JavaThread "Unconstrained build operations Thread 133"        [_thread_blocked, id=44684, stack(0x0000009505800000,0x0000009505900000) (1024K)]
  0x000001b531d060c0 JavaThread "Unconstrained build operations Thread 134"        [_thread_blocked, id=33224, stack(0x0000009505900000,0x0000009505a00000) (1024K)]
  0x000001b531d06750 JavaThread "Unconstrained build operations Thread 135"        [_thread_blocked, id=60436, stack(0x0000009505a00000,0x0000009505b00000) (1024K)]
  0x000001b531d06de0 JavaThread "Unconstrained build operations Thread 136"        [_thread_blocked, id=67944, stack(0x0000009505b00000,0x0000009505c00000) (1024K)]
  0x000001b531d03960 JavaThread "Unconstrained build operations Thread 137"        [_thread_blocked, id=58696, stack(0x0000009505c00000,0x0000009505d00000) (1024K)]
  0x000001b531d08eb0 JavaThread "Unconstrained build operations Thread 138"        [_thread_blocked, id=61328, stack(0x0000009505d00000,0x0000009505e00000) (1024K)]
  0x000001b531d0a8f0 JavaThread "Unconstrained build operations Thread 139"        [_thread_blocked, id=36940, stack(0x0000009505e00000,0x0000009505f00000) (1024K)]
  0x000001b531d09bd0 JavaThread "Unconstrained build operations Thread 140"        [_thread_blocked, id=40484, stack(0x0000009505f00000,0x0000009506000000) (1024K)]
  0x000001b531d0a260 JavaThread "Unconstrained build operations Thread 141"        [_thread_blocked, id=33744, stack(0x0000009506000000,0x0000009506100000) (1024K)]
  0x000001b531d08820 JavaThread "Unconstrained build operations Thread 142"        [_thread_blocked, id=73784, stack(0x0000009506100000,0x0000009506200000) (1024K)]
  0x000001b531d09540 JavaThread "Unconstrained build operations Thread 143"        [_thread_blocked, id=66168, stack(0x0000009506200000,0x0000009506300000) (1024K)]
  0x000001b531d07b00 JavaThread "Unconstrained build operations Thread 144"        [_thread_blocked, id=44704, stack(0x0000009506300000,0x0000009506400000) (1024K)]
  0x000001b531d07470 JavaThread "Unconstrained build operations Thread 145"        [_thread_blocked, id=40736, stack(0x0000009506400000,0x0000009506500000) (1024K)]
  0x000001b530cf2220 JavaThread "Unconstrained build operations Thread 146"        [_thread_blocked, id=52088, stack(0x0000009506500000,0x0000009506600000) (1024K)]
  0x000001b530cf35d0 JavaThread "Unconstrained build operations Thread 147"        [_thread_blocked, id=73180, stack(0x0000009506600000,0x0000009506700000) (1024K)]
  0x000001b530cf1b90 JavaThread "Unconstrained build operations Thread 148"        [_thread_blocked, id=60136, stack(0x0000009506700000,0x0000009506800000) (1024K)]
  0x000001b530cf1500 JavaThread "Unconstrained build operations Thread 149"        [_thread_blocked, id=69316, stack(0x0000009506800000,0x0000009506900000) (1024K)]
  0x000001b530cf2f40 JavaThread "Unconstrained build operations Thread 150"        [_thread_blocked, id=74984, stack(0x0000009506900000,0x0000009506a00000) (1024K)]
  0x000001b530cf28b0 JavaThread "Unconstrained build operations Thread 151"        [_thread_blocked, id=55120, stack(0x0000009506a00000,0x0000009506b00000) (1024K)]
  0x000001b530cf5010 JavaThread "Unconstrained build operations Thread 152"        [_thread_blocked, id=61644, stack(0x0000009506b00000,0x0000009506c00000) (1024K)]
  0x000001b530cf42f0 JavaThread "Unconstrained build operations Thread 153"        [_thread_blocked, id=73764, stack(0x0000009506c00000,0x0000009506d00000) (1024K)]
  0x000001b530cf4980 JavaThread "Unconstrained build operations Thread 154"        [_thread_blocked, id=73156, stack(0x0000009506d00000,0x0000009506e00000) (1024K)]
  0x000001b530cf56a0 JavaThread "Unconstrained build operations Thread 155"        [_thread_blocked, id=67936, stack(0x0000009506e00000,0x0000009506f00000) (1024K)]
  0x000001b530cf5d30 JavaThread "Unconstrained build operations Thread 156"        [_thread_blocked, id=51120, stack(0x0000009506f00000,0x0000009507000000) (1024K)]
  0x000001b530cf6a50 JavaThread "Unconstrained build operations Thread 157"        [_thread_blocked, id=66112, stack(0x0000009507000000,0x0000009507100000) (1024K)]
  0x000001b530cf63c0 JavaThread "Unconstrained build operations Thread 158"        [_thread_blocked, id=74224, stack(0x0000009507100000,0x0000009507200000) (1024K)]
  0x000001b530cf70e0 JavaThread "Unconstrained build operations Thread 159"        [_thread_blocked, id=60872, stack(0x0000009507200000,0x0000009507300000) (1024K)]
  0x000001b530cf3c60 JavaThread "Unconstrained build operations Thread 160"        [_thread_blocked, id=65528, stack(0x0000009507300000,0x0000009507400000) (1024K)]
  0x000001b530cf9840 JavaThread "Unconstrained build operations Thread 161"        [_thread_blocked, id=73160, stack(0x0000009507400000,0x0000009507500000) (1024K)]
  0x000001b530cf7e00 JavaThread "Unconstrained build operations Thread 162"        [_thread_blocked, id=61364, stack(0x0000009507500000,0x0000009507600000) (1024K)]
  0x000001b530cf9ed0 JavaThread "Unconstrained build operations Thread 163"        [_thread_blocked, id=76040, stack(0x0000009507600000,0x0000009507700000) (1024K)]
  0x000001b530cf8b20 JavaThread "Unconstrained build operations Thread 164"        [_thread_blocked, id=34080, stack(0x0000009507700000,0x0000009507800000) (1024K)]
  0x000001b530cf7770 JavaThread "Unconstrained build operations Thread 165"        [_thread_blocked, id=14624, stack(0x0000009507800000,0x0000009507900000) (1024K)]
  0x000001b530cfb280 JavaThread "Unconstrained build operations Thread 166"        [_thread_blocked, id=67540, stack(0x0000009507900000,0x0000009507a00000) (1024K)]
  0x000001b530cfabf0 JavaThread "Unconstrained build operations Thread 167"        [_thread_blocked, id=36896, stack(0x0000009507a00000,0x0000009507b00000) (1024K)]
  0x000001b530cf91b0 JavaThread "Unconstrained build operations Thread 168"        [_thread_blocked, id=59972, stack(0x0000009507b00000,0x0000009507c00000) (1024K)]
  0x000001b530cfa560 JavaThread "File lock release action executor Thread 10"        [_thread_blocked, id=49408, stack(0x0000009502f00000,0x0000009503000000) (1024K)]
  0x000001b530cfb910 JavaThread "File lock release action executor Thread 11"        [_thread_blocked, id=76384, stack(0x0000009507c00000,0x0000009507d00000) (1024K)]
  0x000001b530cf8490 JavaThread "File lock release action executor Thread 12"        [_thread_blocked, id=42380, stack(0x0000009507d00000,0x0000009507e00000) (1024K)]
  0x000001b530cfd9e0 JavaThread "File lock release action executor Thread 13"        [_thread_blocked, id=74816, stack(0x0000009507e00000,0x0000009507f00000) (1024K)]
  0x000001b530cfe700 JavaThread "File lock release action executor Thread 14"        [_thread_blocked, id=43236, stack(0x0000009507f00000,0x0000009508000000) (1024K)]
  0x000001b530cfbfa0 JavaThread "File lock release action executor Thread 15"        [_thread_blocked, id=9244, stack(0x0000009508200000,0x0000009508300000) (1024K)]
  0x000001b530cfed90 JavaThread "File lock release action executor Thread 16"        [_thread_blocked, id=71972, stack(0x0000009508300000,0x0000009508400000) (1024K)]
  0x000001b530cfe070 JavaThread "File lock release action executor Thread 17"        [_thread_blocked, id=75696, stack(0x0000009508400000,0x0000009508500000) (1024K)]
  0x000001b530cfc630 JavaThread "File lock release action executor Thread 18"        [_thread_blocked, id=75640, stack(0x0000009508500000,0x0000009508600000) (1024K)]
  0x000001b530cff420 JavaThread "File lock release action executor Thread 19"        [_thread_blocked, id=75272, stack(0x0000009508600000,0x0000009508700000) (1024K)]
  0x000001b530cffab0 JavaThread "File lock release action executor Thread 20"        [_thread_blocked, id=77012, stack(0x0000009508700000,0x0000009508800000) (1024K)]
  0x000001b530d00140 JavaThread "File lock release action executor Thread 21"        [_thread_blocked, id=75116, stack(0x0000009508800000,0x0000009508900000) (1024K)]
  0x000001b533876060 JavaThread "C1 CompilerThread1"         daemon [_thread_blocked, id=56388, stack(0x0000009508900000,0x0000009508a00000) (1024K)]
  0x000001b533874bf0 JavaThread "C1 CompilerThread2"         daemon [_thread_blocked, id=68604, stack(0x0000009508a00000,0x0000009508b00000) (1024K)]
  0x000001b533877ba0 JavaThread "C1 CompilerThread3"         daemon [_thread_blocked, id=66452, stack(0x0000009508d00000,0x0000009508e00000) (1024K)]
  0x000001b530cfd350 JavaThread "build event listener"              [_thread_blocked, id=77888, stack(0x0000009508b00000,0x0000009508c00000) (1024K)]
  0x000001b5332f9450 JavaThread "build event listener"              [_thread_blocked, id=49796, stack(0x0000009508c00000,0x0000009508d00000) (1024K)]
Total: 242

Other Threads:
  0x000001b4e733bb20 VMThread "VM Thread"                           [id=34856, stack(0x0000009578900000,0x0000009578a00000) (1024K)]
  0x000001b4e64203e0 WatcherThread "VM Periodic Task Thread"        [id=34852, stack(0x0000009578800000,0x0000009578900000) (1024K)]
  0x000001b4b61fa4c0 WorkerThread "GC Thread#0"                     [id=34828, stack(0x0000009578300000,0x0000009578400000) (1024K)]
  0x000001b4e769c0e0 WorkerThread "GC Thread#1"                     [id=35480, stack(0x0000009579500000,0x0000009579600000) (1024K)]
  0x000001b4e76ded30 WorkerThread "GC Thread#2"                     [id=35484, stack(0x0000009579600000,0x0000009579700000) (1024K)]
  0x000001b4e76df0e0 WorkerThread "GC Thread#3"                     [id=35488, stack(0x0000009579700000,0x0000009579800000) (1024K)]
  0x000001b4e76e0e20 WorkerThread "GC Thread#4"                     [id=35492, stack(0x0000009579800000,0x0000009579900000) (1024K)]
  0x000001b4e76e11d0 WorkerThread "GC Thread#5"                     [id=35496, stack(0x0000009579900000,0x0000009579a00000) (1024K)]
  0x000001b52d50cb70 WorkerThread "GC Thread#6"                     [id=20632, stack(0x000000957a600000,0x000000957a700000) (1024K)]
  0x000001b52d50cf20 WorkerThread "GC Thread#7"                     [id=36168, stack(0x000000957a700000,0x000000957a800000) (1024K)]
  0x000001b52d5105d0 WorkerThread "GC Thread#8"                     [id=34352, stack(0x000000957a800000,0x000000957a900000) (1024K)]
  0x000001b52d50f360 WorkerThread "GC Thread#9"                     [id=34132, stack(0x000000957a900000,0x000000957aa00000) (1024K)]
  0x000001b52d510980 WorkerThread "GC Thread#10"                    [id=35712, stack(0x000000957aa00000,0x000000957ab00000) (1024K)]
  0x000001b52d510d30 WorkerThread "GC Thread#11"                    [id=35708, stack(0x000000957ab00000,0x000000957ac00000) (1024K)]
  0x000001b52d50f710 WorkerThread "GC Thread#12"                    [id=35724, stack(0x000000957ac00000,0x000000957ad00000) (1024K)]
  0x000001b52d510220 WorkerThread "GC Thread#13"                    [id=35704, stack(0x000000957ad00000,0x000000957ae00000) (1024K)]
  0x000001b52d50fac0 WorkerThread "GC Thread#14"                    [id=25280, stack(0x000000957ae00000,0x000000957af00000) (1024K)]
  0x000001b4b620bbd0 ConcurrentGCThread "G1 Main Marker"            [id=34832, stack(0x0000009578400000,0x0000009578500000) (1024K)]
  0x000001b4b620c5f0 WorkerThread "G1 Conc#0"                       [id=34836, stack(0x0000009578500000,0x0000009578600000) (1024K)]
  0x000001b52d545130 WorkerThread "G1 Conc#1"                       [id=40808, stack(0x0000009579c00000,0x0000009579d00000) (1024K)]
  0x000001b52d547260 WorkerThread "G1 Conc#2"                       [id=40812, stack(0x000000957b100000,0x000000957b200000) (1024K)]
  0x000001b52d5479c0 WorkerThread "G1 Conc#3"                       [id=40816, stack(0x000000957b200000,0x000000957b300000) (1024K)]
  0x000001b4e62efac0 ConcurrentGCThread "G1 Refine#0"               [id=34840, stack(0x0000009578600000,0x0000009578700000) (1024K)]
  0x000001b4e62f0550 ConcurrentGCThread "G1 Service"                [id=34844, stack(0x0000009578700000,0x0000009578800000) (1024K)]
Total: 24

Threads with active compile tasks:
Total: 0

VM state: not at safepoint (normal execution)

VM Mutex/Monitor currently owned by a thread:  ([mutex/lock_event])
[0x00007ffcefdad530] Metaspace_lock - owner thread: 0x000001b52d3b5f10

Heap address: 0x0000000600000000, size: 8192 MB, Compressed Oops mode: Zero based, Oop shift amount: 3

CDS archive(s) mapped at: [0x000001b4e8000000-0x000001b4e8ba0000-0x000001b4e8ba0000), size 12189696, SharedBaseAddress: 0x000001b4e8000000, ArchiveRelocationMode: 1.
Compressed class space mapped at: 0x000001b4e9000000-0x000001b529000000, reserved size: 1073741824
Narrow klass base: 0x000001b4e8000000, Narrow klass shift: 0, Narrow klass range: 0x100000000

GC Precious Log:
 CardTable entry size: 512
 Card Set container configuration: InlinePtr #cards 4 size 8 Array Of Cards #cards 32 size 80 Howl #buckets 8 coarsen threshold 7372 Howl Bitmap #cards 1024 size 144 coarsen threshold 921 Card regions per heap region 1 cards per card region 8192
 CPUs: 20 total, 20 available
 Memory: 16068M
 Large Page Support: Disabled
 NUMA Support: Disabled
 Compressed Oops: Enabled (Zero based)
 Heap Region Size: 4M
 Heap Min Capacity: 8M
 Heap Initial Capacity: 252M
 Heap Max Capacity: 8G
 Pre-touch: Disabled
 Parallel Workers: 15
 Concurrent Workers: 4
 Concurrent Refinement Workers: 15
 Periodic GC: Disabled

Heap:
 garbage-first heap   total 167936K, used 110387K [0x0000000600000000, 0x0000000800000000)
  region size 4096K, 6 young (24576K), 2 survivors (8192K)
 Metaspace       used 89202K, committed 91392K, reserved 1179648K
  class space    used 12664K, committed 13760K, reserved 1048576K

Heap Regions: E=young(eden), S=young(survivor), O=old, HS=humongous(starts), HC=humongous(continues), CS=collection set, F=free, TAMS=top-at-mark-start, PB=parsable bottom
|   0|0x0000000600000000, 0x0000000600400000, 0x0000000600400000|100%|HS|  |TAMS 0x0000000600000000| PB 0x0000000600000000| Complete 
|   1|0x0000000600400000, 0x0000000600800000, 0x0000000600800000|100%| O|  |TAMS 0x0000000600400000| PB 0x0000000600400000| Untracked 
|   2|0x0000000600800000, 0x0000000600c00000, 0x0000000600c00000|100%| O|  |TAMS 0x0000000600800000| PB 0x0000000600800000| Untracked 
|   3|0x0000000600c00000, 0x0000000601000000, 0x0000000601000000|100%| O|  |TAMS 0x0000000600c00000| PB 0x0000000600c00000| Untracked 
|   4|0x0000000601000000, 0x0000000601400000, 0x0000000601400000|100%| O|  |TAMS 0x0000000601000000| PB 0x0000000601000000| Untracked 
|   5|0x0000000601400000, 0x0000000601800000, 0x0000000601800000|100%| O|  |TAMS 0x0000000601400000| PB 0x0000000601400000| Untracked 
|   6|0x0000000601800000, 0x0000000601c00000, 0x0000000601c00000|100%| O|  |TAMS 0x0000000601800000| PB 0x0000000601800000| Untracked 
|   7|0x0000000601c00000, 0x0000000602000000, 0x0000000602000000|100%| O|  |TAMS 0x0000000601c00000| PB 0x0000000601c00000| Untracked 
|   8|0x0000000602000000, 0x0000000602400000, 0x0000000602400000|100%| O|  |TAMS 0x0000000602000000| PB 0x0000000602000000| Untracked 
|   9|0x0000000602400000, 0x0000000602800000, 0x0000000602800000|100%| O|  |TAMS 0x0000000602400000| PB 0x0000000602400000| Untracked 
|  10|0x0000000602800000, 0x0000000602c00000, 0x0000000602c00000|100%| O|Cm|TAMS 0x0000000602800000| PB 0x0000000602800000| Complete 
|  11|0x0000000602c00000, 0x0000000603000000, 0x0000000603000000|100%| O|  |TAMS 0x0000000602c00000| PB 0x0000000602c00000| Untracked 
|  12|0x0000000603000000, 0x0000000603400000, 0x0000000603400000|100%| O|  |TAMS 0x0000000603000000| PB 0x0000000603000000| Untracked 
|  13|0x0000000603400000, 0x0000000603800000, 0x0000000603800000|100%| O|  |TAMS 0x0000000603400000| PB 0x0000000603400000| Untracked 
|  14|0x0000000603800000, 0x0000000603c00000, 0x0000000603c00000|100%| O|  |TAMS 0x0000000603800000| PB 0x0000000603800000| Untracked 
|  15|0x0000000603c00000, 0x0000000604000000, 0x0000000604000000|100%| O|  |TAMS 0x0000000603c00000| PB 0x0000000603c00000| Untracked 
|  16|0x0000000604000000, 0x0000000604400000, 0x0000000604400000|100%| O|  |TAMS 0x0000000604000000| PB 0x0000000604000000| Untracked 
|  17|0x0000000604400000, 0x0000000604800000, 0x0000000604800000|100%| O|  |TAMS 0x0000000604400000| PB 0x0000000604400000| Untracked 
|  18|0x0000000604800000, 0x0000000604c00000, 0x0000000604c00000|100%| O|  |TAMS 0x0000000604800000| PB 0x0000000604800000| Untracked 
|  19|0x0000000604c00000, 0x0000000604ece4f0, 0x0000000605000000| 70%| O|  |TAMS 0x0000000604c00000| PB 0x0000000604c00000| Untracked 
|  20|0x0000000605000000, 0x0000000605000000, 0x0000000605400000|  0%| F|  |TAMS 0x0000000605000000| PB 0x0000000605000000| Untracked 
|  21|0x0000000605400000, 0x0000000605400000, 0x0000000605800000|  0%| F|  |TAMS 0x0000000605400000| PB 0x0000000605400000| Untracked 
|  22|0x0000000605800000, 0x0000000605800000, 0x0000000605c00000|  0%| F|  |TAMS 0x0000000605800000| PB 0x0000000605800000| Untracked 
|  23|0x0000000605c00000, 0x0000000605c00000, 0x0000000606000000|  0%| F|  |TAMS 0x0000000605c00000| PB 0x0000000605c00000| Untracked 
|  24|0x0000000606000000, 0x00000006060fe780, 0x0000000606400000| 24%| S|CS|TAMS 0x0000000606000000| PB 0x0000000606000000| Complete 
|  25|0x0000000606400000, 0x0000000606800000, 0x0000000606800000|100%| S|CS|TAMS 0x0000000606400000| PB 0x0000000606400000| Complete 
|  26|0x0000000606800000, 0x0000000606800000, 0x0000000606c00000|  0%| F|  |TAMS 0x0000000606800000| PB 0x0000000606800000| Untracked 
|  27|0x0000000606c00000, 0x0000000606c00000, 0x0000000607000000|  0%| F|  |TAMS 0x0000000606c00000| PB 0x0000000606c00000| Untracked 
|  28|0x0000000607000000, 0x0000000607000000, 0x0000000607400000|  0%| F|  |TAMS 0x0000000607000000| PB 0x0000000607000000| Untracked 
|  29|0x0000000607400000, 0x0000000607400000, 0x0000000607800000|  0%| F|  |TAMS 0x0000000607400000| PB 0x0000000607400000| Untracked 
|  30|0x0000000607800000, 0x0000000607800000, 0x0000000607c00000|  0%| F|  |TAMS 0x0000000607800000| PB 0x0000000607800000| Untracked 
|  31|0x0000000607c00000, 0x0000000607c00000, 0x0000000608000000|  0%| F|  |TAMS 0x0000000607c00000| PB 0x0000000607c00000| Untracked 
|  32|0x0000000608000000, 0x0000000608000000, 0x0000000608400000|  0%| F|  |TAMS 0x0000000608000000| PB 0x0000000608000000| Untracked 
|  44|0x000000060b000000, 0x000000060b000000, 0x000000060b400000|  0%| F|  |TAMS 0x000000060b000000| PB 0x000000060b000000| Untracked 
|  45|0x000000060b400000, 0x000000060b4079e0, 0x000000060b800000|  0%| E|  |TAMS 0x000000060b400000| PB 0x000000060b400000| Complete 
|  46|0x000000060b800000, 0x000000060bc00000, 0x000000060bc00000|100%| E|CS|TAMS 0x000000060b800000| PB 0x000000060b800000| Complete 
|  62|0x000000060f800000, 0x000000060fc00000, 0x000000060fc00000|100%| E|CS|TAMS 0x000000060f800000| PB 0x000000060f800000| Complete 
|2044|0x00000007ff000000, 0x00000007ff400000, 0x00000007ff400000|100%| O|  |TAMS 0x00000007ff000000| PB 0x00000007ff000000| Untracked 
|2045|0x00000007ff400000, 0x00000007ff800000, 0x00000007ff800000|100%| O|  |TAMS 0x00000007ff400000| PB 0x00000007ff400000| Untracked 
|2046|0x00000007ff800000, 0x00000007ffc00000, 0x00000007ffc00000|100%| O|  |TAMS 0x00000007ff800000| PB 0x00000007ff800000| Untracked 
|2047|0x00000007ffc00000, 0x0000000800000000, 0x0000000800000000|100%| E|CS|TAMS 0x00000007ffc00000| PB 0x00000007ffc00000| Complete 

Card table byte_map: [0x000001b4db010000,0x000001b4dc010000] _byte_map_base: 0x000001b4d8010000

Marking Bits: (CMBitMap*) 0x000001b4b61faae0
 Bits: [0x000001b4dc010000, 0x000001b4e4010000)

Polling page: 0x000001b4b3b40000

Metaspace:

Usage:
  Non-class:     74.74 MB used.
      Class:     12.37 MB used.
       Both:     87.11 MB used.

Virtual space:
  Non-class space:      128.00 MB reserved,      75.81 MB ( 59%) committed,  2 nodes.
      Class space:        1.00 GB reserved,      13.44 MB (  1%) committed,  1 nodes.
             Both:        1.12 GB reserved,      89.25 MB (  8%) committed. 

Chunk freelists:
   Non-Class:  3.67 MB
       Class:  2.57 MB
        Both:  6.24 MB

MaxMetaspaceSize: 4.00 GB
CompressedClassSpaceSize: 1.00 GB
Initial GC threshold: 21.00 MB
Current GC threshold: 141.81 MB
CDS: on
 - commit_granule_bytes: 65536.
 - commit_granule_words: 8192.
 - virtual_space_node_default_size: 8388608.
 - enlarge_chunks_in_place: 1.
 - use_allocation_guard: 0.


Internal statistics:

num_allocs_failed_limit: 9.
num_arena_births: 4054.
num_arena_deaths: 2.
num_vsnodes_births: 3.
num_vsnodes_deaths: 0.
num_space_committed: 1428.
num_space_uncommitted: 0.
num_chunks_returned_to_freelist: 11.
num_chunks_taken_from_freelist: 8359.
num_chunk_merges: 6.
num_chunk_splits: 5440.
num_chunks_enlarged: 3369.
num_inconsistent_stats: 0.

CodeHeap 'non-profiled nmethods': size=258432Kb used=6663Kb max_used=6663Kb free=251768Kb
 bounds [0x000001b4c96f0000, 0x000001b4c9d80000, 0x000001b4d9350000]
CodeHeap 'profiled nmethods': size=258368Kb used=21184Kb max_used=21184Kb free=237183Kb
 bounds [0x000001b4b9350000, 0x000001b4ba810000, 0x000001b4c8fa0000]
CodeHeap 'non-nmethods': size=7488Kb used=3659Kb max_used=3719Kb free=3828Kb
 bounds [0x000001b4c8fa0000, 0x000001b4c9350000, 0x000001b4c96f0000]
CodeCache: size=524288Kb, used=31506Kb, max_used=31566Kb, free=492779Kb
 total_blobs=11920, nmethods=11085, adapters=735, full_count=0
Compilation: enabled, stopped_count=0, restarted_count=0

Compilation events (20 events):
Event: 351.597 Thread 0x000001b4e7368270 12875       3       org.gradle.api.internal.plugins.DefaultPluginContainer$2$1::isSatisfiedBy (9 bytes)
Event: 351.597 Thread 0x000001b533876060 12876       3       org.gradle.api.internal.plugins.DefaultPluginContainer$2$1::isSatisfiedBy (17 bytes)
Event: 351.597 Thread 0x000001b4e7368270 nmethod 12875 0x000001b4ba7fe810 code [0x000001b4ba7fea00, 0x000001b4ba7ff188]
Event: 351.598 Thread 0x000001b533876060 nmethod 12876 0x000001b4ba7ff390 code [0x000001b4ba7ff580, 0x000001b4ba7ffb90]
Event: 351.637 Thread 0x000001b4e73617a0 12877   !   4       java.util.zip.ZipFile::getInputStream (275 bytes)
Event: 351.646 Thread 0x000001b533874bf0 12878       3       java.lang.StackTraceElement::<init> (10 bytes)
Event: 351.646 Thread 0x000001b533874bf0 nmethod 12878 0x000001b4ba7ffd10 code [0x000001b4ba7ffec0, 0x000001b4ba800028]
Event: 351.647 Thread 0x000001b533874bf0 12879       3       java.lang.ModuleLayer::boot (4 bytes)
Event: 351.647 Thread 0x000001b533876060 12882  s!   3       java.lang.StackTraceElement::computeFormat (71 bytes)
Event: 351.647 Thread 0x000001b533877ba0 12883       3       java.lang.StackTraceElement::isHashedInJavaBase (31 bytes)
Event: 351.647 Thread 0x000001b4e7368270 12884       3       java.lang.Module::getLayer (43 bytes)
Event: 351.647 Thread 0x000001b533874bf0 nmethod 12879 0x000001b4b9bdbf90 code [0x000001b4b9bdc120, 0x000001b4b9bdc220]
Event: 351.647 Thread 0x000001b4e7368270 nmethod 12884 0x000001b4ba800110 code [0x000001b4ba8002e0, 0x000001b4ba800680]
Event: 351.647 Thread 0x000001b533877ba0 nmethod 12883 0x000001b4ba800790 code [0x000001b4ba800980, 0x000001b4ba800e20]
Event: 351.647 Thread 0x000001b533876060 nmethod 12882 0x000001b4ba800f90 code [0x000001b4ba8011a0, 0x000001b4ba8019e0]
Event: 351.652 Thread 0x000001b4e73617a0 nmethod 12877 0x000001b4c9d6f110 code [0x000001b4c9d6f380, 0x000001b4c9d70728]
Event: 351.652 Thread 0x000001b4e73617a0 12881       4       java.lang.Module::isNamed (13 bytes)
Event: 351.652 Thread 0x000001b4e73617a0 nmethod 12881 0x000001b4c9d71210 code [0x000001b4c9d713a0, 0x000001b4c9d71430]
Event: 351.652 Thread 0x000001b4e73617a0 12880       4       jdk.internal.misc.VM::isModuleSystemInited (13 bytes)
Event: 351.652 Thread 0x000001b4e73617a0 nmethod 12880 0x000001b4c9d71510 code [0x000001b4c9d716a0, 0x000001b4c9d71738]

GC Heap History (20 events):
Event: 145.027 GC heap before
{Heap before GC invocations=17 (full 0):
 garbage-first heap   total 131072K, used 116716K [0x0000000600000000, 0x0000000800000000)
  region size 4096K, 17 young (69632K), 1 survivors (4096K)
 Metaspace       used 66070K, committed 68096K, reserved 1114112K
  class space    used 9699K, committed 10688K, reserved 1048576K
}
Event: 145.034 GC heap after
{Heap after GC invocations=18 (full 0):
 garbage-first heap   total 131072K, used 53906K [0x0000000600000000, 0x0000000800000000)
  region size 4096K, 2 young (8192K), 2 survivors (8192K)
 Metaspace       used 66070K, committed 68096K, reserved 1114112K
  class space    used 9699K, committed 10688K, reserved 1048576K
}
Event: 324.521 GC heap before
{Heap before GC invocations=18 (full 0):
 garbage-first heap   total 131072K, used 115346K [0x0000000600000000, 0x0000000800000000)
  region size 4096K, 17 young (69632K), 2 survivors (8192K)
 Metaspace       used 69475K, committed 71552K, reserved 1114112K
  class space    used 10258K, committed 11328K, reserved 1048576K
}
Event: 324.573 GC heap after
{Heap after GC invocations=19 (full 0):
 garbage-first heap   total 131072K, used 57982K [0x0000000600000000, 0x0000000800000000)
  region size 4096K, 3 young (12288K), 3 survivors (12288K)
 Metaspace       used 69475K, committed 71552K, reserved 1114112K
  class space    used 10258K, committed 11328K, reserved 1048576K
}
Event: 326.925 GC heap before
{Heap before GC invocations=19 (full 0):
 garbage-first heap   total 131072K, used 115326K [0x0000000600000000, 0x0000000800000000)
  region size 4096K, 17 young (69632K), 3 survivors (12288K)
 Metaspace       used 70644K, committed 72768K, reserved 1114112K
  class space    used 10381K, committed 11456K, reserved 1048576K
}
Event: 326.955 GC heap after
{Heap after GC invocations=20 (full 0):
 garbage-first heap   total 139264K, used 64924K [0x0000000600000000, 0x0000000800000000)
  region size 4096K, 3 young (12288K), 3 survivors (12288K)
 Metaspace       used 70644K, committed 72768K, reserved 1114112K
  class space    used 10381K, committed 11456K, reserved 1048576K
}
Event: 328.055 GC heap before
{Heap before GC invocations=21 (full 0):
 garbage-first heap   total 139264K, used 114076K [0x0000000600000000, 0x0000000800000000)
  region size 4096K, 16 young (65536K), 3 survivors (12288K)
 Metaspace       used 70758K, committed 72896K, reserved 1114112K
  class space    used 10383K, committed 11456K, reserved 1048576K
}
Event: 328.066 GC heap after
{Heap after GC invocations=22 (full 0):
 garbage-first heap   total 139264K, used 67341K [0x0000000600000000, 0x0000000800000000)
  region size 4096K, 2 young (8192K), 2 survivors (8192K)
 Metaspace       used 70758K, committed 72896K, reserved 1114112K
  class space    used 10383K, committed 11456K, reserved 1048576K
}
Event: 328.823 GC heap before
{Heap before GC invocations=22 (full 0):
 garbage-first heap   total 139264K, used 116493K [0x0000000600000000, 0x0000000800000000)
  region size 4096K, 15 young (61440K), 2 survivors (8192K)
 Metaspace       used 70766K, committed 72896K, reserved 1114112K
  class space    used 10383K, committed 11456K, reserved 1048576K
}
Event: 328.834 GC heap after
{Heap after GC invocations=23 (full 0):
 garbage-first heap   total 139264K, used 68258K [0x0000000600000000, 0x0000000800000000)
  region size 4096K, 2 young (8192K), 2 survivors (8192K)
 Metaspace       used 70766K, committed 72896K, reserved 1114112K
  class space    used 10383K, committed 11456K, reserved 1048576K
}
Event: 343.230 GC heap before
{Heap before GC invocations=23 (full 0):
 garbage-first heap   total 139264K, used 117410K [0x0000000600000000, 0x0000000800000000)
  region size 4096K, 15 young (61440K), 2 survivors (8192K)
 Metaspace       used 71885K, committed 73984K, reserved 1114112K
  class space    used 10517K, committed 11584K, reserved 1048576K
}
Event: 343.237 GC heap after
{Heap after GC invocations=24 (full 0):
 garbage-first heap   total 167936K, used 75207K [0x0000000600000000, 0x0000000800000000)
  region size 4096K, 2 young (8192K), 2 survivors (8192K)
 Metaspace       used 71885K, committed 73984K, reserved 1114112K
  class space    used 10517K, committed 11584K, reserved 1048576K
}
Event: 345.608 GC heap before
{Heap before GC invocations=25 (full 0):
 garbage-first heap   total 167936K, used 140743K [0x0000000600000000, 0x0000000800000000)
  region size 4096K, 19 young (77824K), 2 survivors (8192K)
 Metaspace       used 76477K, committed 78592K, reserved 1179648K
  class space    used 11052K, committed 12096K, reserved 1048576K
}
Event: 345.616 GC heap after
{Heap after GC invocations=26 (full 0):
 garbage-first heap   total 167936K, used 82540K [0x0000000600000000, 0x0000000800000000)
  region size 4096K, 2 young (8192K), 2 survivors (8192K)
 Metaspace       used 76477K, committed 78592K, reserved 1179648K
  class space    used 11052K, committed 12096K, reserved 1048576K
}
Event: 346.836 GC heap before
{Heap before GC invocations=26 (full 0):
 garbage-first heap   total 167936K, used 139884K [0x0000000600000000, 0x0000000800000000)
  region size 4096K, 17 young (69632K), 2 survivors (8192K)
 Metaspace       used 81386K, committed 83584K, reserved 1179648K
  class space    used 11603K, committed 12736K, reserved 1048576K
}
Event: 346.842 GC heap after
{Heap after GC invocations=27 (full 0):
 garbage-first heap   total 167936K, used 87977K [0x0000000600000000, 0x0000000800000000)
  region size 4096K, 2 young (8192K), 2 survivors (8192K)
 Metaspace       used 81386K, committed 83584K, reserved 1179648K
  class space    used 11603K, committed 12736K, reserved 1048576K
}
Event: 349.058 GC heap before
{Heap before GC invocations=27 (full 0):
 garbage-first heap   total 167936K, used 141225K [0x0000000600000000, 0x0000000800000000)
  region size 4096K, 16 young (65536K), 2 survivors (8192K)
 Metaspace       used 84875K, committed 87040K, reserved 1179648K
  class space    used 12043K, committed 13120K, reserved 1048576K
}
Event: 349.063 GC heap after
{Heap after GC invocations=28 (full 0):
 garbage-first heap   total 167936K, used 93289K [0x0000000600000000, 0x0000000800000000)
  region size 4096K, 2 young (8192K), 2 survivors (8192K)
 Metaspace       used 84875K, committed 87040K, reserved 1179648K
  class space    used 12043K, committed 13120K, reserved 1048576K
}
Event: 351.339 GC heap before
{Heap before GC invocations=29 (full 0):
 garbage-first heap   total 167936K, used 142441K [0x0000000600000000, 0x0000000800000000)
  region size 4096K, 14 young (57344K), 2 survivors (8192K)
 Metaspace       used 88274K, committed 90496K, reserved 1179648K
  class space    used 12546K, committed 13632K, reserved 1048576K
}
Event: 351.344 GC heap after
{Heap after GC invocations=30 (full 0):
 garbage-first heap   total 167936K, used 98099K [0x0000000600000000, 0x0000000800000000)
  region size 4096K, 2 young (8192K), 2 survivors (8192K)
 Metaspace       used 88274K, committed 90496K, reserved 1179648K
  class space    used 12546K, committed 13632K, reserved 1048576K
}

Dll operation events (20 events):
Event: 0.373 Attempting to load shared library C:\Users\AJI\.vscode\extensions\redhat.java-1.56.0-win32-x64\jre\21.0.12.1-win32-x86_64\bin\nio.dll
Event: 0.373 Loaded shared library C:\Users\AJI\.vscode\extensions\redhat.java-1.56.0-win32-x64\jre\21.0.12.1-win32-x86_64\bin\nio.dll
Event: 0.379 Attempting to load shared library C:\Users\AJI\.vscode\extensions\redhat.java-1.56.0-win32-x64\jre\21.0.12.1-win32-x86_64\bin\zip.dll
Event: 0.379 Loaded shared library C:\Users\AJI\.vscode\extensions\redhat.java-1.56.0-win32-x64\jre\21.0.12.1-win32-x86_64\bin\zip.dll
Event: 1.215 Attempting to load shared library C:\Users\AJI\.vscode\extensions\redhat.java-1.56.0-win32-x64\jre\21.0.12.1-win32-x86_64\bin\jimage.dll
Event: 1.215 Loaded shared library C:\Users\AJI\.vscode\extensions\redhat.java-1.56.0-win32-x64\jre\21.0.12.1-win32-x86_64\bin\jimage.dll
Event: 1.656 Attempting to load shared library C:\Users\AJI\.vscode\extensions\redhat.java-1.56.0-win32-x64\jre\21.0.12.1-win32-x86_64\bin\verify.dll
Event: 1.657 Loaded shared library C:\Users\AJI\.vscode\extensions\redhat.java-1.56.0-win32-x64\jre\21.0.12.1-win32-x86_64\bin\verify.dll
Event: 1.746 Attempting to load shared library C:\Users\AJI\.gradle\native\1def1411415f61bf3af743bc5b6707747c0891f09f0c88961ee8f79bc544acac\windows-amd64\native-platform.dll
Event: 1.747 Loaded shared library C:\Users\AJI\.gradle\native\1def1411415f61bf3af743bc5b6707747c0891f09f0c88961ee8f79bc544acac\windows-amd64\native-platform.dll
Event: 1.761 Attempting to load shared library C:\Users\AJI\.gradle\native\0.2.8\x86_64-windows-gnu\gradle-fileevents.dll
Event: 1.762 Loaded shared library C:\Users\AJI\.gradle\native\0.2.8\x86_64-windows-gnu\gradle-fileevents.dll
Event: 5.628 Attempting to load shared library C:\Users\AJI\.vscode\extensions\redhat.java-1.56.0-win32-x64\jre\21.0.12.1-win32-x86_64\bin\management.dll
Event: 5.628 Loaded shared library C:\Users\AJI\.vscode\extensions\redhat.java-1.56.0-win32-x64\jre\21.0.12.1-win32-x86_64\bin\management.dll
Event: 5.632 Attempting to load shared library C:\Users\AJI\.vscode\extensions\redhat.java-1.56.0-win32-x64\jre\21.0.12.1-win32-x86_64\bin\management_ext.dll
Event: 5.632 Loaded shared library C:\Users\AJI\.vscode\extensions\redhat.java-1.56.0-win32-x64\jre\21.0.12.1-win32-x86_64\bin\management_ext.dll
Event: 6.958 Attempting to load shared library C:\Users\AJI\.vscode\extensions\redhat.java-1.56.0-win32-x64\jre\21.0.12.1-win32-x86_64\bin\extnet.dll
Event: 6.959 Loaded shared library C:\Users\AJI\.vscode\extensions\redhat.java-1.56.0-win32-x64\jre\21.0.12.1-win32-x86_64\bin\extnet.dll
Event: 8.062 Attempting to load shared library C:\Users\AJI\.vscode\extensions\redhat.java-1.56.0-win32-x64\jre\21.0.12.1-win32-x86_64\bin\sunmscapi.dll
Event: 8.065 Loaded shared library C:\Users\AJI\.vscode\extensions\redhat.java-1.56.0-win32-x64\jre\21.0.12.1-win32-x86_64\bin\sunmscapi.dll

Deoptimization events (20 events):
Event: 348.932 Thread 0x000001b52d3b5f10 Uncommon trap: trap_request=0xfffffff4 fr.pc=0x000001b4c9d272f0 relative=0x00000000000000d0
Event: 348.932 Thread 0x000001b52d3b5f10 Uncommon trap: reason=null_check action=make_not_entrant pc=0x000001b4c9d272f0 method=java.lang.Class.isEnum()Z @ 1 c2
Event: 348.932 Thread 0x000001b52d3b5f10 DEOPT PACKING pc=0x000001b4c9d272f0 sp=0x000000957a2f4fe0
Event: 348.932 Thread 0x000001b52d3b5f10 DEOPT UNPACKING pc=0x000001b4c8ff4422 sp=0x000000957a2f4f80 mode 2
Event: 348.969 Thread 0x000001b52d3b5f10 Uncommon trap: trap_request=0xffffff45 fr.pc=0x000001b4c97cd93c relative=0x000000000000075c
Event: 348.970 Thread 0x000001b52d3b5f10 Uncommon trap: reason=unstable_if action=reinterpret pc=0x000001b4c97cd93c method=org.apache.commons.io.FilenameUtils.doNormalize(Ljava/lang/String;CZ)Ljava/lang/String; @ 215 c2
Event: 348.970 Thread 0x000001b52d3b5f10 DEOPT PACKING pc=0x000001b4c97cd93c sp=0x000000957a2f56c0
Event: 348.970 Thread 0x000001b52d3b5f10 DEOPT UNPACKING pc=0x000001b4c8ff4422 sp=0x000000957a2f5658 mode 2
Event: 350.317 Thread 0x000001b52d3b5f10 Uncommon trap: trap_request=0xffffffd6 fr.pc=0x000001b4c9d2cb2c relative=0x00000000000007cc
Event: 350.317 Thread 0x000001b52d3b5f10 Uncommon trap: reason=array_check action=maybe_recompile pc=0x000001b4c9d2cb2c method=java.util.TimSort.binarySort([Ljava/lang/Object;IIILjava/util/Comparator;)V @ 215 c2
Event: 350.317 Thread 0x000001b52d3b5f10 DEOPT PACKING pc=0x000001b4c9d2cb2c sp=0x000000957a2f2bb0
Event: 350.317 Thread 0x000001b52d3b5f10 DEOPT UNPACKING pc=0x000001b4c8ff4422 sp=0x000000957a2f2b68 mode 2
Event: 351.647 Thread 0x000001b52d3b5f10 Uncommon trap: trap_request=0xffffff45 fr.pc=0x000001b4c9aa168c relative=0x000000000000058c
Event: 351.647 Thread 0x000001b52d3b5f10 Uncommon trap: reason=unstable_if action=reinterpret pc=0x000001b4c9aa168c method=java.lang.ThreadLocal$ThreadLocalMap.remove(Ljava/lang/ThreadLocal;)V @ 26 c2
Event: 351.647 Thread 0x000001b52d3b5f10 DEOPT PACKING pc=0x000001b4c9aa168c sp=0x000000957a2f4c20
Event: 351.647 Thread 0x000001b52d3b5f10 DEOPT UNPACKING pc=0x000001b4c8ff4422 sp=0x000000957a2f4af0 mode 2
Event: 351.697 Thread 0x000001b52d3b5f10 Uncommon trap: trap_request=0xffffffde fr.pc=0x000001b4c9c8fd94 relative=0x0000000000000074
Event: 351.697 Thread 0x000001b52d3b5f10 Uncommon trap: reason=class_check action=maybe_recompile pc=0x000001b4c9c8fd94 method=java.lang.invoke.Invokers$Holder.linkToTargetMethod(Ljava/lang/Object;Ljava/lang/Object;Ljava/lang/Object;Ljava/lang/Object;)Ljava/lang/Object; @ 1 c2
Event: 351.697 Thread 0x000001b52d3b5f10 DEOPT PACKING pc=0x000001b4c9c8fd94 sp=0x000000957a2f61b0
Event: 351.697 Thread 0x000001b52d3b5f10 DEOPT UNPACKING pc=0x000001b4c8ff4422 sp=0x000000957a2f6160 mode 2

Classes loaded (20 events):
Event: 347.547 Loading class javax/xml/stream/XMLStreamException
Event: 347.547 Loading class javax/xml/stream/XMLStreamException done
Event: 347.760 Loading class java/util/regex/Pattern$Caret
Event: 347.760 Loading class java/util/regex/Pattern$Caret done
Event: 347.760 Loading class java/util/regex/Pattern$Behind
Event: 347.761 Loading class java/util/regex/Pattern$Behind done
Event: 347.761 Loading class java/util/regex/Pattern$Pos
Event: 347.761 Loading class java/util/regex/Pattern$Pos done
Event: 347.813 Loading class org/xml/sax/Locator
Event: 347.813 Loading class org/xml/sax/Locator done
Event: 347.813 Loading class org/xml/sax/SAXParseException
Event: 347.813 Loading class org/xml/sax/SAXParseException done
Event: 347.815 Loading class org/xml/sax/Attributes
Event: 347.815 Loading class org/xml/sax/Attributes done
Event: 351.642 Loading class java/util/zip/DataFormatException
Event: 351.642 Loading class java/util/zip/DataFormatException done
Event: 351.646 Loading class java/lang/ExceptionInInitializerError
Event: 351.646 Loading class java/lang/ExceptionInInitializerError done
Event: 351.646 Loading class java/lang/StackTraceElement$HashedModules
Event: 351.646 Loading class java/lang/StackTraceElement$HashedModules done

Classes unloaded (1 events):
Event: 327.112 Thread 0x000001b4e733bb20 Unloading class 0x000001b4e97a0400 'java/lang/invoke/LambdaForm$DMH+0x000001b4e97a0400'

Classes redefined (0 events):
No events

Internal exceptions (20 events):
Event: 347.836 Thread 0x000001b52d3b5f10 Exception <a 'java/lang/ClassNotFoundException'{0x0000000606a03c48}: org/gradle/internal/metaobject/AbstractDynamicObjectCustomizer> (0x0000000606a03c48) 
thrown [s\src\hotspot\share\classfile\systemDictionary.cpp, line 313]
Event: 347.838 Thread 0x000001b52d3b5f10 Exception <a 'java/lang/ClassNotFoundException'{0x0000000606a2a570}: org/gradle/plugin/software/internal/SoftwareFeaturesDynamicObjectCustomizer> (0x0000000606a2a570) 
thrown [s\src\hotspot\share\classfile\systemDictionary.cpp, line 313]
Event: 347.840 Thread 0x000001b52d3b5f10 Exception <a 'java/lang/ClassNotFoundException'{0x0000000606a4b5f0}: org/gradle/plugin/software/internal/SoftwareFeaturesDynamicObject_DecoratedCustomizer> (0x0000000606a4b5f0) 
thrown [s\src\hotspot\share\classfile\systemDictionary.cpp, line 313]
Event: 347.842 Thread 0x000001b52d3b5f10 Exception <a 'java/lang/NoSuchMethodError'{0x0000000606a73000}: 'java.lang.Object java.lang.invoke.Invokers$Holder.invokeExact_MT(java.lang.Object, java.lang.Object, java.lang.Object, int, java.lang.Object, java.lang.Object)'> (0x0000000606a73000) 
thrown [s\src\hotspot\share\interpreter\linkResolver.cpp, line 773]
Event: 348.932 Thread 0x000001b52d3b5f10 Implicit null exception at 0x000001b4c9d1aab2 to 0x000001b4c9d1b3e4
Event: 348.932 Thread 0x000001b52d3b5f10 Implicit null exception at 0x000001b4c9d2725e to 0x000001b4c9d272e1
Event: 349.356 Thread 0x000001b52d3b5f10 Exception <a 'java/lang/NoSuchMethodError'{0x000000060ba2ca80}: static Lorg/jetbrains/kotlin/gradle/plugin/internal/DefaultProjectIsolationStartParameterAccessor$Factory;.<clinit>()V> (0x000000060ba2ca80) 
thrown [s\src\hotspot\share\prims\jni.cpp, line 1111]
Event: 349.357 Thread 0x000001b52d3b5f10 Exception <a 'java/lang/NoSuchMethodError'{0x000000060ba4ca20}: static Lorg/jetbrains/kotlin/gradle/plugin/internal/DefaultJavaExecTaskParametersCompatibility$Factory;.<clinit>()V> (0x000000060ba4ca20) 
thrown [s\src\hotspot\share\prims\jni.cpp, line 1111]
Event: 349.362 Thread 0x000001b52d3b5f10 Exception <a 'java/lang/NoSuchMethodError'{0x000000060ba72c40}: static Lorg/jetbrains/kotlin/gradle/plugin/internal/DefaultCopySpecAccessor$Factory;.<clinit>()V> (0x000000060ba72c40) 
thrown [s\src\hotspot\share\prims\jni.cpp, line 1111]
Event: 349.364 Thread 0x000001b52d3b5f10 Exception <a 'java/lang/NoSuchMethodError'{0x000000060ba96c50}: static Lorg/jetbrains/kotlin/gradle/plugin/internal/DefaultProjectDependencyAccessor$Factory;.<clinit>()V> (0x000000060ba96c50) 
thrown [s\src\hotspot\share\prims\jni.cpp, line 1111]
Event: 349.367 Thread 0x000001b52d3b5f10 Exception <a 'java/lang/NoSuchMethodError'{0x000000060bac1a08}: static Lorg/jetbrains/kotlin/gradle/plugin/internal/DefaultMavenPublicationComponentAccessorFactory;.<clinit>()V> (0x000000060bac1a08) 
thrown [s\src\hotspot\share\prims\jni.cpp, line 1111]
Event: 349.370 Thread 0x000001b52d3b5f10 Exception <a 'java/lang/NoSuchMethodError'{0x000000060bae2350}: static Lorg/jetbrains/kotlin/gradle/plugin/diagnostics/DefaultProblemsReporter$Factory;.<clinit>()V> (0x000000060bae2350) 
thrown [s\src\hotspot\share\prims\jni.cpp, line 1111]
Event: 349.372 Thread 0x000001b52d3b5f10 Exception <a 'java/lang/NoSuchMethodError'{0x000000060bb087f0}: static Lorg/jetbrains/kotlin/gradle/plugin/internal/DefaultCompatibilityConventionRegistrar$Factory;.<clinit>()V> (0x000000060bb087f0) 
thrown [s\src\hotspot\share\prims\jni.cpp, line 1111]
Event: 349.379 Thread 0x000001b52d3b5f10 Exception <a 'java/lang/NoSuchMethodError'{0x000000060bb28980}: static Lorg/jetbrains/kotlin/gradle/plugin/internal/DefaultConfigurationCacheStartParameterAccessorVariantFactory;.<clinit>()V> (0x000000060bb28980) 
thrown [s\src\hotspot\share\prims\jni.cpp, line 1111]
Event: 349.382 Thread 0x000001b52d3b5f10 Exception <a 'java/lang/NoSuchMethodError'{0x000000060bb4ef08}: static Lorg/jetbrains/kotlin/gradle/plugin/internal/DefaultBuildIdentifierAccessor$Factory;.<clinit>()V> (0x000000060bb4ef08) 
thrown [s\src\hotspot\share\prims\jni.cpp, line 1111]
Event: 350.318 Thread 0x000001b52d3b5f10 Exception <a 'java/lang/NoSuchMethodError'{0x00000006078a4508}: static Ljava/lang/Object;.<clinit>()V> (0x00000006078a4508) 
thrown [s\src\hotspot\share\prims\jni.cpp, line 1111]
Event: 350.325 Thread 0x000001b52d3b5f10 Exception <a 'java/lang/NoSuchMethodError'{0x00000006078f8190}: static Lorg/jetbrains/kotlin/gradle/plugin/statistics/MetricContainer;.<clinit>()V> (0x00000006078f8190) 
thrown [s\src\hotspot\share\prims\jni.cpp, line 1111]
Event: 351.642 Thread 0x000001b52d3b5f10 Exception <a 'java/io/IOException'{0x000000060ba622e8}> (0x000000060ba622e8) 
thrown [s\src\hotspot\share\prims\jni.cpp, line 520]
Event: 351.646 Thread 0x000001b52d3b5f10 Exception <a 'java/lang/NoClassDefFoundError'{0x000000060ba693e8}: org/jetbrains/kotlin/gradle/plugin/sources/android/MultiplatformLayoutV1KotlinAndroidSourceSetNaming> (0x000000060ba693e8) 
thrown [s\src\hotspot\share\classfile\systemDictionary.cpp, line 302]
Event: 351.647 Thread 0x000001b52d3b5f10 Exception <a 'java/lang/NoClassDefFoundError'{0x000000060ba693e8}> (0x000000060ba693e8) 
thrown [s\src\hotspot\share\oops\instanceKlass.cpp, line 1218]

ZGC Phase Switch (0 events):
No events

VM Operations (20 events):
Event: 346.836 Executing safepoint VM operation: G1CollectForAllocation (G1 Evacuation Pause)
Event: 346.843 Executing safepoint VM operation: G1CollectForAllocation (G1 Evacuation Pause) done
Event: 347.836 Executing safepoint VM operation: ICBufferFull
Event: 347.836 Executing safepoint VM operation: ICBufferFull done
Event: 348.845 Executing safepoint VM operation: Cleanup
Event: 348.845 Executing safepoint VM operation: Cleanup done
Event: 349.057 Executing safepoint VM operation: G1CollectForAllocation (G1 Evacuation Pause)
Event: 349.063 Executing safepoint VM operation: G1CollectForAllocation (G1 Evacuation Pause) done
Event: 349.103 Executing safepoint VM operation: G1PauseRemark
Event: 349.111 Executing safepoint VM operation: G1PauseRemark done
Event: 349.129 Executing safepoint VM operation: G1PauseCleanup
Event: 349.129 Executing safepoint VM operation: G1PauseCleanup done
Event: 350.143 Executing safepoint VM operation: Cleanup
Event: 350.222 Executing safepoint VM operation: Cleanup done
Event: 351.229 Executing safepoint VM operation: Cleanup
Event: 351.230 Executing safepoint VM operation: Cleanup done
Event: 351.339 Executing safepoint VM operation: G1CollectForAllocation (G1 Evacuation Pause)
Event: 351.344 Executing safepoint VM operation: G1CollectForAllocation (G1 Evacuation Pause) done
Event: 351.644 Executing non-safepoint VM operation: HandshakeAllThreads (Deoptimize)
Event: 351.645 Executing non-safepoint VM operation: HandshakeAllThreads (Deoptimize) done

Memory protections (0 events):
No events

Nmethod flushes (20 events):
Event: 349.109 Thread 0x000001b4e733bb20 flushing  nmethod 0x000001b4ba21fe10
Event: 349.109 Thread 0x000001b4e733bb20 flushing  nmethod 0x000001b4ba341d90
Event: 349.109 Thread 0x000001b4e733bb20 flushing  nmethod 0x000001b4b9726b90
Event: 349.109 Thread 0x000001b4e733bb20 flushing  nmethod 0x000001b4b9b44290
Event: 349.109 Thread 0x000001b4e733bb20 flushing  nmethod 0x000001b4b9b46590
Event: 349.109 Thread 0x000001b4e733bb20 flushing  nmethod 0x000001b4b9b46990
Event: 349.109 Thread 0x000001b4e733bb20 flushing  nmethod 0x000001b4c9c5d790
Event: 349.109 Thread 0x000001b4e733bb20 flushing  nmethod 0x000001b4c9c61c10
Event: 349.109 Thread 0x000001b4e733bb20 flushing  nmethod 0x000001b4b9370b90
Event: 349.109 Thread 0x000001b4e733bb20 flushing  nmethod 0x000001b4b93da910
Event: 349.109 Thread 0x000001b4e733bb20 flushing  nmethod 0x000001b4b9487a10
Event: 349.109 Thread 0x000001b4e733bb20 flushing  nmethod 0x000001b4b9487f10
Event: 349.109 Thread 0x000001b4e733bb20 flushing  nmethod 0x000001b4b9a1a810
Event: 349.109 Thread 0x000001b4e733bb20 flushing  nmethod 0x000001b4b9a5db10
Event: 349.109 Thread 0x000001b4e733bb20 flushing  nmethod 0x000001b4b9a5f790
Event: 349.109 Thread 0x000001b4e733bb20 flushing  nmethod 0x000001b4b9e4f310
Event: 349.109 Thread 0x000001b4e733bb20 flushing  nmethod 0x000001b4b9e52910
Event: 349.109 Thread 0x000001b4e733bb20 flushing  nmethod 0x000001b4b9e53690
Event: 349.109 Thread 0x000001b4e733bb20 flushing  nmethod 0x000001b4b9e54110
Event: 349.109 Thread 0x000001b4e733bb20 flushing  nmethod 0x000001b4b9e54a90

Events (20 events):
Event: 345.863 Thread 0x000001b4e7368270 Thread added: 0x000001b5322a97d0
Event: 345.863 Thread 0x000001b4e7368270 Thread added: 0x000001b5328dd040
Event: 345.863 Thread 0x000001b4e7368270 Thread added: 0x000001b531547a30
Event: 346.163 Thread 0x000001b531907920 Thread exited: 0x000001b531907920
Event: 346.177 Thread 0x000001b4e7368270 Thread added: 0x000001b531907920
Event: 346.376 Thread 0x000001b5328dd040 Thread added: 0x000001b532e5e060
Event: 348.093 Thread 0x000001b532e5e060 Thread exited: 0x000001b532e5e060
Event: 348.093 Thread 0x000001b531907920 Thread exited: 0x000001b531907920
Event: 348.865 Thread 0x000001b531547a30 Thread exited: 0x000001b531547a30
Event: 348.870 Thread 0x000001b5328dd040 Thread exited: 0x000001b5328dd040
Event: 348.870 Thread 0x000001b5322a97d0 Thread exited: 0x000001b5322a97d0
Event: 348.980 Thread 0x000001b4e7368270 Thread added: 0x000001b533876060
Event: 348.981 Thread 0x000001b4e7368270 Thread added: 0x000001b533874bf0
Event: 348.981 Thread 0x000001b533876060 Thread added: 0x000001b533876730
Event: 348.985 Thread 0x000001b533876060 Thread added: 0x000001b533875990
Event: 348.986 Thread 0x000001b533876060 Thread added: 0x000001b533877ba0
Event: 349.162 Thread 0x000001b533875990 Thread exited: 0x000001b533875990
Event: 349.215 Thread 0x000001b533876730 Thread exited: 0x000001b533876730
Event: 349.338 Thread 0x000001b52d3b5f10 Thread added: 0x000001b530cfd350
Event: 350.401 Thread 0x000001b52d3b5f10 Thread added: 0x000001b5332f9450


Dynamic libraries:
0x00007ff79bf90000 - 0x00007ff79bf9e000 	C:\Users\AJI\.vscode\extensions\redhat.java-1.56.0-win32-x64\jre\21.0.12.1-win32-x86_64\bin\java.exe
0x00007ffe02160000 - 0x00007ffe023c7000 	C:\WINDOWS\SYSTEM32\ntdll.dll
0x00007ffe003b0000 - 0x00007ffe0047b000 	C:\WINDOWS\System32\KERNEL32.DLL
0x00007ffdff6f0000 - 0x00007ffdffaf2000 	C:\WINDOWS\System32\KERNELBASE.dll
0x00007ffdff410000 - 0x00007ffdff55c000 	C:\WINDOWS\System32\ucrtbase.dll
0x00007ffd821c0000 - 0x00007ffd821d8000 	C:\Users\AJI\.vscode\extensions\redhat.java-1.56.0-win32-x64\jre\21.0.12.1-win32-x86_64\bin\jli.dll
0x00007ffdc0f00000 - 0x00007ffdc0f1e000 	C:\Users\AJI\.vscode\extensions\redhat.java-1.56.0-win32-x64\jre\21.0.12.1-win32-x86_64\bin\VCRUNTIME140.dll
0x00007ffe019a0000 - 0x00007ffe01b6f000 	C:\WINDOWS\System32\USER32.dll
0x00007ffdff570000 - 0x00007ffdff597000 	C:\WINDOWS\System32\win32u.dll
0x00007ffddfe30000 - 0x00007ffde00c0000 	C:\WINDOWS\WinSxS\amd64_microsoft.windows.common-controls_6595b64144ccf1df_6.0.26100.9278_none_3e0d1ba8e3303201\COMCTL32.dll
0x00007ffe018c0000 - 0x00007ffe01969000 	C:\WINDOWS\System32\msvcrt.dll
0x00007ffe01970000 - 0x00007ffe0199b000 	C:\WINDOWS\System32\GDI32.dll
0x00007ffdffc90000 - 0x00007ffdffdb9000 	C:\WINDOWS\System32\gdi32full.dll
0x00007ffdff360000 - 0x00007ffdff403000 	C:\WINDOWS\System32\msvcp_win.dll
0x00007ffe01b90000 - 0x00007ffe01bc1000 	C:\WINDOWS\System32\IMM32.DLL
0x00007ffdd7ca0000 - 0x00007ffdd7cac000 	C:\Users\AJI\.vscode\extensions\redhat.java-1.56.0-win32-x64\jre\21.0.12.1-win32-x86_64\bin\vcruntime140_1.dll
0x00007ffd7e7f0000 - 0x00007ffd7e87d000 	C:\Users\AJI\.vscode\extensions\redhat.java-1.56.0-win32-x64\jre\21.0.12.1-win32-x86_64\bin\msvcp140.dll
0x00007ffcef0f0000 - 0x00007ffcefe92000 	C:\Users\AJI\.vscode\extensions\redhat.java-1.56.0-win32-x64\jre\21.0.12.1-win32-x86_64\bin\server\jvm.dll
0x00007ffe002e0000 - 0x00007ffe0039c000 	C:\WINDOWS\System32\ADVAPI32.dll
0x00007ffe00230000 - 0x00007ffe002d9000 	C:\WINDOWS\System32\sechost.dll
0x00007ffdfff30000 - 0x00007ffe00048000 	C:\WINDOWS\System32\RPCRT4.dll
0x00007ffe01720000 - 0x00007ffe017a0000 	C:\WINDOWS\System32\WS2_32.dll
0x00007ffdfb560000 - 0x00007ffdfb596000 	C:\WINDOWS\SYSTEM32\WINMM.dll
0x00007ffdff1c0000 - 0x00007ffdff21e000 	C:\WINDOWS\SYSTEM32\POWRPROF.dll
0x00007ffdf5020000 - 0x00007ffdf502b000 	C:\WINDOWS\SYSTEM32\VERSION.dll
0x00007ffdff1a0000 - 0x00007ffdff1b5000 	C:\WINDOWS\SYSTEM32\UMPDC.dll
0x00007ffdfdf70000 - 0x00007ffdfdf8b000 	C:\WINDOWS\SYSTEM32\kernel.appcore.dll
0x00007ffdd7be0000 - 0x00007ffdd7bea000 	C:\Users\AJI\.vscode\extensions\redhat.java-1.56.0-win32-x64\jre\21.0.12.1-win32-x86_64\bin\jimage.dll
0x00007ffdfc940000 - 0x00007ffdfcb8c000 	C:\WINDOWS\SYSTEM32\DBGHELP.DLL
0x00007ffe00d20000 - 0x00007ffe010a5000 	C:\WINDOWS\System32\combase.dll
0x00007ffe011b0000 - 0x00007ffe01289000 	C:\WINDOWS\System32\OLEAUT32.dll
0x00007ffdde450000 - 0x00007ffdde48b000 	C:\WINDOWS\SYSTEM32\dbgcore.DLL
0x00007ffdffdc0000 - 0x00007ffdffe6c000 	C:\WINDOWS\System32\bcryptPrimitives.dll
0x00007ffdd70d0000 - 0x00007ffdd70df000 	C:\Users\AJI\.vscode\extensions\redhat.java-1.56.0-win32-x64\jre\21.0.12.1-win32-x86_64\bin\instrument.dll
0x00007ffd7fbb0000 - 0x00007ffd7fbd0000 	C:\Users\AJI\.vscode\extensions\redhat.java-1.56.0-win32-x64\jre\21.0.12.1-win32-x86_64\bin\java.dll
0x00007ffe00580000 - 0x00007ffe00d18000 	C:\WINDOWS\System32\SHELL32.dll
0x00007ffdfcd80000 - 0x00007ffdfd62e000 	C:\WINDOWS\SYSTEM32\windows.storage.dll
0x00007ffe01320000 - 0x00007ffe0141b000 	C:\WINDOWS\System32\SHCORE.dll
0x00007ffe010b0000 - 0x00007ffe01116000 	C:\WINDOWS\System32\shlwapi.dll
0x00007ffdff280000 - 0x00007ffdff2a9000 	C:\WINDOWS\SYSTEM32\profapi.dll
0x00007ffd7fb90000 - 0x00007ffd7fba8000 	C:\Users\AJI\.vscode\extensions\redhat.java-1.56.0-win32-x64\jre\21.0.12.1-win32-x86_64\bin\zip.dll
0x00007ffdd7b20000 - 0x00007ffdd7b30000 	C:\Users\AJI\.vscode\extensions\redhat.java-1.56.0-win32-x64\jre\21.0.12.1-win32-x86_64\bin\net.dll
0x00007ffdf8730000 - 0x00007ffdf885a000 	C:\WINDOWS\SYSTEM32\WINHTTP.dll
0x00007ffdfe5f0000 - 0x00007ffdfe65c000 	C:\WINDOWS\system32\mswsock.dll
0x00007ffd7e7d0000 - 0x00007ffd7e7e6000 	C:\Users\AJI\.vscode\extensions\redhat.java-1.56.0-win32-x64\jre\21.0.12.1-win32-x86_64\bin\nio.dll
0x00007ffdd1b60000 - 0x00007ffdd1b70000 	C:\Users\AJI\.vscode\extensions\redhat.java-1.56.0-win32-x64\jre\21.0.12.1-win32-x86_64\bin\verify.dll
0x00007ffd7fce0000 - 0x00007ffd7fd07000 	C:\Users\AJI\.gradle\native\1def1411415f61bf3af743bc5b6707747c0891f09f0c88961ee8f79bc544acac\windows-amd64\native-platform.dll
0x00007ffcf9e70000 - 0x00007ffcf9ee7000 	C:\Users\AJI\.gradle\native\0.2.8\x86_64-windows-gnu\gradle-fileevents.dll
0x00007ffdd17c0000 - 0x00007ffdd17ca000 	C:\Users\AJI\.vscode\extensions\redhat.java-1.56.0-win32-x64\jre\21.0.12.1-win32-x86_64\bin\management.dll
0x00007ffdd0ce0000 - 0x00007ffdd0cec000 	C:\Users\AJI\.vscode\extensions\redhat.java-1.56.0-win32-x64\jre\21.0.12.1-win32-x86_64\bin\management_ext.dll
0x00007ffe01b80000 - 0x00007ffe01b88000 	C:\WINDOWS\System32\PSAPI.DLL
0x00007ffdfd9b0000 - 0x00007ffdfd9e3000 	C:\WINDOWS\SYSTEM32\IPHLPAPI.DLL
0x00007ffdfff00000 - 0x00007ffdfff0a000 	C:\WINDOWS\System32\NSI.dll
0x00007ffdd0ba0000 - 0x00007ffdd0ba9000 	C:\Users\AJI\.vscode\extensions\redhat.java-1.56.0-win32-x64\jre\21.0.12.1-win32-x86_64\bin\extnet.dll
0x00007ffdfe8e0000 - 0x00007ffdfe8fb000 	C:\WINDOWS\SYSTEM32\CRYPTSP.dll
0x00007ffdfdf90000 - 0x00007ffdfdfc9000 	C:\WINDOWS\system32\rsaenh.dll
0x00007ffdfe6a0000 - 0x00007ffdfe6d4000 	C:\WINDOWS\SYSTEM32\USERENV.dll
0x00007ffdff250000 - 0x00007ffdff27a000 	C:\WINDOWS\SYSTEM32\bcrypt.dll
0x00007ffdfe900000 - 0x00007ffdfe90c000 	C:\WINDOWS\SYSTEM32\CRYPTBASE.dll
0x00007ffdd0640000 - 0x00007ffdd064e000 	C:\Users\AJI\.vscode\extensions\redhat.java-1.56.0-win32-x64\jre\21.0.12.1-win32-x86_64\bin\sunmscapi.dll
0x00007ffdffb00000 - 0x00007ffdffc7e000 	C:\WINDOWS\System32\CRYPT32.dll
0x00007ffdfeb20000 - 0x00007ffdfeb50000 	C:\WINDOWS\SYSTEM32\ncrypt.dll
0x00007ffdfead0000 - 0x00007ffdfeb0f000 	C:\WINDOWS\SYSTEM32\NTASN1.dll
0x00007ffdd4f00000 - 0x00007ffdd4f08000 	C:\WINDOWS\system32\wshunix.dll

JVMTI agents:
C:\Users\AJI\.gradle\wrapper\dists\gradle-9.1.0-all\7wzd0jkjit61aq2p43wpjgij9\gradle-9.1.0\lib\agents\gradle-instrumentation-agent-9.1.0.jar path:C:\Users\AJI\.vscode\extensions\redhat.java-1.56.0-win32-x64\jre\21.0.12.1-win32-x86_64\bin\instrument.dll, loaded, initialized, instrumentlib options:none

dbghelp: loaded successfully - version: 4.0.5 - missing functions: none
symbol engine: initialized successfully - sym options: 0x614 - pdb path: .;C:\Users\AJI\.vscode\extensions\redhat.java-1.56.0-win32-x64\jre\21.0.12.1-win32-x86_64\bin;C:\WINDOWS\SYSTEM32;C:\WINDOWS\WinSxS\amd64_microsoft.windows.common-controls_6595b64144ccf1df_6.0.26100.9278_none_3e0d1ba8e3303201;C:\Users\AJI\.vscode\extensions\redhat.java-1.56.0-win32-x64\jre\21.0.12.1-win32-x86_64\bin\server;C:\Users\AJI\.gradle\native\1def1411415f61bf3af743bc5b6707747c0891f09f0c88961ee8f79bc544acac\windows-amd64;C:\Users\AJI\.gradle\native\0.2.8\x86_64-windows-gnu

VM Arguments:
jvm_args: --add-opens=java.base/java.lang=ALL-UNNAMED --add-opens=java.base/java.lang.invoke=ALL-UNNAMED --add-opens=java.base/java.util=ALL-UNNAMED --add-opens=java.prefs/java.util.prefs=ALL-UNNAMED --add-exports=jdk.compiler/com.sun.tools.javac.api=ALL-UNNAMED --add-exports=jdk.compiler/com.sun.tools.javac.util=ALL-UNNAMED --add-opens=java.base/java.util=ALL-UNNAMED --add-opens=java.prefs/java.util.prefs=ALL-UNNAMED --add-opens=java.base/java.nio.charset=ALL-UNNAMED --add-opens=java.base/java.net=ALL-UNNAMED --add-opens=java.base/java.util.concurrent=ALL-UNNAMED --add-opens=java.base/java.util.concurrent.atomic=ALL-UNNAMED --add-opens=java.xml/javax.xml.namespace=ALL-UNNAMED --add-opens=java.base/java.time=ALL-UNNAMED -XX:MaxMetaspaceSize=4G -XX:ReservedCodeCacheSize=512m -XX:+HeapDumpOnOutOfMemoryError -Xmx8G -Dfile.encoding=UTF-8 -Duser.country=IN -Duser.language=en -Duser.variant -javaagent:C:\Users\AJI\.gradle\wrapper\dists\gradle-9.1.0-all\7wzd0jkjit61aq2p43wpjgij9\gradle-9.1.0\lib\agents\gradle-instrumentation-agent-9.1.0.jar 
java_command: org.gradle.launcher.daemon.bootstrap.GradleDaemon 9.1.0
java_class_path (initial): C:\Users\AJI\.gradle\wrapper\dists\gradle-9.1.0-all\7wzd0jkjit61aq2p43wpjgij9\gradle-9.1.0\lib\gradle-daemon-main-9.1.0.jar
Launcher Type: SUN_STANDARD

[Global flags]
     intx CICompilerCount                          = 12                                        {product} {ergonomic}
     uint ConcGCThreads                            = 4                                         {product} {ergonomic}
     uint G1ConcRefinementThreads                  = 15                                        {product} {ergonomic}
   size_t G1HeapRegionSize                         = 4194304                                   {product} {ergonomic}
    uintx GCDrainStackTargetSize                   = 64                                        {product} {ergonomic}
     bool HeapDumpOnOutOfMemoryError               = true                                   {manageable} {command line}
   size_t InitialHeapSize                          = 264241152                                 {product} {ergonomic}
   size_t MarkStackSize                            = 4194304                                   {product} {ergonomic}
   size_t MaxHeapSize                              = 8589934592                                {product} {command line}
   size_t MaxMetaspaceSize                         = 4294967296                                {product} {command line}
   size_t MaxNewSize                               = 5150605312                                {product} {ergonomic}
   size_t MinHeapDeltaBytes                        = 4194304                                   {product} {ergonomic}
   size_t MinHeapSize                              = 8388608                                   {product} {ergonomic}
    uintx NonNMethodCodeHeapSize                   = 7602480                                {pd product} {ergonomic}
    uintx NonProfiledCodeHeapSize                  = 264634216                              {pd product} {ergonomic}
    uintx ProfiledCodeHeapSize                     = 264634216                              {pd product} {ergonomic}
    uintx ReservedCodeCacheSize                    = 536870912                              {pd product} {command line}
     bool SegmentedCodeCache                       = true                                      {product} {ergonomic}
   size_t SoftMaxHeapSize                          = 8589934592                             {manageable} {ergonomic}
     bool UseCompressedOops                        = true                           {product lp64_product} {ergonomic}
     bool UseG1GC                                  = true                                      {product} {ergonomic}
     bool UseLargePagesIndividualAllocation        = false                                  {pd product} {ergonomic}

Logging:
Log output configuration:
 #0: stdout all=warning uptime,level,tags foldmultilines=false
 #1: stderr all=off uptime,level,tags foldmultilines=false

Release file:
JAVA_VERSION="21.0.12.1" 
MODULES="java.base java.compiler java.datatransfer java.xml java.prefs java.desktop java.instrument java.logging java.management java.security.sasl java.naming java.rmi java.management.rmi java.net.http java.scripting java.security.jgss java.transaction.xa java.sql java.sql.rowset java.xml.crypto java.se java.smartcardio jdk.accessibility jdk.internal.jvmstat jdk.attach jdk.charsets jdk.internal.opt jdk.zipfs jdk.compiler jdk.crypto.ec jdk.crypto.cryptoki jdk.crypto.mscapi jdk.dynalink jdk.internal.ed jdk.editpad jdk.hotspot.agent jdk.httpserver jdk.internal.le jdk.internal.vm.ci jdk.internal.vm.compiler jdk.internal.vm.compiler.management jdk.jartool jdk.javadoc jdk.jcmd jdk.management jdk.management.agent jdk.jconsole jdk.jdeps jdk.jdwp.agent jdk.jdi jdk.jfr jdk.jshell jdk.jsobject jdk.jstatd jdk.localedata jdk.management.jfr jdk.naming.dns jdk.naming.rmi jdk.net jdk.nio.mapmode jdk.random jdk.sctp jdk.security.auth jdk.security.jgss jdk.unsupported jdk.unsupported.desktop jdk.xml.dom" 

Environment Variables:
JAVA_HOME=C:\Program Files\Java\jdk-17
PATH=C:\Python314\Scripts\;C:\Python314\;C:\Program Files\Eclipse Adoptium\jdk-25.0.3.9-hotspot\bin;C:\Program Files\Microsoft\jdk-11.0.16.101-hotspot\bin;C:\WINDOWS\system32;C:\WINDOWS;C:\WINDOWS\System32\Wbem;C:\WINDOWS\System32\WindowsPowerShell\v1.0\;C:\WINDOWS\System32\OpenSSH\;C:\Program Files\dotnet\;C:\MinGW\bin;C:\ProgramData\chocolatey\bin;C:\Users\AJI\AppData\Local\Pub\Cache\bin;C:\Program Files\Java\jdk-17\bin;d:\cursor\resources\app\bin;C:\Users\AJI\develop\flutter\bin;C:\Users\AJI\.local\bin;D:\node\node_modules\npm\bin;D:\node\;C:\Program Files\nodejs\;C:\Program Files\nodejs\node_modules\npm\bin;C:\Users\AJI\Documents\MONGO\mongosh-2.9.2-win32-x64\bin;C:\xampp\php;C:\Program Files\Git\cmd;C:\Users\AJI\AppData\Local\Programs\Python\Python312\Scripts\;C:\Users\AJI\AppData\Local\Programs\Python\Python312\;C:\Users\AJI\.local\bin;C:\Users\AJI\AppData\Local\Microsoft\WindowsApps;D:\IntelliJ IDEA Community Edition 2023.1.5\bin;;C:\mingw64\bin;C:\Users\AJI\.dotnet\tools;C:\Users\AJI\Documents\flutter_windows_3.13.4-stable\flutter\bin;C:\Users\AJI\AppData\Local\Pub\Cache\bin;D:\flutter_pub_cache;C:\Users\AJI\AppData\Local\Android\Sdk;C:\Program Files\Java\jdk-17\bin;D:\rider\JetBrains Rider 2024.3.7\bin;;D:\Program Files\Microsoft VS Code\bin;D:\freelanceing\cursor\resources\app\bin;C:\Users\AJI\AppData\Local\Programs\Microsoft VS Code\bin;C:\Users\AJI\AppData\Local\Programs\cursor\resources\app\bin;C:\Users\AJI\AppData\Roaming\npm
USERNAME=AJI
OS=Windows_NT
PROCESSOR_IDENTIFIER=Intel64 Family 6 Model 154 Stepping 3, GenuineIntel
TMP=C:\Users\AJI\AppData\Local\Temp
TEMP=C:\Users\AJI\AppData\Local\Temp




Periodic native trim disabled

---------------  S Y S T E M  ---------------

OS:
 Windows 11 , 64 bit Build 26100 (10.0.26100.9444)
OS uptime: 0 days 0:14 hours
Hyper-V role detected

CPU: total 20 (initial active 20) (10 cores per cpu, 2 threads per core) family 6 model 154 stepping 3 microcode 0x43b, cx8, cmov, fxsr, ht, mmx, 3dnowpref, sse, sse2, sse3, ssse3, sse4.1, sse4.2, popcnt, lzcnt, tsc, tscinvbit, avx, avx2, aes, erms, clmul, bmi1, bmi2, adx, sha, fma, vzeroupper, clflush, clflushopt, clwb, hv, serialize, rdtscp, rdpid, fsrm, f16c, cet_ibt, cet_ss
Processor Information for processor 0
  Max Mhz: 2300, Current Mhz: 2300, Mhz Limit: 2300
Processor Information for processor 1
  Max Mhz: 2300, Current Mhz: 2300, Mhz Limit: 2300
Processor Information for processor 2
  Max Mhz: 2300, Current Mhz: 2300, Mhz Limit: 2300
Processor Information for processor 3
  Max Mhz: 2300, Current Mhz: 2300, Mhz Limit: 2300
Processor Information for processor 4
  Max Mhz: 2300, Current Mhz: 2300, Mhz Limit: 2300
Processor Information for processor 5
  Max Mhz: 2300, Current Mhz: 2300, Mhz Limit: 2300
Processor Information for processor 6
  Max Mhz: 2300, Current Mhz: 2300, Mhz Limit: 2300
Processor Information for processor 7
  Max Mhz: 2300, Current Mhz: 2300, Mhz Limit: 2300
Processor Information for processor 8
  Max Mhz: 2300, Current Mhz: 2300, Mhz Limit: 2300
Processor Information for processor 9
  Max Mhz: 2300, Current Mhz: 2300, Mhz Limit: 2300
Processor Information for processor 10
  Max Mhz: 2300, Current Mhz: 2300, Mhz Limit: 2300
Processor Information for processor 11
  Max Mhz: 2300, Current Mhz: 2300, Mhz Limit: 2300
Processor Information for processor 12
  Max Mhz: 2300, Current Mhz: 2300, Mhz Limit: 2300
Processor Information for processor 13
  Max Mhz: 2300, Current Mhz: 2300, Mhz Limit: 2300
Processor Information for processor 14
  Max Mhz: 2300, Current Mhz: 1488, Mhz Limit: 2300
Processor Information for processor 15
  Max Mhz: 2300, Current Mhz: 2300, Mhz Limit: 2300
Processor Information for processor 16
  Max Mhz: 2300, Current Mhz: 2300, Mhz Limit: 2300
Processor Information for processor 17
  Max Mhz: 2300, Current Mhz: 2300, Mhz Limit: 2300
Processor Information for processor 18
  Max Mhz: 2300, Current Mhz: 2300, Mhz Limit: 2300
Processor Information for processor 19
  Max Mhz: 2300, Current Mhz: 1488, Mhz Limit: 2300

Memory: 4k page, system-wide physical 16068M (1438M free)
TotalPageFile size 65220M (AvailPageFile size 2015M)
current process WorkingSet (physical memory assigned to process): 350M, peak: 357M
current process commit charge ("private bytes"): 501M, peak: 512M

vm_info: OpenJDK 64-Bit Server VM (21.0.12.1+1-LTS) for windows-amd64 JRE (21.0.12.1+1-LTS), built on 2026-08-18T00:00:00Z by "admin" with MS VC++ 17.12 (VS2022)

END.
