#
# There is insufficient memory for the Java Runtime Environment to continue.
# Native memory allocation (malloc) failed to allocate 1225776 bytes. Error detail: Chunk::new
# Possible reasons:
#   The system is out of physical RAM or swap space
#   This process is running with CompressedOops enabled, and the Java Heap may be blocking the growth of the native heap
# Possible solutions:
#   Reduce memory load on the system
#   Increase physical memory or swap space
#   Check if swap backing store is full
#   Decrease Java heap size (-Xmx/-Xms)
#   Decrease number of Java threads
#   Decrease Java thread stack sizes (-Xss)
#   Set larger code cache with -XX:ReservedCodeCacheSize=
#   JVM is running with Zero Based Compressed Oops mode in which the Java heap is
#     placed in the first 32GB address space. The Java Heap base address is the
#     maximum limit for the native heap growth. Please use -XX:HeapBaseMinAddress
#     to set the Java Heap base and to place the Java Heap above 32GB virtual address.
# This output file may be truncated or incomplete.
#
#  Out of Memory Error (arena.cpp:168), pid=41248, tid=41540
#
# JRE version: OpenJDK Runtime Environment Temurin-21.0.12.1+1 (21.0.12.1+1) (build 21.0.12.1+1-LTS)
# Java VM: OpenJDK 64-Bit Server VM Temurin-21.0.12.1+1 (21.0.12.1+1-LTS, mixed mode, sharing, tiered, compressed oops, compressed class ptrs, g1 gc, windows-amd64)
# No core dump will be written. Minidumps are not enabled by default on client versions of Windows
#

---------------  S U M M A R Y ------------

Command Line: --add-opens=java.base/java.lang=ALL-UNNAMED --add-opens=java.base/java.lang.invoke=ALL-UNNAMED --add-opens=java.base/java.util=ALL-UNNAMED --add-opens=java.prefs/java.util.prefs=ALL-UNNAMED --add-exports=jdk.compiler/com.sun.tools.javac.api=ALL-UNNAMED --add-exports=jdk.compiler/com.sun.tools.javac.util=ALL-UNNAMED --add-opens=java.base/java.util=ALL-UNNAMED --add-opens=java.prefs/java.util.prefs=ALL-UNNAMED --add-opens=java.base/java.nio.charset=ALL-UNNAMED --add-opens=java.base/java.net=ALL-UNNAMED --add-opens=java.base/java.util.concurrent=ALL-UNNAMED --add-opens=java.base/java.util.concurrent.atomic=ALL-UNNAMED --add-opens=java.xml/javax.xml.namespace=ALL-UNNAMED --add-opens=java.base/java.time=ALL-UNNAMED -XX:MaxMetaspaceSize=4G -XX:ReservedCodeCacheSize=512m -XX:+HeapDumpOnOutOfMemoryError -Xmx8G -Dfile.encoding=UTF-8 -Duser.country=IN -Duser.language=en -Duser.variant -javaagent:C:\Users\AJI\.gradle\wrapper\dists\gradle-9.1.0-all\7wzd0jkjit61aq2p43wpjgij9\gradle-9.1.0\lib\agents\gradle-instrumentation-agent-9.1.0.jar org.gradle.launcher.daemon.bootstrap.GradleDaemon 9.1.0

Host: 12th Gen Intel(R) Core(TM) i7-12700H, 20 cores, 15G,  Windows 11 , 64 bit Build 26100 (10.0.26100.9444)
Time: Thu Sep 17 09:15:01 2026 India Standard Time elapsed time: 261.768226 seconds (0d 0h 4m 21s)

---------------  T H R E A D  ---------------

Current thread (0x000001f77fa8f4a0):  JavaThread "C2 CompilerThread0" daemon [_thread_in_native, id=41540, stack(0x00000086a0e00000,0x00000086a0f00000) (1024K)]


Current CompileTask:
C2:261768 11645   !   4       java.net.URLClassLoader$1::run (81 bytes)

Stack: [0x00000086a0e00000,0x00000086a0f00000]
Native frames: (J=compiled Java code, j=interpreted, Vv=VM code, C=native code)
V  [jvm.dll+0x6d83e9]
V  [jvm.dll+0x8b5736]
V  [jvm.dll+0x8b7cee]
V  [jvm.dll+0x8b83d3]
V  [jvm.dll+0x284596]
V  [jvm.dll+0xc685d]
V  [jvm.dll+0xc6da1]
V  [jvm.dll+0x3bf151]
V  [jvm.dll+0x1e3f42]
V  [jvm.dll+0x24c853]
V  [jvm.dll+0x24bce0]
V  [jvm.dll+0x1cb4ae]
V  [jvm.dll+0x25baad]
V  [jvm.dll+0x25a03a]
V  [jvm.dll+0x3f8aae]
V  [jvm.dll+0x8600cd]
V  [jvm.dll+0x6d6c1d]
C  [ucrtbase.dll+0x2cd30]
C  [KERNEL32.DLL+0x2cd87]
C  [ntdll.dll+0xacaec]


---------------  P R O C E S S  ---------------

Threads class SMR info:
_java_thread_list=0x000001f76878e480, length=243, elements={
0x000001f770881c60, 0x000001f77fa7c3f0, 0x000001f77fa81ae0, 0x000001f77fa86300,
0x000001f77fa86d60, 0x000001f77fa885b0, 0x000001f77fa89b80, 0x000001f77fa8f4a0,
0x000001f77fad09e0, 0x000001f77fc71ef0, 0x000001f77fc90a90, 0x000001f767b8a7e0,
0x000001f768817dc0, 0x000001f7688bab10, 0x000001f768746370, 0x000001f768775890,
0x000001f768841a00, 0x000001f768854940, 0x000001f768854fd0, 0x000001f768856a10,
0x000001f768853c20, 0x000001f7688542b0, 0x000001f768855660, 0x000001f7688570a0,
0x000001f76a95da80, 0x000001f76a95fb50, 0x000001f76a95c6d0, 0x000001f76a95d3f0,
0x000001f76a95e110, 0x000001f76a95ee30, 0x000001f76a95cd60, 0x000001f76a962940,
0x000001f76a963cf0, 0x000001f76a961590, 0x000001f76a9622b0, 0x000001f76a2beb60,
0x000001f76a2bca90, 0x000001f76a2bbd70, 0x000001f76a2be4d0, 0x000001f76a2bc400,
0x000001f76a2bb6e0, 0x000001f76a2bde40, 0x000001f76a2bf1f0, 0x000001f76a2bff10,
0x000001f76a2bd7b0, 0x000001f76a2c05a0, 0x000001f76a2bf880, 0x000001f76a2bd120,
0x000001f76a2c0c30, 0x000001f76a2c2d00, 0x000001f76a2c12c0, 0x000001f76a2c1fe0,
0x000001f76a2c1950, 0x000001f76a2c2670, 0x000001f76ae68a50, 0x000001f76ae683c0,
0x000001f76ae67d30, 0x000001f76ae690e0, 0x000001f76ae69770, 0x000001f76ae66980,
0x000001f76ae676a0, 0x000001f76ae69e00, 0x000001f76ae6a490, 0x000001f76ae67010,
0x000001f76ae6b1b0, 0x000001f76ae6b840, 0x000001f76ae6ab20, 0x000001f76ae6d280,
0x000001f76ae6cbf0, 0x000001f76ae6bed0, 0x000001f76ae6c560, 0x000001f76ae6d910,
0x000001f76ae6dfa0, 0x000001f76b800df0, 0x000001f76b8000d0, 0x000001f76b8021a0,
0x000001f76b801480, 0x000001f76b801b10, 0x000001f76b7fed20, 0x000001f76b7ff3b0,
0x000001f76b800760, 0x000001f76b7ffa40, 0x000001f76a3c3fb0, 0x000001f76a3c5360,
0x000001f76a3c4cd0, 0x000001f76a3c3920, 0x000001f76a3c4640, 0x000001f76a3c1ee0,
0x000001f76a3c59f0, 0x000001f76a3c2c00, 0x000001f76a3c6080, 0x000001f76a3c9500,
0x000001f768e334d0, 0x000001f768e362c0, 0x000001f768e34f10, 0x000001f768e34880,
0x000001f768e32e40, 0x000001f768e355a0, 0x000001f768e36950, 0x000001f768e36fe0,
0x000001f768e37670, 0x000001f768e341f0, 0x000001f768e38a20, 0x000001f768e38390,
0x000001f768e390b0, 0x000001f768e37d00, 0x000001f768e39740, 0x000001f768e39dd0,
0x000001f768e3a460, 0x000001f76a3c8150, 0x000001f76a3c8e70, 0x000001f768855cf0,
0x000001f768e9f7e0, 0x000001f768e9fe70, 0x000001f768e9d710, 0x000001f768e9eac0,
0x000001f768ea0b90, 0x000001f768ea0500, 0x000001f768ea1220, 0x000001f768e9dda0,
0x000001f768ea18b0, 0x000001f768e9f150, 0x000001f768e9e430, 0x000001f768ea1f40,
0x000001f768ea32f0, 0x000001f768ea46a0, 0x000001f768ea25d0, 0x000001f768ea4d30,
0x000001f768ea3980, 0x000001f768ea2c60, 0x000001f768ea4010, 0x000001f76c0a3f20,
0x000001f76c0a3200, 0x000001f76c0a3890, 0x000001f76c0a2b70, 0x000001f76c0a52d0,
0x000001f76c0a45b0, 0x000001f76c0a4c40, 0x000001f76c0a5960, 0x000001f76c0a24e0,
0x000001f76c0a80c0, 0x000001f76c0a6680, 0x000001f76c0a6d10, 0x000001f76c0a73a0,
0x000001f76c0a9470, 0x000001f76c0a5ff0, 0x000001f76c0a7a30, 0x000001f76c0a8de0,
0x000001f76c0a9b00, 0x000001f76c0a8750, 0x000001f768da1160, 0x000001f768da2ba0,
0x000001f768d9fdb0, 0x000001f768da2510, 0x000001f768da3230, 0x000001f768da0440,
0x000001f768da0ad0, 0x000001f768da4c70, 0x000001f768da3f50, 0x000001f768da17f0,
0x000001f768da38c0, 0x000001f768da5300, 0x000001f768da1e80, 0x000001f768da6020,
0x000001f768da5990, 0x000001f768da66b0, 0x000001f768da6d40, 0x000001f768da73d0,
0x000001f76962c300, 0x000001f76962c990, 0x000001f76962a230, 0x000001f76962d020,
0x000001f769629ba0, 0x000001f76962d6b0, 0x000001f76962dd40, 0x000001f76962b5e0,
0x000001f76962a8c0, 0x000001f76962bc70, 0x000001f76962e3d0, 0x000001f76962af50,
0x000001f76962f0f0, 0x000001f769630b30, 0x000001f7696304a0, 0x000001f7696311c0,
0x000001f76962ea60, 0x000001f769631850, 0x000001f76962f780, 0x000001f769631ee0,
0x000001f769633290, 0x000001f769632570, 0x000001f769632c00, 0x000001f76962fe10,
0x000001f769634cd0, 0x000001f769633fb0, 0x000001f769634640, 0x000001f769635360,
0x000001f7696359f0, 0x000001f769636080, 0x000001f769636da0, 0x000001f769636710,
0x000001f769633920, 0x000001f769637430, 0x000001f769637ac0, 0x000001f769638e70,
0x000001f7696387e0, 0x000001f769638150, 0x000001f76b509eb0, 0x000001f76b50abd0,
0x000001f76b50b8f0, 0x000001f76b508470, 0x000001f76b50bf80, 0x000001f76b50a540,
0x000001f76b508b00, 0x000001f76b50c610, 0x000001f76b509190, 0x000001f76b50e6e0,
0x000001f76b50d330, 0x000001f76b50f400, 0x000001f76b50d9c0, 0x000001f76b50fa90,
0x000001f76b50cca0, 0x000001f76b50ed70, 0x000001f76b50e050, 0x000001f77ff766a0,
0x000001f77ff78e00, 0x000001f77ff79b20, 0x000001f77ff7a1b0, 0x000001f77ff76d30,
0x000001f77ff773c0, 0x000001f77ff7aed0, 0x000001f77ff7a840, 0x000001f77ff79490,
0x000001f77ff77a50, 0x000001f77ff7b560, 0x000001f77ff780e0, 0x000001f77ff7cfa0,
0x000001f77ff7c910, 0x000001f77ff7bbf0, 0x000001f77ff7e9e0, 0x000001f77ff7d630,
0x000001f77ff7dcc0, 0x000001f768866830, 0x000001f76adac6a0
}

Java Threads: ( => current thread )
  0x000001f770881c60 JavaThread "main"                              [_thread_blocked, id=41376, stack(0x00000086a0000000,0x00000086a0100000) (1024K)]
  0x000001f77fa7c3f0 JavaThread "Reference Handler"          daemon [_thread_blocked, id=41516, stack(0x00000086a0800000,0x00000086a0900000) (1024K)]
  0x000001f77fa81ae0 JavaThread "Finalizer"                  daemon [_thread_blocked, id=41520, stack(0x00000086a0900000,0x00000086a0a00000) (1024K)]
  0x000001f77fa86300 JavaThread "Signal Dispatcher"          daemon [_thread_blocked, id=41524, stack(0x00000086a0a00000,0x00000086a0b00000) (1024K)]
  0x000001f77fa86d60 JavaThread "Attach Listener"            daemon [_thread_blocked, id=41528, stack(0x00000086a0b00000,0x00000086a0c00000) (1024K)]
  0x000001f77fa885b0 JavaThread "Service Thread"             daemon [_thread_blocked, id=41532, stack(0x00000086a0c00000,0x00000086a0d00000) (1024K)]
  0x000001f77fa89b80 JavaThread "Monitor Deflation Thread"   daemon [_thread_blocked, id=41536, stack(0x00000086a0d00000,0x00000086a0e00000) (1024K)]
=>0x000001f77fa8f4a0 JavaThread "C2 CompilerThread0"         daemon [_thread_in_native, id=41540, stack(0x00000086a0e00000,0x00000086a0f00000) (1024K)]
  0x000001f77fad09e0 JavaThread "C1 CompilerThread0"         daemon [_thread_blocked, id=41544, stack(0x00000086a0f00000,0x00000086a1000000) (1024K)]
  0x000001f77fc71ef0 JavaThread "Common-Cleaner"             daemon [_thread_blocked, id=41620, stack(0x00000086a1000000,0x00000086a1100000) (1024K)]
  0x000001f77fc90a90 JavaThread "Notification Thread"        daemon [_thread_blocked, id=41644, stack(0x00000086a1100000,0x00000086a1200000) (1024K)]
  0x000001f767b8a7e0 JavaThread "Daemon health stats"               [_thread_blocked, id=42260, stack(0x00000086a1900000,0x00000086a1a00000) (1024K)]
  0x000001f768817dc0 JavaThread "Incoming local TCP Connector on port 42962"        [_thread_in_native, id=42648, stack(0x00000086a1a00000,0x00000086a1b00000) (1024K)]
  0x000001f7688bab10 JavaThread "Daemon periodic checks"            [_thread_blocked, id=42672, stack(0x00000086a1b00000,0x00000086a1c00000) (1024K)]
  0x000001f768746370 JavaThread "Daemon"                            [_thread_blocked, id=42684, stack(0x00000086a1c00000,0x00000086a1d00000) (1024K)]
  0x000001f768775890 JavaThread "Handler for socket connection from /127.0.0.1:42962 to /127.0.0.1:42965"        [_thread_in_native, id=42696, stack(0x00000086a1d00000,0x00000086a1e00000) (1024K)]
  0x000001f768841a00 JavaThread "Cancel handler"                    [_thread_blocked, id=42720, stack(0x00000086a1e00000,0x00000086a1f00000) (1024K)]
  0x000001f768854940 JavaThread "Daemon worker"                     [_thread_in_vm, id=42732, stack(0x00000086a1f00000,0x00000086a2000000) (1024K)]
  0x000001f768854fd0 JavaThread "Asynchronous log dispatcher for DefaultDaemonConnection: socket connection from /127.0.0.1:42962 to /127.0.0.1:42965"        [_thread_blocked, id=42792, stack(0x00000086a2000000,0x00000086a2100000) (1024K)]
  0x000001f768856a10 JavaThread "Stdin handler"                     [_thread_blocked, id=42796, stack(0x00000086a2100000,0x00000086a2200000) (1024K)]
  0x000001f768853c20 JavaThread "Daemon client event forwarder"        [_thread_blocked, id=42836, stack(0x00000086a2200000,0x00000086a2300000) (1024K)]
  0x000001f7688542b0 JavaThread "Cache worker for journal cache (C:\Users\AJI\.gradle\caches\journal-1)"        [_thread_blocked, id=42624, stack(0x00000086a2c00000,0x00000086a2d00000) (1024K)]
  0x000001f768855660 JavaThread "File lock request listener"        [_thread_in_native, id=42628, stack(0x00000086a2d00000,0x00000086a2e00000) (1024K)]
  0x000001f7688570a0 JavaThread "Cache worker for file hash cache (C:\Users\AJI\.gradle\caches\9.1.0\fileHashes)"        [_thread_blocked, id=41964, stack(0x00000086a2f00000,0x00000086a3000000) (1024K)]
  0x000001f76a95da80 JavaThread "Cache worker for file hash cache (C:\Users\AJI\Documents\Gostriders\gostriders\android\.gradle\9.1.0\fileHashes)"        [_thread_blocked, id=16808, stack(0x00000086a3500000,0x00000086a3600000) (1024K)]
  0x000001f76a95fb50 JavaThread "Cache worker for Build Output Cleanup Cache (C:\Users\AJI\Documents\Gostriders\gostriders\android\.gradle\buildOutputCleanup)"        [_thread_blocked, id=41552, stack(0x00000086a3600000,0x00000086a3700000) (1024K)]
  0x000001f76a95c6d0 JavaThread "File watcher server"        daemon [_thread_in_native, id=44136, stack(0x00000086a3300000,0x00000086a3400000) (1024K)]
  0x000001f76a95d3f0 JavaThread "File watcher consumer"      daemon [_thread_blocked, id=44208, stack(0x00000086a3700000,0x00000086a3800000) (1024K)]
  0x000001f76a95e110 JavaThread "Cache worker for checksums cache (C:\Users\AJI\Documents\Gostriders\gostriders\android\.gradle\9.1.0\checksums)"        [_thread_blocked, id=44440, stack(0x00000086a3100000,0x00000086a3200000) (1024K)]
  0x000001f76a95ee30 JavaThread "Cache worker for file content cache (C:\Users\AJI\.gradle\caches\9.1.0\fileContent)"        [_thread_blocked, id=44460, stack(0x00000086a3800000,0x00000086a3900000) (1024K)]
  0x000001f76a95cd60 JavaThread "Cache worker for cache directory md-supplier (C:\Users\AJI\.gradle\caches\9.1.0\md-supplier)"        [_thread_blocked, id=44580, stack(0x00000086a3a00000,0x00000086a3b00000) (1024K)]
  0x000001f76a962940 JavaThread "Cache worker for cache directory md-rule (C:\Users\AJI\.gradle\caches\9.1.0\md-rule)"        [_thread_blocked, id=44608, stack(0x00000086a3b00000,0x00000086a3c00000) (1024K)]
  0x000001f76a963cf0 JavaThread "Cache worker for Build Output Cleanup Cache (C:\Users\AJI\develop\flutter\packages\flutter_tools\gradle\.gradle\buildOutputCleanup)"        [_thread_blocked, id=50052, stack(0x00000086a3200000,0x00000086a3300000) (1024K)]
  0x000001f76a961590 JavaThread "Unconstrained build operations"        [_thread_blocked, id=56956, stack(0x000000869fd00000,0x000000869fe00000) (1024K)]
  0x000001f76a9622b0 JavaThread "Unconstrained build operations Thread 2"        [_thread_blocked, id=56980, stack(0x000000869fe00000,0x000000869ff00000) (1024K)]
  0x000001f76a2beb60 JavaThread "Unconstrained build operations Thread 3"        [_thread_blocked, id=56984, stack(0x000000869ff00000,0x00000086a0000000) (1024K)]
  0x000001f76a2bca90 JavaThread "Unconstrained build operations Thread 4"        [_thread_blocked, id=56988, stack(0x00000086a3400000,0x00000086a3500000) (1024K)]
  0x000001f76a2bbd70 JavaThread "Unconstrained build operations Thread 5"        [_thread_blocked, id=56992, stack(0x00000086a3900000,0x00000086a3a00000) (1024K)]
  0x000001f76a2be4d0 JavaThread "Unconstrained build operations Thread 6"        [_thread_blocked, id=56996, stack(0x00000086a3c00000,0x00000086a3d00000) (1024K)]
  0x000001f76a2bc400 JavaThread "Unconstrained build operations Thread 7"        [_thread_blocked, id=57000, stack(0x00000086a3d00000,0x00000086a3e00000) (1024K)]
  0x000001f76a2bb6e0 JavaThread "Unconstrained build operations Thread 8"        [_thread_blocked, id=57004, stack(0x00000086a3e00000,0x00000086a3f00000) (1024K)]
  0x000001f76a2bde40 JavaThread "Unconstrained build operations Thread 9"        [_thread_blocked, id=56948, stack(0x00000086a3f00000,0x00000086a4000000) (1024K)]
  0x000001f76a2bf1f0 JavaThread "Unconstrained build operations Thread 10"        [_thread_blocked, id=57008, stack(0x00000086a4000000,0x00000086a4100000) (1024K)]
  0x000001f76a2bff10 JavaThread "Unconstrained build operations Thread 11"        [_thread_blocked, id=56908, stack(0x00000086a4100000,0x00000086a4200000) (1024K)]
  0x000001f76a2bd7b0 JavaThread "Unconstrained build operations Thread 12"        [_thread_blocked, id=56904, stack(0x00000086a4200000,0x00000086a4300000) (1024K)]
  0x000001f76a2c05a0 JavaThread "Unconstrained build operations Thread 13"        [_thread_blocked, id=56900, stack(0x00000086a4300000,0x00000086a4400000) (1024K)]
  0x000001f76a2bf880 JavaThread "Unconstrained build operations Thread 14"        [_thread_blocked, id=56880, stack(0x00000086a4400000,0x00000086a4500000) (1024K)]
  0x000001f76a2bd120 JavaThread "Unconstrained build operations Thread 15"        [_thread_blocked, id=56920, stack(0x00000086a4500000,0x00000086a4600000) (1024K)]
  0x000001f76a2c0c30 JavaThread "Unconstrained build operations Thread 16"        [_thread_blocked, id=42040, stack(0x00000086a4600000,0x00000086a4700000) (1024K)]
  0x000001f76a2c2d00 JavaThread "Unconstrained build operations Thread 17"        [_thread_blocked, id=56400, stack(0x00000086a4700000,0x00000086a4800000) (1024K)]
  0x000001f76a2c12c0 JavaThread "Unconstrained build operations Thread 18"        [_thread_blocked, id=56868, stack(0x00000086a4800000,0x00000086a4900000) (1024K)]
  0x000001f76a2c1fe0 JavaThread "Unconstrained build operations Thread 19"        [_thread_blocked, id=56832, stack(0x00000086a4900000,0x00000086a4a00000) (1024K)]
  0x000001f76a2c1950 JavaThread "Unconstrained build operations Thread 20"        [_thread_blocked, id=53420, stack(0x00000086a4a00000,0x00000086a4b00000) (1024K)]
  0x000001f76a2c2670 JavaThread "Unconstrained build operations Thread 21"        [_thread_blocked, id=57768, stack(0x00000086a4b00000,0x00000086a4c00000) (1024K)]
  0x000001f76ae68a50 JavaThread "Unconstrained build operations Thread 22"        [_thread_blocked, id=57700, stack(0x00000086a4c00000,0x00000086a4d00000) (1024K)]
  0x000001f76ae683c0 JavaThread "Unconstrained build operations Thread 23"        [_thread_blocked, id=57832, stack(0x00000086a4d00000,0x00000086a4e00000) (1024K)]
  0x000001f76ae67d30 JavaThread "Unconstrained build operations Thread 24"        [_thread_blocked, id=58000, stack(0x00000086a4e00000,0x00000086a4f00000) (1024K)]
  0x000001f76ae690e0 JavaThread "Unconstrained build operations Thread 25"        [_thread_blocked, id=57996, stack(0x00000086a4f00000,0x00000086a5000000) (1024K)]
  0x000001f76ae69770 JavaThread "Unconstrained build operations Thread 26"        [_thread_blocked, id=56416, stack(0x00000086a5000000,0x00000086a5100000) (1024K)]
  0x000001f76ae66980 JavaThread "Unconstrained build operations Thread 27"        [_thread_blocked, id=40144, stack(0x00000086a5100000,0x00000086a5200000) (1024K)]
  0x000001f76ae676a0 JavaThread "Unconstrained build operations Thread 28"        [_thread_blocked, id=57196, stack(0x00000086a5200000,0x00000086a5300000) (1024K)]
  0x000001f76ae69e00 JavaThread "Unconstrained build operations Thread 29"        [_thread_blocked, id=57216, stack(0x00000086a5300000,0x00000086a5400000) (1024K)]
  0x000001f76ae6a490 JavaThread "Unconstrained build operations Thread 30"        [_thread_blocked, id=57212, stack(0x00000086a5400000,0x00000086a5500000) (1024K)]
  0x000001f76ae67010 JavaThread "Unconstrained build operations Thread 31"        [_thread_blocked, id=57208, stack(0x00000086a5500000,0x00000086a5600000) (1024K)]
  0x000001f76ae6b1b0 JavaThread "Unconstrained build operations Thread 32"        [_thread_blocked, id=57256, stack(0x00000086a5600000,0x00000086a5700000) (1024K)]
  0x000001f76ae6b840 JavaThread "Unconstrained build operations Thread 33"        [_thread_blocked, id=57992, stack(0x00000086a5700000,0x00000086a5800000) (1024K)]
  0x000001f76ae6ab20 JavaThread "Unconstrained build operations Thread 34"        [_thread_blocked, id=57984, stack(0x00000086a5800000,0x00000086a5900000) (1024K)]
  0x000001f76ae6d280 JavaThread "Unconstrained build operations Thread 35"        [_thread_blocked, id=58148, stack(0x00000086a5900000,0x00000086a5a00000) (1024K)]
  0x000001f76ae6cbf0 JavaThread "Unconstrained build operations Thread 36"        [_thread_blocked, id=58152, stack(0x00000086a5a00000,0x00000086a5b00000) (1024K)]
  0x000001f76ae6bed0 JavaThread "Unconstrained build operations Thread 37"        [_thread_blocked, id=58180, stack(0x00000086a5b00000,0x00000086a5c00000) (1024K)]
  0x000001f76ae6c560 JavaThread "Unconstrained build operations Thread 38"        [_thread_blocked, id=58232, stack(0x00000086a5c00000,0x00000086a5d00000) (1024K)]
  0x000001f76ae6d910 JavaThread "Unconstrained build operations Thread 39"        [_thread_blocked, id=44384, stack(0x00000086a5d00000,0x00000086a5e00000) (1024K)]
  0x000001f76ae6dfa0 JavaThread "Unconstrained build operations Thread 40"        [_thread_blocked, id=36640, stack(0x00000086a5e00000,0x00000086a5f00000) (1024K)]
  0x000001f76b800df0 JavaThread "Unconstrained build operations Thread 41"        [_thread_blocked, id=32792, stack(0x00000086a5f00000,0x00000086a6000000) (1024K)]
  0x000001f76b8000d0 JavaThread "Unconstrained build operations Thread 42"        [_thread_blocked, id=46288, stack(0x00000086a6000000,0x00000086a6100000) (1024K)]
  0x000001f76b8021a0 JavaThread "Unconstrained build operations Thread 43"        [_thread_blocked, id=36700, stack(0x00000086a6100000,0x00000086a6200000) (1024K)]
  0x000001f76b801480 JavaThread "Unconstrained build operations Thread 44"        [_thread_blocked, id=52420, stack(0x00000086a6200000,0x00000086a6300000) (1024K)]
  0x000001f76b801b10 JavaThread "Unconstrained build operations Thread 45"        [_thread_blocked, id=35424, stack(0x00000086a6300000,0x00000086a6400000) (1024K)]
  0x000001f76b7fed20 JavaThread "Unconstrained build operations Thread 46"        [_thread_blocked, id=54584, stack(0x00000086a6400000,0x00000086a6500000) (1024K)]
  0x000001f76b7ff3b0 JavaThread "Unconstrained build operations Thread 47"        [_thread_blocked, id=57548, stack(0x00000086a6500000,0x00000086a6600000) (1024K)]
  0x000001f76b800760 JavaThread "Unconstrained build operations Thread 48"        [_thread_blocked, id=57488, stack(0x00000086a6600000,0x00000086a6700000) (1024K)]
  0x000001f76b7ffa40 JavaThread "Unconstrained build operations Thread 49"        [_thread_blocked, id=57620, stack(0x00000086a6700000,0x00000086a6800000) (1024K)]
  0x000001f76a3c3fb0 JavaThread "Unconstrained build operations Thread 50"        [_thread_blocked, id=15800, stack(0x00000086a6800000,0x00000086a6900000) (1024K)]
  0x000001f76a3c5360 JavaThread "Unconstrained build operations Thread 51"        [_thread_blocked, id=58140, stack(0x00000086a6900000,0x00000086a6a00000) (1024K)]
  0x000001f76a3c4cd0 JavaThread "Unconstrained build operations Thread 52"        [_thread_blocked, id=26312, stack(0x00000086a6a00000,0x00000086a6b00000) (1024K)]
  0x000001f76a3c3920 JavaThread "Unconstrained build operations Thread 53"        [_thread_blocked, id=56120, stack(0x00000086a6b00000,0x00000086a6c00000) (1024K)]
  0x000001f76a3c4640 JavaThread "Unconstrained build operations Thread 54"        [_thread_blocked, id=58372, stack(0x00000086a6c00000,0x00000086a6d00000) (1024K)]
  0x000001f76a3c1ee0 JavaThread "Unconstrained build operations Thread 55"        [_thread_blocked, id=58376, stack(0x00000086a6d00000,0x00000086a6e00000) (1024K)]
  0x000001f76a3c59f0 JavaThread "Unconstrained build operations Thread 56"        [_thread_blocked, id=58380, stack(0x00000086a6e00000,0x00000086a6f00000) (1024K)]
  0x000001f76a3c2c00 JavaThread "Unconstrained build operations Thread 57"        [_thread_blocked, id=58384, stack(0x00000086a6f00000,0x00000086a7000000) (1024K)]
  0x000001f76a3c6080 JavaThread "Memory manager"                    [_thread_blocked, id=58592, stack(0x00000086a7000000,0x00000086a7100000) (1024K)]
  0x000001f76a3c9500 JavaThread "build event listener"              [_thread_blocked, id=47332, stack(0x00000086a7100000,0x00000086a7200000) (1024K)]
  0x000001f768e334d0 JavaThread "included builds"                   [_thread_blocked, id=74832, stack(0x00000086a2e00000,0x00000086a2f00000) (1024K)]
  0x000001f768e362c0 JavaThread "Execution worker"                  [_thread_blocked, id=34640, stack(0x00000086a7200000,0x00000086a7300000) (1024K)]
  0x000001f768e34f10 JavaThread "Execution worker Thread 2"         [_thread_blocked, id=35700, stack(0x00000086a7300000,0x00000086a7400000) (1024K)]
  0x000001f768e34880 JavaThread "Execution worker Thread 3"         [_thread_blocked, id=74800, stack(0x00000086a7400000,0x00000086a7500000) (1024K)]
  0x000001f768e32e40 JavaThread "Execution worker Thread 4"         [_thread_blocked, id=67020, stack(0x00000086a7500000,0x00000086a7600000) (1024K)]
  0x000001f768e355a0 JavaThread "Execution worker Thread 5"         [_thread_blocked, id=75780, stack(0x00000086a7600000,0x00000086a7700000) (1024K)]
  0x000001f768e36950 JavaThread "Execution worker Thread 6"         [_thread_blocked, id=75784, stack(0x00000086a7700000,0x00000086a7800000) (1024K)]
  0x000001f768e36fe0 JavaThread "Execution worker Thread 7"         [_thread_blocked, id=75788, stack(0x00000086a7800000,0x00000086a7900000) (1024K)]
  0x000001f768e37670 JavaThread "Execution worker Thread 8"         [_thread_blocked, id=75792, stack(0x00000086a7900000,0x00000086a7a00000) (1024K)]
  0x000001f768e341f0 JavaThread "Execution worker Thread 9"         [_thread_blocked, id=75796, stack(0x00000086a7a00000,0x00000086a7b00000) (1024K)]
  0x000001f768e38a20 JavaThread "Execution worker Thread 10"        [_thread_blocked, id=75800, stack(0x00000086a7b00000,0x00000086a7c00000) (1024K)]
  0x000001f768e38390 JavaThread "Execution worker Thread 11"        [_thread_blocked, id=75804, stack(0x00000086a7c00000,0x00000086a7d00000) (1024K)]
  0x000001f768e390b0 JavaThread "Execution worker Thread 12"        [_thread_blocked, id=75808, stack(0x00000086a7d00000,0x00000086a7e00000) (1024K)]
  0x000001f768e37d00 JavaThread "Execution worker Thread 13"        [_thread_blocked, id=75812, stack(0x00000086a7e00000,0x00000086a7f00000) (1024K)]
  0x000001f768e39740 JavaThread "Execution worker Thread 14"        [_thread_blocked, id=75816, stack(0x00000086a7f00000,0x00000086a8000000) (1024K)]
  0x000001f768e39dd0 JavaThread "Execution worker Thread 15"        [_thread_blocked, id=75820, stack(0x00000086a8000000,0x00000086a8100000) (1024K)]
  0x000001f768e3a460 JavaThread "Execution worker Thread 16"        [_thread_blocked, id=75824, stack(0x00000086a8100000,0x00000086a8200000) (1024K)]
  0x000001f76a3c8150 JavaThread "Execution worker Thread 17"        [_thread_blocked, id=75828, stack(0x00000086a8200000,0x00000086a8300000) (1024K)]
  0x000001f76a3c8e70 JavaThread "Execution worker Thread 18"        [_thread_blocked, id=75832, stack(0x00000086a8300000,0x00000086a8400000) (1024K)]
  0x000001f768855cf0 JavaThread "Execution worker Thread 19"        [_thread_blocked, id=75836, stack(0x00000086a8400000,0x00000086a8500000) (1024K)]
  0x000001f768e9f7e0 JavaThread "Cache worker for execution history cache (C:\Users\AJI\develop\flutter\packages\flutter_tools\gradle\.gradle\9.1.0\executionHistory)"        [_thread_blocked, id=75940, stack(0x00000086a8500000,0x00000086a8600000) (1024K)]
  0x000001f768e9fe70 JavaThread "Unconstrained build operations Thread 58"        [_thread_blocked, id=76380, stack(0x00000086a8600000,0x00000086a8700000) (1024K)]
  0x000001f768e9d710 JavaThread "Unconstrained build operations Thread 59"        [_thread_blocked, id=76384, stack(0x00000086a8700000,0x00000086a8800000) (1024K)]
  0x000001f768e9eac0 JavaThread "Unconstrained build operations Thread 60"        [_thread_blocked, id=76388, stack(0x00000086a8800000,0x00000086a8900000) (1024K)]
  0x000001f768ea0b90 JavaThread "Unconstrained build operations Thread 61"        [_thread_blocked, id=76392, stack(0x00000086a8900000,0x00000086a8a00000) (1024K)]
  0x000001f768ea0500 JavaThread "Unconstrained build operations Thread 62"        [_thread_blocked, id=76396, stack(0x00000086a8a00000,0x00000086a8b00000) (1024K)]
  0x000001f768ea1220 JavaThread "Unconstrained build operations Thread 63"        [_thread_blocked, id=76400, stack(0x00000086a8b00000,0x00000086a8c00000) (1024K)]
  0x000001f768e9dda0 JavaThread "Unconstrained build operations Thread 64"        [_thread_blocked, id=76404, stack(0x00000086a8c00000,0x00000086a8d00000) (1024K)]
  0x000001f768ea18b0 JavaThread "Unconstrained build operations Thread 65"        [_thread_blocked, id=76408, stack(0x00000086a8d00000,0x00000086a8e00000) (1024K)]
  0x000001f768e9f150 JavaThread "Unconstrained build operations Thread 66"        [_thread_blocked, id=76412, stack(0x00000086a8e00000,0x00000086a8f00000) (1024K)]
  0x000001f768e9e430 JavaThread "Unconstrained build operations Thread 67"        [_thread_blocked, id=76416, stack(0x00000086a8f00000,0x00000086a9000000) (1024K)]
  0x000001f768ea1f40 JavaThread "Unconstrained build operations Thread 68"        [_thread_blocked, id=76420, stack(0x00000086a9000000,0x00000086a9100000) (1024K)]
  0x000001f768ea32f0 JavaThread "Unconstrained build operations Thread 69"        [_thread_blocked, id=76424, stack(0x00000086a9100000,0x00000086a9200000) (1024K)]
  0x000001f768ea46a0 JavaThread "Unconstrained build operations Thread 70"        [_thread_blocked, id=76428, stack(0x00000086a9200000,0x00000086a9300000) (1024K)]
  0x000001f768ea25d0 JavaThread "Unconstrained build operations Thread 71"        [_thread_blocked, id=76432, stack(0x00000086a9300000,0x00000086a9400000) (1024K)]
  0x000001f768ea4d30 JavaThread "Unconstrained build operations Thread 72"        [_thread_blocked, id=76436, stack(0x00000086a9400000,0x00000086a9500000) (1024K)]
  0x000001f768ea3980 JavaThread "Unconstrained build operations Thread 73"        [_thread_blocked, id=76440, stack(0x00000086a9500000,0x00000086a9600000) (1024K)]
  0x000001f768ea2c60 JavaThread "Unconstrained build operations Thread 74"        [_thread_blocked, id=76444, stack(0x00000086a9600000,0x00000086a9700000) (1024K)]
  0x000001f768ea4010 JavaThread "Unconstrained build operations Thread 75"        [_thread_blocked, id=76448, stack(0x00000086a9700000,0x00000086a9800000) (1024K)]
  0x000001f76c0a3f20 JavaThread "Unconstrained build operations Thread 76"        [_thread_blocked, id=76452, stack(0x00000086a9800000,0x00000086a9900000) (1024K)]
  0x000001f76c0a3200 JavaThread "Unconstrained build operations Thread 77"        [_thread_blocked, id=76496, stack(0x00000086a9900000,0x00000086a9a00000) (1024K)]
  0x000001f76c0a3890 JavaThread "Unconstrained build operations Thread 78"        [_thread_blocked, id=76500, stack(0x00000086a9a00000,0x00000086a9b00000) (1024K)]
  0x000001f76c0a2b70 JavaThread "Unconstrained build operations Thread 79"        [_thread_blocked, id=76504, stack(0x00000086a9b00000,0x00000086a9c00000) (1024K)]
  0x000001f76c0a52d0 JavaThread "Unconstrained build operations Thread 80"        [_thread_blocked, id=76508, stack(0x00000086a9c00000,0x00000086a9d00000) (1024K)]
  0x000001f76c0a45b0 JavaThread "Unconstrained build operations Thread 81"        [_thread_blocked, id=76512, stack(0x00000086a9d00000,0x00000086a9e00000) (1024K)]
  0x000001f76c0a4c40 JavaThread "Unconstrained build operations Thread 82"        [_thread_blocked, id=76516, stack(0x00000086a9e00000,0x00000086a9f00000) (1024K)]
  0x000001f76c0a5960 JavaThread "Unconstrained build operations Thread 83"        [_thread_blocked, id=76520, stack(0x00000086a9f00000,0x00000086aa000000) (1024K)]
  0x000001f76c0a24e0 JavaThread "Unconstrained build operations Thread 84"        [_thread_blocked, id=76524, stack(0x00000086aa000000,0x00000086aa100000) (1024K)]
  0x000001f76c0a80c0 JavaThread "Unconstrained build operations Thread 85"        [_thread_blocked, id=76528, stack(0x00000086aa100000,0x00000086aa200000) (1024K)]
  0x000001f76c0a6680 JavaThread "Unconstrained build operations Thread 86"        [_thread_blocked, id=76532, stack(0x00000086aa200000,0x00000086aa300000) (1024K)]
  0x000001f76c0a6d10 JavaThread "Unconstrained build operations Thread 87"        [_thread_blocked, id=76536, stack(0x00000086aa300000,0x00000086aa400000) (1024K)]
  0x000001f76c0a73a0 JavaThread "Unconstrained build operations Thread 88"        [_thread_blocked, id=76540, stack(0x00000086aa400000,0x00000086aa500000) (1024K)]
  0x000001f76c0a9470 JavaThread "Unconstrained build operations Thread 89"        [_thread_blocked, id=76544, stack(0x00000086aa500000,0x00000086aa600000) (1024K)]
  0x000001f76c0a5ff0 JavaThread "Unconstrained build operations Thread 90"        [_thread_blocked, id=76548, stack(0x00000086aa600000,0x00000086aa700000) (1024K)]
  0x000001f76c0a7a30 JavaThread "File lock release action executor Thread 7"        [_thread_blocked, id=76580, stack(0x00000086aa700000,0x00000086aa800000) (1024K)]
  0x000001f76c0a8de0 JavaThread "Unconstrained build operations Thread 91"        [_thread_blocked, id=37740, stack(0x00000086aa800000,0x00000086aa900000) (1024K)]
  0x000001f76c0a9b00 JavaThread "Unconstrained build operations Thread 92"        [_thread_blocked, id=38988, stack(0x00000086aa900000,0x00000086aaa00000) (1024K)]
  0x000001f76c0a8750 JavaThread "Unconstrained build operations Thread 93"        [_thread_blocked, id=40228, stack(0x00000086aaa00000,0x00000086aab00000) (1024K)]
  0x000001f768da1160 JavaThread "Unconstrained build operations Thread 94"        [_thread_blocked, id=61912, stack(0x00000086aab00000,0x00000086aac00000) (1024K)]
  0x000001f768da2ba0 JavaThread "Unconstrained build operations Thread 95"        [_thread_blocked, id=60508, stack(0x00000086aac00000,0x00000086aad00000) (1024K)]
  0x000001f768d9fdb0 JavaThread "Unconstrained build operations Thread 96"        [_thread_blocked, id=49444, stack(0x00000086aad00000,0x00000086aae00000) (1024K)]
  0x000001f768da2510 JavaThread "Unconstrained build operations Thread 97"        [_thread_blocked, id=63692, stack(0x00000086aae00000,0x00000086aaf00000) (1024K)]
  0x000001f768da3230 JavaThread "Unconstrained build operations Thread 98"        [_thread_blocked, id=50472, stack(0x00000086aaf00000,0x00000086ab000000) (1024K)]
  0x000001f768da0440 JavaThread "Unconstrained build operations Thread 99"        [_thread_blocked, id=69008, stack(0x00000086ab000000,0x00000086ab100000) (1024K)]
  0x000001f768da0ad0 JavaThread "Unconstrained build operations Thread 100"        [_thread_blocked, id=54688, stack(0x00000086ab100000,0x00000086ab200000) (1024K)]
  0x000001f768da4c70 JavaThread "Unconstrained build operations Thread 101"        [_thread_blocked, id=66672, stack(0x00000086ab200000,0x00000086ab300000) (1024K)]
  0x000001f768da3f50 JavaThread "Unconstrained build operations Thread 102"        [_thread_blocked, id=68756, stack(0x00000086ab300000,0x00000086ab400000) (1024K)]
  0x000001f768da17f0 JavaThread "Unconstrained build operations Thread 103"        [_thread_blocked, id=70792, stack(0x00000086ab400000,0x00000086ab500000) (1024K)]
  0x000001f768da38c0 JavaThread "Unconstrained build operations Thread 104"        [_thread_blocked, id=60524, stack(0x00000086ab600000,0x00000086ab700000) (1024K)]
  0x000001f768da5300 JavaThread "Unconstrained build operations Thread 105"        [_thread_blocked, id=70880, stack(0x00000086ab700000,0x00000086ab800000) (1024K)]
  0x000001f768da1e80 JavaThread "Unconstrained build operations Thread 106"        [_thread_blocked, id=52644, stack(0x00000086ab800000,0x00000086ab900000) (1024K)]
  0x000001f768da6020 JavaThread "Unconstrained build operations Thread 107"        [_thread_blocked, id=38528, stack(0x00000086ab900000,0x00000086aba00000) (1024K)]
  0x000001f768da5990 JavaThread "Unconstrained build operations Thread 108"        [_thread_blocked, id=69212, stack(0x00000086aba00000,0x00000086abb00000) (1024K)]
  0x000001f768da66b0 JavaThread "Unconstrained build operations Thread 109"        [_thread_blocked, id=74552, stack(0x00000086abb00000,0x00000086abc00000) (1024K)]
  0x000001f768da6d40 JavaThread "Unconstrained build operations Thread 110"        [_thread_blocked, id=68460, stack(0x00000086abc00000,0x00000086abd00000) (1024K)]
  0x000001f768da73d0 JavaThread "Unconstrained build operations Thread 111"        [_thread_blocked, id=68452, stack(0x00000086abd00000,0x00000086abe00000) (1024K)]
  0x000001f76962c300 JavaThread "Unconstrained build operations Thread 112"        [_thread_blocked, id=10836, stack(0x00000086abf00000,0x00000086ac000000) (1024K)]
  0x000001f76962c990 JavaThread "Unconstrained build operations Thread 113"        [_thread_blocked, id=55764, stack(0x00000086ac000000,0x00000086ac100000) (1024K)]
  0x000001f76962a230 JavaThread "Unconstrained build operations Thread 114"        [_thread_blocked, id=2488, stack(0x00000086ac100000,0x00000086ac200000) (1024K)]
  0x000001f76962d020 JavaThread "Unconstrained build operations Thread 115"        [_thread_blocked, id=43612, stack(0x00000086ac200000,0x00000086ac300000) (1024K)]
  0x000001f769629ba0 JavaThread "Unconstrained build operations Thread 116"        [_thread_blocked, id=76104, stack(0x00000086ac300000,0x00000086ac400000) (1024K)]
  0x000001f76962d6b0 JavaThread "Unconstrained build operations Thread 117"        [_thread_blocked, id=65836, stack(0x00000086ac400000,0x00000086ac500000) (1024K)]
  0x000001f76962dd40 JavaThread "Unconstrained build operations Thread 118"        [_thread_blocked, id=76296, stack(0x00000086ac500000,0x00000086ac600000) (1024K)]
  0x000001f76962b5e0 JavaThread "Unconstrained build operations Thread 119"        [_thread_blocked, id=76588, stack(0x00000086ac600000,0x00000086ac700000) (1024K)]
  0x000001f76962a8c0 JavaThread "Unconstrained build operations Thread 120"        [_thread_blocked, id=70048, stack(0x00000086ac700000,0x00000086ac800000) (1024K)]
  0x000001f76962bc70 JavaThread "Unconstrained build operations Thread 121"        [_thread_blocked, id=8728, stack(0x00000086ac800000,0x00000086ac900000) (1024K)]
  0x000001f76962e3d0 JavaThread "Unconstrained build operations Thread 122"        [_thread_blocked, id=48064, stack(0x00000086ac900000,0x00000086aca00000) (1024K)]
  0x000001f76962af50 JavaThread "Unconstrained build operations Thread 123"        [_thread_blocked, id=7900, stack(0x00000086aca00000,0x00000086acb00000) (1024K)]
  0x000001f76962f0f0 JavaThread "Unconstrained build operations Thread 124"        [_thread_blocked, id=76060, stack(0x00000086acb00000,0x00000086acc00000) (1024K)]
  0x000001f769630b30 JavaThread "Unconstrained build operations Thread 125"        [_thread_blocked, id=76200, stack(0x00000086acc00000,0x00000086acd00000) (1024K)]
  0x000001f7696304a0 JavaThread "Unconstrained build operations Thread 126"        [_thread_blocked, id=76196, stack(0x00000086acd00000,0x00000086ace00000) (1024K)]
  0x000001f7696311c0 JavaThread "Unconstrained build operations Thread 127"        [_thread_blocked, id=76120, stack(0x00000086ace00000,0x00000086acf00000) (1024K)]
  0x000001f76962ea60 JavaThread "Unconstrained build operations Thread 128"        [_thread_blocked, id=76556, stack(0x00000086acf00000,0x00000086ad000000) (1024K)]
  0x000001f769631850 JavaThread "Unconstrained build operations Thread 129"        [_thread_blocked, id=69892, stack(0x00000086ad000000,0x00000086ad100000) (1024K)]
  0x000001f76962f780 JavaThread "Unconstrained build operations Thread 130"        [_thread_blocked, id=66580, stack(0x00000086ad100000,0x00000086ad200000) (1024K)]
  0x000001f769631ee0 JavaThread "Unconstrained build operations Thread 131"        [_thread_blocked, id=74268, stack(0x00000086ab500000,0x00000086ab600000) (1024K)]
  0x000001f769633290 JavaThread "Unconstrained build operations Thread 132"        [_thread_blocked, id=74248, stack(0x00000086abe00000,0x00000086abf00000) (1024K)]
  0x000001f769632570 JavaThread "Unconstrained build operations Thread 133"        [_thread_blocked, id=35780, stack(0x00000086ad200000,0x00000086ad300000) (1024K)]
  0x000001f769632c00 JavaThread "Unconstrained build operations Thread 134"        [_thread_blocked, id=74272, stack(0x00000086ad300000,0x00000086ad400000) (1024K)]
  0x000001f76962fe10 JavaThread "Unconstrained build operations Thread 135"        [_thread_blocked, id=2568, stack(0x00000086ad400000,0x00000086ad500000) (1024K)]
  0x000001f769634cd0 JavaThread "Unconstrained build operations Thread 136"        [_thread_blocked, id=36968, stack(0x00000086ad500000,0x00000086ad600000) (1024K)]
  0x000001f769633fb0 JavaThread "Unconstrained build operations Thread 137"        [_thread_blocked, id=73680, stack(0x00000086ad600000,0x00000086ad700000) (1024K)]
  0x000001f769634640 JavaThread "Unconstrained build operations Thread 138"        [_thread_blocked, id=37864, stack(0x00000086ad700000,0x00000086ad800000) (1024K)]
  0x000001f769635360 JavaThread "Unconstrained build operations Thread 139"        [_thread_blocked, id=36072, stack(0x00000086ad800000,0x00000086ad900000) (1024K)]
  0x000001f7696359f0 JavaThread "Unconstrained build operations Thread 140"        [_thread_blocked, id=37844, stack(0x00000086ad900000,0x00000086ada00000) (1024K)]
  0x000001f769636080 JavaThread "Unconstrained build operations Thread 141"        [_thread_blocked, id=74172, stack(0x00000086ada00000,0x00000086adb00000) (1024K)]
  0x000001f769636da0 JavaThread "Unconstrained build operations Thread 142"        [_thread_blocked, id=73836, stack(0x00000086adb00000,0x00000086adc00000) (1024K)]
  0x000001f769636710 JavaThread "Unconstrained build operations Thread 143"        [_thread_blocked, id=74276, stack(0x00000086adc00000,0x00000086add00000) (1024K)]
  0x000001f769633920 JavaThread "Unconstrained build operations Thread 144"        [_thread_blocked, id=74632, stack(0x00000086add00000,0x00000086ade00000) (1024K)]
  0x000001f769637430 JavaThread "Unconstrained build operations Thread 145"        [_thread_blocked, id=22724, stack(0x00000086ade00000,0x00000086adf00000) (1024K)]
  0x000001f769637ac0 JavaThread "Unconstrained build operations Thread 146"        [_thread_blocked, id=37804, stack(0x00000086adf00000,0x00000086ae000000) (1024K)]
  0x000001f769638e70 JavaThread "Unconstrained build operations Thread 147"        [_thread_blocked, id=73820, stack(0x00000086ae000000,0x00000086ae100000) (1024K)]
  0x000001f7696387e0 JavaThread "Unconstrained build operations Thread 148"        [_thread_blocked, id=74608, stack(0x00000086ae100000,0x00000086ae200000) (1024K)]
  0x000001f769638150 JavaThread "Unconstrained build operations Thread 149"        [_thread_blocked, id=3764, stack(0x00000086ae200000,0x00000086ae300000) (1024K)]
  0x000001f76b509eb0 JavaThread "Unconstrained build operations Thread 150"        [_thread_blocked, id=74244, stack(0x00000086ae300000,0x00000086ae400000) (1024K)]
  0x000001f76b50abd0 JavaThread "Unconstrained build operations Thread 151"        [_thread_blocked, id=36900, stack(0x00000086ae400000,0x00000086ae500000) (1024K)]
  0x000001f76b50b8f0 JavaThread "Unconstrained build operations Thread 152"        [_thread_blocked, id=67728, stack(0x00000086ae500000,0x00000086ae600000) (1024K)]
  0x000001f76b508470 JavaThread "Unconstrained build operations Thread 153"        [_thread_blocked, id=73756, stack(0x00000086ae600000,0x00000086ae700000) (1024K)]
  0x000001f76b50bf80 JavaThread "Unconstrained build operations Thread 154"        [_thread_blocked, id=73648, stack(0x00000086ae700000,0x00000086ae800000) (1024K)]
  0x000001f76b50a540 JavaThread "Unconstrained build operations Thread 155"        [_thread_blocked, id=74624, stack(0x00000086ae800000,0x00000086ae900000) (1024K)]
  0x000001f76b508b00 JavaThread "Unconstrained build operations Thread 156"        [_thread_blocked, id=73816, stack(0x00000086ae900000,0x00000086aea00000) (1024K)]
  0x000001f76b50c610 JavaThread "Unconstrained build operations Thread 157"        [_thread_blocked, id=73780, stack(0x00000086aea00000,0x00000086aeb00000) (1024K)]
  0x000001f76b509190 JavaThread "Unconstrained build operations Thread 158"        [_thread_blocked, id=73652, stack(0x00000086aeb00000,0x00000086aec00000) (1024K)]
  0x000001f76b50e6e0 JavaThread "Unconstrained build operations Thread 159"        [_thread_blocked, id=73704, stack(0x00000086aec00000,0x00000086aed00000) (1024K)]
  0x000001f76b50d330 JavaThread "Unconstrained build operations Thread 160"        [_thread_blocked, id=73708, stack(0x00000086aed00000,0x00000086aee00000) (1024K)]
  0x000001f76b50f400 JavaThread "Unconstrained build operations Thread 161"        [_thread_blocked, id=73656, stack(0x00000086aee00000,0x00000086aef00000) (1024K)]
  0x000001f76b50d9c0 JavaThread "Unconstrained build operations Thread 162"        [_thread_blocked, id=74280, stack(0x00000086aef00000,0x00000086af000000) (1024K)]
  0x000001f76b50fa90 JavaThread "Unconstrained build operations Thread 163"        [_thread_blocked, id=73812, stack(0x00000086af000000,0x00000086af100000) (1024K)]
  0x000001f76b50cca0 JavaThread "Unconstrained build operations Thread 164"        [_thread_blocked, id=22264, stack(0x00000086af100000,0x00000086af200000) (1024K)]
  0x000001f76b50ed70 JavaThread "Unconstrained build operations Thread 165"        [_thread_blocked, id=6684, stack(0x00000086af200000,0x00000086af300000) (1024K)]
  0x000001f76b50e050 JavaThread "Unconstrained build operations Thread 166"        [_thread_blocked, id=74152, stack(0x00000086af300000,0x00000086af400000) (1024K)]
  0x000001f77ff766a0 JavaThread "Unconstrained build operations Thread 167"        [_thread_blocked, id=74252, stack(0x00000086af400000,0x00000086af500000) (1024K)]
  0x000001f77ff78e00 JavaThread "Unconstrained build operations Thread 168"        [_thread_blocked, id=36972, stack(0x00000086af500000,0x00000086af600000) (1024K)]
  0x000001f77ff79b20 JavaThread "File lock release action executor Thread 8"        [_thread_blocked, id=50948, stack(0x00000086af600000,0x00000086af700000) (1024K)]
  0x000001f77ff7a1b0 JavaThread "File lock release action executor Thread 9"        [_thread_blocked, id=73700, stack(0x00000086af700000,0x00000086af800000) (1024K)]
  0x000001f77ff76d30 JavaThread "File lock release action executor Thread 10"        [_thread_blocked, id=36936, stack(0x00000086af800000,0x00000086af900000) (1024K)]
  0x000001f77ff773c0 JavaThread "File lock release action executor Thread 11"        [_thread_blocked, id=36944, stack(0x00000086af900000,0x00000086afa00000) (1024K)]
  0x000001f77ff7aed0 JavaThread "File lock release action executor Thread 12"        [_thread_blocked, id=55176, stack(0x00000086afa00000,0x00000086afb00000) (1024K)]
  0x000001f77ff7a840 JavaThread "File lock release action executor Thread 13"        [_thread_blocked, id=75360, stack(0x00000086afb00000,0x00000086afc00000) (1024K)]
  0x000001f77ff79490 JavaThread "File lock release action executor Thread 14"        [_thread_blocked, id=48352, stack(0x00000086afe00000,0x00000086aff00000) (1024K)]
  0x000001f77ff77a50 JavaThread "File lock release action executor Thread 15"        [_thread_blocked, id=72732, stack(0x00000086aff00000,0x00000086b0000000) (1024K)]
  0x000001f77ff7b560 JavaThread "File lock release action executor Thread 16"        [_thread_blocked, id=77240, stack(0x00000086b0000000,0x00000086b0100000) (1024K)]
  0x000001f77ff780e0 JavaThread "File lock release action executor Thread 17"        [_thread_blocked, id=61688, stack(0x00000086b0100000,0x00000086b0200000) (1024K)]
  0x000001f77ff7cfa0 JavaThread "File lock release action executor Thread 18"        [_thread_blocked, id=77156, stack(0x00000086b0200000,0x00000086b0300000) (1024K)]
  0x000001f77ff7c910 JavaThread "File lock release action executor Thread 19"        [_thread_blocked, id=77116, stack(0x00000086b0300000,0x00000086b0400000) (1024K)]
  0x000001f77ff7bbf0 JavaThread "File lock release action executor Thread 20"        [_thread_blocked, id=77308, stack(0x00000086b0400000,0x00000086b0500000) (1024K)]
  0x000001f77ff7e9e0 JavaThread "File lock release action executor Thread 21"        [_thread_blocked, id=77316, stack(0x00000086b0500000,0x00000086b0600000) (1024K)]
  0x000001f77ff7d630 JavaThread "File lock release action executor Thread 22"        [_thread_blocked, id=77348, stack(0x00000086b0600000,0x00000086b0700000) (1024K)]
  0x000001f77ff7dcc0 JavaThread "File lock release action executor Thread 23"        [_thread_blocked, id=77352, stack(0x00000086b0700000,0x00000086b0800000) (1024K)]
  0x000001f768866830 JavaThread "C1 CompilerThread1"         daemon [_thread_blocked, id=77408, stack(0x00000086b0800000,0x00000086b0900000) (1024K)]
  0x000001f76adac6a0 JavaThread "C1 CompilerThread2"         daemon [_thread_blocked, id=53864, stack(0x00000086b0900000,0x00000086b0a00000) (1024K)]
Total: 243

Other Threads:
  0x000001f77fa5d210 VMThread "VM Thread"                           [id=41508, stack(0x00000086a0700000,0x00000086a0800000) (1024K)]
  0x000001f77ea4ac60 WatcherThread "VM Periodic Task Thread"        [id=41496, stack(0x00000086a0600000,0x00000086a0700000) (1024K)]
  0x000001f77092c8a0 WorkerThread "GC Thread#0"                     [id=41440, stack(0x00000086a0100000,0x00000086a0200000) (1024K)]
  0x000001f77fa5ce60 WorkerThread "GC Thread#1"                     [id=41800, stack(0x00000086a1200000,0x00000086a1300000) (1024K)]
  0x000001f77fa5bfa0 WorkerThread "GC Thread#2"                     [id=41804, stack(0x00000086a1300000,0x00000086a1400000) (1024K)]
  0x000001f77fa5bbf0 WorkerThread "GC Thread#3"                     [id=41808, stack(0x00000086a1400000,0x00000086a1500000) (1024K)]
  0x000001f77fa5c350 WorkerThread "GC Thread#4"                     [id=41812, stack(0x00000086a1500000,0x00000086a1600000) (1024K)]
  0x000001f77fa5c700 WorkerThread "GC Thread#5"                     [id=41816, stack(0x00000086a1600000,0x00000086a1700000) (1024K)]
  0x000001f7678b0960 WorkerThread "GC Thread#6"                     [id=42848, stack(0x00000086a2300000,0x00000086a2400000) (1024K)]
  0x000001f7678b1470 WorkerThread "GC Thread#7"                     [id=42852, stack(0x00000086a2400000,0x00000086a2500000) (1024K)]
  0x000001f7678b2a90 WorkerThread "GC Thread#8"                     [id=42856, stack(0x00000086a2500000,0x00000086a2600000) (1024K)]
  0x000001f7678b1bd0 WorkerThread "GC Thread#9"                     [id=42860, stack(0x00000086a2600000,0x00000086a2700000) (1024K)]
  0x000001f7678b1f80 WorkerThread "GC Thread#10"                    [id=42864, stack(0x00000086a2700000,0x00000086a2800000) (1024K)]
  0x000001f7678b3950 WorkerThread "GC Thread#11"                    [id=42868, stack(0x00000086a2800000,0x00000086a2900000) (1024K)]
  0x000001f7678b2e40 WorkerThread "GC Thread#12"                    [id=42872, stack(0x00000086a2900000,0x00000086a2a00000) (1024K)]
  0x000001f7678b31f0 WorkerThread "GC Thread#13"                    [id=42876, stack(0x00000086a2a00000,0x00000086a2b00000) (1024K)]
  0x000001f7678b35a0 WorkerThread "GC Thread#14"                    [id=42880, stack(0x00000086a2b00000,0x00000086a2c00000) (1024K)]
  0x000001f77093dfb0 ConcurrentGCThread "G1 Main Marker"            [id=41444, stack(0x00000086a0200000,0x00000086a0300000) (1024K)]
  0x000001f77e850bf0 WorkerThread "G1 Conc#0"                       [id=41448, stack(0x00000086a0300000,0x00000086a0400000) (1024K)]
  0x000001f767c0e970 WorkerThread "G1 Conc#1"                       [id=43876, stack(0x00000086a1700000,0x00000086a1800000) (1024K)]
  0x000001f767c0e5c0 WorkerThread "G1 Conc#2"                       [id=43880, stack(0x00000086a1800000,0x00000086a1900000) (1024K)]
  0x000001f767c10340 WorkerThread "G1 Conc#3"                       [id=43872, stack(0x00000086a3000000,0x00000086a3100000) (1024K)]
  0x000001f77e917c90 ConcurrentGCThread "G1 Refine#0"               [id=41460, stack(0x00000086a0400000,0x00000086a0500000) (1024K)]
  0x000001f77e9185c0 ConcurrentGCThread "G1 Service"                [id=41464, stack(0x00000086a0500000,0x00000086a0600000) (1024K)]
Total: 24

Threads with active compile tasks:
C2 CompilerThread0  261808 11645   !   4       java.net.URLClassLoader$1::run (81 bytes)
Total: 1

VM state: not at safepoint (normal execution)

VM Mutex/Monitor currently owned by a thread: None

Heap address: 0x0000000600000000, size: 8192 MB, Compressed Oops mode: Zero based, Oop shift amount: 3

CDS archive(s) mapped at: [0x000001f722000000-0x000001f722ba0000-0x000001f722ba0000), size 12189696, SharedBaseAddress: 0x000001f722000000, ArchiveRelocationMode: 1.
Compressed class space mapped at: 0x000001f723000000-0x000001f763000000, reserved size: 1073741824
Narrow klass base: 0x000001f722000000, Narrow klass shift: 0, Narrow klass range: 0x100000000

GC Precious Log:
 CardTable entry size: 512
 Card Set container configuration: InlinePtr #cards 4 size 8 Array Of Cards #cards 32 size 80 Howl #buckets 8 coarsen threshold 7372 Howl Bitmap #cards 1024 size 144 coarsen threshold 921 Card regions per heap region 1 cards per card region 8192
 CPUs: 20 total, 20 available
 Memory: 16068M
 Large Page Support: Disabled
 NUMA Support: Disabled
 Compressed Oops: Enabled (Zero based)
 Heap Region Size: 4M
 Heap Min Capacity: 8M
 Heap Initial Capacity: 252M
 Heap Max Capacity: 8G
 Pre-touch: Disabled
 Parallel Workers: 15
 Concurrent Workers: 4
 Concurrent Refinement Workers: 15
 Periodic GC: Disabled

Heap:
 garbage-first heap   total 143360K, used 108371K [0x0000000600000000, 0x0000000800000000)
  region size 4096K, 8 young (32768K), 1 survivors (4096K)
 Metaspace       used 80209K, committed 82368K, reserved 1179648K
  class space    used 11458K, committed 12544K, reserved 1048576K

Heap Regions: E=young(eden), S=young(survivor), O=old, HS=humongous(starts), HC=humongous(continues), CS=collection set, F=free, TAMS=top-at-mark-start, PB=parsable bottom
|   0|0x0000000600000000, 0x0000000600400000, 0x0000000600400000|100%|HS|  |TAMS 0x0000000600000000| PB 0x0000000600000000| Complete 
|   1|0x0000000600400000, 0x0000000600800000, 0x0000000600800000|100%| O|  |TAMS 0x0000000600400000| PB 0x0000000600400000| Untracked 
|   2|0x0000000600800000, 0x0000000600c00000, 0x0000000600c00000|100%| O|  |TAMS 0x0000000600800000| PB 0x0000000600800000| Untracked 
|   3|0x0000000600c00000, 0x0000000601000000, 0x0000000601000000|100%| O|  |TAMS 0x0000000600c00000| PB 0x0000000600c00000| Untracked 
|   4|0x0000000601000000, 0x0000000601400000, 0x0000000601400000|100%| O|  |TAMS 0x0000000601000000| PB 0x0000000601000000| Untracked 
|   5|0x0000000601400000, 0x0000000601800000, 0x0000000601800000|100%| O|  |TAMS 0x0000000601400000| PB 0x0000000601400000| Untracked 
|   6|0x0000000601800000, 0x0000000601c00000, 0x0000000601c00000|100%| O|  |TAMS 0x0000000601800000| PB 0x0000000601800000| Untracked 
|   7|0x0000000601c00000, 0x0000000602000000, 0x0000000602000000|100%| O|  |TAMS 0x0000000601c00000| PB 0x0000000601c00000| Untracked 
|   8|0x0000000602000000, 0x0000000602400000, 0x0000000602400000|100%| O|  |TAMS 0x0000000602000000| PB 0x0000000602000000| Untracked 
|   9|0x0000000602400000, 0x0000000602800000, 0x0000000602800000|100%| O|  |TAMS 0x0000000602400000| PB 0x0000000602400000| Untracked 
|  10|0x0000000602800000, 0x0000000602c00000, 0x0000000602c00000|100%| O|Cm|TAMS 0x0000000602800000| PB 0x0000000602800000| Complete 
|  11|0x0000000602c00000, 0x0000000603000000, 0x0000000603000000|100%| O|  |TAMS 0x0000000602c00000| PB 0x0000000602c00000| Untracked 
|  12|0x0000000603000000, 0x0000000603400000, 0x0000000603400000|100%| O|  |TAMS 0x0000000603000000| PB 0x0000000603000000| Untracked 
|  13|0x0000000603400000, 0x0000000603800000, 0x0000000603800000|100%| O|  |TAMS 0x0000000603400000| PB 0x0000000603400000| Untracked 
|  14|0x0000000603800000, 0x0000000603800000, 0x0000000603c00000|  0%| F|  |TAMS 0x0000000603800000| PB 0x0000000603800000| Untracked 
|  15|0x0000000603c00000, 0x0000000603c00000, 0x0000000604000000|  0%| F|  |TAMS 0x0000000603c00000| PB 0x0000000603c00000| Untracked 
|  16|0x0000000604000000, 0x0000000604400000, 0x0000000604400000|100%| O|  |TAMS 0x0000000604000000| PB 0x0000000604000000| Untracked 
|  17|0x0000000604400000, 0x000000060477dde0, 0x0000000604800000| 87%| O|  |TAMS 0x0000000604400000| PB 0x0000000604400000| Untracked 
|  18|0x0000000604800000, 0x0000000604800000, 0x0000000604c00000|  0%| F|  |TAMS 0x0000000604800000| PB 0x0000000604800000| Untracked 
|  19|0x0000000604c00000, 0x0000000604c00000, 0x0000000605000000|  0%| F|  |TAMS 0x0000000604c00000| PB 0x0000000604c00000| Untracked 
|  20|0x0000000605000000, 0x0000000605256ef0, 0x0000000605400000| 58%| S|CS|TAMS 0x0000000605000000| PB 0x0000000605000000| Complete 
|  21|0x0000000605400000, 0x0000000605400000, 0x0000000605800000|  0%| F|  |TAMS 0x0000000605400000| PB 0x0000000605400000| Untracked 
|  22|0x0000000605800000, 0x0000000605800000, 0x0000000605c00000|  0%| F|  |TAMS 0x0000000605800000| PB 0x0000000605800000| Untracked 
|  23|0x0000000605c00000, 0x0000000605c00000, 0x0000000606000000|  0%| F|  |TAMS 0x0000000605c00000| PB 0x0000000605c00000| Untracked 
|  24|0x0000000606000000, 0x0000000606400000, 0x0000000606400000|100%| E|  |TAMS 0x0000000606000000| PB 0x0000000606000000| Complete 
|  25|0x0000000606400000, 0x0000000606800000, 0x0000000606800000|100%| E|CS|TAMS 0x0000000606400000| PB 0x0000000606400000| Complete 
|  26|0x0000000606800000, 0x0000000606c00000, 0x0000000606c00000|100%| E|CS|TAMS 0x0000000606800000| PB 0x0000000606800000| Complete 
|  27|0x0000000606c00000, 0x0000000607000000, 0x0000000607000000|100%| E|CS|TAMS 0x0000000606c00000| PB 0x0000000606c00000| Complete 
|  39|0x0000000609c00000, 0x000000060a000000, 0x000000060a000000|100%| E|CS|TAMS 0x0000000609c00000| PB 0x0000000609c00000| Complete 
|  45|0x000000060b400000, 0x000000060b800000, 0x000000060b800000|100%| E|CS|TAMS 0x000000060b400000| PB 0x000000060b400000| Complete 
|  62|0x000000060f800000, 0x000000060fc00000, 0x000000060fc00000|100%| E|CS|TAMS 0x000000060f800000| PB 0x000000060f800000| Complete 
|2044|0x00000007ff000000, 0x00000007ff400000, 0x00000007ff400000|100%| O|  |TAMS 0x00000007ff000000| PB 0x00000007ff000000| Untracked 
|2045|0x00000007ff400000, 0x00000007ff800000, 0x00000007ff800000|100%| O|  |TAMS 0x00000007ff400000| PB 0x00000007ff400000| Untracked 
|2046|0x00000007ff800000, 0x00000007ffc00000, 0x00000007ffc00000|100%| O|  |TAMS 0x00000007ff800000| PB 0x00000007ff800000| Untracked 
|2047|0x00000007ffc00000, 0x0000000800000000, 0x0000000800000000|100%| O|  |TAMS 0x00000007ffc00000| PB 0x00000007ffc00000| Untracked 

Card table byte_map: [0x000001f775740000,0x000001f776740000] _byte_map_base: 0x000001f772740000

Marking Bits: (CMBitMap*) 0x000001f77092cec0
 Bits: [0x000001f776740000, 0x000001f77e740000)

Polling page: 0x000001f76e650000

Metaspace:

Usage:
  Non-class:     67.17 MB used.
      Class:     11.19 MB used.
       Both:     78.37 MB used.

Virtual space:
  Non-class space:      128.00 MB reserved,      68.19 MB ( 53%) committed,  2 nodes.
      Class space:        1.00 GB reserved,      12.25 MB (  1%) committed,  1 nodes.
             Both:        1.12 GB reserved,      80.44 MB (  7%) committed. 

Chunk freelists:
   Non-Class:  11.00 MB
       Class:  3.72 MB
        Both:  14.72 MB

MaxMetaspaceSize: 4.00 GB
CompressedClassSpaceSize: 1.00 GB
Initial GC threshold: 21.00 MB
Current GC threshold: 122.44 MB
CDS: on
 - commit_granule_bytes: 65536.
 - commit_granule_words: 8192.
 - virtual_space_node_default_size: 8388608.
 - enlarge_chunks_in_place: 1.
 - use_allocation_guard: 0.


Internal statistics:

num_allocs_failed_limit: 12.
num_arena_births: 3914.
num_arena_deaths: 2.
num_vsnodes_births: 3.
num_vsnodes_deaths: 0.
num_space_committed: 1288.
num_space_uncommitted: 0.
num_chunks_returned_to_freelist: 14.
num_chunks_taken_from_freelist: 7789.
num_chunk_merges: 12.
num_chunk_splits: 5062.
num_chunks_enlarged: 3119.
num_inconsistent_stats: 0.

CodeHeap 'non-profiled nmethods': size=258432Kb used=5626Kb max_used=5854Kb free=252805Kb
 bounds [0x000001f7103a0000, 0x000001f710960000, 0x000001f720000000]
CodeHeap 'profiled nmethods': size=258368Kb used=19008Kb max_used=19851Kb free=239359Kb
 bounds [0x000001f700000000, 0x000001f701380000, 0x000001f70fc50000]
CodeHeap 'non-nmethods': size=7488Kb used=3090Kb max_used=3097Kb free=4397Kb
 bounds [0x000001f70fc50000, 0x000001f70ffd0000, 0x000001f7103a0000]
CodeCache: size=524288Kb, used=27724Kb, max_used=28802Kb, free=496561Kb
 total_blobs=10923, nmethods=10093, adapters=732, full_count=0
Compilation: enabled, stopped_count=0, restarted_count=0

Compilation events (20 events):
Event: 261.620 Thread 0x000001f77fad09e0 11649       3       java.util.jar.Manifest::parseName (84 bytes)
Event: 261.620 Thread 0x000001f768866830 11650       3       java.util.jar.Manifest$FastInputStream::readLine (296 bytes)
Event: 261.621 Thread 0x000001f77fad09e0 nmethod 11649 0x000001f700220610 code [0x000001f700220820, 0x000001f700220f40]
Event: 261.621 Thread 0x000001f768866830 nmethod 11650 0x000001f70097d190 code [0x000001f70097d3c0, 0x000001f70097dc28]
Event: 261.629 Thread 0x000001f77fad09e0 11653       3       sun.security.util.ManifestDigester::findSection (181 bytes)
Event: 261.629 Thread 0x000001f77fad09e0 nmethod 11653 0x000001f700630f90 code [0x000001f700631160, 0x000001f7006315c8]
Event: 261.629 Thread 0x000001f77fad09e0 11654       3       sun.security.util.ManifestDigester$Entry::<init> (16 bytes)
Event: 261.629 Thread 0x000001f76adac6a0 11655       3       sun.security.util.ManifestDigester$Section::<init> (26 bytes)
Event: 261.629 Thread 0x000001f768866830 11656       3       sun.security.util.ManifestDigester$Entry::addSection (13 bytes)
Event: 261.630 Thread 0x000001f76adac6a0 nmethod 11655 0x000001f7004a6d10 code [0x000001f7004a6ec0, 0x000001f7004a7090]
Event: 261.630 Thread 0x000001f768866830 nmethod 11656 0x000001f7005e4a90 code [0x000001f7005e4c40, 0x000001f7005e4e28]
Event: 261.630 Thread 0x000001f77fad09e0 nmethod 11654 0x000001f700779e90 code [0x000001f70077a060, 0x000001f70077a478]
Event: 261.630 Thread 0x000001f77fad09e0 11658       3       sun.security.util.ManifestDigester$$Lambda/0x000001f7239c92f8::apply (8 bytes)
Event: 261.630 Thread 0x000001f76adac6a0 11657       3       sun.security.util.ManifestDigester::isNameAttr (102 bytes)
Event: 261.630 Thread 0x000001f768866830 11659       3       sun.security.util.ManifestDigester::lambda$new$0 (8 bytes)
Event: 261.630 Thread 0x000001f77fad09e0 nmethod 11658 0x000001f7001b3910 code [0x000001f7001b3b00, 0x000001f7001b4130]
Event: 261.630 Thread 0x000001f76adac6a0 nmethod 11657 0x000001f700a77590 code [0x000001f700a77760, 0x000001f700a77b50]
Event: 261.630 Thread 0x000001f768866830 nmethod 11659 0x000001f700742610 code [0x000001f7007427e0, 0x000001f700742ca0]
Event: 261.638 Thread 0x000001f77fad09e0 11661       3       sun.security.util.ObjectIdentifier::checkOtherComponent (41 bytes)
Event: 261.638 Thread 0x000001f77fad09e0 nmethod 11661 0x000001f7004f8210 code [0x000001f7004f8460, 0x000001f7004f8af0]

GC Heap History (20 events):
Event: 90.470 GC heap before
{Heap before GC invocations=13 (full 0):
 garbage-first heap   total 110592K, used 89383K [0x0000000600000000, 0x0000000800000000)
  region size 4096K, 14 young (57344K), 1 survivors (4096K)
 Metaspace       used 54778K, committed 56640K, reserved 1114112K
  class space    used 8110K, committed 9024K, reserved 1048576K
}
Event: 90.477 GC heap after
{Heap after GC invocations=14 (full 0):
 garbage-first heap   total 135168K, used 47076K [0x0000000600000000, 0x0000000800000000)
  region size 4096K, 2 young (8192K), 2 survivors (8192K)
 Metaspace       used 54778K, committed 56640K, reserved 1114112K
  class space    used 8110K, committed 9024K, reserved 1048576K
}
Event: 91.444 GC heap before
{Heap before GC invocations=14 (full 0):
 garbage-first heap   total 135168K, used 83940K [0x0000000600000000, 0x0000000800000000)
  region size 4096K, 12 young (49152K), 2 survivors (8192K)
 Metaspace       used 58941K, committed 60800K, reserved 1114112K
  class space    used 8673K, committed 9600K, reserved 1048576K
}
Event: 91.451 GC heap after
{Heap after GC invocations=15 (full 0):
 garbage-first heap   total 135168K, used 49147K [0x0000000600000000, 0x0000000800000000)
  region size 4096K, 3 young (12288K), 3 survivors (12288K)
 Metaspace       used 58941K, committed 60800K, reserved 1114112K
  class space    used 8673K, committed 9600K, reserved 1048576K
}
Event: 93.122 GC heap before
{Heap before GC invocations=16 (full 0):
 garbage-first heap   total 135168K, used 114683K [0x0000000600000000, 0x0000000800000000)
  region size 4096K, 19 young (77824K), 3 survivors (12288K)
 Metaspace       used 63101K, committed 65024K, reserved 1114112K
  class space    used 9284K, committed 10240K, reserved 1048576K
}
Event: 93.137 GC heap after
{Heap after GC invocations=17 (full 0):
 garbage-first heap   total 135168K, used 51856K [0x0000000600000000, 0x0000000800000000)
  region size 4096K, 1 young (4096K), 1 survivors (4096K)
 Metaspace       used 63101K, committed 65024K, reserved 1114112K
  class space    used 9284K, committed 10240K, reserved 1048576K
}
Event: 114.244 GC heap before
{Heap before GC invocations=17 (full 0):
 garbage-first heap   total 135168K, used 121488K [0x0000000600000000, 0x0000000800000000)
  region size 4096K, 18 young (73728K), 1 survivors (4096K)
 Metaspace       used 67128K, committed 69120K, reserved 1114112K
  class space    used 9884K, committed 10880K, reserved 1048576K
}
Event: 114.251 GC heap after
{Heap after GC invocations=18 (full 0):
 garbage-first heap   total 135168K, used 54960K [0x0000000600000000, 0x0000000800000000)
  region size 4096K, 2 young (8192K), 2 survivors (8192K)
 Metaspace       used 67128K, committed 69120K, reserved 1114112K
  class space    used 9884K, committed 10880K, reserved 1048576K
}
Event: 248.800 GC heap before
{Heap before GC invocations=18 (full 0):
 garbage-first heap   total 135168K, used 120496K [0x0000000600000000, 0x0000000800000000)
  region size 4096K, 18 young (73728K), 2 survivors (8192K)
 Metaspace       used 70245K, committed 72384K, reserved 1114112K
  class space    used 10390K, committed 11456K, reserved 1048576K
}
Event: 248.837 GC heap after
{Heap after GC invocations=19 (full 0):
 garbage-first heap   total 135168K, used 60267K [0x0000000600000000, 0x0000000800000000)
  region size 4096K, 3 young (12288K), 3 survivors (12288K)
 Metaspace       used 70245K, committed 72384K, reserved 1114112K
  class space    used 10390K, committed 11456K, reserved 1048576K
}
Event: 252.537 GC heap before
{Heap before GC invocations=19 (full 0):
 garbage-first heap   total 135168K, used 117611K [0x0000000600000000, 0x0000000800000000)
  region size 4096K, 18 young (73728K), 3 survivors (12288K)
 Metaspace       used 70764K, committed 72832K, reserved 1114112K
  class space    used 10401K, committed 11456K, reserved 1048576K
}
Event: 252.553 GC heap after
{Heap after GC invocations=20 (full 0):
 garbage-first heap   total 143360K, used 66044K [0x0000000600000000, 0x0000000800000000)
  region size 4096K, 3 young (12288K), 3 survivors (12288K)
 Metaspace       used 70764K, committed 72832K, reserved 1114112K
  class space    used 10401K, committed 11456K, reserved 1048576K
}
Event: 252.887 GC heap before
{Heap before GC invocations=21 (full 0):
 garbage-first heap   total 143360K, used 119292K [0x0000000600000000, 0x0000000800000000)
  region size 4096K, 17 young (69632K), 3 survivors (12288K)
 Metaspace       used 70804K, committed 72896K, reserved 1114112K
  class space    used 10401K, committed 11456K, reserved 1048576K
}
Event: 252.900 GC heap after
{Heap after GC invocations=22 (full 0):
 garbage-first heap   total 143360K, used 69426K [0x0000000600000000, 0x0000000800000000)
  region size 4096K, 2 young (8192K), 2 survivors (8192K)
 Metaspace       used 70804K, committed 72896K, reserved 1114112K
  class space    used 10401K, committed 11456K, reserved 1048576K
}
Event: 253.523 GC heap before
{Heap before GC invocations=22 (full 0):
 garbage-first heap   total 143360K, used 122674K [0x0000000600000000, 0x0000000800000000)
  region size 4096K, 15 young (61440K), 2 survivors (8192K)
 Metaspace       used 71230K, committed 73280K, reserved 1114112K
  class space    used 10450K, committed 11456K, reserved 1048576K
}
Event: 253.529 GC heap after
{Heap after GC invocations=23 (full 0):
 garbage-first heap   total 143360K, used 70700K [0x0000000600000000, 0x0000000800000000)
  region size 4096K, 2 young (8192K), 2 survivors (8192K)
 Metaspace       used 71230K, committed 73280K, reserved 1114112K
  class space    used 10450K, committed 11456K, reserved 1048576K
}
Event: 260.026 GC heap before
{Heap before GC invocations=23 (full 0):
 garbage-first heap   total 143360K, used 119852K [0x0000000600000000, 0x0000000800000000)
  region size 4096K, 15 young (61440K), 2 survivors (8192K)
 Metaspace       used 73084K, committed 75136K, reserved 1114112K
  class space    used 10687K, committed 11712K, reserved 1048576K
}
Event: 260.035 GC heap after
{Heap after GC invocations=24 (full 0):
 garbage-first heap   total 143360K, used 80290K [0x0000000600000000, 0x0000000800000000)
  region size 4096K, 2 young (8192K), 2 survivors (8192K)
 Metaspace       used 73084K, committed 75136K, reserved 1114112K
  class space    used 10687K, committed 11712K, reserved 1048576K
}
Event: 261.125 GC heap before
{Heap before GC invocations=25 (full 0):
 garbage-first heap   total 143360K, used 121250K [0x0000000600000000, 0x0000000800000000)
  region size 4096K, 12 young (49152K), 2 survivors (8192K)
 Metaspace       used 76811K, committed 78976K, reserved 1179648K
  class space    used 11100K, committed 12160K, reserved 1048576K
}
Event: 261.129 GC heap after
{Heap after GC invocations=26 (full 0):
 garbage-first heap   total 143360K, used 83795K [0x0000000600000000, 0x0000000800000000)
  region size 4096K, 1 young (4096K), 1 survivors (4096K)
 Metaspace       used 76811K, committed 78976K, reserved 1179648K
  class space    used 11100K, committed 12160K, reserved 1048576K
}

Dll operation events (20 events):
Event: 0.221 Attempting to load shared library C:\Users\AJI\.vscode\extensions\redhat.java-1.56.0-win32-x64\jre\21.0.12.1-win32-x86_64\bin\nio.dll
Event: 0.221 Loaded shared library C:\Users\AJI\.vscode\extensions\redhat.java-1.56.0-win32-x64\jre\21.0.12.1-win32-x86_64\bin\nio.dll
Event: 0.225 Attempting to load shared library C:\Users\AJI\.vscode\extensions\redhat.java-1.56.0-win32-x64\jre\21.0.12.1-win32-x86_64\bin\zip.dll
Event: 0.225 Loaded shared library C:\Users\AJI\.vscode\extensions\redhat.java-1.56.0-win32-x64\jre\21.0.12.1-win32-x86_64\bin\zip.dll
Event: 0.679 Attempting to load shared library C:\Users\AJI\.vscode\extensions\redhat.java-1.56.0-win32-x64\jre\21.0.12.1-win32-x86_64\bin\jimage.dll
Event: 0.679 Loaded shared library C:\Users\AJI\.vscode\extensions\redhat.java-1.56.0-win32-x64\jre\21.0.12.1-win32-x86_64\bin\jimage.dll
Event: 0.896 Attempting to load shared library C:\Users\AJI\.vscode\extensions\redhat.java-1.56.0-win32-x64\jre\21.0.12.1-win32-x86_64\bin\verify.dll
Event: 0.897 Loaded shared library C:\Users\AJI\.vscode\extensions\redhat.java-1.56.0-win32-x64\jre\21.0.12.1-win32-x86_64\bin\verify.dll
Event: 0.937 Attempting to load shared library C:\Users\AJI\.gradle\native\1def1411415f61bf3af743bc5b6707747c0891f09f0c88961ee8f79bc544acac\windows-amd64\native-platform.dll
Event: 0.938 Loaded shared library C:\Users\AJI\.gradle\native\1def1411415f61bf3af743bc5b6707747c0891f09f0c88961ee8f79bc544acac\windows-amd64\native-platform.dll
Event: 0.949 Attempting to load shared library C:\Users\AJI\.gradle\native\0.2.8\x86_64-windows-gnu\gradle-fileevents.dll
Event: 0.950 Loaded shared library C:\Users\AJI\.gradle\native\0.2.8\x86_64-windows-gnu\gradle-fileevents.dll
Event: 3.277 Attempting to load shared library C:\Users\AJI\.vscode\extensions\redhat.java-1.56.0-win32-x64\jre\21.0.12.1-win32-x86_64\bin\management.dll
Event: 3.279 Loaded shared library C:\Users\AJI\.vscode\extensions\redhat.java-1.56.0-win32-x64\jre\21.0.12.1-win32-x86_64\bin\management.dll
Event: 3.283 Attempting to load shared library C:\Users\AJI\.vscode\extensions\redhat.java-1.56.0-win32-x64\jre\21.0.12.1-win32-x86_64\bin\management_ext.dll
Event: 3.284 Loaded shared library C:\Users\AJI\.vscode\extensions\redhat.java-1.56.0-win32-x64\jre\21.0.12.1-win32-x86_64\bin\management_ext.dll
Event: 3.759 Attempting to load shared library C:\Users\AJI\.vscode\extensions\redhat.java-1.56.0-win32-x64\jre\21.0.12.1-win32-x86_64\bin\extnet.dll
Event: 3.759 Loaded shared library C:\Users\AJI\.vscode\extensions\redhat.java-1.56.0-win32-x64\jre\21.0.12.1-win32-x86_64\bin\extnet.dll
Event: 4.222 Attempting to load shared library C:\Users\AJI\.vscode\extensions\redhat.java-1.56.0-win32-x64\jre\21.0.12.1-win32-x86_64\bin\sunmscapi.dll
Event: 4.224 Loaded shared library C:\Users\AJI\.vscode\extensions\redhat.java-1.56.0-win32-x64\jre\21.0.12.1-win32-x86_64\bin\sunmscapi.dll

Deoptimization events (20 events):
Event: 261.497 Thread 0x000001f768854940 Uncommon trap: trap_request=0xffffffde fr.pc=0x000001f71047716c relative=0x000000000000004c
Event: 261.497 Thread 0x000001f768854940 Uncommon trap: reason=class_check action=maybe_recompile pc=0x000001f71047716c method=java.lang.StringConcatHelper.stringOf(Ljava/lang/Object;)Ljava/lang/String; @ 5 c2
Event: 261.497 Thread 0x000001f768854940 DEOPT PACKING pc=0x000001f71047716c sp=0x00000086a1ff4620
Event: 261.497 Thread 0x000001f768854940 DEOPT UNPACKING pc=0x000001f70fca4422 sp=0x00000086a1ff45b0 mode 2
Event: 261.615 Thread 0x000001f768854940 Uncommon trap: trap_request=0xffffff45 fr.pc=0x000001f7104d60b0 relative=0x0000000000000090
Event: 261.615 Thread 0x000001f768854940 Uncommon trap: reason=unstable_if action=reinterpret pc=0x000001f7104d60b0 method=java.util.jar.JarFile.maybeInstantiateVerifier()V @ 27 c2
Event: 261.615 Thread 0x000001f768854940 DEOPT PACKING pc=0x000001f7104d60b0 sp=0x00000086a1fef9c0
Event: 261.615 Thread 0x000001f768854940 DEOPT UNPACKING pc=0x000001f70fca4422 sp=0x00000086a1fef950 mode 2
Event: 261.620 Thread 0x000001f768854940 Uncommon trap: trap_request=0xffffff45 fr.pc=0x000001f7103e8190 relative=0x0000000000000690
Event: 261.620 Thread 0x000001f768854940 Uncommon trap: reason=unstable_if action=reinterpret pc=0x000001f7103e8190 method=java.util.jar.Manifest$FastInputStream.readLine([BII)I @ 130 c2
Event: 261.620 Thread 0x000001f768854940 DEOPT PACKING pc=0x000001f7103e8190 sp=0x00000086a1fef3d0
Event: 261.620 Thread 0x000001f768854940 DEOPT UNPACKING pc=0x000001f70fca4422 sp=0x00000086a1fef360 mode 2
Event: 261.662 Thread 0x000001f768854940 Uncommon trap: trap_request=0xffffff45 fr.pc=0x000001f7105e6ee4 relative=0x0000000000000604
Event: 261.662 Thread 0x000001f768854940 Uncommon trap: reason=unstable_if action=reinterpret pc=0x000001f7105e6ee4 method=java.math.BigInteger.stripLeadingZeroBytes(I[BII)[I @ 19 c2
Event: 261.662 Thread 0x000001f768854940 DEOPT PACKING pc=0x000001f7105e6ee4 sp=0x00000086a1fee970
Event: 261.662 Thread 0x000001f768854940 DEOPT UNPACKING pc=0x000001f70fca4422 sp=0x00000086a1fee908 mode 2
Event: 261.666 Thread 0x000001f768854940 Uncommon trap: trap_request=0xffffff45 fr.pc=0x000001f7103c5d30 relative=0x0000000000000190
Event: 261.666 Thread 0x000001f768854940 Uncommon trap: reason=unstable_if action=reinterpret pc=0x000001f7103c5d30 method=jdk.internal.util.ArraysSupport.vectorizedHashCode(Ljava/lang/Object;IIII)I @ 2 c2
Event: 261.666 Thread 0x000001f768854940 DEOPT PACKING pc=0x000001f7103c5d30 sp=0x00000086a1fee3c0
Event: 261.666 Thread 0x000001f768854940 DEOPT UNPACKING pc=0x000001f70fca4422 sp=0x00000086a1fee370 mode 2

Classes loaded (20 events):
Event: 261.705 Loading class sun/security/provider/DSAPublicKey done
Event: 261.705 Loading class sun/security/provider/DSAPublicKeyImpl done
Event: 261.705 Loading class sun/security/x509/ExtendedKeyUsageExtension
Event: 261.705 Loading class sun/security/x509/ExtendedKeyUsageExtension done
Event: 261.706 Loading class sun/security/pkcs/SignerInfo
Event: 261.706 Loading class sun/security/pkcs/SignerInfo done
Event: 261.706 Loading class sun/security/util/DisabledAlgorithmConstraints
Event: 261.707 Loading class sun/security/util/DisabledAlgorithmConstraints done
Event: 261.707 Loading class sun/security/util/DisabledAlgorithmConstraints$JarHolder
Event: 261.707 Loading class sun/security/util/DisabledAlgorithmConstraints$JarHolder done
Event: 261.707 Loading class sun/security/util/AlgorithmDecomposer
Event: 261.707 Loading class sun/security/util/AlgorithmDecomposer done
Event: 261.707 Loading class java/util/regex/Pattern$LookBehindEndNode
Event: 261.707 Loading class java/util/regex/Pattern$LookBehindEndNode done
Event: 261.707 Loading class java/util/regex/Pattern$NotBehind
Event: 261.707 Loading class java/util/regex/Pattern$NotBehind done
Event: 261.707 Loading class sun/security/util/AbstractAlgorithmConstraints$1
Event: 261.707 Loading class sun/security/util/AbstractAlgorithmConstraints$1 done
Event: 261.707 Loading class sun/security/util/DisabledAlgorithmConstraints$Constraints
Event: 261.713 Loading class sun/security/util/DisabledAlgorithmConstraints$Constraints done

Classes unloaded (1 events):
Event: 91.483 Thread 0x000001f77fa5d210 Unloading class 0x000001f7237b8400 'java/lang/invoke/LambdaForm$DMH+0x000001f7237b8400'

Classes redefined (0 events):
No events

Internal exceptions (20 events):
Event: 242.802 Thread 0x000001f768e38390 Exception <a 'java/lang/NoSuchMethodError'{0x0000000606393bc8}: 'java.lang.Object java.lang.invoke.DirectMethodHandle$Holder.invokeSpecial(java.lang.Object, java.lang.Object, java.lang.Object, java.lang.Object, java.lang.Object, java.lang.Object, java.lang.Object, java.lang.Object, java.lang.Object, java.lang.Object, java.lang.Object, java.lang.Object, java.lang.Object, java.lang.Object, java.lang.Object, java.lang.Object, java.lang.Object, java.lang.Object, java.lang.Object, java.lang.Object, java.lang.Ob
Event: 242.804 Thread 0x000001f768e38390 Exception <a 'java/lang/NoSuchMethodError'{0x00000006063988b8}: 'java.lang.Object java.lang.invoke.DelegatingMethodHandle$Holder.reinvoke_L(java.lang.Object, java.lang.Object, java.lang.Object, java.lang.Object, java.lang.Object, java.lang.Object, java.lang.Object, java.lang.Object, java.lang.Object, java.lang.Object, java.lang.Object, java.lang.Object, java.lang.Object, java.lang.Object, java.lang.Object, java.lang.Object, java.lang.Object, java.lang.Object, java.lang.Object, java.lang.Object)'> (0x000000
Event: 242.949 Thread 0x000001f768e38390 Exception <a 'java/lang/NoSuchMethodError'{0x0000000605d06c00}: 'void java.lang.invoke.DirectMethodHandle$Holder.invokeSpecial(java.lang.Object, java.lang.Object, java.lang.Object, java.lang.Object, int, java.lang.Object, java.lang.Object)'> (0x0000000605d06c00) 
thrown [s\src\hotspot\share\interpreter\linkResolver.cpp, line 773]
Event: 243.378 Thread 0x000001f768e38390 Exception <a 'java/lang/NoSuchMethodError'{0x0000000605ff1bc8}: 'int java.lang.invoke.DirectMethodHandle$Holder.invokeSpecial(java.lang.Object, java.lang.Object, java.lang.Object, java.lang.Object, java.lang.Object)'> (0x0000000605ff1bc8) 
thrown [s\src\hotspot\share\interpreter\linkResolver.cpp, line 773]
Event: 243.638 Thread 0x000001f768e38390 Exception <a 'java/lang/IncompatibleClassChangeError'{0x0000000605b271b8}: Found class java.lang.Object, but interface was expected> (0x0000000605b271b8) 
thrown [s\src\hotspot\share\interpreter\linkResolver.cpp, line 840]
Event: 244.326 Thread 0x000001f768e38390 Exception <a 'java/lang/NoSuchMethodError'{0x0000000604df4cf8}: static Ljava/lang/Object;.<clinit>()V> (0x0000000604df4cf8) 
thrown [s\src\hotspot\share\prims\jni.cpp, line 1111]
Event: 248.143 Thread 0x000001f768e38390 Exception <a 'java/lang/NoSuchMethodError'{0x0000000603d6bd58}: 'int java.lang.invoke.DirectMethodHandle$Holder.invokeStaticInit(java.lang.Object, java.lang.Object, java.lang.Object, java.lang.Object, java.lang.Object)'> (0x0000000603d6bd58) 
thrown [s\src\hotspot\share\interpreter\linkResolver.cpp, line 773]
Event: 248.279 Thread 0x000001f768e38390 Exception <a 'sun/nio/fs/WindowsException'{0x0000000603f04938}> (0x0000000603f04938) 
thrown [s\src\hotspot\share\prims\jni.cpp, line 520]
Event: 248.281 Thread 0x000001f768e38390 Exception <a 'sun/nio/fs/WindowsException'{0x0000000603f2bfa8}> (0x0000000603f2bfa8) 
thrown [s\src\hotspot\share\prims\jni.cpp, line 520]
Event: 248.283 Thread 0x000001f768e38390 Exception <a 'sun/nio/fs/WindowsException'{0x0000000603f2e210}> (0x0000000603f2e210) 
thrown [s\src\hotspot\share\prims\jni.cpp, line 520]
Event: 248.284 Thread 0x000001f768e38390 Exception <a 'sun/nio/fs/WindowsException'{0x0000000603f30140}> (0x0000000603f30140) 
thrown [s\src\hotspot\share\prims\jni.cpp, line 520]
Event: 248.295 Thread 0x000001f768e38390 Exception <a 'sun/nio/fs/WindowsException'{0x0000000603f577f8}> (0x0000000603f577f8) 
thrown [s\src\hotspot\share\prims\jni.cpp, line 520]
Event: 248.296 Thread 0x000001f768e38390 Exception <a 'sun/nio/fs/WindowsException'{0x0000000603f59ae8}> (0x0000000603f59ae8) 
thrown [s\src\hotspot\share\prims\jni.cpp, line 520]
Event: 248.297 Thread 0x000001f768e38390 Exception <a 'sun/nio/fs/WindowsException'{0x0000000603f5b950}> (0x0000000603f5b950) 
thrown [s\src\hotspot\share\prims\jni.cpp, line 520]
Event: 252.564 Thread 0x000001f76b50fa90 Implicit null exception at 0x000001f71092a86a to 0x000001f71092a91c
Event: 253.170 Thread 0x000001f768854940 Implicit null exception at 0x000001f7108d1490 to 0x000001f7108d15e8
Event: 259.626 Thread 0x000001f768854940 Exception <a 'java/lang/NoSuchMethodError'{0x00000006054b6150}: 'void java.lang.invoke.Invokers$Holder.invoke_MT(java.lang.Object, java.lang.Object, java.lang.Object, java.lang.Object)'> (0x00000006054b6150) 
thrown [s\src\hotspot\share\interpreter\linkResolver.cpp, line 773]
Event: 259.691 Thread 0x000001f768854940 Exception <a 'java/lang/NoSuchMethodError'{0x0000000605545a38}: 'java.lang.Object java.lang.invoke.DirectMethodHandle$Holder.invokeStaticInit(java.lang.Object, java.lang.Object, java.lang.Object, java.lang.Object, java.lang.Object, java.lang.Object, java.lang.Object)'> (0x0000000605545a38) 
thrown [s\src\hotspot\share\interpreter\linkResolver.cpp, line 773]
Event: 259.783 Thread 0x000001f768854940 Exception <a 'java/lang/ClassNotFoundException'{0x00000006050e91d8}: org/gradle/api/internal/plugins/DefaultObjectConfigurationActionBeanInfo> (0x00000006050e91d8) 
thrown [s\src\hotspot\share\classfile\systemDictionary.cpp, line 313]
Event: 259.784 Thread 0x000001f768854940 Exception <a 'java/lang/ClassNotFoundException'{0x0000000605107538}: org/gradle/api/internal/plugins/DefaultObjectConfigurationActionCustomizer> (0x0000000605107538) 
thrown [s\src\hotspot\share\classfile\systemDictionary.cpp, line 313]

ZGC Phase Switch (0 events):
No events

VM Operations (20 events):
Event: 257.565 Executing safepoint VM operation: Cleanup
Event: 257.580 Executing safepoint VM operation: Cleanup done
Event: 258.590 Executing safepoint VM operation: Cleanup
Event: 258.590 Executing safepoint VM operation: Cleanup done
Event: 259.603 Executing safepoint VM operation: Cleanup
Event: 259.619 Executing safepoint VM operation: Cleanup done
Event: 260.026 Executing safepoint VM operation: G1CollectForAllocation (G1 Evacuation Pause)
Event: 260.035 Executing safepoint VM operation: G1CollectForAllocation (G1 Evacuation Pause) done
Event: 260.071 Executing safepoint VM operation: G1PauseRemark
Event: 260.084 Executing safepoint VM operation: G1PauseRemark done
Event: 260.100 Executing safepoint VM operation: G1PauseCleanup
Event: 260.100 Executing safepoint VM operation: G1PauseCleanup done
Event: 261.111 Executing safepoint VM operation: Cleanup
Event: 261.111 Executing safepoint VM operation: Cleanup done
Event: 261.125 Executing safepoint VM operation: G1CollectForAllocation (G1 Evacuation Pause)
Event: 261.129 Executing safepoint VM operation: G1CollectForAllocation (G1 Evacuation Pause) done
Event: 261.310 Executing non-safepoint VM operation: HandshakeAllThreads (Deoptimize)
Event: 261.310 Executing non-safepoint VM operation: HandshakeAllThreads (Deoptimize) done
Event: 261.646 Executing non-safepoint VM operation: HandshakeAllThreads (Deoptimize)
Event: 261.647 Executing non-safepoint VM operation: HandshakeAllThreads (Deoptimize) done

Memory protections (0 events):
No events

Nmethod flushes (20 events):
Event: 260.082 Thread 0x000001f77fa5d210 flushing  nmethod 0x000001f700d25090
Event: 260.082 Thread 0x000001f77fa5d210 flushing  nmethod 0x000001f70008b990
Event: 260.082 Thread 0x000001f77fa5d210 flushing  nmethod 0x000001f70008bd10
Event: 260.082 Thread 0x000001f77fa5d210 flushing  nmethod 0x000001f70008d190
Event: 260.082 Thread 0x000001f77fa5d210 flushing  nmethod 0x000001f7000b2010
Event: 260.082 Thread 0x000001f77fa5d210 flushing  nmethod 0x000001f7002cde90
Event: 260.082 Thread 0x000001f77fa5d210 flushing  nmethod 0x000001f7004bd110
Event: 260.082 Thread 0x000001f77fa5d210 flushing  nmethod 0x000001f7004c4c90
Event: 260.082 Thread 0x000001f77fa5d210 flushing  nmethod 0x000001f700527f10
Event: 260.082 Thread 0x000001f77fa5d210 flushing  nmethod 0x000001f70052e710
Event: 260.082 Thread 0x000001f77fa5d210 flushing  nmethod 0x000001f70052f210
Event: 260.082 Thread 0x000001f77fa5d210 flushing  nmethod 0x000001f700703010
Event: 260.082 Thread 0x000001f77fa5d210 flushing  nmethod 0x000001f700705010
Event: 260.082 Thread 0x000001f77fa5d210 flushing  nmethod 0x000001f700731d10
Event: 260.082 Thread 0x000001f77fa5d210 flushing  nmethod 0x000001f700768310
Event: 260.082 Thread 0x000001f77fa5d210 flushing  nmethod 0x000001f700769f90
Event: 260.082 Thread 0x000001f77fa5d210 flushing  nmethod 0x000001f70076ef10
Event: 260.082 Thread 0x000001f77fa5d210 flushing  nmethod 0x000001f700771510
Event: 260.082 Thread 0x000001f77fa5d210 flushing  nmethod 0x000001f700a57310
Event: 260.082 Thread 0x000001f77fa5d210 flushing  nmethod 0x000001f700e3ea90

Events (20 events):
Event: 252.475 Thread 0x000001f768854940 Thread added: 0x000001f77ff766a0
Event: 252.475 Thread 0x000001f768854940 Thread added: 0x000001f77ff78e00
Event: 255.229 Thread 0x000001f768855660 Thread added: 0x000001f77ff79b20
Event: 255.229 Thread 0x000001f768855660 Thread added: 0x000001f77ff7a1b0
Event: 255.230 Thread 0x000001f768855660 Thread added: 0x000001f77ff76d30
Event: 255.232 Thread 0x000001f768855660 Thread added: 0x000001f77ff773c0
Event: 255.232 Thread 0x000001f768855660 Thread added: 0x000001f77ff7aed0
Event: 255.232 Thread 0x000001f768855660 Thread added: 0x000001f77ff7a840
Event: 255.233 Thread 0x000001f768855660 Thread added: 0x000001f77ff79490
Event: 255.233 Thread 0x000001f768855660 Thread added: 0x000001f77ff77a50
Event: 257.550 Thread 0x000001f768855660 Thread added: 0x000001f77ff7b560
Event: 257.581 Thread 0x000001f768855660 Thread added: 0x000001f77ff780e0
Event: 257.581 Thread 0x000001f768855660 Thread added: 0x000001f77ff7cfa0
Event: 257.582 Thread 0x000001f768855660 Thread added: 0x000001f77ff7c910
Event: 257.582 Thread 0x000001f768855660 Thread added: 0x000001f77ff7bbf0
Event: 257.583 Thread 0x000001f768855660 Thread added: 0x000001f77ff7e9e0
Event: 257.583 Thread 0x000001f768855660 Thread added: 0x000001f77ff7d630
Event: 257.583 Thread 0x000001f768855660 Thread added: 0x000001f77ff7dcc0
Event: 261.259 Thread 0x000001f77fad09e0 Thread added: 0x000001f768866830
Event: 261.260 Thread 0x000001f77fad09e0 Thread added: 0x000001f76adac6a0


Dynamic libraries:
0x00007ff79bf90000 - 0x00007ff79bf9e000 	C:\Users\AJI\.vscode\extensions\redhat.java-1.56.0-win32-x64\jre\21.0.12.1-win32-x86_64\bin\java.exe
0x00007ffe02160000 - 0x00007ffe023c7000 	C:\WINDOWS\SYSTEM32\ntdll.dll
0x00007ffe003b0000 - 0x00007ffe0047b000 	C:\WINDOWS\System32\KERNEL32.DLL
0x00007ffdff6f0000 - 0x00007ffdffaf2000 	C:\WINDOWS\System32\KERNELBASE.dll
0x00007ffdff410000 - 0x00007ffdff55c000 	C:\WINDOWS\System32\ucrtbase.dll
0x00007ffd821c0000 - 0x00007ffd821d8000 	C:\Users\AJI\.vscode\extensions\redhat.java-1.56.0-win32-x64\jre\21.0.12.1-win32-x86_64\bin\jli.dll
0x00007ffdc0f00000 - 0x00007ffdc0f1e000 	C:\Users\AJI\.vscode\extensions\redhat.java-1.56.0-win32-x64\jre\21.0.12.1-win32-x86_64\bin\VCRUNTIME140.dll
0x00007ffe019a0000 - 0x00007ffe01b6f000 	C:\WINDOWS\System32\USER32.dll
0x00007ffdff570000 - 0x00007ffdff597000 	C:\WINDOWS\System32\win32u.dll
0x00007ffddfe30000 - 0x00007ffde00c0000 	C:\WINDOWS\WinSxS\amd64_microsoft.windows.common-controls_6595b64144ccf1df_6.0.26100.9278_none_3e0d1ba8e3303201\COMCTL32.dll
0x00007ffe018c0000 - 0x00007ffe01969000 	C:\WINDOWS\System32\msvcrt.dll
0x00007ffe01970000 - 0x00007ffe0199b000 	C:\WINDOWS\System32\GDI32.dll
0x00007ffdffc90000 - 0x00007ffdffdb9000 	C:\WINDOWS\System32\gdi32full.dll
0x00007ffdff360000 - 0x00007ffdff403000 	C:\WINDOWS\System32\msvcp_win.dll
0x00007ffe01b90000 - 0x00007ffe01bc1000 	C:\WINDOWS\System32\IMM32.DLL
0x00007ffdd7ca0000 - 0x00007ffdd7cac000 	C:\Users\AJI\.vscode\extensions\redhat.java-1.56.0-win32-x64\jre\21.0.12.1-win32-x86_64\bin\vcruntime140_1.dll
0x00007ffd7e7f0000 - 0x00007ffd7e87d000 	C:\Users\AJI\.vscode\extensions\redhat.java-1.56.0-win32-x64\jre\21.0.12.1-win32-x86_64\bin\msvcp140.dll
0x00007ffcef0f0000 - 0x00007ffcefe92000 	C:\Users\AJI\.vscode\extensions\redhat.java-1.56.0-win32-x64\jre\21.0.12.1-win32-x86_64\bin\server\jvm.dll
0x00007ffe002e0000 - 0x00007ffe0039c000 	C:\WINDOWS\System32\ADVAPI32.dll
0x00007ffe00230000 - 0x00007ffe002d9000 	C:\WINDOWS\System32\sechost.dll
0x00007ffdfff30000 - 0x00007ffe00048000 	C:\WINDOWS\System32\RPCRT4.dll
0x00007ffe01720000 - 0x00007ffe017a0000 	C:\WINDOWS\System32\WS2_32.dll
0x00007ffdff1c0000 - 0x00007ffdff21e000 	C:\WINDOWS\SYSTEM32\POWRPROF.dll
0x00007ffdfb560000 - 0x00007ffdfb596000 	C:\WINDOWS\SYSTEM32\WINMM.dll
0x00007ffdf5020000 - 0x00007ffdf502b000 	C:\WINDOWS\SYSTEM32\VERSION.dll
0x00007ffdff1a0000 - 0x00007ffdff1b5000 	C:\WINDOWS\SYSTEM32\UMPDC.dll
0x00007ffdfdf70000 - 0x00007ffdfdf8b000 	C:\WINDOWS\SYSTEM32\kernel.appcore.dll
0x00007ffdd7be0000 - 0x00007ffdd7bea000 	C:\Users\AJI\.vscode\extensions\redhat.java-1.56.0-win32-x64\jre\21.0.12.1-win32-x86_64\bin\jimage.dll
0x00007ffdfc940000 - 0x00007ffdfcb8c000 	C:\WINDOWS\SYSTEM32\DBGHELP.DLL
0x00007ffe00d20000 - 0x00007ffe010a5000 	C:\WINDOWS\System32\combase.dll
0x00007ffe011b0000 - 0x00007ffe01289000 	C:\WINDOWS\System32\OLEAUT32.dll
0x00007ffdde450000 - 0x00007ffdde48b000 	C:\WINDOWS\SYSTEM32\dbgcore.DLL
0x00007ffdffdc0000 - 0x00007ffdffe6c000 	C:\WINDOWS\System32\bcryptPrimitives.dll
0x00007ffdd70d0000 - 0x00007ffdd70df000 	C:\Users\AJI\.vscode\extensions\redhat.java-1.56.0-win32-x64\jre\21.0.12.1-win32-x86_64\bin\instrument.dll
0x00007ffd7fbb0000 - 0x00007ffd7fbd0000 	C:\Users\AJI\.vscode\extensions\redhat.java-1.56.0-win32-x64\jre\21.0.12.1-win32-x86_64\bin\java.dll
0x00007ffe00580000 - 0x00007ffe00d18000 	C:\WINDOWS\System32\SHELL32.dll
0x00007ffdfcd80000 - 0x00007ffdfd62e000 	C:\WINDOWS\SYSTEM32\windows.storage.dll
0x00007ffe01320000 - 0x00007ffe0141b000 	C:\WINDOWS\System32\SHCORE.dll
0x00007ffe010b0000 - 0x00007ffe01116000 	C:\WINDOWS\System32\shlwapi.dll
0x00007ffdff280000 - 0x00007ffdff2a9000 	C:\WINDOWS\SYSTEM32\profapi.dll
0x00007ffd7fb90000 - 0x00007ffd7fba8000 	C:\Users\AJI\.vscode\extensions\redhat.java-1.56.0-win32-x64\jre\21.0.12.1-win32-x86_64\bin\zip.dll
0x00007ffdd7b20000 - 0x00007ffdd7b30000 	C:\Users\AJI\.vscode\extensions\redhat.java-1.56.0-win32-x64\jre\21.0.12.1-win32-x86_64\bin\net.dll
0x00007ffdf8730000 - 0x00007ffdf885a000 	C:\WINDOWS\SYSTEM32\WINHTTP.dll
0x00007ffdfe5f0000 - 0x00007ffdfe65c000 	C:\WINDOWS\system32\mswsock.dll
0x00007ffd7e7d0000 - 0x00007ffd7e7e6000 	C:\Users\AJI\.vscode\extensions\redhat.java-1.56.0-win32-x64\jre\21.0.12.1-win32-x86_64\bin\nio.dll
0x00007ffdd1b60000 - 0x00007ffdd1b70000 	C:\Users\AJI\.vscode\extensions\redhat.java-1.56.0-win32-x64\jre\21.0.12.1-win32-x86_64\bin\verify.dll
0x00007ffd7fce0000 - 0x00007ffd7fd07000 	C:\Users\AJI\.gradle\native\1def1411415f61bf3af743bc5b6707747c0891f09f0c88961ee8f79bc544acac\windows-amd64\native-platform.dll
0x00007ffcf9e70000 - 0x00007ffcf9ee7000 	C:\Users\AJI\.gradle\native\0.2.8\x86_64-windows-gnu\gradle-fileevents.dll
0x00007ffdd17c0000 - 0x00007ffdd17ca000 	C:\Users\AJI\.vscode\extensions\redhat.java-1.56.0-win32-x64\jre\21.0.12.1-win32-x86_64\bin\management.dll
0x00007ffdd0ce0000 - 0x00007ffdd0cec000 	C:\Users\AJI\.vscode\extensions\redhat.java-1.56.0-win32-x64\jre\21.0.12.1-win32-x86_64\bin\management_ext.dll
0x00007ffe01b80000 - 0x00007ffe01b88000 	C:\WINDOWS\System32\PSAPI.DLL
0x00007ffdfd9b0000 - 0x00007ffdfd9e3000 	C:\WINDOWS\SYSTEM32\IPHLPAPI.DLL
0x00007ffdfff00000 - 0x00007ffdfff0a000 	C:\WINDOWS\System32\NSI.dll
0x00007ffdd0ba0000 - 0x00007ffdd0ba9000 	C:\Users\AJI\.vscode\extensions\redhat.java-1.56.0-win32-x64\jre\21.0.12.1-win32-x86_64\bin\extnet.dll
0x00007ffdfe8e0000 - 0x00007ffdfe8fb000 	C:\WINDOWS\SYSTEM32\CRYPTSP.dll
0x00007ffdfdf90000 - 0x00007ffdfdfc9000 	C:\WINDOWS\system32\rsaenh.dll
0x00007ffdfe6a0000 - 0x00007ffdfe6d4000 	C:\WINDOWS\SYSTEM32\USERENV.dll
0x00007ffdff250000 - 0x00007ffdff27a000 	C:\WINDOWS\SYSTEM32\bcrypt.dll
0x00007ffdfe900000 - 0x00007ffdfe90c000 	C:\WINDOWS\SYSTEM32\CRYPTBASE.dll
0x00007ffdd0640000 - 0x00007ffdd064e000 	C:\Users\AJI\.vscode\extensions\redhat.java-1.56.0-win32-x64\jre\21.0.12.1-win32-x86_64\bin\sunmscapi.dll
0x00007ffdffb00000 - 0x00007ffdffc7e000 	C:\WINDOWS\System32\CRYPT32.dll
0x00007ffdfeb20000 - 0x00007ffdfeb50000 	C:\WINDOWS\SYSTEM32\ncrypt.dll
0x00007ffdfead0000 - 0x00007ffdfeb0f000 	C:\WINDOWS\SYSTEM32\NTASN1.dll
0x00007ffdd4f00000 - 0x00007ffdd4f08000 	C:\WINDOWS\system32\wshunix.dll

JVMTI agents:
C:\Users\AJI\.gradle\wrapper\dists\gradle-9.1.0-all\7wzd0jkjit61aq2p43wpjgij9\gradle-9.1.0\lib\agents\gradle-instrumentation-agent-9.1.0.jar path:C:\Users\AJI\.vscode\extensions\redhat.java-1.56.0-win32-x64\jre\21.0.12.1-win32-x86_64\bin\instrument.dll, loaded, initialized, instrumentlib options:none

dbghelp: loaded successfully - version: 4.0.5 - missing functions: none
symbol engine: initialized successfully - sym options: 0x614 - pdb path: .;C:\Users\AJI\.vscode\extensions\redhat.java-1.56.0-win32-x64\jre\21.0.12.1-win32-x86_64\bin;C:\WINDOWS\SYSTEM32;C:\WINDOWS\WinSxS\amd64_microsoft.windows.common-controls_6595b64144ccf1df_6.0.26100.9278_none_3e0d1ba8e3303201;C:\Users\AJI\.vscode\extensions\redhat.java-1.56.0-win32-x64\jre\21.0.12.1-win32-x86_64\bin\server;C:\Users\AJI\.gradle\native\1def1411415f61bf3af743bc5b6707747c0891f09f0c88961ee8f79bc544acac\windows-amd64;C:\Users\AJI\.gradle\native\0.2.8\x86_64-windows-gnu

VM Arguments:
jvm_args: --add-opens=java.base/java.lang=ALL-UNNAMED --add-opens=java.base/java.lang.invoke=ALL-UNNAMED --add-opens=java.base/java.util=ALL-UNNAMED --add-opens=java.prefs/java.util.prefs=ALL-UNNAMED --add-exports=jdk.compiler/com.sun.tools.javac.api=ALL-UNNAMED --add-exports=jdk.compiler/com.sun.tools.javac.util=ALL-UNNAMED --add-opens=java.base/java.util=ALL-UNNAMED --add-opens=java.prefs/java.util.prefs=ALL-UNNAMED --add-opens=java.base/java.nio.charset=ALL-UNNAMED --add-opens=java.base/java.net=ALL-UNNAMED --add-opens=java.base/java.util.concurrent=ALL-UNNAMED --add-opens=java.base/java.util.concurrent.atomic=ALL-UNNAMED --add-opens=java.xml/javax.xml.namespace=ALL-UNNAMED --add-opens=java.base/java.time=ALL-UNNAMED -XX:MaxMetaspaceSize=4G -XX:ReservedCodeCacheSize=512m -XX:+HeapDumpOnOutOfMemoryError -Xmx8G -Dfile.encoding=UTF-8 -Duser.country=IN -Duser.language=en -Duser.variant -javaagent:C:\Users\AJI\.gradle\wrapper\dists\gradle-9.1.0-all\7wzd0jkjit61aq2p43wpjgij9\gradle-9.1.0\lib\agents\gradle-instrumentation-agent-9.1.0.jar 
java_command: org.gradle.launcher.daemon.bootstrap.GradleDaemon 9.1.0
java_class_path (initial): C:\Users\AJI\.gradle\wrapper\dists\gradle-9.1.0-all\7wzd0jkjit61aq2p43wpjgij9\gradle-9.1.0\lib\gradle-daemon-main-9.1.0.jar
Launcher Type: SUN_STANDARD

[Global flags]
     intx CICompilerCount                          = 12                                        {product} {ergonomic}
     uint ConcGCThreads                            = 4                                         {product} {ergonomic}
     uint G1ConcRefinementThreads                  = 15                                        {product} {ergonomic}
   size_t G1HeapRegionSize                         = 4194304                                   {product} {ergonomic}
    uintx GCDrainStackTargetSize                   = 64                                        {product} {ergonomic}
     bool HeapDumpOnOutOfMemoryError               = true                                   {manageable} {command line}
   size_t InitialHeapSize                          = 264241152                                 {product} {ergonomic}
   size_t MarkStackSize                            = 4194304                                   {product} {ergonomic}
   size_t MaxHeapSize                              = 8589934592                                {product} {command line}
   size_t MaxMetaspaceSize                         = 4294967296                                {product} {command line}
   size_t MaxNewSize                               = 5150605312                                {product} {ergonomic}
   size_t MinHeapDeltaBytes                        = 4194304                                   {product} {ergonomic}
   size_t MinHeapSize                              = 8388608                                   {product} {ergonomic}
    uintx NonNMethodCodeHeapSize                   = 7602480                                {pd product} {ergonomic}
    uintx NonProfiledCodeHeapSize                  = 264634216                              {pd product} {ergonomic}
    uintx ProfiledCodeHeapSize                     = 264634216                              {pd product} {ergonomic}
    uintx ReservedCodeCacheSize                    = 536870912                              {pd product} {command line}
     bool SegmentedCodeCache                       = true                                      {product} {ergonomic}
   size_t SoftMaxHeapSize                          = 8589934592                             {manageable} {ergonomic}
     bool UseCompressedOops                        = true                           {product lp64_product} {ergonomic}
     bool UseG1GC                                  = true                                      {product} {ergonomic}
     bool UseLargePagesIndividualAllocation        = false                                  {pd product} {ergonomic}

Logging:
Log output configuration:
 #0: stdout all=warning uptime,level,tags foldmultilines=false
 #1: stderr all=off uptime,level,tags foldmultilines=false

Release file:
JAVA_VERSION="21.0.12.1" 
MODULES="java.base java.compiler java.datatransfer java.xml java.prefs java.desktop java.instrument java.logging java.management java.security.sasl java.naming java.rmi java.management.rmi java.net.http java.scripting java.security.jgss java.transaction.xa java.sql java.sql.rowset java.xml.crypto java.se java.smartcardio jdk.accessibility jdk.internal.jvmstat jdk.attach jdk.charsets jdk.internal.opt jdk.zipfs jdk.compiler jdk.crypto.ec jdk.crypto.cryptoki jdk.crypto.mscapi jdk.dynalink jdk.internal.ed jdk.editpad jdk.hotspot.agent jdk.httpserver jdk.internal.le jdk.internal.vm.ci jdk.internal.vm.compiler jdk.internal.vm.compiler.management jdk.jartool jdk.javadoc jdk.jcmd jdk.management jdk.management.agent jdk.jconsole jdk.jdeps jdk.jdwp.agent jdk.jdi jdk.jfr jdk.jshell jdk.jsobject jdk.jstatd jdk.localedata jdk.management.jfr jdk.naming.dns jdk.naming.rmi jdk.net jdk.nio.mapmode jdk.random jdk.sctp jdk.security.auth jdk.security.jgss jdk.unsupported jdk.unsupported.desktop jdk.xml.dom" 

Environment Variables:
JAVA_HOME=C:\Program Files\Java\jdk-17
PATH=C:\Python314\Scripts\;C:\Python314\;C:\Program Files\Eclipse Adoptium\jdk-25.0.3.9-hotspot\bin;C:\Program Files\Microsoft\jdk-11.0.16.101-hotspot\bin;C:\WINDOWS\system32;C:\WINDOWS;C:\WINDOWS\System32\Wbem;C:\WINDOWS\System32\WindowsPowerShell\v1.0\;C:\WINDOWS\System32\OpenSSH\;C:\Program Files\dotnet\;C:\MinGW\bin;C:\ProgramData\chocolatey\bin;C:\Users\AJI\AppData\Local\Pub\Cache\bin;C:\Program Files\Java\jdk-17\bin;d:\cursor\resources\app\bin;C:\Users\AJI\develop\flutter\bin;C:\Users\AJI\.local\bin;D:\node\node_modules\npm\bin;D:\node\;C:\Program Files\nodejs\;C:\Program Files\nodejs\node_modules\npm\bin;C:\Users\AJI\Documents\MONGO\mongosh-2.9.2-win32-x64\bin;C:\xampp\php;C:\Program Files\Git\cmd;C:\Users\AJI\AppData\Local\Programs\Python\Python312\Scripts\;C:\Users\AJI\AppData\Local\Programs\Python\Python312\;C:\Users\AJI\.local\bin;C:\Users\AJI\AppData\Local\Microsoft\WindowsApps;D:\IntelliJ IDEA Community Edition 2023.1.5\bin;;C:\mingw64\bin;C:\Users\AJI\.dotnet\tools;C:\Users\AJI\Documents\flutter_windows_3.13.4-stable\flutter\bin;C:\Users\AJI\AppData\Local\Pub\Cache\bin;D:\flutter_pub_cache;C:\Users\AJI\AppData\Local\Android\Sdk;C:\Program Files\Java\jdk-17\bin;D:\rider\JetBrains Rider 2024.3.7\bin;;D:\Program Files\Microsoft VS Code\bin;D:\freelanceing\cursor\resources\app\bin;C:\Users\AJI\AppData\Local\Programs\Microsoft VS Code\bin;C:\Users\AJI\AppData\Local\Programs\cursor\resources\app\bin;C:\Users\AJI\AppData\Roaming\npm
USERNAME=AJI
OS=Windows_NT
PROCESSOR_IDENTIFIER=Intel64 Family 6 Model 154 Stepping 3, GenuineIntel
TMP=C:\Users\AJI\AppData\Local\Temp
TEMP=C:\Users\AJI\AppData\Local\Temp




Periodic native trim disabled

---------------  S Y S T E M  ---------------

OS:
 Windows 11 , 64 bit Build 26100 (10.0.26100.9444)
OS uptime: 0 days 0:13 hours
Hyper-V role detected

CPU: total 20 (initial active 20) (10 cores per cpu, 2 threads per core) family 6 model 154 stepping 3 microcode 0x43b, cx8, cmov, fxsr, ht, mmx, 3dnowpref, sse, sse2, sse3, ssse3, sse4.1, sse4.2, popcnt, lzcnt, tsc, tscinvbit, avx, avx2, aes, erms, clmul, bmi1, bmi2, adx, sha, fma, vzeroupper, clflush, clflushopt, clwb, hv, serialize, rdtscp, rdpid, fsrm, f16c, cet_ibt, cet_ss
Processor Information for processor 0
  Max Mhz: 2300, Current Mhz: 2300, Mhz Limit: 2300
Processor Information for processor 1
  Max Mhz: 2300, Current Mhz: 2300, Mhz Limit: 2300
Processor Information for processor 2
  Max Mhz: 2300, Current Mhz: 2300, Mhz Limit: 2300
Processor Information for processor 3
  Max Mhz: 2300, Current Mhz: 2300, Mhz Limit: 2300
Processor Information for processor 4
  Max Mhz: 2300, Current Mhz: 2300, Mhz Limit: 2300
Processor Information for processor 5
  Max Mhz: 2300, Current Mhz: 2300, Mhz Limit: 2300
Processor Information for processor 6
  Max Mhz: 2300, Current Mhz: 2300, Mhz Limit: 2300
Processor Information for processor 7
  Max Mhz: 2300, Current Mhz: 2300, Mhz Limit: 2300
Processor Information for processor 8
  Max Mhz: 2300, Current Mhz: 2300, Mhz Limit: 2300
Processor Information for processor 9
  Max Mhz: 2300, Current Mhz: 2300, Mhz Limit: 2300
Processor Information for processor 10
  Max Mhz: 2300, Current Mhz: 2300, Mhz Limit: 2300
Processor Information for processor 11
  Max Mhz: 2300, Current Mhz: 2300, Mhz Limit: 2300
Processor Information for processor 12
  Max Mhz: 2300, Current Mhz: 2300, Mhz Limit: 2300
Processor Information for processor 13
  Max Mhz: 2300, Current Mhz: 2300, Mhz Limit: 2300
Processor Information for processor 14
  Max Mhz: 2300, Current Mhz: 2300, Mhz Limit: 2300
Processor Information for processor 15
  Max Mhz: 2300, Current Mhz: 2300, Mhz Limit: 2300
Processor Information for processor 16
  Max Mhz: 2300, Current Mhz: 2300, Mhz Limit: 2300
Processor Information for processor 17
  Max Mhz: 2300, Current Mhz: 1488, Mhz Limit: 2300
Processor Information for processor 18
  Max Mhz: 2300, Current Mhz: 2300, Mhz Limit: 2300
Processor Information for processor 19
  Max Mhz: 2300, Current Mhz: 2300, Mhz Limit: 2300

Memory: 4k page, system-wide physical 16068M (343M free)
TotalPageFile size 65220M (AvailPageFile size 62M)
current process WorkingSet (physical memory assigned to process): 300M, peak: 309M
current process commit charge ("private bytes"): 459M, peak: 461M

vm_info: OpenJDK 64-Bit Server VM (21.0.12.1+1-LTS) for windows-amd64 JRE (21.0.12.1+1-LTS), built on 2026-08-18T00:00:00Z by "admin" with MS VC++ 17.12 (VS2022)

END.
