#
# There is insufficient memory for the Java Runtime Environment to continue.
# Native memory allocation (mmap) failed to map 65536 bytes. Error detail: Failed to commit metaspace.
# Possible reasons:
#   The system is out of physical RAM or swap space
#   This process is running with CompressedOops enabled, and the Java Heap may be blocking the growth of the native heap
# Possible solutions:
#   Reduce memory load on the system
#   Increase physical memory or swap space
#   Check if swap backing store is full
#   Decrease Java heap size (-Xmx/-Xms)
#
#  , pid=72628
#
# --add-opens=java.base/java.util=ALL-UNNAMED --add-opens=java.prefs/java.util.prefs=ALL-UNNAMED --add-exports=jdk.compiler/com.sun.tools.javac.api=ALL-UNNAMED --add-exports=jdk.compiler/com.sun.tools.javac.util=ALL-UNNAMED --add-opens=java.base/java.util=ALL-UNNAMED --add-opens=java.prefs/java.util.prefs=ALL-UNNAMED --add-opens=java.base/java.nio.charset=ALL-UNNAMED --add-opens=java.base/java.net=ALL-UNNAMED --add-opens=java.base/java.util.concurrent=ALL-UNNAMED --add-opens=java.base/java.util.concurrent.atomic=ALL-UNNAMED --add-opens=java.xml/javax.xml.namespace=ALL-UNNAMED --add-opens=java.base/java.time=ALL-UNNAMED -XX:MaxMetaspaceSize=4G -XX:ReservedCodeCacheSize=512m -XX:+HeapDumpOnOutOfMemoryError -Xmx8G -Dfile.encoding=UTF-8 -Duser.country=IN -Duser.language=en -Duser.variant -javaagent:C:\Users\AJI\.gradle\wrapper\dists\gradle-9.1.0-all\7wzd0jkjit61aq2p43wpjgij9\gradle-9.1.0\lib\agents\gradle-instrumentation-agent-9.1.0.jar org.gradle.launcher.daemon.bootstrap.GradleDaemon 9.1.0

Host: 12th Gen Intel(R) Core(TM) i7-12700H, 20 cores, 15G,  Windows 11 , 64 bit Build 26100 (10.0.26100.9444)
Time: Thu Sep 17 09:16:04 2026 India Standard Time elapsed time: 111.650503 seconds (0d 0h 1m 51s)

---------------  T H R E A D  ---------------

Current thread (0x00000181c55a5a60):  JavaThread "Daemon worker"        [_thread_in_vm, id=57412, stack(0x0000001dc9900000,0x0000001dc9a00000) (1024K)]

Stack: [0x0000001dc9900000,0x0000001dc9a00000]
Native frames: (J=compiled Java code, j=interpreted, Vv=VM code, C=native code)
V  [jvm.dll+0x6d83e9]
V  [jvm.dll+0x8b5736]
V  [jvm.dll+0x8b7cee]
V  [jvm.dll+0x8b83d3]
V  [jvm.dll+0x284596]
V  [jvm.dll+0x8b147e]
V  [jvm.dll+0x679ad4]
V  [jvm.dll+0x1e849b]
V  [jvm.dll+0x1e825e]
V  [jvm.dll+0x67c3d2]
V  [jvm.dll+0x67c202]
V  [jvm.dll+0x67a4ae]
V  [jvm.dll+0x3c7a23]
V  [jvm.dll+0x2118db]
V  [jvm.dll+0x5b6aa9]
V  [jvm.dll+0x82f77d]
V  [jvm.dll+0x479a6e]
V  [jvm.dll+0x48cde6]
C  [java.dll+0x1657]

Java frames: (J=compiled Java code, j=interpreted, Vv=VM code)
J 2057  java.lang.ClassLoader.defineClass0(Ljava/lang/ClassLoader;Ljava/lang/Class;Ljava/lang/String;[BIILjava/security/ProtectionDomain;ZILjava/lang/Object;)Ljava/lang/Class; java.base@21.0.12.1 (0 bytes) @ 0x00000181e0939bbc [0x00000181e0939ac0+0x00000000000000fc]
J 2732 c1 java.lang.System$2.defineClass(Ljava/lang/ClassLoader;Ljava/lang/Class;Ljava/lang/String;[BLjava/security/ProtectionDomain;ZILjava/lang/Object;)Ljava/lang/Class; java.base@21.0.12.1 (21 bytes) @ 0x00000181d09fa8f4 [0x00000181d09fa840+0x00000000000000b4]
J 2731 c1 java.lang.invoke.MethodHandles$Lookup$ClassDefiner.defineClass(ZLjava/lang/Object;)Ljava/lang/Class; java.base@21.0.12.1 (213 bytes) @ 0x00000181d09fcaac [0x00000181d09fc520+0x000000000000058c]
J 3778 c1 java.lang.invoke.InnerClassLambdaMetafactory.generateInnerClass()Ljava/lang/Class; java.base@21.0.12.1 (506 bytes) @ 0x00000181d0c208fc [0x00000181d0c1eec0+0x0000000000001a3c]
J 3898 c1 java.lang.invoke.InnerClassLambdaMetafactory.spinInnerClass()Ljava/lang/Class; java.base@21.0.12.1 (118 bytes) @ 0x00000181d0c5243c [0x00000181d0c52260+0x00000000000001dc]
J 3897 c1 java.lang.invoke.InnerClassLambdaMetafactory.buildCallSite()Ljava/lang/invoke/CallSite; java.base@21.0.12.1 (150 bytes) @ 0x00000181d0c536ac [0x00000181d0c53620+0x000000000000008c]
J 3902 c1 java.lang.invoke.LambdaMetafactory.metafactory(Ljava/lang/invoke/MethodHandles$Lookup;Ljava/lang/String;Ljava/lang/invoke/MethodType;Ljava/lang/invoke/MethodType;Ljava/lang/invoke/MethodHandle;Ljava/lang/invoke/MethodType;)Ljava/lang/invoke/CallSite; java.base@21.0.12.1 (71 bytes) @ 0x00000181d0c567a4 [0x00000181d0c56320+0x0000000000000484]
J 4047 c1 java.lang.invoke.LambdaForm$DMH+0x00000181811e8400.invokeStatic(Ljava/lang/Object;Ljava/lang/Object;Ljava/lang/Object;Ljava/lang/Object;Ljava/lang/Object;Ljava/lang/Object;Ljava/lang/Object;)Ljava/lang/Object; java.base@21.0.12.1 (31 bytes) @ 0x00000181d0ca8bf4 [0x00000181d0ca88e0+0x0000000000000314]
J 3705 c1 java.lang.invoke.BootstrapMethodInvoker.invoke(Ljava/lang/Class;Ljava/lang/invoke/MethodHandle;Ljava/lang/String;Ljava/lang/Object;Ljava/lang/Object;Ljava/lang/Class;)Ljava/lang/Object; java.base@21.0.12.1 (974 bytes) @ 0x00000181d0be402c [0x00000181d0bddc40+0x00000000000063ec]
J 3704 c1 java.lang.invoke.CallSite.makeSite(Ljava/lang/invoke/MethodHandle;Ljava/lang/String;Ljava/lang/invoke/MethodType;Ljava/lang/Object;Ljava/lang/Class;)Ljava/lang/invoke/CallSite; java.base@21.0.12.1 (91 bytes) @ 0x00000181d0bdaf34 [0x00000181d0bdaea0+0x0000000000000094]
J 3703 c1 java.lang.invoke.MethodHandleNatives.linkCallSiteImpl(Ljava/lang/Class;Ljava/lang/invoke/MethodHandle;Ljava/lang/String;Ljava/lang/invoke/MethodType;Ljava/lang/Object;[Ljava/lang/Object;)Ljava/lang/invoke/MemberName; java.base@21.0.12.1 (119 bytes) @ 0x00000181d0bd9edc [0x00000181d0bd9e60+0x000000000000007c]
J 3702 c1 java.lang.invoke.MethodHandleNatives.linkCallSite(Ljava/lang/Object;Ljava/lang/Object;Ljava/lang/Object;Ljava/lang/Object;Ljava/lang/Object;[Ljava/lang/Object;)Ljava/lang/invoke/MemberName; java.base@21.0.12.1 (65 bytes) @ 0x00000181d0bd993c [0x00000181d0bd9500+0x000000000000043c]
v  ~StubRoutines::call_stub 0x00000181e010100d
j  org.gradle.api.internal.artifacts.ivyservice.resolveengine.excludes.factories.NormalizingExcludeFactory.simplifySet(Ljava/lang/Class;Ljava/util/Set;)Ljava/util/Set;+12
j  org.gradle.api.internal.artifacts.ivyservice.resolveengine.excludes.factories.NormalizingExcludeFactory.doUnion(Ljava/util/Set;)Lorg/gradle/api/internal/artifacts/ivyservice/resolveengine/excludes/specs/ExcludeSpec;+4
j  org.gradle.api.internal.artifacts.ivyservice.resolveengine.excludes.factories.NormalizingExcludeFactory.anyOf(Ljava/util/Set;)Lorg/gradle/api/internal/artifacts/ivyservice/resolveengine/excludes/specs/ExcludeSpec;+2
j  org.gradle.api.internal.artifacts.ivyservice.resolveengine.excludes.factories.CachingExcludeFactory.lambda$anyOf$2(Lorg/gradle/api/internal/artifacts/ivyservice/resolveengine/excludes/factories/CachingExcludeFactory$ExcludesKey;)Lorg/gradle/api/internal/artifacts/ivyservice/resolveengine/excludes/specs/ExcludeSpec;+8
j  org.gradle.api.internal.artifacts.ivyservice.resolveengine.excludes.factories.CachingExcludeFactory$$Lambda+0x0000018181788c58.apply(Ljava/lang/Object;)Ljava/lang/Object;+8
j  org.gradle.api.internal.artifacts.ivyservice.resolveengine.excludes.factories.CachingExcludeFactory$ConcurrentCache.computeIfAbsent(Ljava/lang/Object;Ljava/util/function/Function;)Ljava/lang/Object;+31
j  org.gradle.api.internal.artifacts.ivyservice.resolveengine.excludes.factories.CachingExcludeFactory$MergeCaches.getAnyOf(Lorg/gradle/api/internal/artifacts/ivyservice/resolveengine/excludes/factories/CachingExcludeFactory$ExcludesKey;Ljava/util/function/Function;)Lorg/gradle/api/internal/artifacts/ivyservice/resolveengine/excludes/specs/ExcludeSpec;+6
j  org.gradle.api.internal.artifacts.ivyservice.resolveengine.excludes.factories.CachingExcludeFactory.anyOf(Ljava/util/Set;)Lorg/gradle/api/internal/artifacts/ivyservice/resolveengine/excludes/specs/ExcludeSpec;+19
j  org.gradle.api.internal.artifacts.ivyservice.resolveengine.excludes.factories.OptimizingExcludeFactory.lambda$anyOf$2(Ljava/util/Set;)Lorg/gradle/api/internal/artifacts/ivyservice/resolveengine/excludes/specs/ExcludeSpec;+50
j  org.gradle.api.internal.artifacts.ivyservice.resolveengine.excludes.factories.OptimizingExcludeFactory$$Lambda+0x0000018181788800.apply(Ljava/lang/Object;)Ljava/lang/Object;+8
j  org.gradle.api.internal.artifacts.ivyservice.resolveengine.excludes.factories.Optimizations.optimizeCollection(Lorg/gradle/api/internal/artifacts/ivyservice/resolveengine/excludes/factories/ExcludeFactory;Ljava/util/Collection;Ljava/util/function/Function;)Lorg/gradle/api/internal/artifacts/ivyservice/resolveengine/excludes/specs/ExcludeSpec;+43
j  org.gradle.api.internal.artifacts.ivyservice.resolveengine.excludes.factories.OptimizingExcludeFactory.anyOf(Ljava/util/Set;)Lorg/gradle/api/internal/artifacts/ivyservice/resolveengine/excludes/specs/ExcludeSpec;+8
j  org.gradle.api.internal.artifacts.ivyservice.resolveengine.excludes.ModuleExclusions.excludeAny(Ljava/util/Collection;)Lorg/gradle/api/internal/artifacts/ivyservice/resolveengine/excludes/specs/ExcludeSpec;+99
j  org.gradle.api.internal.artifacts.ivyservice.resolveengine.graph.builder.EdgeState.computeExclusionsWhenExcludesPresent(Ljava/util/List;)V+10
j  org.gradle.api.internal.artifacts.ivyservice.resolveengine.graph.builder.EdgeState.computeExclusions()V+32
j  org.gradle.api.internal.artifacts.ivyservice.resolveengine.graph.builder.EdgeState.getExclusions()Lorg/gradle/api/internal/artifacts/ivyservice/resolveengine/excludes/specs/ExcludeSpec;+8
j  org.gradle.api.internal.artifacts.ivyservice.resolveengine.graph.builder.NodeState.computeModuleExclusionsManyEdges(Ljava/util/List;Lorg/gradle/api/internal/artifacts/ivyservice/resolveengine/excludes/specs/ExcludeSpec;I)Lorg/gradle/api/internal/artifacts/ivyservice/resolveengine/excludes/specs/ExcludeSpec;+65
j  org.gradle.api.internal.artifacts.ivyservice.resolveengine.graph.builder.NodeState.computeExclusionFilter(Ljava/util/List;Lorg/gradle/api/internal/artifacts/ivyservice/resolveengine/excludes/specs/ExcludeSpec;)Lorg/gradle/api/internal/artifacts/ivyservice/resolveengine/excludes/specs/ExcludeSpec;+45
j  org.gradle.api.internal.artifacts.ivyservice.resolveengine.graph.builder.NodeState.computeModuleResolutionFilter(Ljava/util/List;)Lorg/gradle/api/internal/artifacts/ivyservice/resolveengine/excludes/specs/ExcludeSpec;+121
j  org.gradle.api.internal.artifacts.ivyservice.resolveengine.graph.builder.NodeState.visitOutgoingDependencies(Ljava/util/Collection;)V+32
j  org.gradle.api.internal.artifacts.ivyservice.resolveengine.graph.builder.DependencyGraphBuilder.traverseGraph(Lorg/gradle/api/internal/artifacts/ivyservice/resolveengine/graph/builder/ResolveState;)V+118
j  org.gradle.api.internal.artifacts.ivyservice.resolveengine.graph.builder.DependencyGraphBuilder.resolve(Lorg/gradle/internal/component/local/model/LocalComponentGraphResolveState;Lorg/gradle/internal/component/local/model/LocalVariantGraphResolveState;Ljava/util/List;Lorg/gradle/api/specs/Spec;Lorg/gradle/api/internal/artifacts/ComponentSelectorConverter;Lorg/gradle/internal/resolve/resolver/DependencyToComponentIdResolver;Lorg/gradle/internal/resolve/resolver/ComponentMetaDataResolver;Lorg/gradle/api/internal/artifacts/dsl/ImmutableModuleReplacements;Lorg/gradle/api/internal/artifacts/ivyservice/dependencysubstitution/DependencySubstitutionApplicator;Lorg/gradle/api/internal/artifacts/ivyservice/resolveengine/ModuleConflictResolver;Ljava/util/List;Lorg/gradle/api/internal/artifacts/configurations/ConflictResolution;ZZLorg/gradle/api/internal/artifacts/ivyservice/ResolutionParameters$FailureResolutions;Lorg/gradle/api/internal/artifacts/ivyservice/resolveengine/graph/DependencyGraphVisitor;)V+91
j  org.gradle.api.internal.artifacts.ivyservice.resolveengine.DependencyGraphResolver.resolve(Lorg/gradle/internal/component/local/model/LocalComponentGraphResolveState;Lorg/gradle/internal/component/local/model/LocalVariantGraphResolveState;Ljava/util/List;Lorg/gradle/api/specs/Spec;Lorg/gradle/api/internal/artifacts/ComponentSelectorConverter;Lorg/gradle/internal/resolve/resolver/DependencyToComponentIdResolver;Lorg/gradle/internal/resolve/resolver/ComponentMetaDataResolver;Lorg/gradle/api/internal/artifacts/dsl/ImmutableModuleReplacements;Lorg/gradle/internal/ImmutableActionSet;Lorg/gradle/api/internal/artifacts/configurations/ConflictResolution;Lorg/gradle/api/internal/artifacts/ivyservice/resolutionstrategy/CapabilitiesResolutionInternal;ZZLorg/gradle/api/internal/artifacts/ivyservice/ResolutionParameters$FailureResolutions;Lorg/gradle/api/internal/artifacts/ivyservice/resolveengine/graph/DependencyGraphVisitor;)V+56
j  org.gradle.api.internal.artifacts.ivyservice.ResolutionExecutor.doResolve(Lorg/gradle/api/internal/artifacts/ivyservice/ResolutionParameters;Lorg/gradle/api/internal/artifacts/LegacyResolutionParameters;Lcom/google/common/collect/ImmutableList;Lorg/gradle/api/internal/artifacts/ivyservice/ivyresolve/ComponentResolvers;Lorg/gradle/api/specs/Spec;Lcom/google/common/collect/ImmutableList;)V+129
j  org.gradle.api.internal.artifacts.ivyservice.ResolutionExecutor.resolveGraph(Lorg/gradle/api/internal/artifacts/LegacyResolutionParameters;Lorg/gradle/api/internal/artifacts/ivyservice/ResolutionParameters;Ljava/util/List;)Lorg/gradle/api/internal/artifacts/ResolverResults;+273
j  org.gradle.api.internal.artifacts.ivyservice.ShortCircuitingResolutionExecutor.resolveGraph(Lorg/gradle/api/internal/artifacts/LegacyResolutionParameters;Lorg/gradle/api/internal/artifacts/ivyservice/ResolutionParameters;Ljava/util/List;)Lorg/gradle/api/internal/artifacts/ResolverResults;+14
j  org.gradle.api.internal.artifacts.ivyservice.DefaultConfigurationResolver.resolveGraph(Lorg/gradle/api/internal/artifacts/configurations/ConfigurationInternal;)Lorg/gradle/api/internal/artifacts/ResolverResults;+114
j  org.gradle.api.internal.artifacts.configurations.DefaultConfiguration$1.call(Lorg/gradle/internal/operations/BuildOperationContext;)Lorg/gradle/api/internal/artifacts/ResolverResults;+43
j  org.gradle.api.internal.artifacts.configurations.DefaultConfiguration$1.call(Lorg/gradle/internal/operations/BuildOperationContext;)Ljava/lang/Object;+2
j  org.gradle.internal.operations.DefaultBuildOperationRunner$CallableBuildOperationWorker.execute(Lorg/gradle/internal/operations/CallableBuildOperation;Lorg/gradle/internal/operations/BuildOperationContext;)V+3
j  org.gradle.internal.operations.DefaultBuildOperationRunner$CallableBuildOperationWorker.execute(Lorg/gradle/internal/operations/BuildOperation;Lorg/gradle/internal/operations/BuildOperationContext;)V+6
j  org.gradle.internal.operations.DefaultBuildOperationRunner$2.execute(Lorg/gradle/internal/operations/BuildOperationDescriptor;Lorg/gradle/internal/operations/BuildOperationState;Lorg/gradle/internal/operations/BuildOperationState;Lorg/gradle/internal/operations/DefaultBuildOperationRunner$ReadableBuildOperationContext;Lorg/gradle/internal/operations/DefaultBuildOperationRunner$BuildOperationExecutionListener;)Lorg/gradle/internal/operations/BuildOperation;+22
j  org.gradle.internal.operations.DefaultBuildOperationRunner$2.execute(Lorg/gradle/internal/operations/BuildOperationDescriptor;Lorg/gradle/internal/operations/BuildOperationState;Lorg/gradle/internal/operations/BuildOperationState;Lorg/gradle/internal/operations/DefaultBuildOperationRunner$ReadableBuildOperationContext;Lorg/gradle/internal/operations/DefaultBuildOperationRunner$BuildOperationExecutionListener;)Ljava/lang/Object;+8
j  org.gradle.internal.operations.DefaultBuildOperationRunner.execute(Lorg/gradle/internal/operations/BuildOperationDescriptor$Builder;Lorg/gradle/internal/operations/BuildOperationState;Lorg/gradle/internal/operations/DefaultBuildOperationRunner$BuildOperationExecution;)Ljava/lang/Object;+141
j  org.gradle.internal.operations.DefaultBuildOperationRunner.execute(Lorg/gradle/internal/operations/BuildOperation;Lorg/gradle/internal/operations/BuildOperationWorker;Lorg/gradle/internal/operations/BuildOperationState;)V+18
j  org.gradle.internal.operations.DefaultBuildOperationRunner.call(Lorg/gradle/internal/operations/CallableBuildOperation;)Ljava/lang/Object;+16
j  org.gradle.api.internal.artifacts.configurations.DefaultConfiguration.resolveGraphInBuildOperation()Lorg/gradle/api/internal/artifacts/ResolverResults;+12
j  org.gradle.api.internal.artifacts.configurations.DefaultConfiguration.lambda$resolveExclusivelyIfRequired$3(Ljava/util/Optional;)Ljava/util/Optional;+13
j  org.gradle.api.internal.artifacts.configurations.DefaultConfiguration$$Lambda+0x000001818171ee78.apply(Ljava/lang/Object;)Ljava/lang/Object;+8
j  org.gradle.api.internal.initialization.StandaloneDomainObjectContext$CalculatedModelValueImpl.update(Ljava/util/function/Function;)Ljava/lang/Object;+9
j  org.gradle.api.internal.artifacts.configurations.DefaultConfiguration.resolveExclusivelyIfRequired()Lorg/gradle/api/internal/artifacts/ResolverResults;+10
j  org.gradle.api.internal.artifacts.configurations.DefaultConfiguration.resolveGraphIfRequired()Lorg/gradle/api/internal/artifacts/ResolverResults;+103
j  org.gradle.api.internal.artifacts.configurations.DefaultConfiguration.access$1400(Lorg/gradle/api/internal/artifacts/configurations/DefaultConfiguration;)Lorg/gradle/api/internal/artifacts/ResolverResults;+1
j  org.gradle.api.internal.artifacts.configurations.DefaultConfiguration$ResolverResultsResolutionResultProvider.getValue()Lorg/gradle/api/internal/artifacts/ResolverResults;+4
j  org.gradle.api.internal.artifacts.configurations.DefaultConfiguration$ResolverResultsResolutionResultProvider.getValue()Ljava/lang/Object;+1
j  org.gradle.api.internal.artifacts.configurations.ResolutionResultProvider$1.getValue()Ljava/lang/Object;+8
j  org.gradle.api.internal.artifacts.configurations.ResolutionResultProviderBackedSelectedArtifactSet.visitArtifacts(Lorg/gradle/api/internal/artifacts/ivyservice/resolveengine/artifact/ArtifactVisitor;Z)V+12
j  org.gradle.api.internal.artifacts.configurations.DefaultArtifactCollection.lambda$new$0(Lorg/gradle/api/internal/attributes/AttributeDesugaring;Lorg/gradle/api/internal/artifacts/ivyservice/resolveengine/artifact/SelectedArtifactSet;ZLorg/gradle/api/internal/artifacts/configurations/ResolutionHost;)Lorg/gradle/api/internal/artifacts/configurations/DefaultArtifactCollection$ArtifactSetResult;+14
j  org.gradle.api.internal.artifacts.configurations.DefaultArtifactCollection$$Lambda+0x000001818171e790.get()Ljava/lang/Object;+16
j  org.gradle.internal.model.CalculatedValueContainerFactory$SupplierBackedCalculator.calculateValue(Lorg/gradle/api/internal/tasks/NodeExecutionContext;)Ljava/lang/Object;+4
j  org.gradle.internal.model.CalculatedValueContainer$CalculationState.lambda$attachValue$0(Lorg/gradle/api/internal/tasks/NodeExecutionContext;)Ljava/lang/Object;+23
j  org.gradle.internal.model.CalculatedValueContainer$CalculationState$$Lambda+0x0000018181718d98.call()Ljava/lang/Object;+8
j  org.gradle.internal.Try.ofFailable(Ljava/util/concurrent/Callable;)Lorg/gradle/internal/Try;+1
j  org.gradle.internal.model.CalculatedValueContainer$CalculationState.attachValue(Lorg/gradle/internal/model/CalculatedValueContainer;Lorg/gradle/api/internal/tasks/NodeExecutionContext;)V+29
j  org.gradle.internal.model.CalculatedValueContainer.finalizeIfNotAlready(Lorg/gradle/api/internal/tasks/NodeExecutionContext;)V+13
j  org.gradle.internal.model.CalculatedValueContainer.finalizeIfNotAlready()V+2
j  org.gradle.api.internal.artifacts.configurations.DefaultArtifactCollection.ensureResolved()V+4
j  org.gradle.api.internal.artifacts.configurations.DefaultArtifactCollection.getArtifacts()Ljava/util/Set;+1
j  org.gradle.api.internal.initialization.transform.utils.InstrumentationClasspathMerger.mergeToClasspath(Lorg/gradle/api/artifacts/ArtifactCollection;Lorg/gradle/api/artifacts/ArtifactCollection;Lorg/gradle/api/artifacts/ArtifactCollection;)Ljava/util/Map;+1
j  org.gradle.api.internal.initialization.DefaultScriptClassPathResolver.resolveClassPath(Lorg/gradle/api/artifacts/Configuration;Lorg/gradle/api/internal/initialization/ScriptClassPathResolutionContext;)Lorg/gradle/internal/classpath/ClassPath;+82
j  org.gradle.api.internal.initialization.DefaultBuildLogicBuilder.lambda$resolveClassPath$0(Lorg/gradle/api/artifacts/Configuration;Lorg/gradle/api/internal/initialization/ScriptClassPathResolutionContext;)Lorg/gradle/internal/classpath/ClassPath;+6
j  org.gradle.api.internal.initialization.DefaultBuildLogicBuilder$$Lambda+0x00000181817859c0.get()Ljava/lang/Object;+12
j  org.gradle.api.internal.initialization.DefaultBuildLogicBuildQueue.build(Lorg/gradle/internal/build/BuildState;Ljava/util/List;Ljava/util/function/Supplier;)Ljava/lang/Object;+10
j  org.gradle.api.internal.initialization.DefaultBuildLogicBuilder.resolveClassPath(Lorg/gradle/api/artifacts/Configuration;Lorg/gradle/api/internal/initialization/ScriptClassPathResolutionContext;)Lorg/gradle/internal/classpath/ClassPath;+21
j  org.gradle.api.internal.initialization.DefaultScriptHandler.lambda$getInstrumentedScriptClassPath$0()Lorg/gradle/internal/classpath/ClassPath;+12
j  org.gradle.api.internal.initialization.DefaultScriptHandler$$Lambda+0x000001818177a610.create()Ljava/lang/Object;+4
j  org.gradle.api.internal.artifacts.configurations.DefaultConfiguration.callAndResetResolutionState(Lorg/gradle/internal/Factory;)Ljava/lang/Object;+28
j  org.gradle.api.internal.initialization.DefaultScriptHandler.getInstrumentedScriptClassPath()Lorg/gradle/internal/classpath/ClassPath;+54
j  org.gradle.plugin.use.internal.DefaultPluginRequestApplicator.applyPlugins(Lorg/gradle/plugin/management/internal/PluginRequests;Lorg/gradle/api/internal/initialization/ScriptHandlerInternal;Lorg/gradle/api/internal/plugins/PluginManagerInternal;Lorg/gradle/api/internal/initialization/ClassLoaderScope;)V+326
j  org.gradle.kotlin.dsl.provider.PluginRequestsHandler.handle(Lorg/gradle/plugin/management/internal/PluginRequests;Lorg/gradle/api/internal/initialization/ScriptHandlerInternal;Lorg/gradle/api/internal/plugins/PluginAwareInternal;Lorg/gradle/api/internal/initialization/ClassLoaderScope;)V+71
j  org.gradle.kotlin.dsl.provider.StandardKotlinScriptEvaluator$InterpreterHost.applyPluginsTo(Lorg/gradle/kotlin/dsl/support/KotlinScriptHost;Lorg/gradle/plugin/management/internal/PluginRequests;)V+53
j  org.gradle.kotlin.dsl.execution.Interpreter$ProgramHost.applyPluginsTo(Lorg/gradle/kotlin/dsl/support/KotlinScriptHost;Lorg/gradle/plugin/management/internal/PluginRequests;)V+21
j  Program.execute(Lorg/gradle/kotlin/dsl/execution/ExecutableProgram$Host;Lorg/gradle/kotlin/dsl/support/KotlinScriptHost;)V+38
j  org.gradle.kotlin.dsl.execution.Interpreter$ProgramHost.eval(Lorg/gradle/kotlin/dsl/execution/CompiledScript;Lorg/gradle/kotlin/dsl/support/KotlinScriptHost;)V+90
j  org.gradle.kotlin.dsl.execution.Interpreter.eval(Ljava/lang/Object;Lorg/gradle/groovy/scripts/ScriptSource;Lorg/gradle/internal/hash/HashCode;Lorg/gradle/api/initialization/dsl/ScriptHandler;Lorg/gradle/api/internal/initialization/ClassLoaderScope;Lorg/gradle/api/internal/initialization/ClassLoaderScope;ZLjava/util/EnumSet;)V+213
j  org.gradle.kotlin.dsl.provider.StandardKotlinScriptEvaluator.evaluate(Ljava/lang/Object;Lorg/gradle/groovy/scripts/ScriptSource;Lorg/gradle/api/initialization/dsl/ScriptHandler;Lorg/gradle/api/internal/initialization/ClassLoaderScope;Lorg/gradle/api/internal/initialization/ClassLoaderScope;ZLjava/util/EnumSet;)V+167
j  org.gradle.kotlin.dsl.provider.KotlinScriptPluginFactory.create$lambda$0(Lorg/gradle/kotlin/dsl/provider/KotlinScriptPluginFactory;Lorg/gradle/groovy/scripts/ScriptSource;Lorg/gradle/api/internal/initialization/ClassLoaderScope;Lorg/gradle/api/initialization/dsl/ScriptHandler;Lorg/gradle/api/internal/initialization/ClassLoaderScope;ZLjava/lang/Object;)Lkotlin/Unit;+48
j  org.gradle.kotlin.dsl.provider.KotlinScriptPluginFactory$$Lambda+0x00000181815c3b88.invoke(Ljava/lang/Object;)Ljava/lang/Object;+25
j  org.gradle.kotlin.dsl.provider.KotlinScriptPlugin.apply(Ljava/lang/Object;)V+22
j  org.gradle.configuration.BuildOperationScriptPlugin$1.run(Lorg/gradle/internal/operations/BuildOperationContext;)V+11
j  org.gradle.internal.operations.DefaultBuildOperationRunner$1.execute(Lorg/gradle/internal/operations/RunnableBuildOperation;Lorg/gradle/internal/operations/BuildOperationContext;)V+2
j  org.gradle.internal.operations.DefaultBuildOperationRunner$1.execute(Lorg/gradle/internal/operations/BuildOperation;Lorg/gradle/internal/operations/BuildOperationContext;)V+6
j  org.gradle.internal.operations.DefaultBuildOperationRunner$2.execute(Lorg/gradle/internal/operations/BuildOperationDescriptor;Lorg/gradle/internal/operations/BuildOperationState;Lorg/gradle/internal/operations/BuildOperationState;Lorg/gradle/internal/operations/DefaultBuildOperationRunner$ReadableBuildOperationContext;Lorg/gradle/internal/operations/DefaultBuildOperationRunner$BuildOperationExecutionListener;)Lorg/gradle/internal/operations/BuildOperation;+22
j  org.gradle.internal.operations.DefaultBuildOperationRunner$2.execute(Lorg/gradle/internal/operations/BuildOperationDescriptor;Lorg/gradle/internal/operations/BuildOperationState;Lorg/gradle/internal/operations/BuildOperationState;Lorg/gradle/internal/operations/DefaultBuildOperationRunner$ReadableBuildOperationContext;Lorg/gradle/internal/operations/DefaultBuildOperationRunner$BuildOperationExecutionListener;)Ljava/lang/Object;+8
j  org.gradle.internal.operations.DefaultBuildOperationRunner.execute(Lorg/gradle/internal/operations/BuildOperationDescriptor$Builder;Lorg/gradle/internal/operations/BuildOperationState;Lorg/gradle/internal/operations/DefaultBuildOperationRunner$BuildOperationExecution;)Ljava/lang/Object;+141
j  org.gradle.internal.operations.DefaultBuildOperationRunner.execute(Lorg/gradle/internal/operations/BuildOperation;Lorg/gradle/internal/operations/BuildOperationWorker;Lorg/gradle/internal/operations/BuildOperationState;)V+18
j  org.gradle.internal.operations.DefaultBuildOperationRunner.run(Lorg/gradle/internal/operations/RunnableBuildOperation;)V+9
j  org.gradle.configuration.BuildOperationScriptPlugin.lambda$apply$0(Ljava/lang/Object;Lorg/gradle/internal/code/UserCodeApplicationId;)V+14
j  org.gradle.configuration.BuildOperationScriptPlugin$$Lambda+0x00000181815ccd00.execute(Ljava/lang/Object;)V+12
j  org.gradle.internal.code.DefaultUserCodeApplicationContext.apply(Lorg/gradle/internal/code/UserCodeSource;Lorg/gradle/api/Action;)V+37
j  org.gradle.configuration.BuildOperationScriptPlugin.apply(Ljava/lang/Object;)V+71
j  org.gradle.configuration.project.BuildScriptProcessor$$Lambda+0x000001818170e0c8.accept(Ljava/lang/Object;)V+8
j  org.gradle.api.internal.project.DefaultProjectStateRegistry$ProjectStateImpl.lambda$applyToMutableState$1(Ljava/util/function/Consumer;Lorg/gradle/api/internal/project/ProjectInternal;)Ljava/lang/Object;+2
j  org.gradle.api.internal.project.DefaultProjectStateRegistry$ProjectStateImpl$$Lambda+0x00000181816d2d60.apply(Ljava/lang/Object;)Ljava/lang/Object;+8
j  org.gradle.api.internal.project.DefaultProjectStateRegistry$ProjectStateImpl.fromMutableState(Ljava/util/function/Function;)Ljava/lang/Object;+97
j  org.gradle.api.internal.project.DefaultProjectStateRegistry$ProjectStateImpl.applyToMutableState(Ljava/util/function/Consumer;)V+7
j  org.gradle.configuration.project.BuildScriptProcessor.execute(Lorg/gradle/api/internal/project/ProjectInternal;)V+88
j  org.gradle.configuration.project.BuildScriptProcessor.execute(Ljava/lang/Object;)V+5
j  org.gradle.configuration.project.ConfigureActionsProjectEvaluator.evaluate(Lorg/gradle/api/internal/project/ProjectInternal;Lorg/gradle/api/internal/project/ProjectStateInternal;)V+33
j  org.gradle.configuration.project.LifecycleProjectEvaluator$EvaluateProject.lambda$run$0(Lorg/gradle/internal/operations/BuildOperationContext;Lorg/gradle/api/internal/project/ProjectInternal;)V+67
j  org.gradle.configuration.project.LifecycleProjectEvaluator$EvaluateProject$$Lambda+0x00000181816d2b28.accept(Ljava/lang/Object;)V+12
j  org.gradle.api.internal.project.DefaultProjectStateRegistry$ProjectStateImpl.lambda$applyToMutableState$1(Ljava/util/function/Consumer;Lorg/gradle/api/internal/project/ProjectInternal;)Ljava/lang/Object;+2
j  org.gradle.api.internal.project.DefaultProjectStateRegistry$ProjectStateImpl$$Lambda+0x00000181816d2d60.apply(Ljava/lang/Object;)Ljava/lang/Object;+8
j  org.gradle.api.internal.project.DefaultProjectStateRegistry$ProjectStateImpl.lambda$fromMutableState$2(Ljava/util/function/Function;)Ljava/lang/Object;+5
j  org.gradle.api.internal.project.DefaultProjectStateRegistry$ProjectStateImpl$$Lambda+0x00000181816d2fa8.create()Ljava/lang/Object;+8
j  org.gradle.internal.work.DefaultWorkerLeaseService.withReplacedLocks(Ljava/util/Collection;Lorg/gradle/internal/resources/ResourceLock;Lorg/gradle/internal/Factory;)Ljava/lang/Object;+40
j  org.gradle.api.internal.project.DefaultProjectStateRegistry$ProjectStateImpl.fromMutableState(Ljava/util/function/Function;)Ljava/lang/Object;+133
j  org.gradle.api.internal.project.DefaultProjectStateRegistry$ProjectStateImpl.applyToMutableState(Ljava/util/function/Consumer;)V+7
j  org.gradle.configuration.project.LifecycleProjectEvaluator$EvaluateProject.run(Lorg/gradle/internal/operations/BuildOperationContext;)V+16
j  org.gradle.internal.operations.DefaultBuildOperationRunner$1.execute(Lorg/gradle/internal/operations/RunnableBuildOperation;Lorg/gradle/internal/operations/BuildOperationContext;)V+2
j  org.gradle.internal.operations.DefaultBuildOperationRunner$1.execute(Lorg/gradle/internal/operations/BuildOperation;Lorg/gradle/internal/operations/BuildOperationContext;)V+6
j  org.gradle.internal.operations.DefaultBuildOperationRunner$2.execute(Lorg/gradle/internal/operations/BuildOperationDescriptor;Lorg/gradle/internal/operations/BuildOperationState;Lorg/gradle/internal/operations/BuildOperationState;Lorg/gradle/internal/operations/DefaultBuildOperationRunner$ReadableBuildOperationContext;Lorg/gradle/internal/operations/DefaultBuildOperationRunner$BuildOperationExecutionListener;)Lorg/gradle/internal/operations/BuildOperation;+22
j  org.gradle.internal.operations.DefaultBuildOperationRunner$2.execute(Lorg/gradle/internal/operations/BuildOperationDescriptor;Lorg/gradle/internal/operations/BuildOperationState;Lorg/gradle/internal/operations/BuildOperationState;Lorg/gradle/internal/operations/DefaultBuildOperationRunner$ReadableBuildOperationContext;Lorg/gradle/internal/operations/DefaultBuildOperationRunner$BuildOperationExecutionListener;)Ljava/lang/Object;+8
j  org.gradle.internal.operations.DefaultBuildOperationRunner.execute(Lorg/gradle/internal/operations/BuildOperationDescriptor$Builder;Lorg/gradle/internal/operations/BuildOperationState;Lorg/gradle/internal/operations/DefaultBuildOperationRunner$BuildOperationExecution;)Ljava/lang/Object;+141
j  org.gradle.internal.operations.DefaultBuildOperationRunner.execute(Lorg/gradle/internal/operations/BuildOperation;Lorg/gradle/internal/operations/BuildOperationWorker;Lorg/gradle/internal/operations/BuildOperationState;)V+18
j  org.gradle.internal.operations.DefaultBuildOperationRunner.run(Lorg/gradle/internal/operations/RunnableBuildOperation;)V+9
j  org.gradle.configuration.project.LifecycleProjectEvaluator.evaluate(Lorg/gradle/api/internal/project/ProjectInternal;Lorg/gradle/api/internal/project/ProjectStateInternal;)V+42
j  org.gradle.api.internal.project.DefaultProject.evaluateUnchecked()Lorg/gradle/api/internal/project/ProjectInternal;+20
j  org.gradle.api.internal.project.ProjectLifecycleController.lambda$ensureSelfConfigured$2()V+4
j  org.gradle.api.internal.project.ProjectLifecycleController$$Lambda+0x00000181816d70b8.run()V+4
j  org.gradle.internal.model.StateTransitionController.lambda$doTransition$14(Ljava/lang/Runnable;)Lorg/gradle/internal/build/ExecutionResult;+1
j  org.gradle.internal.model.StateTransitionController$$Lambda+0x000001818141f7f0.get()Ljava/lang/Object;+4
j  org.gradle.internal.model.StateTransitionController.doTransition(Lorg/gradle/internal/model/StateTransitionController$State;Lorg/gradle/internal/model/StateTransitionController$State;Ljava/util/function/Supplier;)Lorg/gradle/internal/build/ExecutionResult;+24
j  org.gradle.internal.model.StateTransitionController.doTransition(Lorg/gradle/internal/model/StateTransitionController$State;Lorg/gradle/internal/model/StateTransitionController$State;Ljava/lang/Runnable;)V+9
j  org.gradle.internal.model.StateTransitionController.lambda$maybeTransitionIfNotCurrentlyTransitioning$10(Lorg/gradle/internal/model/StateTransitionController$State;Lorg/gradle/internal/model/StateTransitionController$State;Ljava/lang/Runnable;)V+16
j  org.gradle.internal.model.StateTransitionController$$Lambda+0x00000181816d72e0.run()V+16
j  org.gradle.internal.work.DefaultSynchronizer.withLock(Ljava/lang/Runnable;)V+6
j  org.gradle.internal.model.StateTransitionController.maybeTransitionIfNotCurrentlyTransitioning(Lorg/gradle/internal/model/StateTransitionController$State;Lorg/gradle/internal/model/StateTransitionController$State;Ljava/lang/Runnable;)V+13
j  org.gradle.api.internal.project.ProjectLifecycleController.ensureSelfConfigured()V+16
j  org.gradle.api.internal.project.DefaultProjectStateRegistry$ProjectStateImpl.ensureConfigured()V+19
j  org.gradle.execution.TaskPathProjectEvaluator.configure(Lorg/gradle/api/internal/project/ProjectInternal;)V+6
j  org.gradle.execution.TaskPathProjectEvaluator.configureHierarchy(Lorg/gradle/api/internal/project/ProjectInternal;)V+2
j  org.gradle.configuration.DefaultProjectsPreparer.prepareProjects(Lorg/gradle/api/internal/GradleInternal;)V+52
j  org.gradle.configuration.BuildTreePreparingProjectsPreparer.prepareProjects(Lorg/gradle/api/internal/GradleInternal;)V+114
j  org.gradle.configuration.BuildOperationFiringProjectsPreparer$ConfigureBuild.run(Lorg/gradle/internal/operations/BuildOperationContext;)V+11
j  org.gradle.internal.operations.DefaultBuildOperationRunner$1.execute(Lorg/gradle/internal/operations/RunnableBuildOperation;Lorg/gradle/internal/operations/BuildOperationContext;)V+2
j  org.gradle.internal.operations.DefaultBuildOperationRunner$1.execute(Lorg/gradle/internal/operations/BuildOperation;Lorg/gradle/internal/operations/BuildOperationContext;)V+6
j  org.gradle.internal.operations.DefaultBuildOperationRunner$2.execute(Lorg/gradle/internal/operations/BuildOperationDescriptor;Lorg/gradle/internal/operations/BuildOperationState;Lorg/gradle/internal/operations/BuildOperationState;Lorg/gradle/internal/operations/DefaultBuildOperationRunner$ReadableBuildOperationContext;Lorg/gradle/internal/operations/DefaultBuildOperationRunner$BuildOperationExecutionListener;)Lorg/gradle/internal/operations/BuildOperation;+22
j  org.gradle.internal.operations.DefaultBuildOperationRunner$2.execute(Lorg/gradle/internal/operations/BuildOperationDescriptor;Lorg/gradle/internal/operations/BuildOperationState;Lorg/gradle/internal/operations/BuildOperationState;Lorg/gradle/internal/operations/DefaultBuildOperationRunner$ReadableBuildOperationContext;Lorg/gradle/internal/operations/DefaultBuildOperationRunner$BuildOperationExecutionListener;)Ljava/lang/Object;+8
j  org.gradle.internal.operations.DefaultBuildOperationRunner.execute(Lorg/gradle/internal/operations/BuildOperationDescriptor$Builder;Lorg/gradle/internal/operations/BuildOperationState;Lorg/gradle/internal/operations/DefaultBuildOperationRunner$BuildOperationExecution;)Ljava/lang/Object;+141
j  org.gradle.internal.operations.DefaultBuildOperationRunner.execute(Lorg/gradle/internal/operations/BuildOperation;Lorg/gradle/internal/operations/BuildOperationWorker;Lorg/gradle/internal/operations/BuildOperationState;)V+18
j  org.gradle.internal.operations.DefaultBuildOperationRunner.run(Lorg/gradle/internal/operations/RunnableBuildOperation;)V+9
j  org.gradle.configuration.BuildOperationFiringProjectsPreparer.prepareProjects(Lorg/gradle/api/internal/GradleInternal;)V+13
j  org.gradle.initialization.VintageBuildModelController.lambda$prepareProjects$2()V+8
j  org.gradle.initialization.VintageBuildModelController$$Lambda+0x00000181816a0a28.run()V+4
j  org.gradle.internal.model.StateTransitionController.lambda$doTransition$14(Ljava/lang/Runnable;)Lorg/gradle/internal/build/ExecutionResult;+1
j  org.gradle.internal.model.StateTransitionController$$Lambda+0x000001818141f7f0.get()Ljava/lang/Object;+4
j  org.gradle.internal.model.StateTransitionController.doTransition(Lorg/gradle/internal/model/StateTransitionController$State;Lorg/gradle/internal/model/StateTransitionController$State;Ljava/util/function/Supplier;)Lorg/gradle/internal/build/ExecutionResult;+24
j  org.gradle.internal.model.StateTransitionController.doTransition(Lorg/gradle/internal/model/StateTransitionController$State;Lorg/gradle/internal/model/StateTransitionController$State;Ljava/lang/Runnable;)V+9
j  org.gradle.internal.model.StateTransitionController.lambda$transitionIfNotPreviously$11(Lorg/gradle/internal/model/StateTransitionController$State;Lorg/gradle/internal/model/StateTransitionController$State;Ljava/lang/Runnable;)V+16
j  org.gradle.internal.model.StateTransitionController$$Lambda+0x000001818141f5c8.run()V+16
j  org.gradle.internal.work.DefaultSynchronizer.withLock(Ljava/lang/Runnable;)V+6
j  org.gradle.internal.model.StateTransitionController.transitionIfNotPreviously(Lorg/gradle/internal/model/StateTransitionController$State;Lorg/gradle/internal/model/StateTransitionController$State;Ljava/lang/Runnable;)V+13
j  org.gradle.initialization.VintageBuildModelController.prepareProjects()V+16
j  org.gradle.initialization.VintageBuildModelController.getConfiguredModel()Lorg/gradle/api/internal/GradleInternal;+5
j  org.gradle.internal.build.DefaultBuildLifecycleController$$Lambda+0x00000181816a0800.get()Ljava/lang/Object;+4
j  org.gradle.internal.model.StateTransitionController.lambda$notInState$3(Lorg/gradle/internal/model/StateTransitionController$State;Ljava/util/function/Supplier;)Ljava/lang/Object;+11
j  org.gradle.internal.model.StateTransitionController$$Lambda+0x000001818141f178.create()Ljava/lang/Object;+12
j  org.gradle.internal.work.DefaultSynchronizer.withLock(Lorg/gradle/internal/Factory;)Ljava/lang/Object;+6
j  org.gradle.internal.model.StateTransitionController.notInState(Lorg/gradle/internal/model/StateTransitionController$State;Ljava/util/function/Supplier;)Ljava/lang/Object;+12
j  org.gradle.internal.build.DefaultBuildLifecycleController.configureProjects()V+21
j  org.gradle.internal.build.AbstractBuildState.ensureProjectsConfigured()V+4
j  org.gradle.internal.buildtree.BuildInclusionCoordinator$$Lambda+0x00000181816a16f0.run()V+4
j  org.gradle.internal.buildtree.BuildInclusionCoordinator$BuildSynchronizer.lambda$withLock$0(Ljava/lang/Runnable;)V+14
j  org.gradle.internal.buildtree.BuildInclusionCoordinator$BuildSynchronizer$$Lambda+0x00000181816a1d78.run()V+8
j  org.gradle.internal.work.DefaultSynchronizer.withLock(Ljava/lang/Runnable;)V+6
j  org.gradle.internal.buildtree.BuildInclusionCoordinator$BuildSynchronizer.withLock(Ljava/lang/Runnable;)V+11
j  org.gradle.internal.buildtree.BuildInclusionCoordinator.withLockForBuild(Lorg/gradle/internal/build/BuildState;Ljava/lang/Runnable;)V+20
j  org.gradle.internal.buildtree.BuildInclusionCoordinator.prepareForPluginResolution(Lorg/gradle/internal/build/IncludedBuildState;)V+13
j  org.gradle.internal.composite.DefaultBuildIncluder.prepareForPluginResolution(Lorg/gradle/internal/build/IncludedBuildState;)V+5
j  org.gradle.composite.internal.plugins.CompositeBuildPluginResolverContributor$CompositeBuildPluginResolver.resolveFromIncludedPluginBuilds(Lorg/gradle/plugin/use/PluginId;)Lorg/gradle/plugin/use/resolve/internal/PluginResolution;+39
j  org.gradle.composite.internal.plugins.CompositeBuildPluginResolverContributor$CompositeBuildPluginResolver.doResolve(Lorg/gradle/plugin/use/PluginId;)Lorg/gradle/composite/internal/plugins/CompositeBuildPluginResolverContributor$PluginResult;+2
j  org.gradle.composite.internal.plugins.CompositeBuildPluginResolverContributor$CompositeBuildPluginResolver$$Lambda+0x000001818168faa8.apply(Ljava/lang/Object;)Ljava/lang/Object;+8
J 4290 c1 java.util.concurrent.ConcurrentHashMap.computeIfAbsent(Ljava/lang/Object;Ljava/util/function/Function;)Ljava/lang/Object; java.base@21.0.12.1 (576 bytes) @ 0x00000181d0d053b4 [0x00000181d0d04de0+0x00000000000005d4]
j  org.gradle.composite.internal.plugins.CompositeBuildPluginResolverContributor$CompositeBuildPluginResolver.resolve(Lorg/gradle/plugin/management/internal/PluginRequestInternal;)Lorg/gradle/plugin/use/resolve/internal/PluginResolutionResult;+16
j  org.gradle.plugin.use.resolve.internal.CompositePluginResolver.resolve(Lorg/gradle/plugin/management/internal/PluginRequestInternal;)Lorg/gradle/plugin/use/resolve/internal/PluginResolutionResult;+37
j  org.gradle.plugin.use.resolve.internal.AlreadyOnClasspathPluginResolver.resolve(Lorg/gradle/plugin/management/internal/PluginRequestInternal;)Lorg/gradle/plugin/use/resolve/internal/PluginResolutionResult;+28
j  org.gradle.plugin.use.internal.DefaultPluginRequestApplicator.resolvePluginRequest(Lorg/gradle/plugin/use/resolve/internal/PluginResolver;Lorg/gradle/plugin/management/internal/PluginRequestInternal;)Lorg/gradle/plugin/use/resolve/internal/PluginResolution;+2
j  org.gradle.plugin.use.internal.DefaultPluginRequestApplicator.applyPlugins(Lorg/gradle/plugin/management/internal/PluginRequests;Lorg/gradle/api/internal/initialization/ScriptHandlerInternal;Lorg/gradle/api/internal/plugins/PluginManagerInternal;Lorg/gradle/api/internal/initialization/ClassLoaderScope;)V+136
j  org.gradle.kotlin.dsl.provider.PluginRequestsHandler.handle(Lorg/gradle/plugin/management/internal/PluginRequests;Lorg/gradle/api/internal/initialization/ScriptHandlerInternal;Lorg/gradle/api/internal/plugins/PluginAwareInternal;Lorg/gradle/api/internal/initialization/ClassLoaderScope;)V+71
j  org.gradle.kotlin.dsl.provider.StandardKotlinScriptEvaluator$InterpreterHost.applyPluginsTo(Lorg/gradle/kotlin/dsl/support/KotlinScriptHost;Lorg/gradle/plugin/management/internal/PluginRequests;)V+53
j  org.gradle.kotlin.dsl.execution.Interpreter$ProgramHost.applyPluginsTo(Lorg/gradle/kotlin/dsl/support/KotlinScriptHost;Lorg/gradle/plugin/management/internal/PluginRequests;)V+21
j  Program.execute(Lorg/gradle/kotlin/dsl/execution/ExecutableProgram$Host;Lorg/gradle/kotlin/dsl/support/KotlinScriptHost;)V+45
j  org.gradle.kotlin.dsl.execution.Interpreter$ProgramHost.eval(Lorg/gradle/kotlin/dsl/execution/CompiledScript;Lorg/gradle/kotlin/dsl/support/KotlinScriptHost;)V+90
j  org.gradle.kotlin.dsl.execution.Interpreter.eval(Ljava/lang/Object;Lorg/gradle/groovy/scripts/ScriptSource;Lorg/gradle/internal/hash/HashCode;Lorg/gradle/api/initialization/dsl/ScriptHandler;Lorg/gradle/api/internal/initialization/ClassLoaderScope;Lorg/gradle/api/internal/initialization/ClassLoaderScope;ZLjava/util/EnumSet;)V+213
j  org.gradle.kotlin.dsl.provider.StandardKotlinScriptEvaluator.evaluate(Ljava/lang/Object;Lorg/gradle/groovy/scripts/ScriptSource;Lorg/gradle/api/initialization/dsl/ScriptHandler;Lorg/gradle/api/internal/initialization/ClassLoaderScope;Lorg/gradle/api/internal/initialization/ClassLoaderScope;ZLjava/util/EnumSet;)V+167
j  org.gradle.kotlin.dsl.provider.KotlinScriptPluginFactory.create$lambda$0(Lorg/gradle/kotlin/dsl/provider/KotlinScriptPluginFactory;Lorg/gradle/groovy/scripts/ScriptSource;Lorg/gradle/api/internal/initialization/ClassLoaderScope;Lorg/gradle/api/initialization/dsl/ScriptHandler;Lorg/gradle/api/internal/initialization/ClassLoaderScope;ZLjava/lang/Object;)Lkotlin/Unit;+48
j  org.gradle.kotlin.dsl.provider.KotlinScriptPluginFactory$$Lambda+0x00000181815c3b88.invoke(Ljava/lang/Object;)Ljava/lang/Object;+25
j  org.gradle.kotlin.dsl.provider.KotlinScriptPlugin.apply(Ljava/lang/Object;)V+22
j  org.gradle.configuration.BuildOperationScriptPlugin$1.run(Lorg/gradle/internal/operations/BuildOperationContext;)V+11
j  org.gradle.internal.operations.DefaultBuildOperationRunner$1.execute(Lorg/gradle/internal/operations/RunnableBuildOperation;Lorg/gradle/internal/operations/BuildOperationContext;)V+2
j  org.gradle.internal.operations.DefaultBuildOperationRunner$1.execute(Lorg/gradle/internal/operations/BuildOperation;Lorg/gradle/internal/operations/BuildOperationContext;)V+6
j  org.gradle.internal.operations.DefaultBuildOperationRunner$2.execute(Lorg/gradle/internal/operations/BuildOperationDescriptor;Lorg/gradle/internal/operations/BuildOperationState;Lorg/gradle/internal/operations/BuildOperationState;Lorg/gradle/internal/operations/DefaultBuildOperationRunner$ReadableBuildOperationContext;Lorg/gradle/internal/operations/DefaultBuildOperationRunner$BuildOperationExecutionListener;)Lorg/gradle/internal/operations/BuildOperation;+22
j  org.gradle.internal.operations.DefaultBuildOperationRunner$2.execute(Lorg/gradle/internal/operations/BuildOperationDescriptor;Lorg/gradle/internal/operations/BuildOperationState;Lorg/gradle/internal/operations/BuildOperationState;Lorg/gradle/internal/operations/DefaultBuildOperationRunner$ReadableBuildOperationContext;Lorg/gradle/internal/operations/DefaultBuildOperationRunner$BuildOperationExecutionListener;)Ljava/lang/Object;+8
j  org.gradle.internal.operations.DefaultBuildOperationRunner.execute(Lorg/gradle/internal/operations/BuildOperationDescriptor$Builder;Lorg/gradle/internal/operations/BuildOperationState;Lorg/gradle/internal/operations/DefaultBuildOperationRunner$BuildOperationExecution;)Ljava/lang/Object;+141
j  org.gradle.internal.operations.DefaultBuildOperationRunner.execute(Lorg/gradle/internal/operations/BuildOperation;Lorg/gradle/internal/operations/BuildOperationWorker;Lorg/gradle/internal/operations/BuildOperationState;)V+18
j  org.gradle.internal.operations.DefaultBuildOperationRunner.run(Lorg/gradle/internal/operations/RunnableBuildOperation;)V+9
j  org.gradle.configuration.BuildOperationScriptPlugin.lambda$apply$0(Ljava/lang/Object;Lorg/gradle/internal/code/UserCodeApplicationId;)V+14
j  org.gradle.configuration.BuildOperationScriptPlugin$$Lambda+0x00000181815ccd00.execute(Ljava/lang/Object;)V+12
j  org.gradle.internal.code.DefaultUserCodeApplicationContext.apply(Lorg/gradle/internal/code/UserCodeSource;Lorg/gradle/api/Action;)V+37
j  org.gradle.configuration.BuildOperationScriptPlugin.apply(Ljava/lang/Object;)V+71
j  org.gradle.initialization.ScriptEvaluatingSettingsProcessor.applySettingsScript(Lorg/gradle/groovy/scripts/TextResourceScriptSource;Lorg/gradle/api/internal/SettingsInternal;)V+32
j  org.gradle.initialization.ScriptEvaluatingSettingsProcessor.process(Lorg/gradle/api/internal/GradleInternal;Lorg/gradle/initialization/SettingsLocation;Lorg/gradle/api/internal/initialization/ClassLoaderScope;Lorg/gradle/StartParameter;)Lorg/gradle/initialization/SettingsState;+90
j  org.gradle.initialization.SettingsEvaluatedCallbackFiringSettingsProcessor.process(Lorg/gradle/api/internal/GradleInternal;Lorg/gradle/initialization/SettingsLocation;Lorg/gradle/api/internal/initialization/ClassLoaderScope;Lorg/gradle/StartParameter;)Lorg/gradle/initialization/SettingsState;+9
j  org.gradle.initialization.RootBuildCacheControllerSettingsProcessor.process(Lorg/gradle/api/internal/GradleInternal;Lorg/gradle/initialization/SettingsLocation;Lorg/gradle/api/internal/initialization/ClassLoaderScope;Lorg/gradle/StartParameter;)Lorg/gradle/initialization/SettingsState;+9
j  org.gradle.initialization.BuildOperationSettingsProcessor$2.call(Lorg/gradle/internal/operations/BuildOperationContext;)Lorg/gradle/initialization/SettingsState;+23
j  org.gradle.initialization.BuildOperationSettingsProcessor$2.call(Lorg/gradle/internal/operations/BuildOperationContext;)Ljava/lang/Object;+2
j  org.gradle.internal.operations.DefaultBuildOperationRunner$CallableBuildOperationWorker.execute(Lorg/gradle/internal/operations/CallableBuildOperation;Lorg/gradle/internal/operations/BuildOperationContext;)V+3
j  org.gradle.internal.operations.DefaultBuildOperationRunner$CallableBuildOperationWorker.execute(Lorg/gradle/internal/operations/BuildOperation;Lorg/gradle/internal/operations/BuildOperationContext;)V+6
j  org.gradle.internal.operations.DefaultBuildOperationRunner$2.execute(Lorg/gradle/internal/operations/BuildOperationDescriptor;Lorg/gradle/internal/operations/BuildOperationState;Lorg/gradle/internal/operations/BuildOperationState;Lorg/gradle/internal/operations/DefaultBuildOperationRunner$ReadableBuildOperationContext;Lorg/gradle/internal/operations/DefaultBuildOperationRunner$BuildOperationExecutionListener;)Lorg/gradle/internal/operations/BuildOperation;+22
j  org.gradle.internal.operations.DefaultBuildOperationRunner$2.execute(Lorg/gradle/internal/operations/BuildOperationDescriptor;Lorg/gradle/internal/operations/BuildOperationState;Lorg/gradle/internal/operations/BuildOperationState;Lorg/gradle/internal/operations/DefaultBuildOperationRunner$ReadableBuildOperationContext;Lorg/gradle/internal/operations/DefaultBuildOperationRunner$BuildOperationExecutionListener;)Ljava/lang/Object;+8
j  org.gradle.internal.operations.DefaultBuildOperationRunner.execute(Lorg/gradle/internal/operations/BuildOperationDescriptor$Builder;Lorg/gradle/internal/operations/BuildOperationState;Lorg/gradle/internal/operations/DefaultBuildOperationRunner$BuildOperationExecution;)Ljava/lang/Object;+141
j  org.gradle.internal.operations.DefaultBuildOperationRunner.execute(Lorg/gradle/internal/operations/BuildOperation;Lorg/gradle/internal/operations/BuildOperationWorker;Lorg/gradle/internal/operations/BuildOperationState;)V+18
j  org.gradle.internal.operations.DefaultBuildOperationRunner.call(Lorg/gradle/internal/operations/CallableBuildOperation;)Ljava/lang/Object;+16
j  org.gradle.initialization.BuildOperationSettingsProcessor.process(Lorg/gradle/api/internal/GradleInternal;Lorg/gradle/initialization/SettingsLocation;Lorg/gradle/api/internal/initialization/ClassLoaderScope;Lorg/gradle/StartParameter;)Lorg/gradle/initialization/SettingsState;+17
j  org.gradle.initialization.DefaultSettingsLoader.findSettingsAndLoadIfAppropriate(Lorg/gradle/api/internal/GradleInternal;Lorg/gradle/StartParameter;Lorg/gradle/initialization/SettingsLocation;Lorg/gradle/api/internal/initialization/ClassLoaderScope;)Lorg/gradle/initialization/SettingsState;+9
j  org.gradle.initialization.DefaultSettingsLoader.findAndLoadSettings(Lorg/gradle/api/internal/GradleInternal;)Lorg/gradle/initialization/SettingsState;+103
j  org.gradle.initialization.SettingsAttachingSettingsLoader.findAndLoadSettings(Lorg/gradle/api/internal/GradleInternal;)Lorg/gradle/initialization/SettingsState;+5
j  org.gradle.internal.composite.CommandLineIncludedBuildSettingsLoader.findAndLoadSettings(Lorg/gradle/api/internal/GradleInternal;)Lorg/gradle/initialization/SettingsState;+5
j  org.gradle.internal.composite.ChildBuildRegisteringSettingsLoader.findAndLoadSettings(Lorg/gradle/api/internal/GradleInternal;)Lorg/gradle/initialization/SettingsState;+5
j  org.gradle.internal.composite.CompositeBuildSettingsLoader.findAndLoadSettings(Lorg/gradle/api/internal/GradleInternal;)Lorg/gradle/initialization/SettingsState;+5
j  org.gradle.initialization.InitScriptHandlingSettingsLoader.findAndLoadSettings(Lorg/gradle/api/internal/GradleInternal;)Lorg/gradle/initialization/SettingsState;+13
j  org.gradle.api.internal.initialization.CacheConfigurationsHandlingSettingsLoader.findAndLoadSettings(Lorg/gradle/api/internal/GradleInternal;)Lorg/gradle/initialization/SettingsState;+15
j  org.gradle.initialization.GradlePropertiesHandlingSettingsLoader.findAndLoadSettings(Lorg/gradle/api/internal/GradleInternal;)Lorg/gradle/initialization/SettingsState;+53
j  org.gradle.initialization.DefaultSettingsPreparer.prepareSettings(Lorg/gradle/api/internal/GradleInternal;)V+33
j  org.gradle.initialization.BuildOperationFiringSettingsPreparer$LoadBuild.doLoadBuild()V+11
j  org.gradle.initialization.BuildOperationFiringSettingsPreparer$LoadBuild.run(Lorg/gradle/internal/operations/BuildOperationContext;)V+1
j  org.gradle.internal.operations.DefaultBuildOperationRunner$1.execute(Lorg/gradle/internal/operations/RunnableBuildOperation;Lorg/gradle/internal/operations/BuildOperationContext;)V+2
j  org.gradle.internal.operations.DefaultBuildOperationRunner$1.execute(Lorg/gradle/internal/operations/BuildOperation;Lorg/gradle/internal/operations/BuildOperationContext;)V+6
j  org.gradle.internal.operations.DefaultBuildOperationRunner$2.execute(Lorg/gradle/internal/operations/BuildOperationDescriptor;Lorg/gradle/internal/operations/BuildOperationState;Lorg/gradle/internal/operations/BuildOperationState;Lorg/gradle/internal/operations/DefaultBuildOperationRunner$ReadableBuildOperationContext;Lorg/gradle/internal/operations/DefaultBuildOperationRunner$BuildOperationExecutionListener;)Lorg/gradle/internal/operations/BuildOperation;+22
j  org.gradle.internal.operations.DefaultBuildOperationRunner$2.execute(Lorg/gradle/internal/operations/BuildOperationDescriptor;Lorg/gradle/internal/operations/BuildOperationState;Lorg/gradle/internal/operations/BuildOperationState;Lorg/gradle/internal/operations/DefaultBuildOperationRunner$ReadableBuildOperationContext;Lorg/gradle/internal/operations/DefaultBuildOperationRunner$BuildOperationExecutionListener;)Ljava/lang/Object;+8
j  org.gradle.internal.operations.DefaultBuildOperationRunner.execute(Lorg/gradle/internal/operations/BuildOperationDescriptor$Builder;Lorg/gradle/internal/operations/BuildOperationState;Lorg/gradle/internal/operations/DefaultBuildOperationRunner$BuildOperationExecution;)Ljava/lang/Object;+141
j  org.gradle.internal.operations.DefaultBuildOperationRunner.execute(Lorg/gradle/internal/operations/BuildOperation;Lorg/gradle/internal/operations/BuildOperationWorker;Lorg/gradle/internal/operations/BuildOperationState;)V+18
j  org.gradle.internal.operations.DefaultBuildOperationRunner.run(Lorg/gradle/internal/operations/RunnableBuildOperation;)V+9
j  org.gradle.initialization.BuildOperationFiringSettingsPreparer.prepareSettings(Lorg/gradle/api/internal/GradleInternal;)V+31
j  org.gradle.initialization.VintageBuildModelController.lambda$prepareSettings$1()V+8
j  org.gradle.initialization.VintageBuildModelController$$Lambda+0x000001818141f3a0.run()V+4
j  org.gradle.internal.model.StateTransitionController.lambda$doTransition$14(Ljava/lang/Runnable;)Lorg/gradle/internal/build/ExecutionResult;+1
j  org.gradle.internal.model.StateTransitionController$$Lambda+0x000001818141f7f0.get()Ljava/lang/Object;+4
j  org.gradle.internal.model.StateTransitionController.doTransition(Lorg/gradle/internal/model/StateTransitionController$State;Lorg/gradle/internal/model/StateTransitionController$State;Ljava/util/function/Supplier;)Lorg/gradle/internal/build/ExecutionResult;+24
j  org.gradle.internal.model.StateTransitionController.doTransition(Lorg/gradle/internal/model/StateTransitionController$State;Lorg/gradle/internal/model/StateTransitionController$State;Ljava/lang/Runnable;)V+9
j  org.gradle.internal.model.StateTransitionController.lambda$transitionIfNotPreviously$11(Lorg/gradle/internal/model/StateTransitionController$State;Lorg/gradle/internal/model/StateTransitionController$State;Ljava/lang/Runnable;)V+16
j  org.gradle.internal.model.StateTransitionController$$Lambda+0x000001818141f5c8.run()V+16
j  org.gradle.internal.work.DefaultSynchronizer.withLock(Ljava/lang/Runnable;)V+6
j  org.gradle.internal.model.StateTransitionController.transitionIfNotPreviously(Lorg/gradle/internal/model/StateTransitionController$State;Lorg/gradle/internal/model/StateTransitionController$State;Ljava/lang/Runnable;)V+13
j  org.gradle.initialization.VintageBuildModelController.prepareSettings()V+16
j  org.gradle.initialization.VintageBuildModelController.getConfiguredModel()Lorg/gradle/api/internal/GradleInternal;+1
j  org.gradle.internal.build.DefaultBuildLifecycleController.lambda$withProjectsConfigured$1(Ljava/util/function/Function;)Ljava/lang/Object;+5
j  org.gradle.internal.build.DefaultBuildLifecycleController$$Lambda+0x000001818141ef50.get()Ljava/lang/Object;+8
j  org.gradle.internal.model.StateTransitionController.lambda$notInState$3(Lorg/gradle/internal/model/StateTransitionController$State;Ljava/util/function/Supplier;)Ljava/lang/Object;+11
j  org.gradle.internal.model.StateTransitionController$$Lambda+0x000001818141f178.create()Ljava/lang/Object;+12
j  org.gradle.internal.work.DefaultSynchronizer.withLock(Lorg/gradle/internal/Factory;)Ljava/lang/Object;+6
j  org.gradle.internal.model.StateTransitionController.notInState(Lorg/gradle/internal/model/StateTransitionController$State;Ljava/util/function/Supplier;)Ljava/lang/Object;+12
j  org.gradle.internal.build.DefaultBuildLifecycleController.withProjectsConfigured(Ljava/util/function/Function;)Ljava/lang/Object;+14
j  org.gradle.internal.build.DefaultBuildToolingModelController.locateBuilderForTarget(Ljava/lang/String;Z)Lorg/gradle/tooling/provider/model/internal/ToolingModelScope;+38
j  org.gradle.internal.buildtree.DefaultBuildTreeModelCreator$DefaultBuildTreeModelController.lambda$locateBuilderForBuildTarget$0(Ljava/lang/String;ZLorg/gradle/internal/build/BuildToolingModelController;)Lorg/gradle/tooling/provider/model/internal/ToolingModelScope;+3
j  org.gradle.internal.buildtree.DefaultBuildTreeModelCreator$DefaultBuildTreeModelController$$Lambda+0x00000181814013d8.apply(Ljava/lang/Object;)Ljava/lang/Object;+12
j  org.gradle.internal.build.DefaultBuildLifecycleController.withToolingModels(Ljava/util/function/Function;)Ljava/lang/Object;+15
j  org.gradle.internal.build.AbstractBuildState.withToolingModels(Ljava/util/function/Function;)Ljava/lang/Object;+5
j  org.gradle.internal.buildtree.DefaultBuildTreeModelCreator$DefaultBuildTreeModelController.locateBuilderForBuildTarget(Lorg/gradle/internal/build/BuildState;Ljava/lang/String;Z)Lorg/gradle/tooling/provider/model/internal/ToolingModelScope;+8
j  org.gradle.internal.buildtree.DefaultBuildTreeModelCreator$DefaultBuildTreeModelController.locateBuilderForDefaultTarget(Ljava/lang/String;Z)Lorg/gradle/tooling/provider/model/internal/ToolingModelScope;+10
j  org.gradle.internal.buildtree.DefaultBuildTreeModelCreator$DefaultBuildTreeModelController.locateBuilderForTarget(Lorg/gradle/internal/buildtree/BuildTreeModelTarget;Ljava/lang/String;Z)Lorg/gradle/tooling/provider/model/internal/ToolingModelScope;+10
j  org.gradle.internal.buildtree.DefaultBuildTreeModelCreator$DefaultBuildTreeModelController.access$200(Lorg/gradle/internal/buildtree/DefaultBuildTreeModelCreator$DefaultBuildTreeModelController;Lorg/gradle/internal/buildtree/BuildTreeModelTarget;Ljava/lang/String;Z)Lorg/gradle/tooling/provider/model/internal/ToolingModelScope;+4
j  org.gradle.internal.buildtree.DefaultBuildTreeModelCreator$DefaultBuildTreeModelController$1.call(Lorg/gradle/internal/operations/BuildOperationContext;)Ljava/lang/Object;+24
j  org.gradle.internal.operations.DefaultBuildOperationRunner$CallableBuildOperationWorker.execute(Lorg/gradle/internal/operations/CallableBuildOperation;Lorg/gradle/internal/operations/BuildOperationContext;)V+3
j  org.gradle.internal.operations.DefaultBuildOperationRunner$CallableBuildOperationWorker.execute(Lorg/gradle/internal/operations/BuildOperation;Lorg/gradle/internal/operations/BuildOperationContext;)V+6
j  org.gradle.internal.operations.DefaultBuildOperationRunner$2.execute(Lorg/gradle/internal/operations/BuildOperationDescriptor;Lorg/gradle/internal/operations/BuildOperationState;Lorg/gradle/internal/operations/BuildOperationState;Lorg/gradle/internal/operations/DefaultBuildOperationRunner$ReadableBuildOperationContext;Lorg/gradle/internal/operations/DefaultBuildOperationRunner$BuildOperationExecutionListener;)Lorg/gradle/internal/operations/BuildOperation;+22
j  org.gradle.internal.operations.DefaultBuildOperationRunner$2.execute(Lorg/gradle/internal/operations/BuildOperationDescriptor;Lorg/gradle/internal/operations/BuildOperationState;Lorg/gradle/internal/operations/BuildOperationState;Lorg/gradle/internal/operations/DefaultBuildOperationRunner$ReadableBuildOperationContext;Lorg/gradle/internal/operations/DefaultBuildOperationRunner$BuildOperationExecutionListener;)Ljava/lang/Object;+8
j  org.gradle.internal.operations.DefaultBuildOperationRunner.execute(Lorg/gradle/internal/operations/BuildOperationDescriptor$Builder;Lorg/gradle/internal/operations/BuildOperationState;Lorg/gradle/internal/operations/DefaultBuildOperationRunner$BuildOperationExecution;)Ljava/lang/Object;+141
j  org.gradle.internal.operations.DefaultBuildOperationRunner.execute(Lorg/gradle/internal/operations/BuildOperation;Lorg/gradle/internal/operations/BuildOperationWorker;Lorg/gradle/internal/operations/BuildOperationState;)V+18
j  org.gradle.internal.operations.DefaultBuildOperationRunner.call(Lorg/gradle/internal/operations/CallableBuildOperation;)Ljava/lang/Object;+16
j  org.gradle.internal.buildtree.DefaultBuildTreeModelCreator$DefaultBuildTreeModelController.getModel(Lorg/gradle/internal/buildtree/BuildTreeModelTarget;Ljava/lang/String;Ljava/lang/Object;)Ljava/lang/Object;+18
j  org.gradle.tooling.internal.provider.runner.BuildModelActionRunner$ModelCreateAction.fromBuildModel(Lorg/gradle/internal/buildtree/BuildTreeModelController;)Ljava/lang/Object;+14
j  org.gradle.internal.buildtree.DefaultBuildTreeModelCreator.fromBuildModel(Lorg/gradle/internal/buildtree/BuildTreeModelAction;)Ljava/lang/Object;+10
j  org.gradle.internal.cc.impl.barrier.BarrierAwareBuildTreeModelCreator.fromBuildModel$lambda$1(Lorg/gradle/internal/cc/impl/barrier/BarrierAwareBuildTreeModelCreator;Lorg/gradle/internal/buildtree/BuildTreeModelAction;)Ljava/lang/Object;+5
j  org.gradle.internal.cc.impl.barrier.BarrierAwareBuildTreeModelCreator$$Lambda+0x00000181813dbd48.invoke()Ljava/lang/Object;+8
j  org.gradle.internal.cc.impl.barrier.VintageConfigurationTimeActionRunner.runConfigurationTimeAction(Lkotlin/jvm/functions/Function0;)Ljava/lang/Object;+25
j  org.gradle.internal.cc.impl.barrier.BarrierAwareBuildTreeModelCreator.fromBuildModel(Lorg/gradle/internal/buildtree/BuildTreeModelAction;)Ljava/lang/Object;+17
j  org.gradle.internal.buildtree.DefaultBuildTreeLifecycleController.lambda$fromBuildModel$2(Lorg/gradle/internal/buildtree/BuildTreeModelAction;Z)Lorg/gradle/internal/build/ExecutionResult;+57
j  org.gradle.internal.buildtree.DefaultBuildTreeLifecycleController$$Lambda+0x00000181813fdb30.get()Ljava/lang/Object;+12
j  org.gradle.internal.buildtree.DefaultBuildTreeLifecycleController.lambda$runBuild$4(Ljava/util/function/Supplier;)Ljava/lang/Object;+1
j  org.gradle.internal.buildtree.DefaultBuildTreeLifecycleController$$Lambda+0x00000181813fdd58.get()Ljava/lang/Object;+8
j  org.gradle.internal.model.StateTransitionController.lambda$transition$6(Ljava/util/function/Supplier;)Lorg/gradle/internal/build/ExecutionResult;+1
j  org.gradle.internal.model.StateTransitionController$$Lambda+0x0000018181400228.get()Ljava/lang/Object;+4
j  org.gradle.internal.model.StateTransitionController.doTransition(Lorg/gradle/internal/model/StateTransitionController$State;Lorg/gradle/internal/model/StateTransitionController$State;Ljava/util/function/Supplier;)Lorg/gradle/internal/build/ExecutionResult;+24
j  org.gradle.internal.model.StateTransitionController.lambda$transition$7(Lorg/gradle/internal/model/StateTransitionController$State;Lorg/gradle/internal/model/StateTransitionController$State;Ljava/util/function/Supplier;)Ljava/lang/Object;+9
j  org.gradle.internal.model.StateTransitionController$$Lambda+0x0000018181400000.create()Ljava/lang/Object;+16
j  org.gradle.internal.work.DefaultSynchronizer.withLock(Lorg/gradle/internal/Factory;)Ljava/lang/Object;+6
j  org.gradle.internal.model.StateTransitionController.transition(Lorg/gradle/internal/model/StateTransitionController$State;Lorg/gradle/internal/model/StateTransitionController$State;Ljava/util/function/Supplier;)Ljava/lang/Object;+13
j  org.gradle.internal.buildtree.DefaultBuildTreeLifecycleController.runBuild(Ljava/util/function/Supplier;)Ljava/lang/Object;+17
j  org.gradle.internal.buildtree.DefaultBuildTreeLifecycleController.fromBuildModel(ZLorg/gradle/internal/buildtree/BuildTreeModelAction;)Ljava/lang/Object;+9
j  org.gradle.tooling.internal.provider.runner.BuildModelActionRunner.run(Lorg/gradle/internal/invocation/BuildAction;Lorg/gradle/internal/buildtree/BuildTreeLifecycleController;)Lorg/gradle/internal/buildtree/BuildActionRunner$Result;+40
j  org.gradle.launcher.exec.ChainingBuildActionRunner.run(Lorg/gradle/internal/invocation/BuildAction;Lorg/gradle/internal/buildtree/BuildTreeLifecycleController;)Lorg/gradle/internal/buildtree/BuildActionRunner$Result;+34
j  org.gradle.internal.buildtree.ProblemReportingBuildActionRunner.run(Lorg/gradle/internal/invocation/BuildAction;Lorg/gradle/internal/buildtree/BuildTreeLifecycleController;)Lorg/gradle/internal/buildtree/BuildActionRunner$Result;+12
j  org.gradle.launcher.exec.BuildOutcomeReportingBuildActionRunner.run(Lorg/gradle/internal/invocation/BuildAction;Lorg/gradle/internal/buildtree/BuildTreeLifecycleController;)Lorg/gradle/internal/buildtree/BuildActionRunner$Result;+69
j  org.gradle.tooling.internal.provider.FileSystemWatchingBuildActionRunner.run(Lorg/gradle/internal/invocation/BuildAction;Lorg/gradle/internal/buildtree/BuildTreeLifecycleController;)Lorg/gradle/internal/buildtree/BuildActionRunner$Result;+317
j  org.gradle.launcher.exec.BuildCompletionNotifyingBuildActionRunner.run(Lorg/gradle/internal/invocation/BuildAction;Lorg/gradle/internal/buildtree/BuildTreeLifecycleController;)Lorg/gradle/internal/buildtree/BuildActionRunner$Result;+6
j  org.gradle.launcher.exec.RootBuildLifecycleBuildActionExecutor.lambda$execute$0(Lorg/gradle/internal/invocation/BuildAction;Lorg/gradle/internal/buildtree/BuildTreeLifecycleController;)Lorg/gradle/internal/buildtree/BuildActionRunner$Result;+6
j  org.gradle.launcher.exec.RootBuildLifecycleBuildActionExecutor$$Lambda+0x00000181813e7510.apply(Ljava/lang/Object;)Ljava/lang/Object;+12
j  org.gradle.composite.internal.DefaultRootBuildState.run(Ljava/util/function/Function;)Ljava/lang/Object;+92
j  org.gradle.launcher.exec.RootBuildLifecycleBuildActionExecutor.execute(Lorg/gradle/internal/invocation/BuildAction;Lorg/gradle/internal/buildtree/BuildTreeContext;)Lorg/gradle/internal/buildtree/BuildActionRunner$Result;+119
j  org.gradle.internal.buildtree.InitDeprecationLoggingActionExecutor.execute(Lorg/gradle/internal/invocation/BuildAction;Lorg/gradle/internal/buildtree/BuildTreeContext;)Lorg/gradle/internal/buildtree/BuildActionRunner$Result;+83
j  org.gradle.internal.buildtree.InitProblems.execute(Lorg/gradle/internal/invocation/BuildAction;Lorg/gradle/internal/buildtree/BuildTreeContext;)Lorg/gradle/internal/buildtree/BuildActionRunner$Result;+13
j  org.gradle.internal.buildtree.DefaultBuildTreeContext.execute(Lorg/gradle/internal/invocation/BuildAction;)Lorg/gradle/internal/buildtree/BuildActionRunner$Result;+64
j  org.gradle.launcher.exec.BuildTreeLifecycleBuildActionExecutor.lambda$execute$0(Lorg/gradle/internal/invocation/BuildAction;Lorg/gradle/internal/buildtree/BuildTreeContext;)Lorg/gradle/internal/buildtree/BuildActionRunner$Result;+2
j  org.gradle.launcher.exec.BuildTreeLifecycleBuildActionExecutor$$Lambda+0x00000181812ada08.apply(Ljava/lang/Object;)Ljava/lang/Object;+8
j  org.gradle.internal.buildtree.BuildTreeState.run(Ljava/util/function/Function;)Ljava/lang/Object;+47
j  org.gradle.launcher.exec.BuildTreeLifecycleBuildActionExecutor.execute(Lorg/gradle/internal/invocation/BuildAction;Lorg/gradle/internal/session/BuildSessionContext;)Lorg/gradle/internal/buildtree/BuildActionRunner$Result;+74
j  org.gradle.launcher.exec.RunAsBuildOperationBuildActionExecutor$2.call(Lorg/gradle/internal/operations/BuildOperationContext;)Lorg/gradle/internal/buildtree/BuildActionRunner$Result;+25
j  org.gradle.launcher.exec.RunAsBuildOperationBuildActionExecutor$2.call(Lorg/gradle/internal/operations/BuildOperationContext;)Ljava/lang/Object;+2
j  org.gradle.internal.operations.DefaultBuildOperationRunner$CallableBuildOperationWorker.execute(Lorg/gradle/internal/operations/CallableBuildOperation;Lorg/gradle/internal/operations/BuildOperationContext;)V+3
j  org.gradle.internal.operations.DefaultBuildOperationRunner$CallableBuildOperationWorker.execute(Lorg/gradle/internal/operations/BuildOperation;Lorg/gradle/internal/operations/BuildOperationContext;)V+6
j  org.gradle.internal.operations.DefaultBuildOperationRunner$2.execute(Lorg/gradle/internal/operations/BuildOperationDescriptor;Lorg/gradle/internal/operations/BuildOperationState;Lorg/gradle/internal/operations/BuildOperationState;Lorg/gradle/internal/operations/DefaultBuildOperationRunner$ReadableBuildOperationContext;Lorg/gradle/internal/operations/DefaultBuildOperationRunner$BuildOperationExecutionListener;)Lorg/gradle/internal/operations/BuildOperation;+22
j  org.gradle.internal.operations.DefaultBuildOperationRunner$2.execute(Lorg/gradle/internal/operations/BuildOperationDescriptor;Lorg/gradle/internal/operations/BuildOperationState;Lorg/gradle/internal/operations/BuildOperationState;Lorg/gradle/internal/operations/DefaultBuildOperationRunner$ReadableBuildOperationContext;Lorg/gradle/internal/operations/DefaultBuildOperationRunner$BuildOperationExecutionListener;)Ljava/lang/Object;+8
j  org.gradle.internal.operations.DefaultBuildOperationRunner.execute(Lorg/gradle/internal/operations/BuildOperationDescriptor$Builder;Lorg/gradle/internal/operations/BuildOperationState;Lorg/gradle/internal/operations/DefaultBuildOperationRunner$BuildOperationExecution;)Ljava/lang/Object;+141
j  org.gradle.internal.operations.DefaultBuildOperationRunner.execute(Lorg/gradle/internal/operations/BuildOperation;Lorg/gradle/internal/operations/BuildOperationWorker;Lorg/gradle/internal/operations/BuildOperationState;)V+18
j  org.gradle.internal.operations.DefaultBuildOperationRunner.call(Lorg/gradle/internal/operations/CallableBuildOperation;)Ljava/lang/Object;+16
j  org.gradle.launcher.exec.RunAsBuildOperationBuildActionExecutor.execute(Lorg/gradle/internal/invocation/BuildAction;Lorg/gradle/internal/session/BuildSessionContext;)Lorg/gradle/internal/buildtree/BuildActionRunner$Result;+23
j  org.gradle.launcher.exec.RunAsWorkerThreadBuildActionExecutor.lambda$execute$0(Lorg/gradle/internal/invocation/BuildAction;Lorg/gradle/internal/session/BuildSessionContext;)Lorg/gradle/internal/buildtree/BuildActionRunner$Result;+6
j  org.gradle.launcher.exec.RunAsWorkerThreadBuildActionExecutor$$Lambda+0x000001818127ec08.create()Ljava/lang/Object;+12
j  org.gradle.internal.work.DefaultWorkerLeaseService.withLocks(Ljava/util/Collection;Lorg/gradle/internal/Factory;)Ljava/lang/Object;+28
j  org.gradle.internal.work.DefaultWorkerLeaseService.runAsWorkerThread(Lorg/gradle/internal/Factory;)Ljava/lang/Object;+33
j  org.gradle.launcher.exec.RunAsWorkerThreadBuildActionExecutor.execute(Lorg/gradle/internal/invocation/BuildAction;Lorg/gradle/internal/session/BuildSessionContext;)Lorg/gradle/internal/buildtree/BuildActionRunner$Result;+12
j  org.gradle.tooling.internal.provider.continuous.ContinuousBuildActionExecutor.execute(Lorg/gradle/internal/invocation/BuildAction;Lorg/gradle/internal/session/BuildSessionContext;)Lorg/gradle/internal/buildtree/BuildActionRunner$Result;+58
j  org.gradle.tooling.internal.provider.SubscribableBuildActionExecutor.execute(Lorg/gradle/internal/invocation/BuildAction;Lorg/gradle/internal/session/BuildSessionContext;)Lorg/gradle/internal/buildtree/BuildActionRunner$Result;+30
j  org.gradle.internal.session.DefaultBuildSessionContext.execute(Lorg/gradle/internal/invocation/BuildAction;)Lorg/gradle/internal/buildtree/BuildActionRunner$Result;+64
j  org.gradle.internal.buildprocess.execution.BuildSessionLifecycleBuildActionExecutor$ActionImpl.apply(Lorg/gradle/internal/session/BuildSessionContext;)Lorg/gradle/launcher/exec/BuildActionResult;+6
j  org.gradle.internal.buildprocess.execution.BuildSessionLifecycleBuildActionExecutor$ActionImpl.apply(Ljava/lang/Object;)Ljava/lang/Object;+5
j  org.gradle.internal.session.BuildSessionState.run(Ljava/util/function/Function;)Ljava/lang/Object;+5
j  org.gradle.internal.buildprocess.execution.BuildSessionLifecycleBuildActionExecutor.execute(Lorg/gradle/internal/invocation/BuildAction;Lorg/gradle/launcher/exec/BuildActionParameters;Lorg/gradle/initialization/BuildRequestContext;)Lorg/gradle/launcher/exec/BuildActionResult;+95
j  org.gradle.internal.buildprocess.execution.BuildSessionLifecycleBuildActionExecutor.execute(Lorg/gradle/internal/invocation/BuildAction;Ljava/lang/Object;Ljava/lang/Object;)Lorg/gradle/launcher/exec/BuildActionResult;+10
j  org.gradle.internal.buildprocess.execution.StartParamsValidatingActionExecutor.execute(Lorg/gradle/internal/invocation/BuildAction;Lorg/gradle/launcher/exec/BuildActionParameters;Lorg/gradle/initialization/BuildRequestContext;)Lorg/gradle/launcher/exec/BuildActionResult;+142
j  org.gradle.internal.buildprocess.execution.StartParamsValidatingActionExecutor.execute(Lorg/gradle/internal/invocation/BuildAction;Ljava/lang/Object;Ljava/lang/Object;)Lorg/gradle/launcher/exec/BuildActionResult;+10
j  org.gradle.internal.buildprocess.execution.SessionFailureReportingActionExecutor.execute(Lorg/gradle/internal/invocation/BuildAction;Lorg/gradle/launcher/exec/BuildActionParameters;Lorg/gradle/initialization/BuildRequestContext;)Lorg/gradle/launcher/exec/BuildActionResult;+7
j  org.gradle.internal.buildprocess.execution.SessionFailureReportingActionExecutor.execute(Lorg/gradle/internal/invocation/BuildAction;Ljava/lang/Object;Ljava/lang/Object;)Lorg/gradle/launcher/exec/BuildActionResult;+10
j  org.gradle.internal.buildprocess.execution.SetupLoggingActionExecutor.execute(Lorg/gradle/internal/invocation/BuildAction;Lorg/gradle/launcher/exec/BuildActionParameters;Lorg/gradle/initialization/BuildRequestContext;)Lorg/gradle/launcher/exec/BuildActionResult;+50
j  org.gradle.internal.buildprocess.execution.SetupLoggingActionExecutor.execute(Lorg/gradle/internal/invocation/BuildAction;Ljava/lang/Object;Ljava/lang/Object;)Lorg/gradle/launcher/exec/BuildActionResult;+10
j  org.gradle.launcher.daemon.server.exec.ExecuteBuild.doBuild(Lorg/gradle/launcher/daemon/server/api/DaemonCommandExecution;Lorg/gradle/launcher/daemon/protocol/Build;)V+147
j  org.gradle.launcher.daemon.server.exec.BuildCommandOnly.execute(Lorg/gradle/launcher/daemon/server/api/DaemonCommandExecution;)V+49
j  org.gradle.launcher.daemon.server.api.DaemonCommandExecution.proceed()Z+23
j  org.gradle.launcher.daemon.server.exec.WatchForDisconnection.execute(Lorg/gradle/launcher/daemon/server/api/DaemonCommandExecution;)V+19
j  org.gradle.launcher.daemon.server.api.DaemonCommandExecution.proceed()Z+23
j  org.gradle.launcher.daemon.server.exec.ResetDeprecationLogger.execute(Lorg/gradle/launcher/daemon/server/api/DaemonCommandExecution;)V+7
j  org.gradle.launcher.daemon.server.api.DaemonCommandExecution.proceed()Z+23
j  org.gradle.launcher.daemon.server.exec.RequestStopIfSingleUsedDaemon.execute(Lorg/gradle/launcher/daemon/server/api/DaemonCommandExecution;)V+33
j  org.gradle.launcher.daemon.server.api.DaemonCommandExecution.proceed()Z+23
j  org.gradle.launcher.daemon.server.exec.ForwardClientInput.lambda$execute$0(Lorg/gradle/launcher/daemon/server/api/DaemonCommandExecution;Lorg/gradle/internal/daemon/clientinput/StdinHandler;)Ljava/lang/Object;+11
j  org.gradle.launcher.daemon.server.exec.ForwardClientInput$$Lambda+0x000001818118b4a0.apply(Ljava/lang/Object;)Ljava/lang/Object;+8
j  org.gradle.internal.daemon.clientinput.ClientInputForwarder.forwardInput(Ljava/util/function/Function;)Ljava/lang/Object;+46
j  org.gradle.launcher.daemon.server.exec.ForwardClientInput.execute(Lorg/gradle/launcher/daemon/server/api/DaemonCommandExecution;)V+10
j  org.gradle.launcher.daemon.server.api.DaemonCommandExecution.proceed()Z+23
j  org.gradle.launcher.daemon.server.exec.LogAndCheckHealth.execute(Lorg/gradle/launcher/daemon/server/api/DaemonCommandExecution;)V+51
j  org.gradle.launcher.daemon.server.api.DaemonCommandExecution.proceed()Z+23
j  org.gradle.launcher.daemon.server.exec.LogToClient.doBuild(Lorg/gradle/launcher/daemon/server/api/DaemonCommandExecution;Lorg/gradle/launcher/daemon/protocol/Build;)V+87
j  org.gradle.launcher.daemon.server.exec.BuildCommandOnly.execute(Lorg/gradle/launcher/daemon/server/api/DaemonCommandExecution;)V+49
j  org.gradle.launcher.daemon.server.api.DaemonCommandExecution.proceed()Z+23
j  org.gradle.launcher.daemon.server.exec.EstablishBuildEnvironment.doBuild(Lorg/gradle/launcher/daemon/server/api/DaemonCommandExecution;Lorg/gradle/launcher/daemon/protocol/Build;)V+356
j  org.gradle.launcher.daemon.server.exec.BuildCommandOnly.execute(Lorg/gradle/launcher/daemon/server/api/DaemonCommandExecution;)V+49
j  org.gradle.launcher.daemon.server.api.DaemonCommandExecution.proceed()Z+23
j  org.gradle.launcher.daemon.server.exec.StartBuildOrRespondWithBusy$1.run()V+44
j  org.gradle.launcher.daemon.server.DaemonStateCoordinator.lambda$runCommand$0(Ljava/lang/Runnable;)V+1
j  org.gradle.launcher.daemon.server.DaemonStateCoordinator$$Lambda+0x000001818118a030.run()V+8
j  org.gradle.internal.concurrent.ExecutorPolicy$CatchAndRecordFailures.onExecute(Ljava/lang/Runnable;)V+1
j  org.gradle.internal.concurrent.AbstractManagedExecutor$1.run()V+25
j  java.util.concurrent.ThreadPoolExecutor.runWorker(Ljava/util/concurrent/ThreadPoolExecutor$Worker;)V+92 java.base@21.0.12.1
j  java.util.concurrent.ThreadPoolExecutor$Worker.run()V+5 java.base@21.0.12.1
j  java.lang.Thread.runWith(Ljava/lang/Object;Ljava/lang/Runnable;)V+5 java.base@21.0.12.1
j  java.lang.Thread.run()V+19 java.base@21.0.12.1
v  ~StubRoutines::call_stub 0x00000181e010100d

Compiled method (n/a) 111946 2057     n 0       java.lang.ClassLoader::defineClass0 (native)
 total in heap  [0x00000181e0939910,0x00000181e0939ed0] = 1472
 relocation     [0x00000181e0939a70,0x00000181e0939aa8] = 56
 main code      [0x00000181e0939ac0,0x00000181e0939ecc] = 1036
 stub code      [0x00000181e0939ecc,0x00000181e0939ed0] = 4

[Constant Pool (empty)]

[MachCode]
[Entry Point]
  # {method} {0x0000018180434610} 'defineClass0' '(Ljava/lang/ClassLoader;Ljava/lang/Class;Ljava/lang/String;[BIILjava/security/ProtectionDomain;ZILjava/lang/Object;)Ljava/lang/Class;' in 'java/lang/ClassLoader'
  # parm0:    rdx:rdx   = 'java/lang/ClassLoader'
  # parm1:    r8:r8     = 'java/lang/Class'
  # parm2:    r9:r9     = 'java/lang/String'
  # parm3:    rdi:rdi   = '[B'
  # parm4:    rsi       = int
  # parm5:    rcx       = int
  # parm6:    [sp+0xb0]   = 'java/security/ProtectionDomain'  (sp of caller)
  # parm7:    [sp+0xb8]   = boolean
  # parm8:    [sp+0xc0]   = int
  # parm9:    [sp+0xc8]   = 'java/lang/Object'
  0x00000181e0939ac0: 448b 5208 | 49bb 0000 | 0080 8101 | 0000 4d03 | d349 3bc2 | 0f84 0600 

  0x00000181e0939ad8: ;   {runtime_call ic_miss_stub}
  0x00000181e0939ad8: 0000 e9a1 | 4c81 ff90 
[Verified Entry Point]
  0x00000181e0939ae0: 8984 2400 | 80ff ff55 | 488b ec48 | 81ec a000 | 0000 6690 | 4181 7f20 | 0500 0000 

  0x00000181e0939afc: ;   {runtime_call StubRoutines (final stubs)}
  0x00000181e0939afc: 7405 e8dd | c97f ff48 | 837d 2800 | 488d 4528 | 480f 4445 | 2848 8944 | 2458 4863 | 4520 4889 
  0x00000181e0939b1c: 4424 5048 | 6345 1848 | 8944 2448 | 4883 7d10 | 0048 8d45 | 1048 0f44 | 4510 4889 | 4424 4048 
  0x00000181e0939b3c: 894c 2438 | 4889 7424 | 3048 897c | 2478 4883 | ff00 488d | 4424 7848 | 0f44 4424 | 7848 8944 
  0x00000181e0939b5c: 2428 4c89 | 4c24 7049 | 83f9 0048 | 8d44 2470 | 480f 4444 | 2470 4889 | 4424 204c | 8944 2468 
  0x00000181e0939b7c: 4983 f800 | 4c8d 4c24 | 684c 0f44 | 4c24 6848 | 8954 2460 | 4883 fa00 | 4c8d 4424 | 604c 0f44 
  0x00000181e0939b9c: ;   {oop(a 'java/lang/Class'{0x0000000600401a58} = 'java/lang/ClassLoader')}
  0x00000181e0939b9c: 4424 6049 | be58 1a40 | 0006 0000 | 004c 89b4 | 2490 0000 | 004c 8db4 | 2490 0000 | 0049 8bd6 
  0x00000181e0939bbc: ;   {internal_word}
  0x00000181e0939bbc: c5f8 7749 | babc 9b93 | e081 0100 | 004d 8997 | a803 0000 | 4989 a7a0 

  0x00000181e0939bd4: ;   {external_word}
  0x00000181e0939bd4: 0300 0049 | ba06 6dd9 | effc 7f00 | 0041 803a | 000f 844e | 0000 0052 | 4150 4151 

  0x00000181e0939bf0: ;   {metadata({method} {0x0000018180434610} 'defineClass0' '(Ljava/lang/ClassLoader;Ljava/lang/Class;Ljava/lang/String;[BIILjava/security/ProtectionDomain;ZILjava/lang/Object;)Ljava/lang/Class;' in 'java/lang/ClassLoader')}
  0x00000181e0939bf0: 48ba 0846 | 4380 8101 | 0000 498b | cf48 83ec | 2040 f6c4 | 0f0f 8419 | 0000 0048 

  0x00000181e0939c0c: ;   {runtime_call}
  0x00000181e0939c0c: 83ec 0848 | b8e0 ea82 | effc 7f00 | 00ff d048 | 83c4 08e9 | 0c00 0000 

  0x00000181e0939c24: ;   {runtime_call}
  0x00000181e0939c24: 48b8 e0ea | 82ef fc7f | 0000 ffd0 | 4883 c420 | 4159 4158 | 5a49 8d8f | c003 0000 | 41c7 874c 
  0x00000181e0939c44: 0400 0004 

  0x00000181e0939c48: ;   {runtime_call}
  0x00000181e0939c48: 0000 0048 | b81c 15bb | 7ffd 7f00 | 00ff d0c5 | f877 41c7 | 874c 0400 | 0005 0000 | 00f0 8344 
  0x00000181e0939c68: 24c0 0049 | 3baf 5004 | 0000 0f87 | 0e00 0000 | 4183 bf48 | 0400 0000 | 0f84 2b00 | 0000 c5f8 
  0x00000181e0939c88: 7748 8945 | f849 8bcf | 4c8b e448 | 83ec 2048 

  0x00000181e0939c98: ;   {runtime_call}
  0x00000181e0939c98: 83e4 f048 | b800 584e | effc 7f00 | 00ff d049 | 8be4 4d33 | e448 8b45 | f841 c787 | 4c04 0000 
  0x00000181e0939cb8: 0800 0000 | 4183 bfc8 | 0400 0002 | 0f84 d501 

  0x00000181e0939cc8: ;   {external_word}
  0x00000181e0939cc8: 0000 49ba | 066d d9ef | fc7f 0000 | 4180 3a00 | 0f84 4c00 | 0000 4889 

  0x00000181e0939ce0: ;   {metadata({method} {0x0000018180434610} 'defineClass0' '(Ljava/lang/ClassLoader;Ljava/lang/Class;Ljava/lang/String;[BIILjava/security/ProtectionDomain;ZILjava/lang/Object;)Ljava/lang/Class;' in 'java/lang/ClassLoader')}
  0x00000181e0939ce0: 45f8 48ba | 0846 4380 | 8101 0000 | 498b cf48 | 83ec 2040 | f6c4 0f0f | 8419 0000 | 0048 83ec 
  0x00000181e0939d00: ;   {runtime_call}
  0x00000181e0939d00: 0848 b8e0 | ea82 effc | 7f00 00ff | d048 83c4 | 08e9 0c00 

  0x00000181e0939d14: ;   {runtime_call}
  0x00000181e0939d14: 0000 48b8 | e0ea 82ef | fc7f 0000 | ffd0 4883 | c420 488b | 45f8 49c7 | 87a0 0300 | 0000 0000 
  0x00000181e0939d34: 0049 c787 | a803 0000 | 0000 0000 | c5f8 7748 | 85c0 0f84 | 3001 0000 | a803 0f85 | 0800 0000 
  0x00000181e0939d54: 488b 00e9 | 2001 0000 | a801 0f85 | 0900 0000 | 488b 40fe | e90f 0100 | 0048 8b40 | ff41 807f 
  0x00000181e0939d74: 4000 0f84 | 0001 0000 | 4883 f800 | 0f84 f600 | 0000 498b | 4f28 4883 | f900 0f84 | 1400 0000 
  0x00000181e0939d94: 4883 e908 | 4989 4f28 | 4903 4f38 | 4889 01e9 | d400 0000 | 4883 ec70 | 4889 0424 | 4889 4c24 
  0x00000181e0939db4: 0848 8954 | 2410 4c89 | 4424 184c | 894c 2420 | 4c89 5424 | 284c 895c | 2430 c5fb | 1144 2440 
  0x00000181e0939dd4: c5fb 114c | 2448 c5fb | 1154 2450 | c5fb 115c | 2458 c5fb | 1164 2460 | c5fb 116c | 2468 498b 
  0x00000181e0939df4: d748 8bc8 | 4883 ec20 | 40f6 c40f | 0f84 1900 | 0000 4883 

  0x00000181e0939e08: ;   {runtime_call}
  0x00000181e0939e08: ec08 48b8 | 20a4 41ef | fc7f 0000 | ffd0 4883 | c408 e90c 

  0x00000181e0939e1c: ;   {runtime_call}
  0x00000181e0939e1c: 0000 0048 | b820 a441 | effc 7f00 | 00ff d048 | 83c4 20c5 | fb10 6c24 | 68c5 fb10 | 6424 60c5 
  0x00000181e0939e3c: fb10 5c24 | 58c5 fb10 | 5424 50c5 | fb10 4c24 | 48c5 fb10 | 4424 404c | 8b5c 2430 | 4c8b 5424 
  0x00000181e0939e5c: 284c 8b4c | 2420 4c8b | 4424 1848 | 8b54 2410 | 488b 4c24 | 0848 8b04 | 2448 83c4 | 70c5 f877 
  0x00000181e0939e7c: 498b 8f30 | 0400 00c7 | 8100 0100 | 0000 0000 | 00c9 4983 | 7f08 000f | 8501 0000 

  0x00000181e0939e98: ;   {runtime_call StubRoutines (initial stubs)}
  0x00000181e0939e98: 00c3 e961 | 707c ffc5 | f877 4889 | 45f8 4c8b | e448 83ec | 2048 83e4 

  0x00000181e0939eb0: ;   {runtime_call}
  0x00000181e0939eb0: f048 b830 | 2283 effc | 7f00 00ff | d049 8be4 | 4d33 e448 | 8b45 f8e9 | fefd ffff 
[Stub Code]
  0x00000181e0939ecc: f4f4 f4f4 
[/MachCode]


Compiled method (c1) 111960 2732       3       java.lang.System$2::defineClass (21 bytes)
 total in heap  [0x00000181d09fa690,0x00000181d09faa70] = 992
 relocation     [0x00000181d09fa7f0,0x00000181d09fa830] = 64
 main code      [0x00000181d09fa840,0x00000181d09fa978] = 312
 stub code      [0x00000181d09fa978,0x00000181d09fa9b8] = 64
 metadata       [0x00000181d09fa9b8,0x00000181d09fa9c0] = 8
 scopes data    [0x00000181d09fa9c0,0x00000181d09faa08] = 72
 scopes pcs     [0x00000181d09faa08,0x00000181d09faa58] = 80
 dependencies   [0x00000181d09faa58,0x00000181d09faa60] = 8
 nul chk table  [0x00000181d09faa60,0x00000181d09faa70] = 16

[Constant Pool (empty)]

[MachCode]
[Entry Point]
  # {method} {0x0000018180019588} 'defineClass' '(Ljava/lang/ClassLoader;Ljava/lang/Class;Ljava/lang/String;[BLjava/security/ProtectionDomain;ZILjava/lang/Object;)Ljava/lang/Class;' in 'java/lang/System$2'
  # this:     rdx:rdx   = 'java/lang/System$2'
  # parm0:    r8:r8     = 'java/lang/ClassLoader'
  # parm1:    r9:r9     = 'java/lang/Class'
  # parm2:    rdi:rdi   = 'java/lang/String'
  # parm3:    rsi:rsi   = '[B'
  # parm4:    rcx:rcx   = 'java/security/ProtectionDomain'
  # parm5:    [sp+0x70]   = boolean  (sp of caller)
  # parm6:    [sp+0x78]   = int
  # parm7:    [sp+0x80]   = 'java/lang/Object'
  0x00000181d09fa840: 448b 5208 | 49bb 0000 | 0080 8101 | 0000 4d03 | d34c 3bd0 

  0x00000181d09fa854: ;   {runtime_call ic_miss_stub}
  0x00000181d09fa854: 0f85 263f | 750f 660f | 1f44 0000 
[Verified Entry Point]
  0x00000181d09fa860: 8984 2400 | 80ff ff55 | 4883 ec60 | 4181 7f20 | 0500 0000 

  0x00000181d09fa874: ;   {runtime_call StubRoutines (final stubs)}
  0x00000181d09fa874: 7405 e865 | bc73 0f48 

  0x00000181d09fa87c: ;   {metadata(method data for {method} {0x0000018180019588} 'defineClass' '(Ljava/lang/ClassLoader;Ljava/lang/Class;Ljava/lang/String;[BLjava/security/ProtectionDomain;ZILjava/lang/Object;)Ljava/lang/Class;' in 'java/lang/System$2')}
  0x00000181d09fa87c: 8bd9 48b9 | 48db 98c1 | 8101 0000 | 8b81 cc00 | 0000 83c0 | 0289 81cc | 0000 0025 | fe07 0000 
  0x00000181d09fa89c: 85c0 0f84 | 6b00 0000 | 4c8b ac24 | 8000 0000 | 448b 5c24 | 788b 4424 | 708b 4e0c 

  0x00000181d09fa8b8: ;   {metadata(method data for {method} {0x0000018180019588} 'defineClass' '(Ljava/lang/ClassLoader;Ljava/lang/Class;Ljava/lang/String;[BLjava/security/ProtectionDomain;ZILjava/lang/Object;)Ljava/lang/Class;' in 'java/lang/System$2')}
  0x00000181d09fa8b8: 48ba 48db | 98c1 8101 | 0000 4883 | 8210 0100 | 0001 498b | d04d 8bc1 | 4c8b cf48 | 8bfe be00 
  0x00000181d09fa8d8: 0000 0048 | 891c 2489 | 4424 0844 | 895c 2410 | 4c89 6c24 

  0x00000181d09fa8ec: ;   {static_call}
  0x00000181d09fa8ec: 1866 90e8 

  0x00000181d09fa8f0: ; ImmutableOopMap {}
                      ;*invokestatic defineClass0 {reexecute=0 rethrow=0 return_oop=0}
                      ; - java.lang.System$2::defineClass@17
  0x00000181d09fa8f0: ecf1 f30f 

  0x00000181d09fa8f4: ;   {other}
  0x00000181d09fa8f4: 0f1f 8400 | 6402 0000 | 4883 c460 

  0x00000181d09fa900: ;   {poll_return}
  0x00000181d09fa900: 5d49 3ba7 | 5004 0000 | 0f87 2700 

  0x00000181d09fa90c: ;   {metadata({method} {0x0000018180019588} 'defineClass' '(Ljava/lang/ClassLoader;Ljava/lang/Class;Ljava/lang/String;[BLjava/security/ProtectionDomain;ZILjava/lang/Object;)Ljava/lang/Class;' in 'java/lang/System$2')}
  0x00000181d09fa90c: 0000 c349 | ba80 9501 | 8081 0100 | 004c 8954 | 2408 48c7 | 0424 ffff 

  0x00000181d09fa924: ;   {runtime_call counter_overflow Runtime1 stub}
  0x00000181d09fa924: ffff e855 

  0x00000181d09fa928: ; ImmutableOopMap {rdx=Oop r8=Oop r9=Oop rdi=Oop rsi=Oop rbx=Oop [128]=Oop }
                      ;*synchronization entry
                      ; - java.lang.System$2::defineClass@-1
  0x00000181d09fa928: 2b81 0fe9 | 74ff ffff 

  0x00000181d09fa930: ;   {runtime_call throw_null_pointer_exception Runtime1 stub}
  0x00000181d09fa930: e8cb 3f78 

  0x00000181d09fa934: ; ImmutableOopMap {r8=Oop r9=Oop rdi=Oop rsi=Oop rbx=Oop r13=Oop [128]=Oop }
                      ;*arraylength {reexecute=0 rethrow=0 return_oop=0}
                      ; - java.lang.System$2::defineClass@8
                      ;   {internal_word}
  0x00000181d09fa934: 0f49 ba01 | a99f d081 | 0100 004d | 8997 6804 

  0x00000181d09fa944: ;   {runtime_call SafepointBlob}
  0x00000181d09fa944: 0000 e935 | ab75 0f49 | 8b87 0005 | 0000 49c7 | 8700 0500 | 0000 0000 | 0049 c787 | 0805 0000 
  0x00000181d09fa964: 0000 0000 | 4883 c460 

  0x00000181d09fa96c: ;   {runtime_call unwind_exception Runtime1 stub}
  0x00000181d09fa96c: 5de9 0e0c | 780f f4f4 | f4f4 f4f4 
[Stub Code]
  0x00000181d09fa978: ;   {no_reloc}
  0x00000181d09fa978: 48bb 0000 | 0000 0000 

  0x00000181d09fa980: ;   {runtime_call nmethod}
  0x00000181d09fa980: 0000 e9fb 

  0x00000181d09fa984: ;   {runtime_call handle_exception_from_callee Runtime1 stub}
  0x00000181d09fa984: ffff ffe8 | 7421 780f 

  0x00000181d09fa98c: ;   {external_word}
  0x00000181d09fa98c: 48b9 5063 | afef fc7f | 0000 4883 

  0x00000181d09fa998: ;   {runtime_call}
  0x00000181d09fa998: e4f0 48b8 | c0c9 71ef | fc7f 0000 

  0x00000181d09fa9a4: ;   {section_word}
  0x00000181d09fa9a4: ffd0 f449 | baa7 a99f | d081 0100 

  0x00000181d09fa9b0: ;   {runtime_call DeoptimizationBlob}
  0x00000181d09fa9b0: 0041 52e9 | 689d 750f 
[/MachCode]


Compiled method (c1) 111973 2731   !   3       java.lang.invoke.MethodHandles$Lookup$ClassDefiner::defineClass (213 bytes)
 total in heap  [0x00000181d09fc290,0x00000181d09fd540] = 4784
 relocation     [0x00000181d09fc3f0,0x00000181d09fc510] = 288
 main code      [0x00000181d09fc520,0x00000181d09fcfd8] = 2744
 stub code      [0x00000181d09fcfd8,0x00000181d09fd050] = 120
 metadata       [0x00000181d09fd050,0x00000181d09fd0c0] = 112
 scopes data    [0x00000181d09fd0c0,0x00000181d09fd2d8] = 536
 scopes pcs     [0x00000181d09fd2d8,0x00000181d09fd498] = 448
 dependencies   [0x00000181d09fd498,0x00000181d09fd4b0] = 24
 handler table  [0x00000181d09fd4b0,0x00000181d09fd4f8] = 72
 nul chk table  [0x00000181d09fd4f8,0x00000181d09fd540] = 72

[Constant Pool (empty)]

[MachCode]
[Entry Point]
  # {method} {0x00000181801eae68} 'defineClass' '(ZLjava/lang/Object;)Ljava/lang/Class;' in 'java/lang/invoke/MethodHandles$Lookup$ClassDefiner'
  # this:     rdx:rdx   = 'java/lang/invoke/MethodHandles$Lookup$ClassDefiner'
  # parm0:    r8        = boolean
  # parm1:    r9:r9     = 'java/lang/Object'
  #           [sp+0xf0]  (sp of caller)
  0x00000181d09fc520: 448b 5208 | 49bb 0000 | 0080 8101 | 0000 4d03 | d34c 3bd0 

  0x00000181d09fc534: ;   {runtime_call ic_miss_stub}
  0x00000181d09fc534: 0f85 4622 | 750f 660f | 1f44 0000 
[Verified Entry Point]
  0x00000181d09fc540: 8984 2400 | 80ff ff55 | 4881 ece0 | 0000 0090 | 4181 7f20 | 0500 0000 

  0x00000181d09fc558: ;   {runtime_call StubRoutines (final stubs)}
  0x00000181d09fc558: 7405 e881 | 9f73 0f48 | 8994 2498 | 0000 0044 | 8984 24b0 | 0000 004c | 898c 24b8 

  0x00000181d09fc574: ;   {metadata(method data for {method} {0x00000181801eae68} 'defineClass' '(ZLjava/lang/Object;)Ljava/lang/Class;' in 'java/lang/invoke/MethodHandles$Lookup$ClassDefiner')}
  0x00000181d09fc574: 0000 0048 | beb0 cd98 | c181 0100 | 008b becc | 0000 0083 | c702 89be | cc00 0000 | 81e7 fe07 
  0x00000181d09fc594: 0000 85ff | 0f84 b307 | 0000 8b72 | 1048 c1e6 | 0348 89b4 | 2490 0000 | 0048 3b06 

  0x00000181d09fc5b0: ;   {metadata(method data for {method} {0x00000181801eae68} 'defineClass' '(ZLjava/lang/Object;)Ljava/lang/Class;' in 'java/lang/invoke/MethodHandles$Lookup$ClassDefiner')}
  0x00000181d09fc5b0: 488b fe48 | bbb0 cd98 | c181 0100 | 0048 8383 | 1001 0000 | 018b 7e10 | 48c1 e703 | 4889 bc24 
  0x00000181d09fc5d0: a800 0000 

  0x00000181d09fc5d4: ; implicit exception: dispatches to 0x00000181d09fcd77
  0x00000181d09fc5d4: 483b 0748 

  0x00000181d09fc5d8: ;   {metadata(method data for {method} {0x00000181801eae68} 'defineClass' '(ZLjava/lang/Object;)Ljava/lang/Class;' in 'java/lang/invoke/MethodHandles$Lookup$ClassDefiner')}
  0x00000181d09fc5d8: 8bdf 48b8 | b0cd 98c1 | 8101 0000 | 4883 8048 | 0100 0001 

  0x00000181d09fc5ec: ;   {metadata(method data for {method} {0x0000018180468e60} 'getClassLoader' '()Ljava/lang/ClassLoader;' in 'java/lang/Class')}
  0x00000181d09fc5ec: 48bb d86e | 02c1 8101 | 0000 8b83 | cc00 0000 | 83c0 0289 | 83cc 0000 | 0025 feff | 1f00 85c0 
  0x00000181d09fc60c: 0f84 6a07 | 0000 8b5f | 3448 c1e3 | 0348 85db 

  0x00000181d09fc61c: ;   {metadata(method data for {method} {0x0000018180468e60} 'getClassLoader' '()Ljava/lang/ClassLoader;' in 'java/lang/Class')}
  0x00000181d09fc61c: 48b8 d86e | 02c1 8101 | 0000 48c7 | c110 0100 | 0075 0748 | c7c1 2001 | 0000 4c8b | 1c08 4d8d 
  0x00000181d09fc63c: 5b01 4c89 | 1c08 0f85 | 0f00 0000 

  0x00000181d09fc648: ;   {oop(nullptr)}
  0x00000181d09fc648: 48bb 0000 | 0000 0000 | 0000 e9a2 

  0x00000181d09fc654: ;   {metadata(method data for {method} {0x0000018180468e60} 'getClassLoader' '()Ljava/lang/ClassLoader;' in 'java/lang/Class')}
  0x00000181d09fc654: 0000 0048 | b8d8 6e02 | c181 0100 | 0048 8380 | 3001 0000 

  0x00000181d09fc668: ;   {metadata(method data for {method} {0x000001818001b1d0} 'getSecurityManager' '()Ljava/lang/SecurityManager;' in 'java/lang/System')}
  0x00000181d09fc668: 0148 b8e8 | 7102 c181 | 0100 008b | 88cc 0000 | 0083 c102 | 8988 cc00 | 0000 81e1 | feff 1f00 
  0x00000181d09fc688: 85c9 0f84 | 0d07 0000 

  0x00000181d09fc690: ;   {metadata(method data for {method} {0x000001818001b1d0} 'getSecurityManager' '()Ljava/lang/SecurityManager;' in 'java/lang/System')}
  0x00000181d09fc690: 48b8 e871 | 02c1 8101 | 0000 4883 | 8010 0100 

  0x00000181d09fc6a0: ;   {metadata(method data for {method} {0x000001818001b2e8} 'allowSecurityManager' '()Z' in 'java/lang/System')}
  0x00000181d09fc6a0: 0001 48b8 | 5074 02c1 | 8101 0000 | 8b88 cc00 | 0000 83c1 | 0289 88cc | 0000 0081 | e1fe ff1f 
  0x00000181d09fc6c0: 0085 c90f | 84f5 0600 

  0x00000181d09fc6c8: ;   {metadata(method data for {method} {0x000001818001b2e8} 'allowSecurityManager' '()Z' in 'java/lang/System')}
  0x00000181d09fc6c8: 0048 b850 | 7402 c181 | 0100 00ff | 8010 0100 

  0x00000181d09fc6d8: ;   {metadata(method data for {method} {0x000001818001b1d0} 'getSecurityManager' '()Ljava/lang/SecurityManager;' in 'java/lang/System')}
  0x00000181d09fc6d8: 0048 b8e8 | 7102 c181 | 0100 00ff | 8020 0100 

  0x00000181d09fc6e8: ;   {metadata(method data for {method} {0x0000018180468e60} 'getClassLoader' '()Ljava/lang/ClassLoader;' in 'java/lang/Class')}
  0x00000181d09fc6e8: 0048 b8d8 | 6e02 c181 | 0100 00ff | 8040 0100 | 0048 85db 

  0x00000181d09fc6fc: ;   {metadata(method data for {method} {0x00000181801eae68} 'defineClass' '(ZLjava/lang/Object;)Ljava/lang/Class;' in 'java/lang/invoke/MethodHandles$Lookup$ClassDefiner')}
  0x00000181d09fc6fc: 48b8 b0cd | 98c1 8101 | 0000 48c7 | c180 0100 | 0074 0748 | c7c1 9001 | 0000 4c8b | 1c08 4d8d 
  0x00000181d09fc71c: 5b01 4c89 | 1c08 0f84 | 5f02 0000 

  0x00000181d09fc728: ;   {metadata(method data for {method} {0x00000181801eae68} 'defineClass' '(ZLjava/lang/Object;)Ljava/lang/Class;' in 'java/lang/invoke/MethodHandles$Lookup$ClassDefiner')}
  0x00000181d09fc728: 488b c648 | b9b0 cd98 | c181 0100 | 0048 8381 | a001 0000 

  0x00000181d09fc73c: ;   {metadata(method data for {method} {0x00000181803e0578} 'lookupClassProtectionDomain' '()Ljava/security/ProtectionDomain;' in 'java/lang/invoke/MethodHandles$Lookup')}
  0x00000181d09fc73c: 0148 b8e8 | d398 c181 | 0100 008b | 88cc 0000 | 0083 c102 | 8988 cc00 | 0000 81e1 | feff 1f00 
  0x00000181d09fc75c: 85c9 0f84 | 7b06 0000 | 8b46 1848 | c1e0 0348 

  0x00000181d09fc76c: ;   {metadata(method data for {method} {0x00000181803e0578} 'lookupClassProtectionDomain' '()Ljava/security/ProtectionDomain;' in 'java/lang/invoke/MethodHandles$Lookup')}
  0x00000181d09fc76c: 85c0 48b9 | e8d3 98c1 | 8101 0000 | 49c7 c310 | 0100 0075 | 0749 c7c3 | 2001 0000 | 4e8b 2c19 
  0x00000181d09fc78c: 4d8d 6d01 | 4e89 2c19 | 4889 9c24 | a000 0000 | 0f85 cf01 

  0x00000181d09fc7a0: ;   {metadata(method data for {method} {0x00000181803e0578} 'lookupClassProtectionDomain' '()Ljava/security/ProtectionDomain;' in 'java/lang/invoke/MethodHandles$Lookup')}
  0x00000181d09fc7a0: 0000 48b8 | e8d3 98c1 | 8101 0000 | 4883 8030 | 0100 0001 

  0x00000181d09fc7b4: ;   {metadata(method data for {method} {0x0000018180473b88} 'getJavaLangAccess' '()Ljdk/internal/access/JavaLangAccess;' in 'jdk/internal/access/SharedSecrets')}
  0x00000181d09fc7b4: 48b8 b0d9 | 19c1 8101 | 0000 8b88 | cc00 0000 | 83c1 0289 | 88cc 0000 | 0081 e1fe | ff1f 0085 
  0x00000181d09fc7d4: c90f 8425 

  0x00000181d09fc7d8: ;   {oop(a 'java/lang/Class'{0x0000000600401ad8} = 'jdk/internal/access/SharedSecrets')}
  0x00000181d09fc7d8: 0600 0048 | b8d8 1a40 | 0006 0000 | 008b 407c | 48c1 e003 | 8b4e 1048 | c1e1 0348 | 85c0 0f84 
  0x00000181d09fc7f8: 2a00 0000 

  0x00000181d09fc7fc: ;   {metadata('java/lang/System$2')}
  0x00000181d09fc7fc: 48be 6082 | 0180 8101 | 0000 448b | 7008 49ba | 0000 0080 | 8101 0000 | 4d03 f249 | 3b76 380f 
  0x00000181d09fc81c: 8500 0600 | 00e9 0000 | 0000 4c8b | d848 3b00 

  0x00000181d09fc82c: ;   {metadata(method data for {method} {0x00000181803e0578} 'lookupClassProtectionDomain' '()Ljava/security/ProtectionDomain;' in 'java/lang/invoke/MethodHandles$Lookup')}
  0x00000181d09fc82c: 48be e8d3 | 98c1 8101 

  0x00000181d09fc834: ;   {metadata('java/lang/System$2')}
  0x00000181d09fc834: 0000 49ba | 6082 0180 | 8101 0000 | 4c89 9650 | 0100 0048 | 8386 5801 

  0x00000181d09fc84c: ;   {metadata(method data for {method} {0x00000181800192c8} 'protectionDomain' '(Ljava/lang/Class;)Ljava/security/ProtectionDomain;' in 'java/lang/System$2')}
  0x00000181d09fc84c: 0000 0148 | bea0 d598 | c181 0100 | 008b 86cc | 0000 0083 | c002 8986 | cc00 0000 | 25fe ff1f 
  0x00000181d09fc86c: 0085 c00f | 84b6 0500 | 0048 3b01 

  0x00000181d09fc878: ;   {metadata(method data for {method} {0x00000181800192c8} 'protectionDomain' '(Ljava/lang/Class;)Ljava/security/ProtectionDomain;' in 'java/lang/System$2')}
  0x00000181d09fc878: 488b f148 | b8a0 d598 | c181 0100 | 0048 8380 | 1001 0000 

  0x00000181d09fc88c: ;   {metadata(method data for {method} {0x0000018180467bb8} 'protectionDomain' '()Ljava/security/ProtectionDomain;' in 'java/lang/Class')}
  0x00000181d09fc88c: 0148 be30 | d798 c181 | 0100 008b | 86cc 0000 | 0083 c002 | 8986 cc00 | 0000 25fe | ff1f 0085 
  0x00000181d09fc8ac: c00f 849e | 0500 0048 

  0x00000181d09fc8b4: ;   {metadata(method data for {method} {0x0000018180467bb8} 'protectionDomain' '()Ljava/security/ProtectionDomain;' in 'java/lang/Class')}
  0x00000181d09fc8b4: 8bf1 48b8 | 30d7 98c1 | 8101 0000 | 4883 8010 | 0100 0001 | 488b d10f 

  0x00000181d09fc8cc: ;   {optimized virtual_call}
  0x00000181d09fc8cc: 1f40 00e8 

  0x00000181d09fc8d0: ; ImmutableOopMap {[144]=Oop [152]=Oop [160]=Oop [168]=Oop [184]=Oop }
                      ;*invokevirtual getProtectionDomain0 {reexecute=0 rethrow=0 return_oop=0}
                      ; - java.lang.Class::protectionDomain@1
                      ; - java.lang.System$2::protectionDomain@1
                      ; - java.lang.invoke.MethodHandles$Lookup::lookupClassProtectionDomain@17
                      ; - java.lang.invoke.MethodHandles$Lookup$ClassDefiner::defineClass@23
  0x00000181d09fc8d0: 0c26 ff0f 

  0x00000181d09fc8d4: ;   {other}
  0x00000181d09fc8d4: 0f1f 8400 | 4406 0000 

  0x00000181d09fc8dc: ;   {metadata(method data for {method} {0x0000018180467bb8} 'protectionDomain' '()Ljava/security/ProtectionDomain;' in 'java/lang/Class')}
  0x00000181d09fc8dc: 4885 c049 | b830 d798 | c181 0100 | 0049 c7c1 | 4801 0000 | 7507 49c7 | c158 0100 | 004b 8b3c 
  0x00000181d09fc8fc: 0848 8d7f | 014b 893c | 080f 8525 | 0000 000f | 1f44 0000 

  0x00000181d09fc910: ;   {no_reloc}
  0x00000181d09fc910: e9d5 0500 | 0000 0000 | 0000 660f | 1f44 0000 

  0x00000181d09fc920: ; implicit exception: dispatches to 0x00000181d09fcef4
  0x00000181d09fc920: e9e0 0500 | 0090 9049 | c1e0 03e9 | 0300 0000 | 4c8b c048 | 8bb4 2490 | 0000 0045 | 0fbe 4f40 
  0x00000181d09fc940: 4585 c90f | 85c6 0500 | 004d 8bd0 | 49c1 ea03 | 4489 5618 | f083 4424 | c000 4c8b | ce4d 33c8 
  0x00000181d09fc960: 49c1 e916 | 4983 f900 | 0f85 c105 | 0000 498b 

  0x00000181d09fc970: ;   {metadata(method data for {method} {0x00000181801eae68} 'defineClass' '(ZLjava/lang/Object;)Ljava/lang/Class;' in 'java/lang/invoke/MethodHandles$Lookup$ClassDefiner')}
  0x00000181d09fc970: c049 b8b0 | cd98 c181 | 0100 0041 | ff80 d801 | 0000 e912 | 0000 0048 | 899c 24a0 

  0x00000181d09fc98c: ;   {oop(nullptr)}
  0x00000181d09fc98c: 0000 0048 | b800 0000 | 0000 0000 | 0048 8b9c | 24a0 0000 | 0048 8bbc | 24a8 0000 | 0048 8b94 
  0x00000181d09fc9ac: 2498 0000 

  0x00000181d09fc9b0: ;   {metadata(method data for {method} {0x00000181801eae68} 'defineClass' '(ZLjava/lang/Object;)Ljava/lang/Class;' in 'java/lang/invoke/MethodHandles$Lookup$ClassDefiner')}
  0x00000181d09fc9b0: 0049 b8b0 | cd98 c181 | 0100 0049 | 8380 f001 

  0x00000181d09fc9c0: ;   {metadata(method data for {method} {0x0000018180473b88} 'getJavaLangAccess' '()Ljdk/internal/access/JavaLangAccess;' in 'jdk/internal/access/SharedSecrets')}
  0x00000181d09fc9c0: 0000 0149 | b8b0 d919 | c181 0100 | 0045 8b88 | cc00 0000 | 4183 c102 | 4589 88cc | 0000 0041 
  0x00000181d09fc9e0: 81e1 feff | 1f00 4585 | c90f 8458 

  0x00000181d09fc9ec: ;   {oop(a 'java/lang/Class'{0x0000000600401ad8} = 'jdk/internal/access/SharedSecrets')}
  0x00000181d09fc9ec: 0500 0049 | b8d8 1a40 | 0006 0000 | 0045 8b70 | 7c49 c1e6 | 038b 7214 | 48c1 e603 | 8b4a 1848 
  0x00000181d09fca0c: c1e1 0344 | 8b4a 0c4d | 85f6 0f84 | 2a00 0000 

  0x00000181d09fca1c: ;   {metadata('java/lang/System$2')}
  0x00000181d09fca1c: 49bb 6082 | 0180 8101 | 0000 458b | 6e08 49ba | 0000 0080 | 8101 0000 | 4d03 ea4d | 3b5d 380f 
  0x00000181d09fca3c: 8527 0500 | 00e9 0000 | 0000 4d8b | c649 3b06 

  0x00000181d09fca4c: ;   {metadata(method data for {method} {0x00000181801eae68} 'defineClass' '(ZLjava/lang/Object;)Ljava/lang/Class;' in 'java/lang/invoke/MethodHandles$Lookup$ClassDefiner')}
  0x00000181d09fca4c: 4d8b c648 | bab0 cd98 | c181 0100 

  0x00000181d09fca58: ;   {metadata('java/lang/System$2')}
  0x00000181d09fca58: 0049 ba60 | 8201 8081 | 0100 004c | 8992 1002 | 0000 4883 | 8218 0200 | 0001 4c8b | c349 8bd1 
  0x00000181d09fca78: 4c8b cf48 | 8bfe 488b | f148 8bc8 | 8b84 24b0 | 0000 0089 | 0424 8954 | 2408 488b | 9424 b800 
  0x00000181d09fca98: 0000 4889 | 5424 1049 | 8bd6 0f1f 

  0x00000181d09fcaa4: ;   {optimized virtual_call}
  0x00000181d09fcaa4: 4400 00e8 

  0x00000181d09fcaa8: ; ImmutableOopMap {[152]=Oop [168]=Oop }
                      ;*invokeinterface defineClass {reexecute=0 rethrow=0 return_oop=0}
                      ; - java.lang.invoke.MethodHandles$Lookup$ClassDefiner::defineClass@57
  0x00000181d09fcaa8: b4dd ffff 

  0x00000181d09fcaac: ;   {other}
  0x00000181d09fcaac: 0f1f 8400 | 1c08 0001 

  0x00000181d09fcab4: ;   {metadata(method data for {method} {0x00000181801eae68} 'defineClass' '(ZLjava/lang/Object;)Ljava/lang/Class;' in 'java/lang/invoke/MethodHandles$Lookup$ClassDefiner')}
  0x00000181d09fcab4: 49b8 b0cd | 98c1 8101 | 0000 41ff | 8038 0200 | 0048 8b94 | 2498 0000 | 008b 721c | 48c1 e603 
  0x00000181d09fcad4: ; implicit exception: dispatches to 0x00000181d09fcf72
  0x00000181d09fcad4: 483b 064c 

  0x00000181d09fcad8: ;   {metadata(method data for {method} {0x00000181801eae68} 'defineClass' '(ZLjava/lang/Object;)Ljava/lang/Class;' in 'java/lang/invoke/MethodHandles$Lookup$ClassDefiner')}
  0x00000181d09fcad8: 8bc6 49b9 | b0cd 98c1 | 8101 0000 | 4983 8150 | 0300 0001 | 440f be46 | 0c41 83e0 | 0145 85c0 
  0x00000181d09fcaf8: ;   {metadata(method data for {method} {0x00000181801eae68} 'defineClass' '(ZLjava/lang/Object;)Ljava/lang/Class;' in 'java/lang/invoke/MethodHandles$Lookup$ClassDefiner')}
  0x00000181d09fcaf8: 49b8 b0cd | 98c1 8101 | 0000 49c7 | c188 0300 | 0074 0749 | c7c1 9803 | 0000 4b8b | 3c08 488d 
  0x00000181d09fcb18: 7f01 4b89 | 3c08 0f84 | d801 0000 

  0x00000181d09fcb24: ;   {metadata(method data for {method} {0x00000181801eae68} 'defineClass' '(ZLjava/lang/Object;)Ljava/lang/Class;' in 'java/lang/invoke/MethodHandles$Lookup$ClassDefiner')}
  0x00000181d09fcb24: 4c8b c249 | b9b0 cd98 | c181 0100 

  0x00000181d09fcb30: ;   {metadata('java/lang/invoke/MethodHandles$Lookup$ClassDefiner')}
  0x00000181d09fcb30: 0049 ba28 | ac1e 8081 | 0100 004d | 8991 b803 | 0000 4983 | 81c0 0300 | 0001 8b7a | 1448 c1e7 
  0x00000181d09fcb50: 0348 85c0 

  0x00000181d09fcb54: ;   {metadata(method data for {method} {0x00000181801eae68} 'defineClass' '(ZLjava/lang/Object;)Ljava/lang/Class;' in 'java/lang/invoke/MethodHandles$Lookup$ClassDefiner')}
  0x00000181d09fcb54: 49b8 b0cd | 98c1 8101 | 0000 49c7 | c1e0 0300 | 0074 0749 | c7c1 f003 | 0000 4b8b | 1c08 488d 
  0x00000181d09fcb74: 5b01 4b89 | 1c08 0f84 | 3b01 0000 | e9c5 0000 | 0048 8b94 | 2498 0000 | 0049 8b87 | 0005 0000 
  0x00000181d09fcb94: 4d33 d24d | 8997 0005 | 0000 4d33 | d24d 8997 | 0805 0000 | 8b72 1c48 | c1e6 0348 | 3b06 4c8b 
  0x00000181d09fcbb4: ;   {metadata(method data for {method} {0x00000181801eae68} 'defineClass' '(ZLjava/lang/Object;)Ljava/lang/Class;' in 'java/lang/invoke/MethodHandles$Lookup$ClassDefiner')}
  0x00000181d09fcbb4: c649 b9b0 | cd98 c181 | 0100 0049 | 8381 8804 | 0000 0144 | 0fbe 460c | 4183 e001 

  0x00000181d09fcbd0: ;   {metadata(method data for {method} {0x00000181801eae68} 'defineClass' '(ZLjava/lang/Object;)Ljava/lang/Class;' in 'java/lang/invoke/MethodHandles$Lookup$ClassDefiner')}
  0x00000181d09fcbd0: 4585 c049 | b8b0 cd98 | c181 0100 | 0049 c7c1 | c004 0000 | 7407 49c7 | c1d0 0400 | 004b 8b3c 
  0x00000181d09fcbf0: 0848 8d7f | 014b 893c | 080f 844d | 0100 004c 

  0x00000181d09fcc00: ;   {metadata(method data for {method} {0x00000181801eae68} 'defineClass' '(ZLjava/lang/Object;)Ljava/lang/Class;' in 'java/lang/invoke/MethodHandles$Lookup$ClassDefiner')}
  0x00000181d09fcc00: 8bc2 49b9 | b0cd 98c1 | 8101 0000 

  0x00000181d09fcc0c: ;   {metadata('java/lang/invoke/MethodHandles$Lookup$ClassDefiner')}
  0x00000181d09fcc0c: 49ba 28ac | 1e80 8101 | 0000 4d89 | 91f0 0400 | 0049 8381 | f804 0000 | 018b 7a14 | 48c1 e703 
  0x00000181d09fcc2c: ;   {metadata(method data for {method} {0x00000181801eae68} 'defineClass' '(ZLjava/lang/Object;)Ljava/lang/Class;' in 'java/lang/invoke/MethodHandles$Lookup$ClassDefiner')}
  0x00000181d09fcc2c: 49b8 b0cd | 98c1 8101 | 0000 41ff | 8018 0500 | 0048 8984 | 24c8 0000 | 00e9 c800 | 0000 8b52 
  0x00000181d09fcc4c: 1848 c1e2 | 034c 8bc6 

  0x00000181d09fcc54: ;   {metadata(method data for {method} {0x00000181801eae68} 'defineClass' '(ZLjava/lang/Object;)Ljava/lang/Class;' in 'java/lang/invoke/MethodHandles$Lookup$ClassDefiner')}
  0x00000181d09fcc54: 49b9 b0cd | 98c1 8101 | 0000 4983 | 8100 0400 | 0001 4c8b | c74c 8bc8 | 488b fa48 | 8bd6 4889 
  0x00000181d09fcc74: 8424 c000 | 0000 0f1f 

  0x00000181d09fcc7c: ;   {optimized virtual_call}
  0x00000181d09fcc7c: 4400 00e8 

  0x00000181d09fcc80: ; ImmutableOopMap {[192]=Oop }
                      ;*invokevirtual dumpClass {reexecute=0 rethrow=0 return_oop=0}
                      ; - java.lang.invoke.MethodHandles$Lookup$ClassDefiner::defineClass@134
  0x00000181d09fcc80: fc1d 750f 

  0x00000181d09fcc84: ;   {other}
  0x00000181d09fcc84: 0f1f 8400 | f409 0002 

  0x00000181d09fcc8c: ;   {metadata(method data for {method} {0x00000181801eae68} 'defineClass' '(ZLjava/lang/Object;)Ljava/lang/Class;' in 'java/lang/invoke/MethodHandles$Lookup$ClassDefiner')}
  0x00000181d09fcc8c: 49b8 b0cd | 98c1 8101 | 0000 41ff | 8038 0400 | 0048 8b84 | 24c0 0000 | 0048 81c4 | e000 0000 
  0x00000181d09fccac: ;   {poll_return}
  0x00000181d09fccac: 5d49 3ba7 | 5004 0000 | 0f87 c202 | 0000 c348 | 8984 24c0 | 0000 0044 | 8b4a 1849 | c1e1 034c 
  0x00000181d09fcccc: ;   {metadata(method data for {method} {0x00000181801eae68} 'defineClass' '(ZLjava/lang/Object;)Ljava/lang/Class;' in 'java/lang/invoke/MethodHandles$Lookup$ClassDefiner')}
  0x00000181d09fcccc: 8bc6 48ba | b0cd 98c1 | 8101 0000 | 4883 8250 | 0400 0001 | 4c8b c748 

  0x00000181d09fcce4: ;   {optimized virtual_call}
  0x00000181d09fcce4: 8bd6 90e8 

  0x00000181d09fcce8: ; ImmutableOopMap {[192]=Oop }
                      ;*invokevirtual dumpFailedClass {reexecute=0 rethrow=0 return_oop=0}
                      ; - java.lang.invoke.MethodHandles$Lookup$ClassDefiner::defineClass@150
  0x00000181d09fcce8: 941d 750f 

  0x00000181d09fccec: ;   {other}
  0x00000181d09fccec: 0f1f 8400 | 5c0a 0003 | 488b 8424 | c000 0000 | 4881 c4e0 | 0000 005d 

  0x00000181d09fcd04: ;   {poll_return}
  0x00000181d09fcd04: 493b a750 | 0400 000f | 8781 0200 | 00c3 448b | 4a18 49c1 | e103 4c8b 

  0x00000181d09fcd1c: ;   {metadata(method data for {method} {0x00000181801eae68} 'defineClass' '(ZLjava/lang/Object;)Ljava/lang/Class;' in 'java/lang/invoke/MethodHandles$Lookup$ClassDefiner')}
  0x00000181d09fcd1c: c648 bab0 | cd98 c181 | 0100 0048 | 8382 8805 | 0000 014c | 8bc7 488b 

  0x00000181d09fcd34: ;   {optimized virtual_call}
  0x00000181d09fcd34: d666 90e8 

  0x00000181d09fcd38: ; ImmutableOopMap {[200]=Oop }
                      ;*invokevirtual dumpFailedClass {reexecute=0 rethrow=0 return_oop=0}
                      ; - java.lang.invoke.MethodHandles$Lookup$ClassDefiner::defineClass@207
  0x00000181d09fcd38: 441d 750f 

  0x00000181d09fcd3c: ;   {other}
  0x00000181d09fcd3c: 0f1f 8400 | ac0a 0004 | 488b 8424 | c800 0000 | e974 0200 

  0x00000181d09fcd50: ;   {metadata({method} {0x00000181801eae68} 'defineClass' '(ZLjava/lang/Object;)Ljava/lang/Class;' in 'java/lang/invoke/MethodHandles$Lookup$ClassDefiner')}
  0x00000181d09fcd50: 0049 ba60 | ae1e 8081 | 0100 004c | 8954 2408 | 48c7 0424 | ffff ffff 

  0x00000181d09fcd68: ;   {runtime_call counter_overflow Runtime1 stub}
  0x00000181d09fcd68: e813 0781 

  0x00000181d09fcd6c: ; ImmutableOopMap {rdx=Oop r9=Oop [152]=Oop [184]=Oop }
                      ;*synchronization entry
                      ; - java.lang.invoke.MethodHandles$Lookup$ClassDefiner::defineClass@-1
  0x00000181d09fcd6c: 0fe9 2cf8 

  0x00000181d09fcd70: ;   {runtime_call throw_null_pointer_exception Runtime1 stub}
  0x00000181d09fcd70: ffff e889 

  0x00000181d09fcd74: ; ImmutableOopMap {rdx=Oop r9=Oop rsi=Oop [144]=Oop [152]=Oop [184]=Oop }
                      ;*invokevirtual lookupClass {reexecute=0 rethrow=0 return_oop=0}
                      ; - java.lang.invoke.MethodHandles$Lookup$ClassDefiner::defineClass@4
                      ;   {runtime_call throw_null_pointer_exception Runtime1 stub}
  0x00000181d09fcd74: 1b78 0fe8 

  0x00000181d09fcd78: ; ImmutableOopMap {rdx=Oop r9=Oop rsi=Oop rdi=Oop [144]=Oop [152]=Oop [168]=Oop [184]=Oop }
                      ;*invokevirtual getClassLoader {reexecute=0 rethrow=0 return_oop=0}
                      ; - java.lang.invoke.MethodHandles$Lookup$ClassDefiner::defineClass@9
  0x00000181d09fcd78: 841b 780f 

  0x00000181d09fcd7c: ;   {metadata({method} {0x0000018180468e60} 'getClassLoader' '()Ljava/lang/ClassLoader;' in 'java/lang/Class')}
  0x00000181d09fcd7c: 49ba 588e | 4680 8101 | 0000 4c89 | 5424 0848 | c704 24ff 

  0x00000181d09fcd90: ;   {runtime_call counter_overflow Runtime1 stub}
  0x00000181d09fcd90: ffff ffe8 

  0x00000181d09fcd94: ; ImmutableOopMap {rdx=Oop r9=Oop rsi=Oop rdi=Oop [144]=Oop [152]=Oop [168]=Oop [184]=Oop }
                      ;*synchronization entry
                      ; - java.lang.Class::getClassLoader@-1
                      ; - java.lang.invoke.MethodHandles$Lookup$ClassDefiner::defineClass@9
  0x00000181d09fcd94: e806 810f | e975 f8ff 

  0x00000181d09fcd9c: ;   {metadata({method} {0x000001818001b1d0} 'getSecurityManager' '()Ljava/lang/SecurityManager;' in 'java/lang/System')}
  0x00000181d09fcd9c: ff49 bac8 | b101 8081 | 0100 004c | 8954 2408 | 48c7 0424 | ffff ffff 

  0x00000181d09fcdb4: ;   {runtime_call counter_overflow Runtime1 stub}
  0x00000181d09fcdb4: e8c7 0681 

  0x00000181d09fcdb8: ; ImmutableOopMap {rdx=Oop r9=Oop rsi=Oop rdi=Oop rbx=Oop [144]=Oop [152]=Oop [168]=Oop [184]=Oop }
                      ;*synchronization entry
                      ; - java.lang.System::getSecurityManager@-1
                      ; - java.lang.Class::getClassLoader@11
                      ; - java.lang.invoke.MethodHandles$Lookup$ClassDefiner::defineClass@9
  0x00000181d09fcdb8: 0fe9 d2f8 

  0x00000181d09fcdbc: ;   {metadata({method} {0x000001818001b2e8} 'allowSecurityManager' '()Z' in 'java/lang/System')}
  0x00000181d09fcdbc: ffff 49ba | e0b2 0180 | 8101 0000 | 4c89 5424 | 0848 c704 | 24ff ffff 

  0x00000181d09fcdd4: ;   {runtime_call counter_overflow Runtime1 stub}
  0x00000181d09fcdd4: ffe8 a606 

  0x00000181d09fcdd8: ; ImmutableOopMap {rdx=Oop r9=Oop rsi=Oop rdi=Oop rbx=Oop [144]=Oop [152]=Oop [168]=Oop [184]=Oop }
                      ;*synchronization entry
                      ; - java.lang.System::allowSecurityManager@-1
                      ; - java.lang.System::getSecurityManager@0
                      ; - java.lang.Class::getClassLoader@11
                      ; - java.lang.invoke.MethodHandles$Lookup$ClassDefiner::defineClass@9
  0x00000181d09fcdd8: 810f e9ea 

  0x00000181d09fcddc: ;   {metadata({method} {0x00000181803e0578} 'lookupClassProtectionDomain' '()Ljava/security/ProtectionDomain;' in 'java/lang/invoke/MethodHandles$Lookup')}
  0x00000181d09fcddc: f8ff ff49 | ba70 053e | 8081 0100 | 004c 8954 | 2408 48c7 | 0424 ffff 

  0x00000181d09fcdf4: ;   {runtime_call counter_overflow Runtime1 stub}
  0x00000181d09fcdf4: ffff e885 

  0x00000181d09fcdf8: ; ImmutableOopMap {rdx=Oop r9=Oop rsi=Oop rdi=Oop rbx=Oop [144]=Oop [152]=Oop [168]=Oop [184]=Oop }
                      ;*synchronization entry
                      ; - java.lang.invoke.MethodHandles$Lookup::lookupClassProtectionDomain@-1
                      ; - java.lang.invoke.MethodHandles$Lookup$ClassDefiner::defineClass@23
  0x00000181d09fcdf8: 0681 0fe9 | 64f9 ffff 

  0x00000181d09fce00: ;   {metadata({method} {0x0000018180473b88} 'getJavaLangAccess' '()Ljdk/internal/access/JavaLangAccess;' in 'jdk/internal/access/SharedSecrets')}
  0x00000181d09fce00: 49ba 803b | 4780 8101 | 0000 4c89 | 5424 0848 | c704 24ff 

  0x00000181d09fce14: ;   {runtime_call counter_overflow Runtime1 stub}
  0x00000181d09fce14: ffff ffe8 

  0x00000181d09fce18: ; ImmutableOopMap {rsi=Oop [144]=Oop [152]=Oop [160]=Oop [168]=Oop [184]=Oop }
                      ;*synchronization entry
                      ; - jdk.internal.access.SharedSecrets::getJavaLangAccess@-1
                      ; - java.lang.invoke.MethodHandles$Lookup::lookupClassProtectionDomain@10
                      ; - java.lang.invoke.MethodHandles$Lookup$ClassDefiner::defineClass@23
  0x00000181d09fce18: 6406 810f | e9ba f9ff 

  0x00000181d09fce20: ;   {runtime_call throw_incompatible_class_change_error Runtime1 stub}
  0x00000181d09fce20: ffe8 daf3 

  0x00000181d09fce24: ; ImmutableOopMap {rax=Oop rcx=Oop [144]=Oop [152]=Oop [160]=Oop [168]=Oop [184]=Oop }
                      ;*invokeinterface protectionDomain {reexecute=0 rethrow=0 return_oop=0}
                      ; - java.lang.invoke.MethodHandles$Lookup::lookupClassProtectionDomain@17
                      ; - java.lang.invoke.MethodHandles$Lookup$ClassDefiner::defineClass@23
                      ;   {runtime_call throw_null_pointer_exception Runtime1 stub}
  0x00000181d09fce24: 770f e8d5 

  0x00000181d09fce28: ; ImmutableOopMap {rax=Oop rcx=Oop [144]=Oop [152]=Oop [160]=Oop [168]=Oop [184]=Oop }
                      ;*invokeinterface protectionDomain {reexecute=0 rethrow=0 return_oop=0}
                      ; - java.lang.invoke.MethodHandles$Lookup::lookupClassProtectionDomain@17
                      ; - java.lang.invoke.MethodHandles$Lookup$ClassDefiner::defineClass@23
                      ;   {metadata({method} {0x00000181800192c8} 'protectionDomain' '(Ljava/lang/Class;)Ljava/security/ProtectionDomain;' in 'java/lang/System$2')}
  0x00000181d09fce28: 1a78 0f49 | bac0 9201 | 8081 0100 | 004c 8954 | 2408 48c7 | 0424 ffff 

  0x00000181d09fce40: ;   {runtime_call counter_overflow Runtime1 stub}
  0x00000181d09fce40: ffff e839 

  0x00000181d09fce44: ; ImmutableOopMap {rcx=Oop [144]=Oop [152]=Oop [160]=Oop [168]=Oop [184]=Oop }
                      ;*synchronization entry
                      ; - java.lang.System$2::protectionDomain@-1
                      ; - java.lang.invoke.MethodHandles$Lookup::lookupClassProtectionDomain@17
                      ; - java.lang.invoke.MethodHandles$Lookup$ClassDefiner::defineClass@23
  0x00000181d09fce44: 0681 0fe9 | 29fa ffff 

  0x00000181d09fce4c: ;   {runtime_call throw_null_pointer_exception Runtime1 stub}
  0x00000181d09fce4c: e8af 1a78 

  0x00000181d09fce50: ; ImmutableOopMap {rcx=Oop [144]=Oop [152]=Oop [160]=Oop [168]=Oop [184]=Oop }
                      ;*invokevirtual protectionDomain {reexecute=0 rethrow=0 return_oop=0}
                      ; - java.lang.System$2::protectionDomain@1
                      ; - java.lang.invoke.MethodHandles$Lookup::lookupClassProtectionDomain@17
                      ; - java.lang.invoke.MethodHandles$Lookup$ClassDefiner::defineClass@23
                      ;   {metadata({method} {0x0000018180467bb8} 'protectionDomain' '()Ljava/security/ProtectionDomain;' in 'java/lang/Class')}
  0x00000181d09fce50: 0f49 bab0 | 7b46 8081 | 0100 004c | 8954 2408 | 48c7 0424 | ffff ffff 

  0x00000181d09fce68: ;   {runtime_call counter_overflow Runtime1 stub}
  0x00000181d09fce68: e813 0681 

  0x00000181d09fce6c: ; ImmutableOopMap {rcx=Oop [144]=Oop [152]=Oop [160]=Oop [168]=Oop [184]=Oop }
                      ;*synchronization entry
                      ; - java.lang.Class::protectionDomain@-1
                      ; - java.lang.System$2::protectionDomain@1
                      ; - java.lang.invoke.MethodHandles$Lookup::lookupClassProtectionDomain@17
                      ; - java.lang.invoke.MethodHandles$Lookup$ClassDefiner::defineClass@23
  0x00000181d09fce6c: 0fe9 41fa 

  0x00000181d09fce70: ;   {oop(nullptr)}
  0x00000181d09fce70: ffff 49b8 | 0000 0000 | 0000 0000 | 5053 498b | 5810 5756 | 5251 4150 | 4151 4152 | 4153 4883 
  0x00000181d09fce90: ec20 40f6 | c40f 0f84 | 1900 0000 | 4883 ec08 

  0x00000181d09fcea0: ;   {runtime_call}
  0x00000181d09fcea0: 48b8 a0a0 | 0fef fc7f | 0000 ffd0 | 4883 c408 | e90c 0000 

  0x00000181d09fceb4: ;   {runtime_call}
  0x00000181d09fceb4: 0048 b8a0 | a00f effc | 7f00 00ff | d048 83c4 | 2041 5b41 | 5a41 5941 | 5859 5a5e | 5f48 3b83 
  0x00000181d09fced4: 3801 0000 | 5b58 0f85 | 0a00 0000 | e935 faff | ffb8 0078 

  0x00000181d09fcee8: ;   {runtime_call load_mirror_patching Runtime1 stub}
  0x00000181d09fcee8: 6e0a e811 

  0x00000181d09fceec: ; ImmutableOopMap {[144]=Oop [152]=Oop [160]=Oop [168]=Oop [184]=Oop }
                      ;*getstatic allPermDomain {reexecute=1 rethrow=0 return_oop=0}
                      ; - (reexecute) java.lang.Class::protectionDomain@9
                      ; - java.lang.System$2::protectionDomain@1
                      ; - java.lang.invoke.MethodHandles$Lookup::lookupClassProtectionDomain@17
                      ; - java.lang.invoke.MethodHandles$Lookup$ClassDefiner::defineClass@23
  0x00000181d09fceec: 1081 0fe9 | 1cfa ffff 

  0x00000181d09fcef4: ;   {runtime_call throw_null_pointer_exception Runtime1 stub}
  0x00000181d09fcef4: e807 1a78 

  0x00000181d09fcef8: ; ImmutableOopMap {r8=Oop [144]=Oop [152]=Oop [160]=Oop [168]=Oop [184]=Oop }
                      ;*getstatic allPermDomain {reexecute=1 rethrow=0 return_oop=0}
                      ; - (reexecute) java.lang.Class::protectionDomain@9
                      ; - java.lang.System$2::protectionDomain@1
                      ; - java.lang.invoke.MethodHandles$Lookup::lookupClassProtectionDomain@17
                      ; - java.lang.invoke.MethodHandles$Lookup$ClassDefiner::defineClass@23
  0x00000181d09fcef8: 0f45 8b80 | 0000 0000 | b800 0c05 

  0x00000181d09fcf04: ;   {runtime_call access_field_patching Runtime1 stub}
  0x00000181d09fcf04: 07e8 f618 

  0x00000181d09fcf08: ; ImmutableOopMap {r8=Oop [144]=Oop [152]=Oop [160]=Oop [168]=Oop [184]=Oop }
                      ;*getstatic allPermDomain {reexecute=1 rethrow=0 return_oop=0}
                      ; - (reexecute) java.lang.Class::protectionDomain@9
                      ; - java.lang.System$2::protectionDomain@1
                      ; - java.lang.invoke.MethodHandles$Lookup::lookupClassProtectionDomain@17
                      ; - java.lang.invoke.MethodHandles$Lookup$ClassDefiner::defineClass@23
  0x00000181d09fcf08: 810f e911 | faff ff44 | 8b4e 1849 | c1e1 0349 | 83f9 000f | 8428 faff | ff4c 890c 

  0x00000181d09fcf24: ;   {runtime_call g1_pre_barrier_slow}
  0x00000181d09fcf24: 24e8 56ff | 800f e91a | faff ff49 | 83f8 000f | 8435 faff | ff48 8934 

  0x00000181d09fcf3c: ;   {runtime_call g1_post_barrier_slow}
  0x00000181d09fcf3c: 24e8 3efc | 800f e927 

  0x00000181d09fcf44: ;   {metadata({method} {0x0000018180473b88} 'getJavaLangAccess' '()Ljdk/internal/access/JavaLangAccess;' in 'jdk/internal/access/SharedSecrets')}
  0x00000181d09fcf44: faff ff49 | ba80 3b47 | 8081 0100 | 004c 8954 | 2408 48c7 | 0424 ffff 

  0x00000181d09fcf5c: ;   {runtime_call counter_overflow Runtime1 stub}
  0x00000181d09fcf5c: ffff e81d 

  0x00000181d09fcf60: ; ImmutableOopMap {rax=Oop rdi=Oop rbx=Oop rdx=Oop [152]=Oop [168]=Oop [184]=Oop }
                      ;*synchronization entry
                      ; - jdk.internal.access.SharedSecrets::getJavaLangAccess@-1
                      ; - java.lang.invoke.MethodHandles$Lookup$ClassDefiner::defineClass@35
  0x00000181d09fcf60: 0581 0fe9 | 87fa ffff 

  0x00000181d09fcf68: ;   {runtime_call throw_incompatible_class_change_error Runtime1 stub}
  0x00000181d09fcf68: e893 f277 

  0x00000181d09fcf6c: ; ImmutableOopMap {rax=Oop rdi=Oop rbx=Oop r14=Oop rsi=Oop rcx=Oop [152]=Oop [168]=Oop [184]=Oop }
                      ;*invokeinterface defineClass {reexecute=0 rethrow=0 return_oop=0}
                      ; - java.lang.invoke.MethodHandles$Lookup$ClassDefiner::defineClass@57
                      ;   {runtime_call throw_null_pointer_exception Runtime1 stub}
  0x00000181d09fcf6c: 0fe8 8e19 

  0x00000181d09fcf70: ; ImmutableOopMap {rax=Oop rdi=Oop rbx=Oop r14=Oop rsi=Oop rcx=Oop [152]=Oop [168]=Oop [184]=Oop }
                      ;*invokeinterface defineClass {reexecute=0 rethrow=0 return_oop=0}
                      ; - java.lang.invoke.MethodHandles$Lookup$ClassDefiner::defineClass@57
                      ;   {runtime_call throw_null_pointer_exception Runtime1 stub}
  0x00000181d09fcf70: 780f e889 

  0x00000181d09fcf74: ; ImmutableOopMap {rax=Oop rdx=Oop rsi=Oop [152]=Oop }
                      ;*invokevirtual isEnabled {reexecute=0 rethrow=0 return_oop=0}
                      ; - java.lang.invoke.MethodHandles$Lookup$ClassDefiner::defineClass@105
                      ;   {runtime_call throw_null_pointer_exception Runtime1 stub}
  0x00000181d09fcf74: 1978 0fe8 

  0x00000181d09fcf78: ; ImmutableOopMap {rdx=Oop rax=Oop rsi=Oop [152]=Oop }
                      ;*invokevirtual isEnabled {reexecute=0 rethrow=0 return_oop=0}
                      ; - java.lang.invoke.MethodHandles$Lookup$ClassDefiner::defineClass@162
  0x00000181d09fcf78: 8419 780f 

  0x00000181d09fcf7c: ;   {internal_word}
  0x00000181d09fcf7c: 49ba adcc | 9fd0 8101 | 0000 4d89 | 9768 0400 

  0x00000181d09fcf8c: ;   {runtime_call SafepointBlob}
  0x00000181d09fcf8c: 00e9 ee84 

  0x00000181d09fcf90: ;   {internal_word}
  0x00000181d09fcf90: 750f 49ba | 04cd 9fd0 | 8101 0000 | 4d89 9768 

  0x00000181d09fcfa0: ;   {runtime_call SafepointBlob}
  0x00000181d09fcfa0: 0400 00e9 | d884 750f | 498b 8700 | 0500 0049 | c787 0005 | 0000 0000 | 0000 49c7 | 8708 0500 
  0x00000181d09fcfc0: 0000 0000 | 0048 81c4 | e000 0000 

  0x00000181d09fcfcc: ;   {runtime_call unwind_exception Runtime1 stub}
  0x00000181d09fcfcc: 5de9 aee5 | 770f f4f4 | f4f4 f4f4 
[Stub Code]
  0x00000181d09fcfd8: ;   {no_reloc}
  0x00000181d09fcfd8: 0f1f 4400 

  0x00000181d09fcfdc: ;   {static_stub}
  0x00000181d09fcfdc: 0048 bb00 | 0000 0000 

  0x00000181d09fcfe4: ;   {runtime_call nmethod}
  0x00000181d09fcfe4: 0000 00e9 | fbff ffff 

  0x00000181d09fcfec: ;   {static_stub}
  0x00000181d09fcfec: 48bb 487b | 4680 8101 

  0x00000181d09fcff4: ;   {runtime_call I2C/C2I adapters}
  0x00000181d09fcff4: 0000 e968 

  0x00000181d09fcff8: ;   {static_stub}
  0x00000181d09fcff8: 6475 0f48 | bb00 0000 | 0000 0000 

  0x00000181d09fd004: ;   {runtime_call nmethod}
  0x00000181d09fd004: 00e9 fbff 

  0x00000181d09fd008: ;   {static_stub}
  0x00000181d09fd008: ffff 48bb | 0000 0000 | 0000 0000 

  0x00000181d09fd014: ;   {runtime_call nmethod}
  0x00000181d09fd014: e9fb ffff 

  0x00000181d09fd018: ;   {runtime_call handle_exception_from_callee Runtime1 stub}
  0x00000181d09fd018: ffe8 e2fa 

  0x00000181d09fd01c: ;   {external_word}
  0x00000181d09fd01c: 770f 48b9 | 5063 afef | fc7f 0000 | 4883 e4f0 

  0x00000181d09fd02c: ;   {runtime_call}
  0x00000181d09fd02c: 48b8 c0c9 | 71ef fc7f | 0000 ffd0 

  0x00000181d09fd038: ;   {section_word}
  0x00000181d09fd038: f449 ba39 | d09f d081 | 0100 0041 

  0x00000181d09fd044: ;   {runtime_call DeoptimizationBlob}
  0x00000181d09fd044: 52e9 d676 | 750f f4f4 | f4f4 f4f4 
[/MachCode]


---------------  P R O C E S S  ---------------

Threads class SMR info:
_java_thread_list=0x00000181c7b8fc30, length=36, elements={
0x00000181cb991b20, 0x00000181febedd50, 0x00000181febf09c0, 0x00000181febf38c0,
0x00000181febf6330, 0x00000181febf7120, 0x00000181febfbe20, 0x00000181febfcbb0,
0x00000181fec36ab0, 0x00000181feea69b0, 0x00000181feed1af0, 0x00000181c5fe3f60,
0x00000181c5fb5e00, 0x00000181c5575600, 0x00000181fec2a420, 0x00000181c5575c70,
0x00000181ff36c230, 0x00000181c55a5a60, 0x00000181c55a60f0, 0x00000181c55a4d40,
0x00000181c5376ff0, 0x00000181c5375c40, 0x00000181c5374200, 0x00000181c5376960,
0x00000181c5373b70, 0x00000181c53783a0, 0x00000181c537ab00, 0x00000181c537b190,
0x00000181c5379de0, 0x00000181c5378a30, 0x00000181c5379750, 0x00000181c53790c0,
0x00000181c6f2ffa0, 0x00000181c6f2e560, 0x00000181c6f400e0, 0x00000181c6f3fa10
}

Java Threads: ( => current thread )
  0x00000181cb991b20 JavaThread "main"                              [_thread_blocked, id=70984, stack(0x0000001dc7900000,0x0000001dc7a00000) (1024K)]
  0x00000181febedd50 JavaThread "Reference Handler"          daemon [_thread_blocked, id=18376, stack(0x0000001dc8100000,0x0000001dc8200000) (1024K)]
  0x00000181febf09c0 JavaThread "Finalizer"                  daemon [_thread_blocked, id=5072, stack(0x0000001dc8200000,0x0000001dc8300000) (1024K)]
  0x00000181febf38c0 JavaThread "Signal Dispatcher"          daemon [_thread_blocked, id=28180, stack(0x0000001dc8300000,0x0000001dc8400000) (1024K)]
  0x00000181febf6330 JavaThread "Attach Listener"            daemon [_thread_blocked, id=61768, stack(0x0000001dc8400000,0x0000001dc8500000) (1024K)]
  0x00000181febf7120 JavaThread "Service Thread"             daemon [_thread_blocked, id=55424, stack(0x0000001dc8500000,0x0000001dc8600000) (1024K)]
  0x00000181febfbe20 JavaThread "Monitor Deflation Thread"   daemon [_thread_blocked, id=72632, stack(0x0000001dc8600000,0x0000001dc8700000) (1024K)]
  0x00000181febfcbb0 JavaThread "C2 CompilerThread0"         daemon [_thread_blocked, id=37544, stack(0x0000001dc8700000,0x0000001dc8800000) (1024K)]
  0x00000181fec36ab0 JavaThread "C1 CompilerThread0"         daemon [_thread_blocked, id=29116, stack(0x0000001dc8800000,0x0000001dc8900000) (1024K)]
  0x00000181feea69b0 JavaThread "Common-Cleaner"             daemon [_thread_blocked, id=36272, stack(0x0000001dc8a00000,0x0000001dc8b00000) (1024K)]
  0x00000181feed1af0 JavaThread "Notification Thread"        daemon [_thread_blocked, id=57776, stack(0x0000001dc8b00000,0x0000001dc8c00000) (1024K)]
  0x00000181c5fe3f60 JavaThread "Daemon health stats"               [_thread_blocked, id=72756, stack(0x0000001dc8c00000,0x0000001dc8d00000) (1024K)]
  0x00000181c5fb5e00 JavaThread "Incoming local TCP Connector on port 25168"        [_thread_in_native, id=73208, stack(0x0000001dc9400000,0x0000001dc9500000) (1024K)]
  0x00000181c5575600 JavaThread "Daemon periodic checks"            [_thread_blocked, id=73368, stack(0x0000001dc9500000,0x0000001dc9600000) (1024K)]
  0x00000181fec2a420 JavaThread "Daemon"                            [_thread_blocked, id=73100, stack(0x0000001dc9600000,0x0000001dc9700000) (1024K)]
  0x00000181c5575c70 JavaThread "Handler for socket connection from /127.0.0.1:25168 to /127.0.0.1:25170"        [_thread_in_native, id=73432, stack(0x0000001dc9700000,0x0000001dc9800000) (1024K)]
  0x00000181ff36c230 JavaThread "Cancel handler"                    [_thread_blocked, id=48188, stack(0x0000001dc9800000,0x0000001dc9900000) (1024K)]
=>0x00000181c55a5a60 JavaThread "Daemon worker"                     [_thread_in_vm, id=57412, stack(0x0000001dc9900000,0x0000001dc9a00000) (1024K)]
  0x00000181c55a60f0 JavaThread "Asynchronous log dispatcher for DefaultDaemonConnection: socket connection from /127.0.0.1:25168 to /127.0.0.1:25170"        [_thread_blocked, id=73596, stack(0x0000001dc9a00000,0x0000001dc9b00000) (1024K)]
  0x00000181c55a4d40 JavaThread "Stdin handler"                     [_thread_blocked, id=73552, stack(0x0000001dc9b00000,0x0000001dc9c00000) (1024K)]
  0x00000181c5376ff0 JavaThread "Daemon client event forwarder"        [_thread_blocked, id=73604, stack(0x0000001dc9c00000,0x0000001dc9d00000) (1024K)]
  0x00000181c5375c40 JavaThread "Cache worker for journal cache (C:\Users\AJI\.gradle\caches\journal-1)"        [_thread_blocked, id=70648, stack(0x0000001dca600000,0x0000001dca700000) (1024K)]
  0x00000181c5374200 JavaThread "File lock request listener"        [_thread_in_native, id=72724, stack(0x0000001dca700000,0x0000001dca800000) (1024K)]
  0x00000181c5376960 JavaThread "File lock release action executor"        [_thread_blocked, id=73792, stack(0x0000001dca800000,0x0000001dca900000) (1024K)]
  0x00000181c5373b70 JavaThread "Cache worker for file hash cache (C:\Users\AJI\.gradle\caches\9.1.0\fileHashes)"        [_thread_blocked, id=73964, stack(0x0000001dca900000,0x0000001dcaa00000) (1024K)]
  0x00000181c53783a0 JavaThread "Cache worker for file hash cache (C:\Users\AJI\Documents\Gostriders\gostriders\android\.gradle\9.1.0\fileHashes)"        [_thread_blocked, id=74516, stack(0x0000001dcab00000,0x0000001dcac00000) (1024K)]
  0x00000181c537ab00 JavaThread "Cache worker for Build Output Cleanup Cache (C:\Users\AJI\Documents\Gostriders\gostriders\android\.gradle\buildOutputCleanup)"        [_thread_blocked, id=1828, stack(0x0000001dcac00000,0x0000001dcad00000) (1024K)]
  0x00000181c537b190 JavaThread "File watcher server"        daemon [_thread_in_native, id=68216, stack(0x0000001dcad00000,0x0000001dcae00000) (1024K)]
  0x00000181c5379de0 JavaThread "File watcher consumer"      daemon [_thread_blocked, id=68816, stack(0x0000001dcae00000,0x0000001dcaf00000) (1024K)]
  0x00000181c5378a30 JavaThread "Cache worker for checksums cache (C:\Users\AJI\Documents\Gostriders\gostriders\android\.gradle\9.1.0\checksums)"        [_thread_blocked, id=69884, stack(0x0000001dcaf00000,0x0000001dcb000000) (1024K)]
  0x00000181c5379750 JavaThread "Cache worker for file content cache (C:\Users\AJI\.gradle\caches\9.1.0\fileContent)"        [_thread_blocked, id=44648, stack(0x0000001dcb000000,0x0000001dcb100000) (1024K)]
  0x00000181c53790c0 JavaThread "Cache worker for cache directory md-supplier (C:\Users\AJI\.gradle\caches\9.1.0\md-supplier)"        [_thread_blocked, id=54192, stack(0x0000001dcb100000,0x0000001dcb200000) (1024K)]
  0x00000181c6f2ffa0 JavaThread "Cache worker for cache directory md-rule (C:\Users\AJI\.gradle\caches\9.1.0\md-rule)"        [_thread_blocked, id=70144, stack(0x0000001dcb200000,0x0000001dcb300000) (1024K)]
  0x00000181c6f2e560 JavaThread "Cache worker for Build Output Cleanup Cache (C:\Users\AJI\develop\flutter\packages\flutter_tools\gradle\.gradle\buildOutputCleanup)"        [_thread_blocked, id=71828, stack(0x0000001dc7600000,0x0000001dc7700000) (1024K)]
  0x00000181c6f400e0 JavaThread "C1 CompilerThread1"         daemon [_thread_blocked, id=52016, stack(0x0000001dc7700000,0x0000001dc7800000) (1024K)]
  0x00000181c6f3fa10 JavaThread "C2 CompilerThread1"         daemon [_thread_blocked, id=78276, stack(0x0000001dc7800000,0x0000001dc7900000) (1024K)]
Total: 36

Other Threads:
  0x00000181febd3c00 VMThread "VM Thread"                           [id=72048, stack(0x0000001dc8000000,0x0000001dc8100000) (1024K)]
  0x00000181fbbd4200 WatcherThread "VM Periodic Task Thread"        [id=72044, stack(0x0000001dc7f00000,0x0000001dc8000000) (1024K)]
  0x00000181cba3d6a0 WorkerThread "GC Thread#0"                     [id=55168, stack(0x0000001dc7a00000,0x0000001dc7b00000) (1024K)]
  0x00000181fefce690 WorkerThread "GC Thread#1"                     [id=72292, stack(0x0000001dc8d00000,0x0000001dc8e00000) (1024K)]
  0x00000181fefcea40 WorkerThread "GC Thread#2"                     [id=72476, stack(0x0000001dc8e00000,0x0000001dc8f00000) (1024K)]
  0x00000181ff00c060 WorkerThread "GC Thread#3"                     [id=72504, stack(0x0000001dc8f00000,0x0000001dc9000000) (1024K)]
  0x00000181ff00c410 WorkerThread "GC Thread#4"                     [id=72028, stack(0x0000001dc9000000,0x0000001dc9100000) (1024K)]
  0x00000181ff148550 WorkerThread "GC Thread#5"                     [id=72484, stack(0x0000001dc9100000,0x0000001dc9200000) (1024K)]
  0x00000181c5ecf0b0 WorkerThread "GC Thread#6"                     [id=73332, stack(0x0000001dc9d00000,0x0000001dc9e00000) (1024K)]
  0x00000181c5ecf460 WorkerThread "GC Thread#7"                     [id=72944, stack(0x0000001dc9e00000,0x0000001dc9f00000) (1024K)]
  0x00000181fefe7170 WorkerThread "GC Thread#8"                     [id=72940, stack(0x0000001dc9f00000,0x0000001dca000000) (1024K)]
  0x00000181fefe7520 WorkerThread "GC Thread#9"                     [id=73124, stack(0x0000001dca000000,0x0000001dca100000) (1024K)]
  0x00000181fecb6a70 WorkerThread "GC Thread#10"                    [id=35644, stack(0x0000001dca100000,0x0000001dca200000) (1024K)]
  0x00000181fecb71d0 WorkerThread "GC Thread#11"                    [id=64796, stack(0x0000001dca200000,0x0000001dca300000) (1024K)]
  0x00000181fecb6e20 WorkerThread "GC Thread#12"                    [id=73152, stack(0x0000001dca300000,0x0000001dca400000) (1024K)]
  0x00000181fecb7580 WorkerThread "GC Thread#13"                    [id=17548, stack(0x0000001dca400000,0x0000001dca500000) (1024K)]
  0x00000181fecb8090 WorkerThread "GC Thread#14"                    [id=73724, stack(0x0000001dca500000,0x0000001dca600000) (1024K)]
  0x00000181fb9e0080 ConcurrentGCThread "G1 Main Marker"            [id=61988, stack(0x0000001dc7b00000,0x0000001dc7c00000) (1024K)]
  0x00000181fb9e17c0 WorkerThread "G1 Conc#0"                       [id=55592, stack(0x0000001dc7c00000,0x0000001dc7d00000) (1024K)]
  0x00000181c7b59cf0 WorkerThread "G1 Conc#1"                       [id=72136, stack(0x0000001dc8900000,0x0000001dc8a00000) (1024K)]
  0x00000181c7b5be20 WorkerThread "G1 Conc#2"                       [id=29092, stack(0x0000001dc9200000,0x0000001dc9300000) (1024K)]
  0x00000181c7b5b6c0 WorkerThread "G1 Conc#3"                       [id=40804, stack(0x0000001dc9300000,0x0000001dc9400000) (1024K)]
  0x00000181fbaa5c70 ConcurrentGCThread "G1 Refine#0"               [id=72004, stack(0x0000001dc7d00000,0x0000001dc7e00000) (1024K)]
  0x00000181fbaa65a0 ConcurrentGCThread "G1 Service"                [id=48668, stack(0x0000001dc7e00000,0x0000001dc7f00000) (1024K)]
Total: 24

Threads with active compile tasks:
Total: 0

VM state: not at safepoint (normal execution)

VM Mutex/Monitor currently owned by a thread:  ([mutex/lock_event])
[0x00007ffcefdad530] Metaspace_lock - owner thread: 0x00000181c55a5a60

Heap address: 0x0000000600000000, size: 8192 MB, Compressed Oops mode: Zero based, Oop shift amount: 3

CDS archive(s) mapped at: [0x0000018180000000-0x0000018180ba0000-0x0000018180ba0000), size 12189696, SharedBaseAddress: 0x0000018180000000, ArchiveRelocationMode: 1.
Compressed class space mapped at: 0x0000018181000000-0x00000181c1000000, reserved size: 1073741824
Narrow klass base: 0x0000018180000000, Narrow klass shift: 0, Narrow klass range: 0x100000000

GC Precious Log:
 CardTable entry size: 512
 Card Set container configuration: InlinePtr #cards 4 size 8 Array Of Cards #cards 32 size 80 Howl #buckets 8 coarsen threshold 7372 Howl Bitmap #cards 1024 size 144 coarsen threshold 921 Card regions per heap region 1 cards per card region 8192
 CPUs: 20 total, 20 available
 Memory: 16068M
 Large Page Support: Disabled
 NUMA Support: Disabled
 Compressed Oops: Enabled (Zero based)
 Heap Region Size: 4M
 Heap Min Capacity: 8M
 Heap Initial Capacity: 252M
 Heap Max Capacity: 8G
 Pre-touch: Disabled
 Parallel Workers: 15
 Concurrent Workers: 4
 Concurrent Refinement Workers: 15
 Periodic GC: Disabled

Heap:
 garbage-first heap   total 110592K, used 79063K [0x0000000600000000, 0x0000000800000000)
  region size 4096K, 14 young (57344K), 2 survivors (8192K)
 Metaspace       used 46358K, committed 48000K, reserved 1114112K
  class space    used 6831K, committed 7616K, reserved 1048576K

Heap Regions: E=young(eden), S=young(survivor), O=old, HS=humongous(starts), HC=humongous(continues), CS=collection set, F=free, TAMS=top-at-mark-start, PB=parsable bottom
|   0|0x0000000600000000, 0x0000000600400000, 0x0000000600400000|100%|HS|  |TAMS 0x0000000600000000| PB 0x0000000600000000| Complete 
|   1|0x0000000600400000, 0x0000000600800000, 0x0000000600800000|100%| O|  |TAMS 0x0000000600400000| PB 0x0000000600400000| Untracked 
|   2|0x0000000600800000, 0x0000000600c00000, 0x0000000600c00000|100%| O|  |TAMS 0x0000000600800000| PB 0x0000000600800000| Untracked 
|   3|0x0000000600c00000, 0x0000000600c00000, 0x0000000601000000|  0%| F|  |TAMS 0x0000000600c00000| PB 0x0000000600c00000| Untracked 
|   4|0x0000000601000000, 0x0000000601400000, 0x0000000601400000|100%| O|  |TAMS 0x0000000601000000| PB 0x0000000601000000| Untracked 
|   5|0x0000000601400000, 0x0000000601400000, 0x0000000601800000|  0%| F|  |TAMS 0x0000000601400000| PB 0x0000000601400000| Untracked 
|   6|0x0000000601800000, 0x0000000601800000, 0x0000000601c00000|  0%| F|  |TAMS 0x0000000601800000| PB 0x0000000601800000| Untracked 
|   7|0x0000000601c00000, 0x0000000601d13d78, 0x0000000602000000| 26%| O|  |TAMS 0x0000000601c00000| PB 0x0000000601c00000| Untracked 
|   8|0x0000000602000000, 0x00000006020221e0, 0x0000000602400000|  3%| S|CS|TAMS 0x0000000602000000| PB 0x0000000602000000| Complete 
|   9|0x0000000602400000, 0x0000000602800000, 0x0000000602800000|100%| S|CS|TAMS 0x0000000602400000| PB 0x0000000602400000| Complete 
|  10|0x0000000602800000, 0x0000000602800000, 0x0000000602c00000|  0%| F|  |TAMS 0x0000000602800000| PB 0x0000000602800000| Untracked 
|  11|0x0000000602c00000, 0x0000000602c00000, 0x0000000603000000|  0%| F|  |TAMS 0x0000000602c00000| PB 0x0000000602c00000| Untracked 
|  12|0x0000000603000000, 0x00000006030e3f98, 0x0000000603400000| 22%| E|  |TAMS 0x0000000603000000| PB 0x0000000603000000| Complete 
|  13|0x0000000603400000, 0x0000000603800000, 0x0000000603800000|100%| E|CS|TAMS 0x0000000603400000| PB 0x0000000603400000| Complete 
|  14|0x0000000603800000, 0x0000000603c00000, 0x0000000603c00000|100%| E|CS|TAMS 0x0000000603800000| PB 0x0000000603800000| Complete 
|  15|0x0000000603c00000, 0x0000000604000000, 0x0000000604000000|100%| E|CS|TAMS 0x0000000603c00000| PB 0x0000000603c00000| Complete 
|  16|0x0000000604000000, 0x0000000604400000, 0x0000000604400000|100%| E|CS|TAMS 0x0000000604000000| PB 0x0000000604000000| Complete 
|  17|0x0000000604400000, 0x0000000604800000, 0x0000000604800000|100%| E|CS|TAMS 0x0000000604400000| PB 0x0000000604400000| Complete 
|  18|0x0000000604800000, 0x0000000604c00000, 0x0000000604c00000|100%| E|CS|TAMS 0x0000000604800000| PB 0x0000000604800000| Complete 
|  19|0x0000000604c00000, 0x0000000605000000, 0x0000000605000000|100%| E|CS|TAMS 0x0000000604c00000| PB 0x0000000604c00000| Complete 
|  20|0x0000000605000000, 0x0000000605400000, 0x0000000605400000|100%| E|CS|TAMS 0x0000000605000000| PB 0x0000000605000000| Complete 
|  48|0x000000060c000000, 0x000000060c400000, 0x000000060c400000|100%| E|CS|TAMS 0x000000060c000000| PB 0x000000060c000000| Complete 
|  49|0x000000060c400000, 0x000000060c800000, 0x000000060c800000|100%| E|CS|TAMS 0x000000060c400000| PB 0x000000060c400000| Complete 
|  62|0x000000060f800000, 0x000000060fc00000, 0x000000060fc00000|100%| E|CS|TAMS 0x000000060f800000| PB 0x000000060f800000| Complete 
|2045|0x00000007ff400000, 0x00000007ff800000, 0x00000007ff800000|100%| O|  |TAMS 0x00000007ff400000| PB 0x00000007ff400000| Untracked 
|2046|0x00000007ff800000, 0x00000007ffc00000, 0x00000007ffc00000|100%| O|  |TAMS 0x00000007ff800000| PB 0x00000007ff800000| Untracked 
|2047|0x00000007ffc00000, 0x0000000800000000, 0x0000000800000000|100%| O|  |TAMS 0x00000007ffc00000| PB 0x00000007ffc00000| Untracked 

Card table byte_map: [0x00000181f28d0000,0x00000181f38d0000] _byte_map_base: 0x00000181ef8d0000

Marking Bits: (CMBitMap*) 0x00000181cba3dcc0
 Bits: [0x00000181f38d0000, 0x00000181fb8d0000)

Polling page: 0x00000181cb690000

Metaspace:

Usage:
  Non-class:     38.60 MB used.
      Class:      6.67 MB used.
       Both:     45.27 MB used.

Virtual space:
  Non-class space:       64.00 MB reserved,      39.44 MB ( 62%) committed,  1 nodes.
      Class space:        1.00 GB reserved,       7.44 MB ( <1%) committed,  1 nodes.
             Both:        1.06 GB reserved,      46.88 MB (  4%) committed. 

Chunk freelists:
   Non-Class:  7.72 MB
       Class:  8.42 MB
        Both:  16.14 MB

MaxMetaspaceSize: 4.00 GB
CompressedClassSpaceSize: 1.00 GB
Initial GC threshold: 21.00 MB
Current GC threshold: 59.38 MB
CDS: on
 - commit_granule_bytes: 65536.
 - commit_granule_words: 8192.
 - virtual_space_node_default_size: 8388608.
 - enlarge_chunks_in_place: 1.
 - use_allocation_guard: 0.


Internal statistics:

num_allocs_failed_limit: 9.
num_arena_births: 3054.
num_arena_deaths: 0.
num_vsnodes_births: 2.
num_vsnodes_deaths: 0.
num_space_committed: 750.
num_space_uncommitted: 0.
num_chunks_returned_to_freelist: 9.
num_chunks_taken_from_freelist: 5379.
num_chunk_merges: 3.
num_chunk_splits: 3459.
num_chunks_enlarged: 2096.
num_inconsistent_stats: 0.

CodeHeap 'non-profiled nmethods': size=258432Kb used=3314Kb max_used=3314Kb free=255117Kb
 bounds [0x00000181e0850000, 0x00000181e0b90000, 0x00000181f04b0000]
CodeHeap 'profiled nmethods': size=258368Kb used=10680Kb max_used=10680Kb free=247688Kb
 bounds [0x00000181d04b0000, 0x00000181d0f20000, 0x00000181e0100000]
CodeHeap 'non-nmethods': size=7488Kb used=2430Kb max_used=3133Kb free=5058Kb
 bounds [0x00000181e0100000, 0x00000181e0420000, 0x00000181e0850000]
CodeCache: size=524288Kb, used=16424Kb, max_used=17127Kb, free=507863Kb
 total_blobs=6183, nmethods=5448, adapters=637, full_count=0
Compilation: enabled, stopped_count=0, restarted_count=0

Compilation events (20 events):
Event: 111.498 Thread 0x00000181fec36ab0 nmethod 5959 0x00000181d0f1a590 code [0x00000181d0f1a740, 0x00000181d0f1a920]
Event: 111.499 Thread 0x00000181c6f400e0 nmethod 5960 0x00000181d0f1aa10 code [0x00000181d0f1ad40, 0x00000181d0f1c238]
Event: 111.508 Thread 0x00000181c6f400e0 5961       1       org.gradle.api.internal.artifacts.ivyservice.resolveengine.graph.builder.SelectorState::getVersionConstraint (5 bytes)
Event: 111.508 Thread 0x00000181c6f400e0 nmethod 5961 0x00000181e0b8b690 code [0x00000181e0b8b820, 0x00000181e0b8b8f0]
Event: 111.508 Thread 0x00000181c6f400e0 5962       1       org.gradle.api.internal.artifacts.ivyservice.resolveengine.graph.builder.SelectorState::getTargetModule (5 bytes)
Event: 111.508 Thread 0x00000181c6f400e0 nmethod 5962 0x00000181e0b8b990 code [0x00000181e0b8bb20, 0x00000181e0b8bbf0]
Event: 111.508 Thread 0x00000181c6f400e0 5963       3       org.gradle.internal.model.InMemoryCacheFactory$DefaultLoadingCache::get (32 bytes)
Event: 111.508 Thread 0x00000181c6f400e0 nmethod 5963 0x00000181d0f1c710 code [0x00000181d0f1c8e0, 0x00000181d0f1cc08]
Event: 111.511 Thread 0x00000181fec36ab0 5964       3       java.lang.Boolean::hashCode (14 bytes)
Event: 111.511 Thread 0x00000181fec36ab0 nmethod 5964 0x00000181d0f1cd10 code [0x00000181d0f1cec0, 0x00000181d0f1d020]
Event: 111.513 Thread 0x00000181fec36ab0 5965       1       org.gradle.internal.component.external.model.GradleDependencyMetadata::isConstraint (5 bytes)
Event: 111.514 Thread 0x00000181fec36ab0 nmethod 5965 0x00000181e0b8bc90 code [0x00000181e0b8be20, 0x00000181e0b8bef0]
Event: 111.522 Thread 0x00000181fec36ab0 5966       1       org.gradle.internal.component.external.model.GradleDependencyMetadata::isEndorsingStrictVersions (5 bytes)
Event: 111.522 Thread 0x00000181fec36ab0 nmethod 5966 0x00000181e0b8bf90 code [0x00000181e0b8c120, 0x00000181e0b8c1f0]
Event: 111.523 Thread 0x00000181c6f400e0 5967       1       org.gradle.internal.component.external.model.DefaultModuleComponentSelector::hashCode (5 bytes)
Event: 111.523 Thread 0x00000181c6f400e0 nmethod 5967 0x00000181e0b8c290 code [0x00000181e0b8c420, 0x00000181e0b8c4e8]
Event: 111.545 Thread 0x00000181c6f400e0 5968       3       org.gradle.internal.time.DefaultCountdownTimer::<init> (30 bytes)
Event: 111.545 Thread 0x00000181c6f400e0 nmethod 5968 0x00000181d0f1d090 code [0x00000181d0f1d280, 0x00000181d0f1d7d0]
Event: 111.565 Thread 0x00000181c6f400e0 5969       3       java.util.LinkedList::node (65 bytes)
Event: 111.565 Thread 0x00000181c6f400e0 nmethod 5969 0x00000181d0f1da10 code [0x00000181d0f1dbe0, 0x00000181d0f1deb8]

GC Heap History (18 events):
Event: 0.534 GC heap before
{Heap before GC invocations=0 (full 0):
 garbage-first heap   total 258048K, used 20480K [0x0000000600000000, 0x0000000800000000)
  region size 4096K, 5 young (20480K), 0 survivors (0K)
 Metaspace       used 884K, committed 1024K, reserved 1114112K
  class space    used 71K, committed 128K, reserved 1048576K
}
Event: 0.547 GC heap after
{Heap after GC invocations=1 (full 0):
 garbage-first heap   total 258048K, used 1520K [0x0000000600000000, 0x0000000800000000)
  region size 4096K, 1 young (4096K), 1 survivors (4096K)
 Metaspace       used 884K, committed 1024K, reserved 1114112K
  class space    used 71K, committed 128K, reserved 1048576K
}
Event: 2.124 GC heap before
{Heap before GC invocations=1 (full 0):
 garbage-first heap   total 258048K, used 46576K [0x0000000600000000, 0x0000000800000000)
  region size 4096K, 11 young (45056K), 1 survivors (4096K)
 Metaspace       used 4599K, committed 4800K, reserved 1114112K
  class space    used 581K, committed 704K, reserved 1048576K
}
Event: 2.129 GC heap after
{Heap after GC invocations=2 (full 0):
 garbage-first heap   total 258048K, used 11453K [0x0000000600000000, 0x0000000800000000)
  region size 4096K, 2 young (8192K), 2 survivors (8192K)
 Metaspace       used 4599K, committed 4800K, reserved 1114112K
  class space    used 581K, committed 704K, reserved 1048576K
}
Event: 6.307 GC heap before
{Heap before GC invocations=2 (full 0):
 garbage-first heap   total 258048K, used 97469K [0x0000000600000000, 0x0000000800000000)
  region size 4096K, 24 young (98304K), 2 survivors (8192K)
 Metaspace       used 13909K, committed 14336K, reserved 1114112K
  class space    used 1921K, committed 2112K, reserved 1048576K
}
Event: 6.322 GC heap after
{Heap after GC invocations=3 (full 0):
 garbage-first heap   total 258048K, used 20908K [0x0000000600000000, 0x0000000800000000)
  region size 4096K, 3 young (12288K), 3 survivors (12288K)
 Metaspace       used 13909K, committed 14336K, reserved 1114112K
  class space    used 1921K, committed 2112K, reserved 1048576K
}
Event: 24.040 GC heap before
{Heap before GC invocations=3 (full 0):
 garbage-first heap   total 258048K, used 70060K [0x0000000600000000, 0x0000000800000000)
  region size 4096K, 16 young (65536K), 3 survivors (12288K)
 Metaspace       used 20912K, committed 21504K, reserved 1114112K
  class space    used 2889K, committed 3136K, reserved 1048576K
}
Event: 24.050 GC heap after
{Heap after GC invocations=4 (full 0):
 garbage-first heap   total 258048K, used 23642K [0x0000000600000000, 0x0000000800000000)
  region size 4096K, 4 young (16384K), 4 survivors (16384K)
 Metaspace       used 20912K, committed 21504K, reserved 1114112K
  class space    used 2889K, committed 3136K, reserved 1048576K
}
Event: 26.950 GC heap before
{Heap before GC invocations=5 (full 0):
 garbage-first heap   total 98304K, used 93274K [0x0000000600000000, 0x0000000800000000)
  region size 4096K, 21 young (86016K), 4 survivors (16384K)
 Metaspace       used 29472K, committed 30592K, reserved 1114112K
  class space    used 4271K, committed 4800K, reserved 1048576K
}
Event: 26.959 GC heap after
{Heap after GC invocations=6 (full 0):
 garbage-first heap   total 118784K, used 27368K [0x0000000600000000, 0x0000000800000000)
  region size 4096K, 2 young (8192K), 2 survivors (8192K)
 Metaspace       used 29472K, committed 30592K, reserved 1114112K
  class space    used 4271K, committed 4800K, reserved 1048576K
}
Event: 28.366 GC heap before
{Heap before GC invocations=6 (full 0):
 garbage-first heap   total 118784K, used 60136K [0x0000000600000000, 0x0000000800000000)
  region size 4096K, 12 young (49152K), 2 survivors (8192K)
 Metaspace       used 34790K, committed 36096K, reserved 1114112K
  class space    used 4955K, committed 5632K, reserved 1048576K
}
Event: 28.371 GC heap after
{Heap after GC invocations=7 (full 0):
 garbage-first heap   total 118784K, used 30114K [0x0000000600000000, 0x0000000800000000)
  region size 4096K, 3 young (12288K), 3 survivors (12288K)
 Metaspace       used 34790K, committed 36096K, reserved 1114112K
  class space    used 4955K, committed 5632K, reserved 1048576K
}
Event: 28.440 GC heap before
{Heap before GC invocations=7 (full 0):
 garbage-first heap   total 118784K, used 30114K [0x0000000600000000, 0x0000000800000000)
  region size 4096K, 4 young (16384K), 3 survivors (12288K)
 Metaspace       used 35138K, committed 36416K, reserved 1114112K
  class space    used 5000K, committed 5632K, reserved 1048576K
}
Event: 28.444 GC heap after
{Heap after GC invocations=8 (full 0):
 garbage-first heap   total 118784K, used 30944K [0x0000000600000000, 0x0000000800000000)
  region size 4096K, 2 young (8192K), 2 survivors (8192K)
 Metaspace       used 35138K, committed 36416K, reserved 1114112K
  class space    used 5000K, committed 5632K, reserved 1048576K
}
Event: 84.257 GC heap before
{Heap before GC invocations=9 (full 0):
 garbage-first heap   total 110592K, used 92384K [0x0000000600000000, 0x0000000800000000)
  region size 4096K, 17 young (69632K), 2 survivors (8192K)
 Metaspace       used 38801K, committed 40256K, reserved 1114112K
  class space    used 5628K, committed 6336K, reserved 1048576K
}
Event: 84.309 GC heap after
{Heap after GC invocations=10 (full 0):
 garbage-first heap   total 110592K, used 32944K [0x0000000600000000, 0x0000000800000000)
  region size 4096K, 2 young (8192K), 2 survivors (8192K)
 Metaspace       used 38801K, committed 40256K, reserved 1114112K
  class space    used 5628K, committed 6336K, reserved 1048576K
}
Event: 106.571 GC heap before
{Heap before GC invocations=10 (full 0):
 garbage-first heap   total 110592K, used 90288K [0x0000000600000000, 0x0000000800000000)
  region size 4096K, 16 young (65536K), 2 survivors (8192K)
 Metaspace       used 41877K, committed 43456K, reserved 1114112K
  class space    used 6134K, committed 6912K, reserved 1048576K
}
Event: 106.584 GC heap after
{Heap after GC invocations=11 (full 0):
 garbage-first heap   total 110592K, used 34007K [0x0000000600000000, 0x0000000800000000)
  region size 4096K, 2 young (8192K), 2 survivors (8192K)
 Metaspace       used 41877K, committed 43456K, reserved 1114112K
  class space    used 6134K, committed 6912K, reserved 1048576K
}

Dll operation events (20 events):
Event: 0.135 Attempting to load shared library C:\Users\AJI\.vscode\extensions\redhat.java-1.56.0-win32-x64\jre\21.0.12.1-win32-x86_64\bin\nio.dll
Event: 0.136 Loaded shared library C:\Users\AJI\.vscode\extensions\redhat.java-1.56.0-win32-x64\jre\21.0.12.1-win32-x86_64\bin\nio.dll
Event: 0.139 Attempting to load shared library C:\Users\AJI\.vscode\extensions\redhat.java-1.56.0-win32-x64\jre\21.0.12.1-win32-x86_64\bin\zip.dll
Event: 0.139 Loaded shared library C:\Users\AJI\.vscode\extensions\redhat.java-1.56.0-win32-x64\jre\21.0.12.1-win32-x86_64\bin\zip.dll
Event: 0.579 Attempting to load shared library C:\Users\AJI\.vscode\extensions\redhat.java-1.56.0-win32-x64\jre\21.0.12.1-win32-x86_64\bin\jimage.dll
Event: 0.579 Loaded shared library C:\Users\AJI\.vscode\extensions\redhat.java-1.56.0-win32-x64\jre\21.0.12.1-win32-x86_64\bin\jimage.dll
Event: 1.067 Attempting to load shared library C:\Users\AJI\.vscode\extensions\redhat.java-1.56.0-win32-x64\jre\21.0.12.1-win32-x86_64\bin\verify.dll
Event: 1.067 Loaded shared library C:\Users\AJI\.vscode\extensions\redhat.java-1.56.0-win32-x64\jre\21.0.12.1-win32-x86_64\bin\verify.dll
Event: 1.142 Attempting to load shared library C:\Users\AJI\.gradle\native\1def1411415f61bf3af743bc5b6707747c0891f09f0c88961ee8f79bc544acac\windows-amd64\native-platform.dll
Event: 1.145 Loaded shared library C:\Users\AJI\.gradle\native\1def1411415f61bf3af743bc5b6707747c0891f09f0c88961ee8f79bc544acac\windows-amd64\native-platform.dll
Event: 1.162 Attempting to load shared library C:\Users\AJI\.gradle\native\0.2.8\x86_64-windows-gnu\gradle-fileevents.dll
Event: 1.164 Loaded shared library C:\Users\AJI\.gradle\native\0.2.8\x86_64-windows-gnu\gradle-fileevents.dll
Event: 4.280 Attempting to load shared library C:\Users\AJI\.vscode\extensions\redhat.java-1.56.0-win32-x64\jre\21.0.12.1-win32-x86_64\bin\management.dll
Event: 4.281 Loaded shared library C:\Users\AJI\.vscode\extensions\redhat.java-1.56.0-win32-x64\jre\21.0.12.1-win32-x86_64\bin\management.dll
Event: 4.284 Attempting to load shared library C:\Users\AJI\.vscode\extensions\redhat.java-1.56.0-win32-x64\jre\21.0.12.1-win32-x86_64\bin\management_ext.dll
Event: 4.286 Loaded shared library C:\Users\AJI\.vscode\extensions\redhat.java-1.56.0-win32-x64\jre\21.0.12.1-win32-x86_64\bin\management_ext.dll
Event: 4.598 Attempting to load shared library C:\Users\AJI\.vscode\extensions\redhat.java-1.56.0-win32-x64\jre\21.0.12.1-win32-x86_64\bin\extnet.dll
Event: 4.600 Loaded shared library C:\Users\AJI\.vscode\extensions\redhat.java-1.56.0-win32-x64\jre\21.0.12.1-win32-x86_64\bin\extnet.dll
Event: 5.322 Attempting to load shared library C:\Users\AJI\.vscode\extensions\redhat.java-1.56.0-win32-x64\jre\21.0.12.1-win32-x86_64\bin\sunmscapi.dll
Event: 5.324 Loaded shared library C:\Users\AJI\.vscode\extensions\redhat.java-1.56.0-win32-x64\jre\21.0.12.1-win32-x86_64\bin\sunmscapi.dll

Deoptimization events (20 events):
Event: 111.049 Thread 0x00000181c55a5a60 Uncommon trap: trap_request=0xffffffd6 fr.pc=0x00000181e0b04f8c relative=0x00000000000003cc
Event: 111.049 Thread 0x00000181c55a5a60 Uncommon trap: reason=array_check action=maybe_recompile pc=0x00000181e0b04f8c method=java.util.LinkedHashMap.keysToArray([Ljava/lang/Object;Z)[Ljava/lang/Object; @ 67 c2
Event: 111.049 Thread 0x00000181c55a5a60 DEOPT PACKING pc=0x00000181e0b04f8c sp=0x0000001dc99f4670
Event: 111.049 Thread 0x00000181c55a5a60 DEOPT UNPACKING pc=0x00000181e0154422 sp=0x0000001dc99f4610 mode 2
Event: 111.191 Thread 0x00000181c55a5a60 Uncommon trap: trap_request=0xffffffde fr.pc=0x00000181e09894a8 relative=0x00000000000002c8
Event: 111.191 Thread 0x00000181c55a5a60 Uncommon trap: reason=class_check action=maybe_recompile pc=0x00000181e09894a8 method=java.util.Collections$SetFromMap.remove(Ljava/lang/Object;)Z @ 5 c2
Event: 111.191 Thread 0x00000181c55a5a60 DEOPT PACKING pc=0x00000181e09894a8 sp=0x0000001dc99f56b0
Event: 111.191 Thread 0x00000181c55a5a60 DEOPT UNPACKING pc=0x00000181e0154422 sp=0x0000001dc99f5698 mode 2
Event: 111.228 Thread 0x00000181c55a5a60 Uncommon trap: trap_request=0xffffffde fr.pc=0x00000181e09894a8 relative=0x00000000000002c8
Event: 111.228 Thread 0x00000181c55a5a60 Uncommon trap: reason=class_check action=maybe_recompile pc=0x00000181e09894a8 method=java.util.Collections$SetFromMap.remove(Ljava/lang/Object;)Z @ 5 c2
Event: 111.229 Thread 0x00000181c55a5a60 DEOPT PACKING pc=0x00000181e09894a8 sp=0x0000001dc99f5830
Event: 111.229 Thread 0x00000181c55a5a60 DEOPT UNPACKING pc=0x00000181e0154422 sp=0x0000001dc99f5818 mode 2
Event: 111.398 Thread 0x00000181c55a5a60 Uncommon trap: trap_request=0xffffff45 fr.pc=0x00000181e0b6dabc relative=0x00000000000001fc
Event: 111.398 Thread 0x00000181c55a5a60 Uncommon trap: reason=unstable_if action=reinterpret pc=0x00000181e0b6dabc method=com.esotericsoftware.kryo.io.Input.require(I)I @ 65 c2
Event: 111.398 Thread 0x00000181c55a5a60 DEOPT PACKING pc=0x00000181e0b6dabc sp=0x0000001dc99f43c0
Event: 111.398 Thread 0x00000181c55a5a60 DEOPT UNPACKING pc=0x00000181e0154422 sp=0x0000001dc99f4380 mode 2
Event: 111.433 Thread 0x00000181c55a5a60 Uncommon trap: trap_request=0xffffff45 fr.pc=0x00000181e0a0bfd4 relative=0x0000000000000594
Event: 111.433 Thread 0x00000181c55a5a60 Uncommon trap: reason=unstable_if action=reinterpret pc=0x00000181e0a0bfd4 method=java.util.ArrayList.grow(I)[Ljava/lang/Object; @ 17 c2
Event: 111.433 Thread 0x00000181c55a5a60 DEOPT PACKING pc=0x00000181e0a0bfd4 sp=0x0000001dc99f4960
Event: 111.434 Thread 0x00000181c55a5a60 DEOPT UNPACKING pc=0x00000181e0154422 sp=0x0000001dc99f4918 mode 2

Classes loaded (20 events):
Event: 110.189 Loading class javax/net/ssl/HostnameVerifier
Event: 110.189 Loading class javax/net/ssl/HostnameVerifier done
Event: 110.193 Loading class javax/net/ssl/TrustManager
Event: 110.193 Loading class javax/net/ssl/TrustManager done
Event: 110.194 Loading class javax/net/ssl/X509TrustManager
Event: 110.194 Loading class javax/net/ssl/X509TrustManager done
Event: 110.203 Loading class javax/net/ssl/SSLException
Event: 110.204 Loading class javax/net/ssl/SSLException done
Event: 110.204 Loading class javax/naming/NamingException
Event: 110.204 Loading class javax/naming/NamingException done
Event: 110.204 Loading class javax/naming/InvalidNameException
Event: 110.204 Loading class javax/naming/InvalidNameException done
Event: 110.204 Loading class javax/net/ssl/SSLPeerUnverifiedException
Event: 110.204 Loading class javax/net/ssl/SSLPeerUnverifiedException done
Event: 110.204 Loading class java/security/cert/CertificateParsingException
Event: 110.204 Loading class java/security/cert/CertificateException
Event: 110.204 Loading class java/security/cert/CertificateException done
Event: 110.205 Loading class java/security/cert/CertificateParsingException done
Event: 111.096 Loading class java/util/function/IntBinaryOperator
Event: 111.096 Loading class java/util/function/IntBinaryOperator done

Classes unloaded (0 events):
No events

Classes redefined (0 events):
No events

Internal exceptions (20 events):
Event: 84.927 Thread 0x00000181c55a5a60 Exception <a 'java/lang/NoSuchMethodError'{0x000000060c2a2700}: 'java.lang.Object java.lang.invoke.DirectMethodHandle$Holder.invokeSpecial(java.lang.Object, java.lang.Object, java.lang.Object, java.lang.Object, java.lang.Object, java.lang.Object, java.lang.Object, java.lang.Object, java.lang.Object, java.lang.Object, java.lang.Object, java.lang.Object, java.lang.Object, java.lang.Object, java.lang.Object, java.lang.Object, java.lang.Object, java.lang.Object, java.lang.Object, java.lang.Object)'> (0x0000000
Event: 84.928 Thread 0x00000181c55a5a60 Exception <a 'java/lang/NoSuchMethodError'{0x000000060c2a7f18}: 'java.lang.Object java.lang.invoke.DelegatingMethodHandle$Holder.reinvoke_L(java.lang.Object, java.lang.Object, java.lang.Object, java.lang.Object, java.lang.Object, java.lang.Object, java.lang.Object, java.lang.Object, java.lang.Object, java.lang.Object, java.lang.Object, java.lang.Object, java.lang.Object, java.lang.Object, java.lang.Object, java.lang.Object, java.lang.Object, java.lang.Object, java.lang.Object)'> (0x000000060c2a7f18) 
throw
Event: 84.973 Thread 0x00000181c55a5a60 Exception <a 'java/lang/NoSuchMethodError'{0x000000060c3961c0}: 'void java.lang.invoke.DirectMethodHandle$Holder.invokeStatic(java.lang.Object, java.lang.Object, java.lang.Object, java.lang.Object, java.lang.Object, java.lang.Object)'> (0x000000060c3961c0) 
thrown [s\src\hotspot\share\interpreter\linkResolver.cpp, line 773]
Event: 84.977 Thread 0x00000181c55a5a60 Exception <a 'java/lang/IncompatibleClassChangeError'{0x000000060c3ab298}: Found class java.lang.Object, but interface was expected> (0x000000060c3ab298) 
thrown [s\src\hotspot\share\interpreter\linkResolver.cpp, line 840]
Event: 85.441 Thread 0x00000181c55a5a60 Exception <a 'sun/nio/fs/WindowsException'{0x0000000605231b60}> (0x0000000605231b60) 
thrown [s\src\hotspot\share\prims\jni.cpp, line 520]
Event: 85.442 Thread 0x00000181c55a5a60 Exception <a 'sun/nio/fs/WindowsException'{0x0000000605233828}> (0x0000000605233828) 
thrown [s\src\hotspot\share\prims\jni.cpp, line 520]
Event: 85.443 Thread 0x00000181c55a5a60 Exception <a 'sun/nio/fs/WindowsException'{0x00000006052354e0}> (0x00000006052354e0) 
thrown [s\src\hotspot\share\prims\jni.cpp, line 520]
Event: 85.444 Thread 0x00000181c55a5a60 Exception <a 'sun/nio/fs/WindowsException'{0x0000000605237198}> (0x0000000605237198) 
thrown [s\src\hotspot\share\prims\jni.cpp, line 520]
Event: 106.734 Thread 0x00000181c55a5a60 Exception <a 'java/lang/NoSuchMethodError'{0x000000060c50a000}: 'long java.lang.invoke.DirectMethodHandle$Holder.invokeStatic(java.lang.Object, long)'> (0x000000060c50a000) 
thrown [s\src\hotspot\share\interpreter\linkResolver.cpp, line 773]
Event: 109.686 Thread 0x00000181c55a5a60 Exception <a 'java/lang/NoSuchMethodError'{0x00000006052924e8}: 'java.lang.Object java.lang.invoke.DirectMethodHandle$Holder.newInvokeSpecial(java.lang.Object, java.lang.Object, java.lang.Object, int, java.lang.Object)'> (0x00000006052924e8) 
thrown [s\src\hotspot\share\interpreter\linkResolver.cpp, line 773]
Event: 109.687 Thread 0x00000181c55a5a60 Exception <a 'java/lang/NoSuchMethodError'{0x0000000605297468}: 'java.lang.Object java.lang.invoke.Invokers$Holder.linkToTargetMethod(java.lang.Object, java.lang.Object, int, java.lang.Object, java.lang.Object)'> (0x0000000605297468) 
thrown [s\src\hotspot\share\interpreter\linkResolver.cpp, line 773]
Event: 109.814 Thread 0x00000181c55a5a60 Exception <a 'java/lang/NoSuchMethodError'{0x0000000604d8dc30}: 'java.lang.Object java.lang.invoke.DirectMethodHandle$Holder.newInvokeSpecial(java.lang.Object, int, java.lang.Object)'> (0x0000000604d8dc30) 
thrown [s\src\hotspot\share\interpreter\linkResolver.cpp, line 773]
Event: 110.404 Thread 0x00000181c55a5a60 Exception <a 'java/lang/NoSuchMethodError'{0x000000060465d7f0}: 'java.lang.Object java.lang.invoke.DirectMethodHandle$Holder.invokeSpecial(java.lang.Object, java.lang.Object, java.lang.Object, int, java.lang.Object)'> (0x000000060465d7f0) 
thrown [s\src\hotspot\share\interpreter\linkResolver.cpp, line 773]
Event: 110.732 Thread 0x00000181c55a5a60 Exception <a 'java/lang/NoSuchMethodError'{0x00000006040f81f0}: 'int java.lang.invoke.DirectMethodHandle$Holder.invokeSpecialIFC(java.lang.Object, java.lang.Object, java.lang.Object)'> (0x00000006040f81f0) 
thrown [s\src\hotspot\share\interpreter\linkResolver.cpp, line 773]
Event: 111.106 Thread 0x00000181c55a5a60 Exception <a 'java/lang/NoSuchMethodError'{0x0000000603e06680}: 'java.lang.Object java.lang.invoke.DirectMethodHandle$Holder.newInvokeSpecial(java.lang.Object, java.lang.Object, long, java.lang.Object)'> (0x0000000603e06680) 
thrown [s\src\hotspot\share\interpreter\linkResolver.cpp, line 773]
Event: 111.107 Thread 0x00000181c55a5a60 Exception <a 'java/lang/NoSuchMethodError'{0x0000000603e0bc30}: 'java.lang.Object java.lang.invoke.DirectMethodHandle$Holder.invokeSpecial(java.lang.Object, java.lang.Object, java.lang.Object, long, java.lang.Object)'> (0x0000000603e0bc30) 
thrown [s\src\hotspot\share\interpreter\linkResolver.cpp, line 773]
Event: 111.107 Thread 0x00000181c55a5a60 Exception <a 'java/lang/NoSuchMethodError'{0x0000000603e10b60}: 'java.lang.Object java.lang.invoke.Invokers$Holder.linkToTargetMethod(java.lang.Object, long, java.lang.Object, java.lang.Object)'> (0x0000000603e10b60) 
thrown [s\src\hotspot\share\interpreter\linkResolver.cpp, line 773]
Event: 111.118 Thread 0x00000181c55a5a60 Exception <a 'java/lang/NoSuchMethodError'{0x0000000603e3cb88}: 'void java.lang.invoke.DirectMethodHandle$Holder.invokeStatic(java.lang.Object, java.lang.Object, java.lang.Object, int, java.lang.Object)'> (0x0000000603e3cb88) 
thrown [s\src\hotspot\share\interpreter\linkResolver.cpp, line 773]
Event: 111.201 Thread 0x00000181c55a5a60 Exception <a 'java/lang/NoSuchMethodError'{0x0000000603fff4d0}: 'int java.lang.invoke.DirectMethodHandle$Holder.invokeInterface(java.lang.Object, java.lang.Object, java.lang.Object, java.lang.Object, java.lang.Object)'> (0x0000000603fff4d0) 
thrown [s\src\hotspot\share\interpreter\linkResolver.cpp, line 773]
Event: 111.282 Thread 0x00000181c55a5a60 Exception <a 'java/lang/NoSuchMethodError'{0x0000000603aef2a8}: 'java.lang.Object java.lang.invoke.DirectMethodHandle$Holder.invokeSpecial(java.lang.Object, java.lang.Object, long, java.lang.Object, java.lang.Object)'> (0x0000000603aef2a8) 
thrown [s\src\hotspot\share\interpreter\linkResolver.cpp, line 773]

ZGC Phase Switch (0 events):
No events

VM Operations (20 events):
Event: 105.551 Executing safepoint VM operation: Cleanup
Event: 105.551 Executing safepoint VM operation: Cleanup done
Event: 106.182 Executing non-safepoint VM operation: HandshakeAllThreads (Deoptimize)
Event: 106.183 Executing non-safepoint VM operation: HandshakeAllThreads (Deoptimize) done
Event: 106.571 Executing safepoint VM operation: G1CollectForAllocation (G1 Evacuation Pause)
Event: 106.584 Executing safepoint VM operation: G1CollectForAllocation (G1 Evacuation Pause) done
Event: 107.586 Executing safepoint VM operation: Cleanup
Event: 107.586 Executing safepoint VM operation: Cleanup done
Event: 109.605 Executing safepoint VM operation: Cleanup
Event: 109.605 Executing safepoint VM operation: Cleanup done
Event: 110.612 Executing safepoint VM operation: Cleanup
Event: 110.612 Executing safepoint VM operation: Cleanup done
Event: 110.744 Executing non-safepoint VM operation: HandshakeAllThreads (Deoptimize)
Event: 110.745 Executing non-safepoint VM operation: HandshakeAllThreads (Deoptimize) done
Event: 111.264 Executing non-safepoint VM operation: HandshakeAllThreads (Deoptimize)
Event: 111.265 Executing non-safepoint VM operation: HandshakeAllThreads (Deoptimize) done
Event: 111.268 Executing non-safepoint VM operation: HandshakeAllThreads (Deoptimize)
Event: 111.268 Executing non-safepoint VM operation: HandshakeAllThreads (Deoptimize) done
Event: 111.480 Executing safepoint VM operation: ICBufferFull
Event: 111.480 Executing safepoint VM operation: ICBufferFull done

Memory protections (0 events):
No events

Nmethod flushes (20 events):
Event: 28.469 Thread 0x00000181febd3c00 flushing  nmethod 0x00000181d087ba10
Event: 28.469 Thread 0x00000181febd3c00 flushing  nmethod 0x00000181d0881d10
Event: 28.469 Thread 0x00000181febd3c00 flushing  nmethod 0x00000181d08cc110
Event: 28.469 Thread 0x00000181febd3c00 flushing  nmethod 0x00000181d08cdb10
Event: 28.469 Thread 0x00000181febd3c00 flushing  nmethod 0x00000181d095d610
Event: 28.469 Thread 0x00000181febd3c00 flushing  nmethod 0x00000181d095e210
Event: 28.469 Thread 0x00000181febd3c00 flushing  nmethod 0x00000181d095ed10
Event: 28.469 Thread 0x00000181febd3c00 flushing  nmethod 0x00000181d097d310
Event: 28.469 Thread 0x00000181febd3c00 flushing  nmethod 0x00000181d097dd90
Event: 28.469 Thread 0x00000181febd3c00 flushing  nmethod 0x00000181d097f490
Event: 28.469 Thread 0x00000181febd3c00 flushing  nmethod 0x00000181d08bac90
Event: 28.469 Thread 0x00000181febd3c00 flushing  nmethod 0x00000181d0917210
Event: 28.469 Thread 0x00000181febd3c00 flushing  nmethod 0x00000181d0917b10
Event: 28.469 Thread 0x00000181febd3c00 flushing  nmethod 0x00000181d08e7b10
Event: 28.469 Thread 0x00000181febd3c00 flushing  nmethod 0x00000181d0937310
Event: 28.469 Thread 0x00000181febd3c00 flushing  nmethod 0x00000181d0939b90
Event: 28.469 Thread 0x00000181febd3c00 flushing  nmethod 0x00000181d096c490
Event: 28.469 Thread 0x00000181febd3c00 flushing  nmethod 0x00000181d096f890
Event: 28.469 Thread 0x00000181febd3c00 flushing  nmethod 0x00000181d0970110
Event: 28.469 Thread 0x00000181febd3c00 flushing  nmethod 0x00000181d0973e90

Events (20 events):
Event: 26.226 Thread 0x00000181c55a5a60 Thread added: 0x00000181c5379de0
Event: 26.663 Thread 0x00000181c55a5a60 Thread added: 0x00000181c5378a30
Event: 26.796 Thread 0x00000181c55a5a60 Thread added: 0x00000181c5379750
Event: 27.315 Thread 0x00000181c55a5a60 Thread added: 0x00000181c53790c0
Event: 27.415 Thread 0x00000181c55a5a60 Thread added: 0x00000181c6f2ffa0
Event: 27.577 Thread 0x00000181c6f3e5a0 Thread added: 0x00000181c6f400e0
Event: 28.040 Thread 0x00000181c6f400e0 Thread exited: 0x00000181c6f400e0
Event: 32.162 Thread 0x00000181c6f3e5a0 Thread exited: 0x00000181c6f3e5a0
Event: 83.519 Thread 0x00000181fec36ab0 Thread added: 0x00000181c6f3fa10
Event: 83.615 Thread 0x00000181fec36ab0 Thread added: 0x00000181c6f3e5a0
Event: 84.689 Thread 0x00000181c6f3e5a0 Thread exited: 0x00000181c6f3e5a0
Event: 84.689 Thread 0x00000181c6f3fa10 Thread exited: 0x00000181c6f3fa10
Event: 85.135 Thread 0x00000181c55a5a60 Thread added: 0x00000181c6f2e560
Event: 106.258 Thread 0x00000181fec36ab0 Thread added: 0x00000181c6f3ded0
Event: 106.613 Thread 0x00000181c6f3ded0 Thread exited: 0x00000181c6f3ded0
Event: 106.743 Thread 0x00000181fec36ab0 Thread added: 0x00000181c6f3fa10
Event: 107.310 Thread 0x00000181c6f3fa10 Thread exited: 0x00000181c6f3fa10
Event: 111.351 Thread 0x00000181fec36ab0 Thread added: 0x00000181c6f400e0
Event: 111.400 Thread 0x00000181fec36ab0 Thread added: 0x00000181c6f3fa10
Event: 111.405 Thread 0x00000181c6f400e0 Thread added: 0x00000181c6f3d130


Dynamic libraries:
0x00007ff79bf90000 - 0x00007ff79bf9e000 	C:\Users\AJI\.vscode\extensions\redhat.java-1.56.0-win32-x64\jre\21.0.12.1-win32-x86_64\bin\java.exe
0x00007ffe02160000 - 0x00007ffe023c7000 	C:\WINDOWS\SYSTEM32\ntdll.dll
0x00007ffe003b0000 - 0x00007ffe0047b000 	C:\WINDOWS\System32\KERNEL32.DLL
0x00007ffdff6f0000 - 0x00007ffdffaf2000 	C:\WINDOWS\System32\KERNELBASE.dll
0x00007ffdff410000 - 0x00007ffdff55c000 	C:\WINDOWS\System32\ucrtbase.dll
0x00007ffd821c0000 - 0x00007ffd821d8000 	C:\Users\AJI\.vscode\extensions\redhat.java-1.56.0-win32-x64\jre\21.0.12.1-win32-x86_64\bin\jli.dll
0x00007ffe019a0000 - 0x00007ffe01b6f000 	C:\WINDOWS\System32\USER32.dll
0x00007ffdff570000 - 0x00007ffdff597000 	C:\WINDOWS\System32\win32u.dll
0x00007ffe01970000 - 0x00007ffe0199b000 	C:\WINDOWS\System32\GDI32.dll
0x00007ffdc0f00000 - 0x00007ffdc0f1e000 	C:\Users\AJI\.vscode\extensions\redhat.java-1.56.0-win32-x64\jre\21.0.12.1-win32-x86_64\bin\VCRUNTIME140.dll
0x00007ffdffc90000 - 0x00007ffdffdb9000 	C:\WINDOWS\System32\gdi32full.dll
0x00007ffdff360000 - 0x00007ffdff403000 	C:\WINDOWS\System32\msvcp_win.dll
0x00007ffddfe30000 - 0x00007ffde00c0000 	C:\WINDOWS\WinSxS\amd64_microsoft.windows.common-controls_6595b64144ccf1df_6.0.26100.9278_none_3e0d1ba8e3303201\COMCTL32.dll
0x00007ffe018c0000 - 0x00007ffe01969000 	C:\WINDOWS\System32\msvcrt.dll
0x00007ffe01b90000 - 0x00007ffe01bc1000 	C:\WINDOWS\System32\IMM32.DLL
0x00007ffdd7ca0000 - 0x00007ffdd7cac000 	C:\Users\AJI\.vscode\extensions\redhat.java-1.56.0-win32-x64\jre\21.0.12.1-win32-x86_64\bin\vcruntime140_1.dll
0x00007ffd7e7f0000 - 0x00007ffd7e87d000 	C:\Users\AJI\.vscode\extensions\redhat.java-1.56.0-win32-x64\jre\21.0.12.1-win32-x86_64\bin\msvcp140.dll
0x00007ffcef0f0000 - 0x00007ffcefe92000 	C:\Users\AJI\.vscode\extensions\redhat.java-1.56.0-win32-x64\jre\21.0.12.1-win32-x86_64\bin\server\jvm.dll
0x00007ffe002e0000 - 0x00007ffe0039c000 	C:\WINDOWS\System32\ADVAPI32.dll
0x00007ffe00230000 - 0x00007ffe002d9000 	C:\WINDOWS\System32\sechost.dll
0x00007ffdfff30000 - 0x00007ffe00048000 	C:\WINDOWS\System32\RPCRT4.dll
0x00007ffe01720000 - 0x00007ffe017a0000 	C:\WINDOWS\System32\WS2_32.dll
0x00007ffdfb560000 - 0x00007ffdfb596000 	C:\WINDOWS\SYSTEM32\WINMM.dll
0x00007ffdf5020000 - 0x00007ffdf502b000 	C:\WINDOWS\SYSTEM32\VERSION.dll
0x00007ffdff1c0000 - 0x00007ffdff21e000 	C:\WINDOWS\SYSTEM32\POWRPROF.dll
0x00007ffdff1a0000 - 0x00007ffdff1b5000 	C:\WINDOWS\SYSTEM32\UMPDC.dll
0x00007ffdfdf70000 - 0x00007ffdfdf8b000 	C:\WINDOWS\SYSTEM32\kernel.appcore.dll
0x00007ffdd7be0000 - 0x00007ffdd7bea000 	C:\Users\AJI\.vscode\extensions\redhat.java-1.56.0-win32-x64\jre\21.0.12.1-win32-x86_64\bin\jimage.dll
0x00007ffdfc940000 - 0x00007ffdfcb8c000 	C:\WINDOWS\SYSTEM32\DBGHELP.DLL
0x00007ffe00d20000 - 0x00007ffe010a5000 	C:\WINDOWS\System32\combase.dll
0x00007ffe011b0000 - 0x00007ffe01289000 	C:\WINDOWS\System32\OLEAUT32.dll
0x00007ffdde450000 - 0x00007ffdde48b000 	C:\WINDOWS\SYSTEM32\dbgcore.DLL
0x00007ffdffdc0000 - 0x00007ffdffe6c000 	C:\WINDOWS\System32\bcryptPrimitives.dll
0x00007ffdd70d0000 - 0x00007ffdd70df000 	C:\Users\AJI\.vscode\extensions\redhat.java-1.56.0-win32-x64\jre\21.0.12.1-win32-x86_64\bin\instrument.dll
0x00007ffd7fbb0000 - 0x00007ffd7fbd0000 	C:\Users\AJI\.vscode\extensions\redhat.java-1.56.0-win32-x64\jre\21.0.12.1-win32-x86_64\bin\java.dll
0x00007ffe00580000 - 0x00007ffe00d18000 	C:\WINDOWS\System32\SHELL32.dll
0x00007ffdfcd80000 - 0x00007ffdfd62e000 	C:\WINDOWS\SYSTEM32\windows.storage.dll
0x00007ffe01320000 - 0x00007ffe0141b000 	C:\WINDOWS\System32\SHCORE.dll
0x00007ffe010b0000 - 0x00007ffe01116000 	C:\WINDOWS\System32\shlwapi.dll
0x00007ffdff280000 - 0x00007ffdff2a9000 	C:\WINDOWS\SYSTEM32\profapi.dll
0x00007ffd7fb90000 - 0x00007ffd7fba8000 	C:\Users\AJI\.vscode\extensions\redhat.java-1.56.0-win32-x64\jre\21.0.12.1-win32-x86_64\bin\zip.dll
0x00007ffdd7b20000 - 0x00007ffdd7b30000 	C:\Users\AJI\.vscode\extensions\redhat.java-1.56.0-win32-x64\jre\21.0.12.1-win32-x86_64\bin\net.dll
0x00007ffdf8730000 - 0x00007ffdf885a000 	C:\WINDOWS\SYSTEM32\WINHTTP.dll
0x00007ffdfe5f0000 - 0x00007ffdfe65c000 	C:\WINDOWS\system32\mswsock.dll
0x00007ffd7e7d0000 - 0x00007ffd7e7e6000 	C:\Users\AJI\.vscode\extensions\redhat.java-1.56.0-win32-x64\jre\21.0.12.1-win32-x86_64\bin\nio.dll
0x00007ffdd1b60000 - 0x00007ffdd1b70000 	C:\Users\AJI\.vscode\extensions\redhat.java-1.56.0-win32-x64\jre\21.0.12.1-win32-x86_64\bin\verify.dll
0x00007ffd7fce0000 - 0x00007ffd7fd07000 	C:\Users\AJI\.gradle\native\1def1411415f61bf3af743bc5b6707747c0891f09f0c88961ee8f79bc544acac\windows-amd64\native-platform.dll
0x00007ffcf9e70000 - 0x00007ffcf9ee7000 	C:\Users\AJI\.gradle\native\0.2.8\x86_64-windows-gnu\gradle-fileevents.dll
0x00007ffdd17c0000 - 0x00007ffdd17ca000 	C:\Users\AJI\.vscode\extensions\redhat.java-1.56.0-win32-x64\jre\21.0.12.1-win32-x86_64\bin\management.dll
0x00007ffdd0ce0000 - 0x00007ffdd0cec000 	C:\Users\AJI\.vscode\extensions\redhat.java-1.56.0-win32-x64\jre\21.0.12.1-win32-x86_64\bin\management_ext.dll
0x00007ffe01b80000 - 0x00007ffe01b88000 	C:\WINDOWS\System32\PSAPI.DLL
0x00007ffdfd9b0000 - 0x00007ffdfd9e3000 	C:\WINDOWS\SYSTEM32\IPHLPAPI.DLL
0x00007ffdfff00000 - 0x00007ffdfff0a000 	C:\WINDOWS\System32\NSI.dll
0x00007ffdd0ba0000 - 0x00007ffdd0ba9000 	C:\Users\AJI\.vscode\extensions\redhat.java-1.56.0-win32-x64\jre\21.0.12.1-win32-x86_64\bin\extnet.dll
0x00007ffdfe8e0000 - 0x00007ffdfe8fb000 	C:\WINDOWS\SYSTEM32\CRYPTSP.dll
0x00007ffdfdf90000 - 0x00007ffdfdfc9000 	C:\WINDOWS\system32\rsaenh.dll
0x00007ffdfe6a0000 - 0x00007ffdfe6d4000 	C:\WINDOWS\SYSTEM32\USERENV.dll
0x00007ffdff250000 - 0x00007ffdff27a000 	C:\WINDOWS\SYSTEM32\bcrypt.dll
0x00007ffdfe900000 - 0x00007ffdfe90c000 	C:\WINDOWS\SYSTEM32\CRYPTBASE.dll
0x00007ffdd0640000 - 0x00007ffdd064e000 	C:\Users\AJI\.vscode\extensions\redhat.java-1.56.0-win32-x64\jre\21.0.12.1-win32-x86_64\bin\sunmscapi.dll
0x00007ffdffb00000 - 0x00007ffdffc7e000 	C:\WINDOWS\System32\CRYPT32.dll
0x00007ffdfeb20000 - 0x00007ffdfeb50000 	C:\WINDOWS\SYSTEM32\ncrypt.dll
0x00007ffdfead0000 - 0x00007ffdfeb0f000 	C:\WINDOWS\SYSTEM32\NTASN1.dll
0x00007ffdd4f00000 - 0x00007ffdd4f08000 	C:\WINDOWS\system32\wshunix.dll

JVMTI agents:
C:\Users\AJI\.gradle\wrapper\dists\gradle-9.1.0-all\7wzd0jkjit61aq2p43wpjgij9\gradle-9.1.0\lib\agents\gradle-instrumentation-agent-9.1.0.jar path:C:\Users\AJI\.vscode\extensions\redhat.java-1.56.0-win32-x64\jre\21.0.12.1-win32-x86_64\bin\instrument.dll, loaded, initialized, instrumentlib options:none

dbghelp: loaded successfully - version: 4.0.5 - missing functions: none
symbol engine: initialized successfully - sym options: 0x614 - pdb path: .;C:\Users\AJI\.vscode\extensions\redhat.java-1.56.0-win32-x64\jre\21.0.12.1-win32-x86_64\bin;C:\WINDOWS\SYSTEM32;C:\WINDOWS\WinSxS\amd64_microsoft.windows.common-controls_6595b64144ccf1df_6.0.26100.9278_none_3e0d1ba8e3303201;C:\Users\AJI\.vscode\extensions\redhat.java-1.56.0-win32-x64\jre\21.0.12.1-win32-x86_64\bin\server;C:\Users\AJI\.gradle\native\1def1411415f61bf3af743bc5b6707747c0891f09f0c88961ee8f79bc544acac\windows-amd64;C:\Users\AJI\.gradle\native\0.2.8\x86_64-windows-gnu

VM Arguments:
jvm_args: --add-opens=java.base/java.lang=ALL-UNNAMED --add-opens=java.base/java.lang.invoke=ALL-UNNAMED --add-opens=java.base/java.util=ALL-UNNAMED --add-opens=java.prefs/java.util.prefs=ALL-UNNAMED --add-exports=jdk.compiler/com.sun.tools.javac.api=ALL-UNNAMED --add-exports=jdk.compiler/com.sun.tools.javac.util=ALL-UNNAMED --add-opens=java.base/java.util=ALL-UNNAMED --add-opens=java.prefs/java.util.prefs=ALL-UNNAMED --add-opens=java.base/java.nio.charset=ALL-UNNAMED --add-opens=java.base/java.net=ALL-UNNAMED --add-opens=java.base/java.util.concurrent=ALL-UNNAMED --add-opens=java.base/java.util.concurrent.atomic=ALL-UNNAMED --add-opens=java.xml/javax.xml.namespace=ALL-UNNAMED --add-opens=java.base/java.time=ALL-UNNAMED -XX:MaxMetaspaceSize=4G -XX:ReservedCodeCacheSize=512m -XX:+HeapDumpOnOutOfMemoryError -Xmx8G -Dfile.encoding=UTF-8 -Duser.country=IN -Duser.language=en -Duser.variant -javaagent:C:\Users\AJI\.gradle\wrapper\dists\gradle-9.1.0-all\7wzd0jkjit61aq2p43wpjgij9\gradle-9.1.0\lib\agents\gradle-instrumentation-agent-9.1.0.jar 
java_command: org.gradle.launcher.daemon.bootstrap.GradleDaemon 9.1.0
java_class_path (initial): C:\Users\AJI\.gradle\wrapper\dists\gradle-9.1.0-all\7wzd0jkjit61aq2p43wpjgij9\gradle-9.1.0\lib\gradle-daemon-main-9.1.0.jar
Launcher Type: SUN_STANDARD

[Global flags]
     intx CICompilerCount                          = 12                                        {product} {ergonomic}
     uint ConcGCThreads                            = 4                                         {product} {ergonomic}
     uint G1ConcRefinementThreads                  = 15                                        {product} {ergonomic}
   size_t G1HeapRegionSize                         = 4194304                                   {product} {ergonomic}
    uintx GCDrainStackTargetSize                   = 64                                        {product} {ergonomic}
     bool HeapDumpOnOutOfMemoryError               = true                                   {manageable} {command line}
   size_t InitialHeapSize                          = 264241152                                 {product} {ergonomic}
   size_t MarkStackSize                            = 4194304                                   {product} {ergonomic}
   size_t MaxHeapSize                              = 8589934592                                {product} {command line}
   size_t MaxMetaspaceSize                         = 4294967296                                {product} {command line}
   size_t MaxNewSize                               = 5150605312                                {product} {ergonomic}
   size_t MinHeapDeltaBytes                        = 4194304                                   {product} {ergonomic}
   size_t MinHeapSize                              = 8388608                                   {product} {ergonomic}
    uintx NonNMethodCodeHeapSize                   = 7602480                                {pd product} {ergonomic}
    uintx NonProfiledCodeHeapSize                  = 264634216                              {pd product} {ergonomic}
    uintx ProfiledCodeHeapSize                     = 264634216                              {pd product} {ergonomic}
    uintx ReservedCodeCacheSize                    = 536870912                              {pd product} {command line}
     bool SegmentedCodeCache                       = true                                      {product} {ergonomic}
   size_t SoftMaxHeapSize                          = 8589934592                             {manageable} {ergonomic}
     bool UseCompressedOops                        = true                           {product lp64_product} {ergonomic}
     bool UseG1GC                                  = true                                      {product} {ergonomic}
     bool UseLargePagesIndividualAllocation        = false                                  {pd product} {ergonomic}

Logging:
Log output configuration:
 #0: stdout all=warning uptime,level,tags foldmultilines=false
 #1: stderr all=off uptime,level,tags foldmultilines=false

Release file:
JAVA_VERSION="21.0.12.1" 
MODULES="java.base java.compiler java.datatransfer java.xml java.prefs java.desktop java.instrument java.logging java.management java.security.sasl java.naming java.rmi java.management.rmi java.net.http java.scripting java.security.jgss java.transaction.xa java.sql java.sql.rowset java.xml.crypto java.se java.smartcardio jdk.accessibility jdk.internal.jvmstat jdk.attach jdk.charsets jdk.internal.opt jdk.zipfs jdk.compiler jdk.crypto.ec jdk.crypto.cryptoki jdk.crypto.mscapi jdk.dynalink jdk.internal.ed jdk.editpad jdk.hotspot.agent jdk.httpserver jdk.internal.le jdk.internal.vm.ci jdk.internal.vm.compiler jdk.internal.vm.compiler.management jdk.jartool jdk.javadoc jdk.jcmd jdk.management jdk.management.agent jdk.jconsole jdk.jdeps jdk.jdwp.agent jdk.jdi jdk.jfr jdk.jshell jdk.jsobject jdk.jstatd jdk.localedata jdk.management.jfr jdk.naming.dns jdk.naming.rmi jdk.net jdk.nio.mapmode jdk.random jdk.sctp jdk.security.auth jdk.security.jgss jdk.unsupported jdk.unsupported.desktop jdk.xml.dom" 

Environment Variables:
JAVA_HOME=C:\Program Files\Java\jdk-17
PATH=C:\Python314\Scripts\;C:\Python314\;C:\Program Files\Eclipse Adoptium\jdk-25.0.3.9-hotspot\bin;C:\Program Files\Microsoft\jdk-11.0.16.101-hotspot\bin;C:\WINDOWS\system32;C:\WINDOWS;C:\WINDOWS\System32\Wbem;C:\WINDOWS\System32\WindowsPowerShell\v1.0\;C:\WINDOWS\System32\OpenSSH\;C:\Program Files\dotnet\;C:\MinGW\bin;C:\ProgramData\chocolatey\bin;C:\Users\AJI\AppData\Local\Pub\Cache\bin;C:\Program Files\Java\jdk-17\bin;d:\cursor\resources\app\bin;C:\Users\AJI\develop\flutter\bin;C:\Users\AJI\.local\bin;D:\node\node_modules\npm\bin;D:\node\;C:\Program Files\nodejs\;C:\Program Files\nodejs\node_modules\npm\bin;C:\Users\AJI\Documents\MONGO\mongosh-2.9.2-win32-x64\bin;C:\xampp\php;C:\Program Files\Git\cmd;C:\Users\AJI\AppData\Local\Programs\Python\Python312\Scripts\;C:\Users\AJI\AppData\Local\Programs\Python\Python312\;C:\Users\AJI\.local\bin;C:\Users\AJI\AppData\Local\Microsoft\WindowsApps;D:\IntelliJ IDEA Community Edition 2023.1.5\bin;;C:\mingw64\bin;C:\Users\AJI\.dotnet\tools;C:\Users\AJI\Documents\flutter_windows_3.13.4-stable\flutter\bin;C:\Users\AJI\AppData\Local\Pub\Cache\bin;D:\flutter_pub_cache;C:\Users\AJI\AppData\Local\Android\Sdk;C:\Program Files\Java\jdk-17\bin;D:\rider\JetBrains Rider 2024.3.7\bin;;D:\Program Files\Microsoft VS Code\bin;D:\freelanceing\cursor\resources\app\bin;C:\Users\AJI\AppData\Local\Programs\Microsoft VS Code\bin;C:\Users\AJI\AppData\Local\Programs\cursor\resources\app\bin;C:\Users\AJI\AppData\Roaming\npm
USERNAME=AJI
OS=Windows_NT
PROCESSOR_IDENTIFIER=Intel64 Family 6 Model 154 Stepping 3, GenuineIntel
TMP=C:\Users\AJI\AppData\Local\Temp
TEMP=C:\Users\AJI\AppData\Local\Temp




Periodic native trim disabled

---------------  S Y S T E M  ---------------

OS:
 Windows 11 , 64 bit Build 26100 (10.0.26100.9444)
OS uptime: 0 days 0:14 hours
Hyper-V role detected

CPU: total 20 (initial active 20) (10 cores per cpu, 2 threads per core) family 6 model 154 stepping 3 microcode 0x43b, cx8, cmov, fxsr, ht, mmx, 3dnowpref, sse, sse2, sse3, ssse3, sse4.1, sse4.2, popcnt, lzcnt, tsc, tscinvbit, avx, avx2, aes, erms, clmul, bmi1, bmi2, adx, sha, fma, vzeroupper, clflush, clflushopt, clwb, hv, serialize, rdtscp, rdpid, fsrm, f16c, cet_ibt, cet_ss
Processor Information for processor 0
  Max Mhz: 2300, Current Mhz: 2300, Mhz Limit: 2300
Processor Information for processor 1
  Max Mhz: 2300, Current Mhz: 2300, Mhz Limit: 2300
Processor Information for processor 2
  Max Mhz: 2300, Current Mhz: 2300, Mhz Limit: 2300
Processor Information for processor 3
  Max Mhz: 2300, Current Mhz: 2300, Mhz Limit: 2300
Processor Information for processor 4
  Max Mhz: 2300, Current Mhz: 2300, Mhz Limit: 2300
Processor Information for processor 5
  Max Mhz: 2300, Current Mhz: 2300, Mhz Limit: 2300
Processor Information for processor 6
  Max Mhz: 2300, Current Mhz: 2300, Mhz Limit: 2300
Processor Information for processor 7
  Max Mhz: 2300, Current Mhz: 2300, Mhz Limit: 2300
Processor Information for processor 8
  Max Mhz: 2300, Current Mhz: 2300, Mhz Limit: 2300
Processor Information for processor 9
  Max Mhz: 2300, Current Mhz: 2300, Mhz Limit: 2300
Processor Information for processor 10
  Max Mhz: 2300, Current Mhz: 2300, Mhz Limit: 2300
Processor Information for processor 11
  Max Mhz: 2300, Current Mhz: 2300, Mhz Limit: 2300
Processor Information for processor 12
  Max Mhz: 2300, Current Mhz: 1488, Mhz Limit: 2300
Processor Information for processor 13
  Max Mhz: 2300, Current Mhz: 2300, Mhz Limit: 2300
Processor Information for processor 14
  Max Mhz: 2300, Current Mhz: 2300, Mhz Limit: 2300
Processor Information for processor 15
  Max Mhz: 2300, Current Mhz: 2300, Mhz Limit: 2300
Processor Information for processor 16
  Max Mhz: 2300, Current Mhz: 2300, Mhz Limit: 2300
Processor Information for processor 17
  Max Mhz: 2300, Current Mhz: 2300, Mhz Limit: 2300
Processor Information for processor 18
  Max Mhz: 2300, Current Mhz: 2300, Mhz Limit: 2300
Processor Information for processor 19
  Max Mhz: 2300, Current Mhz: 2300, Mhz Limit: 2300

Memory: 4k page, system-wide physical 16068M (1056M free)
TotalPageFile size 65220M (AvailPageFile size 1142M)
current process WorkingSet (physical memory assigned to process): 197M, peak: 226M
current process commit charge ("private bytes"): 323M, peak: 434M

vm_info: OpenJDK 64-Bit Server VM (21.0.12.1+1-LTS) for windows-amd64 JRE (21.0.12.1+1-LTS), built on 2026-08-18T00:00:00Z by "admin" with MS VC++ 17.12 (VS2022)

END.
